run_id,config,seed,backend,n_agents,rounds,induction,timestamp,cond__mu_openness,cond__mu_conscientiousness,cond__mu_extraversion,cond__mu_agreeableness,cond__mu_neuroticism,cond__sigma,cond__corr,cond__topology,cond__model,T_guncontrol__var,T_guncontrol__extremity,T_guncontrol__sarle_bc,T_guncontrol__ashman_d,T_guncontrol__dip,T_guncontrol__assort,T_guncontrol__ei_index,T_immigration__var,T_immigration__extremity,T_immigration__sarle_bc,T_immigration__ashman_d,T_immigration__dip,T_immigration__assort,T_immigration__ei_index,crosscut_rate,toxicity_crosscamp,wb_npl_gdp__pre_n,wb_npl_gdp__pre_collective_sqerr,wb_npl_gdp__pre_median_relerr,wb_npl_gdp__pre_avg_individual_sqerr,wb_npl_gdp__pre_diversity,wb_npl_gdp__post_n,wb_npl_gdp__post_collective_sqerr,wb_npl_gdp__post_median_relerr,wb_npl_gdp__post_avg_individual_sqerr,wb_npl_gdp__post_diversity,wb_npl_gdp__gain_vs_pre,wb_npl_gdp__gain_vs_individuals,wb_per_forest__pre_n,wb_per_forest__pre_collective_sqerr,wb_per_forest__pre_median_relerr,wb_per_forest__pre_avg_individual_sqerr,wb_per_forest__pre_diversity,wb_per_forest__post_n,wb_per_forest__post_collective_sqerr,wb_per_forest__post_median_relerr,wb_per_forest__post_avg_individual_sqerr,wb_per_forest__post_diversity,wb_per_forest__gain_vs_pre,wb_per_forest__gain_vs_individuals,wb_gha_health__pre_n,wb_gha_health__pre_collective_sqerr,wb_gha_health__pre_median_relerr,wb_gha_health__pre_avg_individual_sqerr,wb_gha_health__pre_diversity,wb_gha_health__post_n,wb_gha_health__post_collective_sqerr,wb_gha_health__post_median_relerr,wb_gha_health__post_avg_individual_sqerr,wb_gha_health__post_diversity,wb_gha_health__gain_vs_pre,wb_gha_health__gain_vs_individuals,wb_tun_unemp__pre_n,wb_tun_unemp__pre_collective_sqerr,wb_tun_unemp__pre_median_relerr,wb_tun_unemp__pre_avg_individual_sqerr,wb_tun_unemp__pre_diversity,wb_tun_unemp__post_n,wb_tun_unemp__post_collective_sqerr,wb_tun_unemp__post_median_relerr,wb_tun_unemp__post_avg_individual_sqerr,wb_tun_unemp__post_diversity,wb_tun_unemp__gain_vs_pre,wb_tun_unemp__gain_vs_individuals,wb_lka_exports__pre_n,wb_lka_exports__pre_collective_sqerr,wb_lka_exports__pre_median_relerr,wb_lka_exports__pre_avg_individual_sqerr,wb_lka_exports__pre_diversity,wb_lka_exports__post_n,wb_lka_exports__post_collective_sqerr,wb_lka_exports__post_median_relerr,wb_lka_exports__post_avg_individual_sqerr,wb_lka_exports__post_diversity,wb_lka_exports__gain_vs_pre,wb_lka_exports__gain_vs_individuals,wb_pry_internet__pre_n,wb_pry_internet__pre_collective_sqerr,wb_pry_internet__pre_median_relerr,wb_pry_internet__pre_avg_individual_sqerr,wb_pry_internet__pre_diversity,wb_pry_internet__post_n,wb_pry_internet__post_collective_sqerr,wb_pry_internet__post_median_relerr,wb_pry_internet__post_avg_individual_sqerr,wb_pry_internet__post_diversity,wb_pry_internet__gain_vs_pre,wb_pry_internet__gain_vs_individuals,hp_0__pre_correct_rate,hp_0__post_correct_rate,hp_0__solved_majority,hp_1__pre_correct_rate,hp_1__post_correct_rate,hp_1__solved_majority,CI_mean_gain_vs_pre,CI_hidden_profile_rate,CI_hp_gain,CI_hp_solved_majority,trait_drift_mean,distinct2,self_bleu3,filler_variance,runtime_s,cond__sigma_openness,cond__sigma_conscientiousness,cond__sigma_extraversion,cond__sigma_agreeableness,cond__sigma_neuroticism,pol_var,pol_extremity,pol_assort,pol_ei,pol_bimodality,CI_accuracy_z,CI_medrelerr_z,CI_diversity,POL_composite,CI_composite,family
e1_norm_baseline_bc74285f52_s1,e1_norm_baseline,1,meta-llama/Llama-3.1-8B-Instruct,100,30,prompt,2026-08-02 08:51:21,0.5,0.5,0.5,0.5,0.5,0.15,independent,barabasi_albert,meta-llama/Llama-3.1-8B-Instruct,1.409899999999999,1.3900000000000001,0.664395744139576,4.521334305148975,,-0.014698190583758002,-0.353191489361702,1.2416,1.1400000000000001,0.5395742016966381,3.976166472546286,,-0.069485115413342,-0.26881720430107503,0.17511520737327102,,100,0.09422777325650701,1.032542316835325,0.09424124466058201,1.3471404075469952e-05,100,0.093371091212763,1.032152541897267,0.09342009675106101,4.90055382959224e-05,0.0008566820437430001,4.9005538297855484e-05,100,2.223918546917561,116.5580651396796,2.979931500979631,0.756012954062065,100,2.260789417748472,125.8058868082177,3.122985515183077,0.862196097434607,-0.03687087083091,0.862196097434604,100,0.035128636383299,0.42269324971632505,0.067612234112652,0.032483597729352005,100,0.039703789589001004,0.42798964192076205,0.066810275034903,0.027106485445902002,-0.004575153205701001,0.027106485445902002,100,0.00166283509369,0.046736396133986,0.0035959722830940003,0.0019331371894030001,100,0.003039261023357,0.06659605454786101,0.005595487486387001,0.00255622646303,-0.0013764259296670002,0.00255622646303,100,0.011060895836047,0.34511078562325603,0.024017485204124,0.012956589368077,100,0.014979024371103001,0.484260177239455,0.024369301727324003,0.00939027735622,-0.003918128535056,0.00939027735622,100,0.001879953425001,0.09519073549177001,0.002420471760148,0.0005405183351460001,100,0.00210463584731,0.108303913238266,0.0026861540261830003,0.000581518178873,-0.00022468242230900003,0.000581518178873,0.12,0.2,0,0.08,0.13,0,-0.007684763146650001,0.165,0.065,0,0.353270667046761,0.572762087123025,0.213112151111906,1.579599999999999,192.6,,,,,,1.3257499999999995,1.2650000000000001,-0.04209165299855,0.31100434683138856,0.601984972918107,-0.3544689085245842,-0.32817327261002865,0.1503132684028213,-0.2603525995668223,-0.4881823279507884,e1
e1_norm_baseline_bc74285f52_s2,e1_norm_baseline,2,meta-llama/Llama-3.1-8B-Instruct,100,30,prompt,2026-08-02 08:54:38,0.5,0.5,0.5,0.5,0.5,0.15,independent,barabasi_albert,meta-llama/Llama-3.1-8B-Instruct,1.493599999999999,1.34,0.640657322295443,4.371375043040881,,-0.012792412226517001,-0.404651162790697,1.2179,1.27,0.606981393410539,4.5907090590403286,,0.044529871824939005,-0.502145922746781,0.176610978520286,,100,0.09216252482752801,1.028230431583063,0.092231263222353,6.873839482576604e-05,100,0.093419396414697,1.029424117330864,0.093459966904798,4.0570490099587845e-05,-0.001256871587168,4.0570490101213275e-05,100,1.790604883590532,116.79781834643175,2.774272278353391,0.983667394762858,100,1.961942793033301,115.41196166000314,2.7799967909094123,0.8180539978761111,-0.17133790944276803,0.8180539978761101,100,0.031860944460906,0.40680407310301303,0.057465310602667005,0.025604366141760003,100,0.033071504463408,0.41210046530745004,0.062760597621815,0.029689093158406003,-0.0012105600025020002,0.029689093158407003,100,0.001144347950035,0.040116509996028005,0.003025537226282,0.0018811892762470002,100,0.001814615137845,0.046736396133986,0.004031522924234,0.002216907786389,-0.000670267187809,0.002216907786389,100,0.011537949951460002,0.484260177239455,0.026411020922026,0.014873070970565002,100,0.013337314361882001,0.34511078562325603,0.024203315303136002,0.010866000941253002,-0.001799364410421,0.010866000941253002,100,0.001846730736226,0.09519073549177001,0.0025239091145220004,0.0006771783782950001,100,0.0017046704827870002,0.082077557745274,0.0022999653016770004,0.000595294818889,0.000142060253438,0.0005952948188900001,0.08,0.15,0,0.12,0.14,0,-0.029355485396205003,0.14500000000000002,0.045000000000000005,0,0.355397931117289,0.589463220675944,0.265487352161628,1.4330999999999992,197.5,,,,,,1.3557499999999996,1.3050000000000002,0.015868729799211,0.45339854276873903,0.623819357852991,0.01460179236108424,-0.043403528704083615,0.14357697751185794,0.3244233049450171,0.5745488986044649,e1
e1_norm_baseline_bc74285f52_s3,e1_norm_baseline,3,meta-llama/Llama-3.1-8B-Instruct,100,30,prompt,2026-08-02 08:57:53,0.5,0.5,0.5,0.5,0.5,0.15,independent,barabasi_albert,meta-llama/Llama-3.1-8B-Instruct,1.5811000000000002,1.6099999999999999,0.7870364877817061,5.7210856206631675,,-0.0606625720014,-0.55893536121673,1.5984,1.18,0.6374751899152711,5.536701393639241,,-0.023688286281009,0.007194244604316001,0.16341463414634103,,100,0.093351934692838,1.032225624698153,0.093400095557728,4.8160864890610065e-05,100,0.09365071899969801,1.032396151233553,0.09369274202595701,4.202302625728687e-05,-0.00029878430686000005,4.2023026258705694e-05,100,1.72549594854091,115.87137315155422,2.752912919566457,1.027416971025543,100,1.518666172251013,16.46179424900047,2.5991504879847893,1.080484315733774,0.20682977628989702,1.080484315733776,100,0.036406274672741004,0.41739685751188704,0.06221004992320701,0.025803775250466003,100,0.029081109529002003,0.41739685751188704,0.057874174989793005,0.028793065460791002,0.0073251651437390005,0.028793065460791002,100,0.002119573546645,0.046736396133986,0.004592635205439,0.002473061658794,100,0.001988413088164,0.050046339202965,0.004606360600304,0.0026179475121400004,0.000131160458481,0.0026179475121400004,100,0.012864648285463002,0.41468548143135503,0.025930520087021004,0.013065871801558,100,0.012578018623408,0.484260177239455,0.026328199588281,0.013750180964872,0.000286629662055,0.013750180964872,100,0.002298455680979,0.108303913238266,0.0029675004485220004,0.000669044767543,100,0.0015397931284370002,0.055851202252282,0.00217375314824,0.0006339600198030001,0.000758662552541,0.0006339600198030001,0.08,0.09,0,0.05,0.08,0,0.035838768299975,0.084999999999999,0.019999999999999,0,0.34169692366057103,0.5788539553752531,0.278945391726284,2.1675,195.1,,,,,,1.58975,1.395,-0.0421754291412045,0.27587055830620705,0.7122558388484885,0.09532927690310972,0.31428958432022464,0.1877202487862729,0.0537280595070916,0.3538878653772917,e1
e1_norm_baseline_bc74285f52_s4,e1_norm_baseline,4,meta-llama/Llama-3.1-8B-Instruct,100,30,prompt,2026-08-02 09:01:07,0.5,0.5,0.5,0.5,0.5,0.15,independent,barabasi_albert,meta-llama/Llama-3.1-8B-Instruct,1.2851,1.37,0.641383913258749,5.014626418953348,,-0.072207731763839,-0.6150234741784031,1.1075,1.09,0.567280537331832,4.533754116327436,,-0.085528509915042,-0.043062200956937004,0.12008733624454102,,100,0.093700532375452,1.032517955901696,0.093736522084768,3.5989709316142386e-05,100,0.093686815293752,1.032773745704797,0.093725261159859,3.844586610592728e-05,1.3717081699587961e-05,3.84458661066428e-05,100,1.939122374283176,115.41196166000314,2.885916189049175,0.9467938147659951,100,1.716735498162968,87.69482793143098,2.550941551230101,0.83420605306713,0.22238687612020802,0.834206053067132,100,0.04803675341024,0.45976799514738703,0.07458317052855101,0.026546417118311003,100,0.038226956980547004,0.41210046530745004,0.060528964805407,0.022302007824859003,0.009809796429692002,0.022302007824860002,100,0.0017917642626940002,0.046736396133986,0.004138363106823,0.0023465988441290003,100,0.001685746355654,0.046736396133986,0.0039446739072570005,0.002258927551602,0.000106017907039,0.002258927551602,100,0.012092143124377001,0.461068611970088,0.024454638044269002,0.012362494919892001,100,0.011560291349903001,0.484260177239455,0.026797769742837003,0.015237478392934002,0.0005318517744740001,0.015237478392934002,100,0.001998116687897,0.09519073549177001,0.0026285697601730004,0.0006304530722760001,100,0.001891766312019,0.09519073549177001,0.002484810966922,0.0005930446549020001,0.00010635037587700001,0.0005930446549020001,0.17,0.14,0,0.11,0.12,0,0.038825768281498,0.13,-0.01,0,0.34315477938646705,0.6261175833107551,0.228478729583193,1.8939,193.7,,,,,,1.1963,1.23,-0.0788681208394405,0.32904283756767005,0.6043322252952905,0.03893926506626124,-0.06308612854953327,0.14577265955958882,-0.5998780065836593,0.5331839854228552,e1
e1_norm_baseline_bc74285f52_s5,e1_norm_baseline,5,meta-llama/Llama-3.1-8B-Instruct,100,30,prompt,2026-08-02 09:04:13,0.5,0.5,0.5,0.5,0.5,0.15,independent,barabasi_albert,meta-llama/Llama-3.1-8B-Instruct,0.9539000000000001,1.51,0.685413526023754,5.533214202465642,,-0.0227972551922,-0.652582159624413,0.741599999999999,0.98,0.49019405981594205,4.44918103022152,,0.035706691239013,-0.676190476190476,0.087542087542087,,100,0.09323597013286901,1.032067278629567,0.093293620471491,5.7650338621798406e-05,100,0.093528573196967,1.032676301970282,0.09357027401031301,4.170081334490142e-05,-0.000292603064098,4.170081334538278e-05,100,1.97883761868897,124.00427311586051,3.039053019267102,1.06021540057813,100,2.102459958720176,116.79781834643175,2.8565069280238333,0.7540469693036551,-0.12362234003120601,0.7540469693036561,100,0.041810524280042005,0.438582426329637,0.070040780634835,0.028230256354793003,100,0.036041206081365004,0.438582426329637,0.068591743445767,0.032550537364401,0.005769318198676001,0.032550537364401,100,0.002392454945606,0.05335628227194401,0.004823126927793,0.0024306719821870003,100,0.0018355683626790002,0.05335628227194401,0.003982935980125,0.0021473676174450004,0.000556886582926,0.0021473676174450004,100,0.012366677810046,0.484260177239455,0.028089465814664004,0.015722788004618002,100,0.013116574646868,0.41468548143135503,0.024539158249595003,0.011422583602727,-0.000749896836822,0.011422583602727,100,0.002047398163874,0.09519073549177001,0.0026262023008410003,0.0005788041369670001,100,0.0019505033352180002,0.101747324365018,0.0025568179714340004,0.000606314636215,9.689482865520471e-05,0.000606314636215,0.08,0.13,0,0.16,0.21,0,-0.019706956720311003,0.169999999999999,0.049999999999999004,0,0.322582598771796,0.5424164524421591,0.33445452537360404,1.6099999999999999,185.6,,,,,,0.8477499999999996,1.245,0.006454718023406501,0.6643863179074445,0.5878037929198481,-0.06497025127405426,-0.19187647072841876,0.133469245556298,0.1021919517141506,0.5139434021429605,e1
e1_openness_high_346c29e033_s1,e1_openness_high,1,meta-llama/Llama-3.1-8B-Instruct,100,30,prompt,2026-08-02 09:07:33,0.8,0.5,0.5,0.5,0.5,0.15,independent,barabasi_albert,meta-llama/Llama-3.1-8B-Instruct,0.6900000000000001,1.8399999999999999,0.8698924658025071,8.248742298252631,,0.018005316075349,-0.8571428571428571,1.2171,1.05,0.6400045543846531,5.259854731289799,,-0.029023546290826003,-0.040322580645161005,0.06916996047430801,,100,0.092789697321253,1.030118403939279,0.09284532962441701,5.5632303163866005e-05,100,0.09302976905828701,1.032164722364082,0.09308639939311801,5.6630334830586724e-05,-0.00024007173703300002,5.6630334830401474e-05,100,2.038915768474764,125.39012980228912,2.943670276057299,0.9047545075825341,100,2.066191914791833,126.49881515143201,2.876373655563419,0.8101817407715861,-0.027276146317069,0.8101817407715851,100,0.03138507948996,0.41210046530745004,0.060521482210323004,0.029136402720363,100,0.039737036379812005,0.42798964192076205,0.066940902918873,0.027203866539061,-0.008351956889851,0.027203866539061,100,0.0025133500734910003,0.05335628227194401,0.0048294124145540004,0.002316062341063,100,0.002034065658029,0.046736396133986,0.004209282442102,0.0021752167840720002,0.00047928441546200005,0.0021752167840720002,100,0.018370234063807,0.484260177239455,0.028428939561809002,0.010058705498001001,100,0.022137870570636,0.484260177239455,0.028372062664915,0.006234192094279001,-0.003767636506828,0.006234192094279001,100,0.00233872436478,0.108303913238266,0.002923130371291,0.00058440600651,100,0.001566493932298,0.06896437999877801,0.002159696463748,0.0005932025314490001,0.000772230432482,0.0005932025314490001,0.09,0.12,0,0.14,0.05,0,-0.006397382767139001,0.084999999999999,-0.030000000000000002,0,0.320992102491081,0.46276828734121705,0.361476790190687,2.2931,200.1,,,,,,0.9535500000000001,1.4449999999999998,-0.005509115107738501,0.44873271889400906,0.7549485100935801,-0.03024711090001426,-0.06246348725223403,0.14107414150921296,0.18905432826269414,-0.06313899877275542,e1
e1_openness_high_346c29e033_s2,e1_openness_high,2,meta-llama/Llama-3.1-8B-Instruct,100,30,prompt,2026-08-02 09:10:57,0.8,0.5,0.5,0.5,0.5,0.15,independent,barabasi_albert,meta-llama/Llama-3.1-8B-Instruct,1.0684,1.6800000000000002,0.798990997804197,6.61723935038899,,-0.017583596590570003,-0.696202531645569,1.249899999999999,1.11,0.6426251003512361,4.920479163816945,,-0.00902320816423,-0.359375,0.139664804469273,,100,0.09312592407586201,1.0321038200300099,0.093167592785553,4.166870969331531e-05,100,0.093442298826708,1.032505775434882,0.09348157797954701,3.927915283901714e-05,-0.000316374750845,3.9279152839175053e-05,100,2.584804194190072,127.05315782600346,3.252947613798619,0.6681434196085441,100,1.752915950548677,116.79781834643175,2.8730673333041,1.120151382755422,0.831888243641394,1.120151382755422,100,0.027380496358618,0.396211288694138,0.062351713576115006,0.034971217217496,100,0.031963710590748005,0.40680407310301303,0.061495672920874,0.029531962330126,-0.0045832142321300005,0.029531962330126,100,0.00177581647052,0.046736396133986,0.0037290169256540004,0.0019532004551330003,100,0.001481229623157,0.046736396133986,0.003295792932273,0.001814563309116,0.000294586847363,0.001814563309116,100,0.019469382048534,0.484260177239455,0.026070363659556003,0.006600981611021001,100,0.018642754273837003,0.484260177239455,0.024082500600724,0.005439746326887001,0.000826627774697,0.005439746326887001,100,0.002038939655856,0.09519073549177001,0.002674463689191,0.000635524033334,100,0.001684911247486,0.06896437999877801,0.002378433436275,0.000693522188788,0.000354028408369,0.000693522188788,0.1,0.1,0,0.1,0.08,0,0.13807731628147502,0.09,-0.01,0,0.28514066490190804,0.395102581072137,0.46392352885650506,2.144399999999999,204.3,,,,,,1.1591499999999995,1.395,-0.013303402377400003,0.5277887658227844,0.7208080490777166,0.11631568104919827,-0.03117392913918593,0.19294507601052965,0.24994684006704027,0.46431074546103857,e1
e1_openness_high_346c29e033_s3,e1_openness_high,3,meta-llama/Llama-3.1-8B-Instruct,100,30,prompt,2026-08-02 09:14:26,0.8,0.5,0.5,0.5,0.5,0.15,independent,barabasi_albert,meta-llama/Llama-3.1-8B-Instruct,0.8931,1.83,0.881900651249902,7.480164853934586,,-0.007954603640263,-0.706093189964157,1.2691,1.11,0.624900077338828,4.891272987334578,,-0.019693654266958002,-0.19685039370078702,0.09833024118738401,,100,0.09369145387671601,1.032542316835325,0.09372275659597201,3.1302719255339525e-05,100,0.093320341504247,1.031385172487966,0.09336602844583901,4.5686941592521566e-05,0.000371112372469,4.5686941592334995e-05,100,2.167704825933601,114.84445334691063,2.91267789781974,0.74497307188614,100,2.050330571063174,115.41196166000314,2.798202774190597,0.7478722031274221,0.117374254870427,0.7478722031274231,100,0.038612333253797,0.42798964192076205,0.073674506312804,0.035062173059006004,100,0.039219756276337,0.41739685751188704,0.061687172050173,0.022467415773836003,-0.000607423022539,0.022467415773836003,100,0.0014093339725530002,0.046736396133986,0.0033768149537800004,0.001967480981227,100,0.0022194809242770002,0.046736396133986,0.004451740806400001,0.0022322598821220003,-0.000810146951724,0.0022322598821220003,100,0.017446399175550003,0.484260177239455,0.028068965222635002,0.010622566047084002,100,0.016619364611590002,0.484260177239455,0.024386793398047002,0.007767428786457001,0.00082703456396,0.007767428786457001,100,0.0018451487039390002,0.09519073549177001,0.002463042457474,0.000617893753535,100,0.001822501983326,0.09519073549177001,0.002429748559605,0.0006072465762790001,2.2646720613398895e-05,0.0006072465762790001,0.13,0.09,0,0.1,0.11,0,0.019529579758867002,0.1,-0.015,0,0.31220141644396604,0.519520760173517,0.36481470260813703,2.0576,208.6,,,,,,1.0811,1.4700000000000002,-0.013824128953610501,0.45147179183247205,0.753400364294365,-0.10908861606354937,-0.1464792615683598,0.1301653735146181,0.24815386074817516,-0.2027766302357291,e1
e1_openness_high_346c29e033_s4,e1_openness_high,4,meta-llama/Llama-3.1-8B-Instruct,100,30,prompt,2026-08-02 09:17:46,0.8,0.5,0.5,0.5,0.5,0.15,independent,barabasi_albert,meta-llama/Llama-3.1-8B-Instruct,0.6376000000000001,1.8,0.843763517313254,7.113822274849521,,-0.047011825709676006,-0.8905109489051091,1.186399999999999,1.08,0.699578456880096,5.273134316174045,,0.035001009360972,-0.22580645161290303,0.08805031446540801,,100,0.092946645061644,1.026659151364018,0.093003251033535,5.6605971891805856e-05,100,0.09338653055376701,1.03201855676231,0.09344176991992201,5.523936615462597e-05,-0.00043988549212200005,5.523936615520198e-05,100,1.8589726838330032,109.8685349142887,2.775596175011343,0.9166234911783391,100,2.042627078486197,116.79781834643175,3.107742797797414,1.065115719311213,-0.18365439465319303,1.065115719311216,100,0.045712248322514006,0.438582426329637,0.07231308947900901,0.026600841156494002,100,0.040539184128649,0.42798964192076205,0.064754850564768,0.024215666436118003,0.005173064193865,0.024215666436118003,100,0.0016349033719950002,0.043426453065007004,0.0037558093452770003,0.0021209059732820003,100,0.0024078479748660003,0.05335628227194401,0.004781068158444,0.002373220183577,-0.0007729446028710001,0.002373220183577,100,0.01557050805917,0.484260177239455,0.02676369667035,0.01119318861118,100,0.017564956884620002,0.484260177239455,0.027437412844000003,0.009872455959380001,-0.0019944488254500002,0.009872455959380001,100,0.0014579378023100002,0.06896437999877801,0.0019439493393110002,0.00048601153700100004,100,0.0016664244455140002,0.06896437999877801,0.0022824483572000003,0.0006160239116860001,-0.000208486643204,0.0006160239116860001,0.1,0.15,0,0.16,0.09,0,-0.030316182670495004,0.12,-0.01,0,0.30636294692694904,0.41482715535193604,0.44074467096699604,1.9724,200.5,,,,,,0.9119999999999995,1.44,-0.006005408174352002,0.558158700259006,0.771670987096675,-0.11547329094332819,-0.06304301592870216,0.18370805419468808,0.26312489633690533,-0.06106314594769158,e1
e1_openness_high_346c29e033_s5,e1_openness_high,5,meta-llama/Llama-3.1-8B-Instruct,100,30,prompt,2026-08-02 09:21:08,0.8,0.5,0.5,0.5,0.5,0.15,independent,barabasi_albert,meta-llama/Llama-3.1-8B-Instruct,0.5976,1.78,0.815605416044164,6.5855168805482425,,0.08290464438615501,-0.846715328467153,1.0891,1.05,0.629226422901744,4.789154966032465,,-0.084271983911074,-0.246231155778894,0.07160493827160401,,100,0.092775798269357,1.031908932560981,0.09284112961231801,6.533134296169275e-05,100,0.092827387560938,1.02601358662286,0.09286661316583,3.9225604891344754e-05,-5.158929158079195e-05,3.9225604892043076e-05,100,2.151828222127495,116.32108364630031,2.921623760346994,0.7697955382194991,100,2.182134370606927,118.5301392044675,2.9870980336544113,0.804963663047482,-0.030306148479431003,0.804963663047483,100,0.030015228257084,0.396211288694138,0.061573817687046006,0.031558589429962,100,0.031763434209292,0.385618504285263,0.06196816659651701,0.030204732387225004,-0.0017482059522070002,0.030204732387225004,100,0.002627242904022,0.05335628227194401,0.005248011528132,0.00262076862411,100,0.0015999509825990002,0.046736396133986,0.0035014429489640003,0.001901491966364,0.0010272919214220002,0.001901491966364,100,0.016519137981229,0.484260177239455,0.025922296855368003,0.009403158874139,100,0.015988094847002,0.484260177239455,0.024868067720391,0.008879972873389,0.000531043134226,0.008879972873389,100,0.001580198091476,0.06896437999877801,0.002160082572001,0.000579884480525,100,0.0018669441204830003,0.09519073549177001,0.0024972693008340004,0.0006303251803500001,-0.00028674602900700003,0.0006303251803500001,0.12,0.15,0,0.16,0.15,0,-0.0051390591160960005,0.15,0.009999999999999001,0,0.29902875753636604,0.46723460026212305,0.36767719139152705,2.4084,202.1,,,,,,0.84335,1.415,-0.0006836697624594962,0.5464732421230235,0.722415919472954,-0.012745452092635426,-0.15019097084721147,0.1411032351766169,0.20830391417989463,0.5244604734887803,e1
e1_openness_low_ce65c89362_s1,e1_openness_low,1,meta-llama/Llama-3.1-8B-Instruct,100,30,prompt,2026-08-02 09:24:09,0.2,0.5,0.5,0.5,0.5,0.15,independent,barabasi_albert,meta-llama/Llama-3.1-8B-Instruct,1.605899999999999,1.23,0.6438825708518511,5.839521660997853,,-0.043946188340807005,-0.010309278350515,0.35709999999999903,1.31,0.28649400096716504,4.145560704737574,,-0.137344909896912,-0.8505338078291811,0.24297188755020002,,100,0.093638903370118,1.03253013636851,0.093683595924479,4.469255436201076e-05,100,0.07615230275524901,1.032517955901696,0.16678006556441702,0.09062776280916701,0.017486600614869,0.09062776280916801,100,1.967734859817523,116.79781834643175,2.842050054278625,0.8743151944611051,100,2.052576132738023,118.80731054175322,2.941130619719397,0.8885544869813691,-0.0848412729205,0.8885544869813731,100,0.021318224617979,0.36972932767195105,0.060627272096789,0.039309047478809006,100,0.020343343887525,0.332654582240889,0.06113259256846901,0.040789248680943004,0.000974880730454,0.040789248680944,100,0.001477836502751,0.043426453065007004,0.003813663822399,0.0023358273196470002,100,0.001431199528137,0.040116509996028005,0.0036669272967180004,0.0022357277685810003,4.663697461471821e-05,0.0022357277685810003,100,0.015058850556181001,0.484260177239455,0.027511668326919002,0.012452817770737002,100,0.018948259573519,0.484260177239455,0.02816158579208,0.00921332621856,-0.0038894090173380003,0.00921332621856,100,0.0018663056943020002,0.09519073549177001,0.002523033194897,0.000656727500594,100,0.0018605793021510002,0.09519073549177001,0.002431210054201,0.00057063075205,5.72639215116826e-06,0.00057063075205,0.19,0.11,0,0.13,0.18,0,-0.011702806204291,0.145,-0.015000000000000001,0,0.32887541092392103,0.5122487437185931,0.30915846257657204,1.089899999999999,180.9,,,,,,0.981499999999999,1.27,-0.0906455491188595,0.43042154308984804,0.46518828590950806,0.0865553389387194,-0.11840552667979719,0.1719985305351117,-0.6273700206390287,0.813499567744504,e1
e1_openness_low_ce65c89362_s2,e1_openness_low,2,meta-llama/Llama-3.1-8B-Instruct,100,30,prompt,2026-08-02 09:27:08,0.2,0.5,0.5,0.5,0.5,0.15,independent,barabasi_albert,meta-llama/Llama-3.1-8B-Instruct,2.0475,1.35,0.661311708605674,5.393598899705937,,-0.067829310736173,-0.047970479704797,0.4011,1.37,0.362718671153956,4.109686331986528,,-0.068991074017981,-0.834532374100719,0.210666666666666,,100,0.093701706111163,1.032615399636211,0.09374812029158401,4.641418042082531e-05,100,0.093155338342099,1.032225624698153,0.09321023146698,5.489312488117487e-05,0.000546367769063,5.4893124880564526e-05,100,1.284469586592511,14.00189863058969,2.562155454202596,1.277685867610084,100,2.245252208584334,116.79781834643175,2.991070743884417,0.745818535300082,-0.9607826219918221,0.745818535300082,100,0.036782149101414,0.42798964192076205,0.06490928235085701,0.028127133249442004,100,0.026854592970534,0.41739685751188704,0.062508182357635,0.035653589387101,0.00992755613088,0.035653589387101,100,0.001092170548811,0.040116509996028005,0.002940731416219,0.0018485608674080002,100,0.000873744618652,0.040116509996028005,0.0027541522856820004,0.0018804076670290001,0.000218425930158,0.0018804076670290001,100,0.012066919697316,0.484260177239455,0.026569206102982003,0.014502286405665001,100,0.015827206054905,0.484260177239455,0.023697488347981,0.007870282293075001,-0.0037602863575880003,0.007870282293075001,100,0.00188411157286,0.09519073549177001,0.0024617892607180004,0.000577677687858,100,0.0019684583064530003,0.09519073549177001,0.002610212709479,0.0006417544030260001,-8.4346733592425e-05,0.0006417544030260001,0.1,0.15,0,0.08,0.06,0,-0.15898915087548302,0.105,0.015,0,0.33407101256431604,0.5481554031994771,0.30436904918406904,0.9875,178.8,,,,,,1.2243,1.36,-0.068410192377077,0.441251426902758,0.512015189879815,0.09958285518694293,-0.12116947790202874,0.13198657702919903,-0.20240067702919312,0.5309299447497158,e1
e1_openness_low_ce65c89362_s3,e1_openness_low,3,meta-llama/Llama-3.1-8B-Instruct,100,30,prompt,2026-08-02 09:30:10,0.2,0.5,0.5,0.5,0.5,0.15,independent,barabasi_albert,meta-llama/Llama-3.1-8B-Instruct,1.7851,1.37,0.717479384425004,6.11814003761542,,0.046701036375027004,-0.257731958762886,0.7875000000000001,1.19,0.540443079538352,5.668269362560315,,-0.029137195383866003,-0.48314606741573,0.21658206429780003,,100,0.09345550862204001,1.032006376295496,0.0934970778917,4.15692696590639e-05,100,0.093387859893561,1.032164722364082,0.093429610764445,4.175087088500943e-05,6.764872847868365e-05,4.1750870883969233e-05,100,2.106429819397685,116.79781834643175,3.023522756575892,0.9170929371782071,100,1.369884938039467,13.967252213428974,2.333736617746664,0.9638516797071971,0.736544881358218,0.9638516797071971,100,0.036685572882933004,0.40680407310301303,0.059663527518357004,0.022977954635423,100,0.034357975770071006,0.40680407310301303,0.063354150882703,0.028996175112631,0.0023275971128610003,0.028996175112631,100,0.0007712469174940001,0.026876737720111003,0.0028873831598580004,0.002116136242364,100,0.001227799732237,0.040116509996028005,0.0033385697275890003,0.002110769995351,-0.00045655281474300005,0.002110769995351,100,0.015066600930896,0.484260177239455,0.023413634288050003,0.008347033357154001,100,0.011800780825411,0.484260177239455,0.024951928334324,0.013151147508912001,0.003265820105485,0.013151147508912001,100,0.0017014073044620001,0.06896437999877801,0.0023450082049530003,0.000643600900491,100,0.0015668661347290002,0.09519073549177001,0.002085888914027,0.000519022779297,0.000134541169732,0.000519022779297,0.16,0.16,0,0.1,0.15,0,0.12364732261000501,0.155,0.024999999999999002,0,0.340723841116713,0.5475113122171941,0.354513051717733,1.086399999999999,182.2,,,,,,1.2863,1.28,0.0087819204955805,0.37043901308930804,0.628961231981678,0.25337017221429475,0.18951731511558223,0.16811175766237885,0.1209047984048857,1.4489334451828086,e1
e1_openness_low_ce65c89362_s4,e1_openness_low,4,meta-llama/Llama-3.1-8B-Instruct,100,30,prompt,2026-08-02 09:33:05,0.2,0.5,0.5,0.5,0.5,0.15,independent,barabasi_albert,meta-llama/Llama-3.1-8B-Instruct,1.6651,1.27,0.669434401777616,5.504421644396779,,-0.037098618941810005,-0.14385964912280702,0.7000000000000001,1.32,0.544679967081871,5.131566098204271,,-0.043113919342905004,-0.7066666666666661,0.244988864142538,,100,0.093191268350648,1.031640962291067,0.09323879364708501,4.75252964370846e-05,100,0.092896477148559,1.027913739445891,0.09294434867119301,4.7871522634129065e-05,0.000294791202088,4.787152263366345e-05,100,2.584370304176434,118.87660337607466,3.210094888094547,0.625724583918116,100,2.022933425588868,115.86444386812208,2.821046100531133,0.798112674942264,0.5614368785875661,0.798112674942264,100,0.028277708726545003,0.40680407310301303,0.058930473638825004,0.030652764912279,100,0.027858954935703003,0.337950974445327,0.054424736899008,0.026565781963304003,0.000418753790842,0.026565781963304003,100,0.0012940275625970001,0.040116509996028005,0.003747240475168,0.0024532129125700002,100,0.0018830013688910002,0.046736396133986,0.004242393616669,0.002359392247778,-0.000588973806293,0.002359392247778,100,0.014887791029021002,0.484260177239455,0.027136899511075,0.012249108482054,100,0.014646575669094001,0.484260177239455,0.024971077493030003,0.010324501823935002,0.00024121535992600003,0.010324501823935002,100,0.0017846296573590002,0.09519073549177001,0.002383784221399,0.00059915456404,100,0.0018002319668180002,0.09519073549177001,0.0024017125227710004,0.0006014805559520001,-1.5602309459599202e-05,0.0006014805559520001,0.15,0.08,0,0.11,0.1,0,0.09363117713744501,0.09,-0.04,0,0.34107951195985603,0.583831393519974,0.235650512390076,1.1979,175.0,,,,,,1.18255,1.295,-0.0401062691423575,0.42526315789473657,0.6070571844297435,-0.02020926926665408,-0.13795978240071521,0.13966861717597784,-0.1655299854269789,0.01092477932127564,e1
e1_openness_low_ce65c89362_s5,e1_openness_low,5,meta-llama/Llama-3.1-8B-Instruct,100,30,prompt,2026-08-02 09:35:58,0.2,0.5,0.5,0.5,0.5,0.15,independent,barabasi_albert,meta-llama/Llama-3.1-8B-Instruct,1.7375999999999991,1.26,0.613469053337465,5.191175632370674,,-0.056713946445301006,0.026217228464419002,0.389999999999999,1.18,0.33144065846181303,6.674238124719146,,-0.01959410290273,-0.8222222222222221,0.20972644376899602,,100,0.093398448629409,1.03080051008088,0.09344867929800801,5.023066859857828e-05,100,0.09347902391736901,1.0321038200300099,0.09352428510810701,4.526119074012992e-05,-8.057528796003022e-05,4.5261190737791446e-05,100,2.125414190778036,116.79781834643175,3.145661498425347,1.020247307647311,100,2.019049812481741,116.10489000321745,2.923700610742888,0.904650798261145,0.10636437829629401,0.904650798261146,100,0.021355469305765002,0.327358190036452,0.050028009014075,0.028672539708309002,100,0.031359235152806,0.41739685751188704,0.060780793794202,0.029421558641395004,-0.01000376584704,0.029421558641395004,100,0.00098243964619,0.040116509996028005,0.0031027401006090004,0.002120300454419,100,0.0007976218773540001,0.040116509996028005,0.002398243939275,0.0016006220619210001,0.000184817768836,0.0016006220619210001,100,0.014394586734876001,0.484260177239455,0.024403116009072003,0.010008529274196001,100,0.023071895966497002,0.484260177239455,0.031168082948526004,0.008096186982028,-0.008677309231621001,0.008096186982028,100,0.0017309260050890002,0.06896437999877801,0.002308040069645,0.000577114064555,100,0.001782074167823,0.09519073549177001,0.002443153219302,0.0006610790514780001,-5.114816273423016e-05,0.0006610790514780001,0.09,0.11,0,0.11,0.13,0,0.014622732922629,0.12,0.019999999999999,0,0.31631110364344,0.5265306122448971,0.29735505115784805,1.0976,172.5,,,,,,1.0637999999999992,1.22,-0.038154024674015505,0.39800249687890155,0.47245485589963904,0.17914600906716924,-0.1190309452684886,0.15741258436478453,-0.36330434892391633,0.9173386455904085,e1
e1_conscientiousness_high_d770e6e4c4_s1,e1_conscientiousness_high,1,meta-llama/Llama-3.1-8B-Instruct,100,30,prompt,2026-08-02 09:39:17,0.5,0.8,0.5,0.5,0.5,0.15,independent,barabasi_albert,meta-llama/Llama-3.1-8B-Instruct,0.8700000000000001,1.92,0.9353344162403361,9.757134260872967,,0.006527216265307,-0.773195876288659,1.2524,1.2,0.5783913574737141,4.5263780942533405,,-0.035239082327236,-0.266666666666666,0.099221789883268,,100,0.09350957262079301,1.032323068432667,0.09355124505701101,4.1672436217966734e-05,100,0.093321447410349,1.03253013636851,0.093367123298736,4.5675888387523816e-05,0.00018812521044400001,4.5675888387178294e-05,100,2.165783284209348,126.49881515143201,2.937822416909967,0.7720391327006191,100,1.9083339468170681,114.02610497357453,2.772925858076965,0.8645919112598971,0.25744933739227904,0.8645919112598961,100,0.034376276527756,0.396211288694138,0.06416030522374601,0.029784028695990002,100,0.026789315067975,0.343247366649764,0.05479337505989901,0.028004059991924003,0.007586961459781,0.028004059991924003,100,0.0022905775125970002,0.05335628227194401,0.004218965811304,0.001928388298706,100,0.0028252502959390004,0.06659605454786101,0.0051604958123200005,0.002335245516381,-0.0005346727833410001,0.002335245516381,100,0.015945313948895,0.484260177239455,0.024291074706042002,0.008345760757147,100,0.01495337353888,0.34511078562325603,0.024400567602558,0.009447194063678001,0.000991940410015,0.009447194063678001,100,0.001869204550652,0.09519073549177001,0.0025221072690020004,0.00065290271835,100,0.002297912844789,0.108303913238266,0.0028556101279720004,0.0005576972831830001,-0.00042870829413600004,0.0005576972831830001,0.21,0.16,0,0.15,0.11,0,0.044208830565840004,0.135,-0.044999999999999006,0,0.33052365561253705,0.45983935742971804,0.41956883755697805,0.7731,199.3,,,,,,1.0612,1.56,-0.0143559330309645,0.5199312714776625,0.7568628868570251,-0.27365573227329376,-0.24169031030818378,0.15083029733390843,0.44401261726498625,-0.4641842426309751,e1
e1_conscientiousness_high_d770e6e4c4_s2,e1_conscientiousness_high,2,meta-llama/Llama-3.1-8B-Instruct,100,30,prompt,2026-08-02 09:42:43,0.5,0.8,0.5,0.5,0.5,0.15,independent,barabasi_albert,meta-llama/Llama-3.1-8B-Instruct,1.25,1.82,0.8921372822623461,7.336230969203971,,0.02785566471498,-0.5298245614035081,1.3956,1.18,0.590592266456324,4.315183228279035,,0.050881853022341,-0.25,0.125230202578268,,100,0.09234822536673401,1.029058703326435,0.092422842907696,7.461754096249849e-05,100,0.09375838064885901,1.0324205121671821,0.09378423035860901,2.584970974846213e-05,-0.0014101552821250002,2.584970974994771e-05,100,1.7449316726327502,116.79781834643175,2.8269561200628512,1.082024447430103,100,1.525297951782239,16.808258420607622,2.517610989686989,0.9923130379047481,0.21963372085051103,0.99231303790475,100,0.030205545073801004,0.348543758854201,0.057165842898122,0.026960297824321,100,0.034665029816474,0.42269324971632505,0.067389677008098,0.032724647191623005,-0.004459484742673,0.032724647191623005,100,0.0022726180654330003,0.050046339202965,0.004706433492546,0.002433815427113,100,0.002040277039141,0.050046339202965,0.004263816926688,0.0022235398875460003,0.000232341026291,0.0022235398875460003,100,0.017712385458557002,0.484260177239455,0.026009517321117,0.008297131862559001,100,0.012701582718191001,0.484260177239455,0.025972685379540002,0.013271102661349002,0.005010802740366,0.013271102661349002,100,0.0020068328418620003,0.09519073549177001,0.002638799436869,0.000631966595007,100,0.002403084143088,0.12141709098476201,0.0029804050813300002,0.000577320938242,-0.000396251301226,0.000577320938242,0.12,0.12,0,0.2,0.11,0,0.036435162215190005,0.114999999999999,-0.045000000000000005,0,0.33101549865629604,0.502440214738897,0.31308791787364704,0.4904,206.3,,,,,,1.3228,1.5,0.0393687588686605,0.38991228070175404,0.741364774359335,-0.08950831760218707,0.015567028229392191,0.17352258304887613,0.7011846904819808,-0.015565107588381977,e1
e1_conscientiousness_high_d770e6e4c4_s3,e1_conscientiousness_high,3,meta-llama/Llama-3.1-8B-Instruct,100,30,prompt,2026-08-02 09:46:07,0.5,0.8,0.5,0.5,0.5,0.15,independent,barabasi_albert,meta-llama/Llama-3.1-8B-Instruct,0.5124000000000001,1.82,0.893914600677528,8.85253817559197,,-0.079728357379114,-0.820224719101123,1.3899,1.01,0.559669178284783,4.146396871313954,,-0.003043024992251,0.005649717514124001,0.087412587412587,,100,0.093482623530957,1.032725023837539,0.093548135862174,6.551233121879278e-05,100,0.09314961796710801,1.030313291408308,0.09320317582556001,5.3557858453179814e-05,0.00033300556384900003,5.3557858452846225e-05,100,1.803176623165229,114.02610497357453,2.648512097930237,0.845335474765007,100,1.963784984758759,116.79781834643175,2.881499419837722,0.9177144350789631,-0.16060836159353,0.9177144350789621,100,0.031011456080937003,0.332654582240889,0.05718748384898201,0.026176027768045004,100,0.029142180736113,0.42798964192076205,0.062875532427363,0.033733351691249004,0.0018692753448230001,0.033733351691249004,100,0.002201821862097,0.040116509996028005,0.00461242961146,0.002410607749363,100,0.0028440117930120003,0.06659605454786101,0.005470688914712,0.0026266771217000003,-0.0006421899309150001,0.0026266771217000003,100,0.011582330357820001,0.333515002988573,0.024444833064063,0.012862502706242,100,0.013904946803644002,0.34511078562325603,0.021594438592368002,0.007689491788724001,-0.002322616445823,0.007689491788724001,100,0.0016430613737070002,0.09519073549177001,0.0021646243526370003,0.00052156297893,100,0.0018747476813040002,0.09519073549177001,0.00244689198658,0.000572144305276,-0.000231686307596,0.000572144305276,0.14,0.17,0,0.12,0.12,0,-0.026933762228198002,0.14500000000000002,0.015000000000000001,0,0.324373462940924,0.5859094176851181,0.27265339624557,0.9899000000000001,204.0,,,,,,0.9511499999999999,1.415,-0.0413856911856825,0.4072875007934995,0.7267918894811556,-0.20741775505133445,-0.1985926089759503,0.1603982763073942,-0.1265181805602018,-0.16275623699611774,e1
e1_conscientiousness_high_d770e6e4c4_s4,e1_conscientiousness_high,4,meta-llama/Llama-3.1-8B-Instruct,100,30,prompt,2026-08-02 09:49:30,0.5,0.8,0.5,0.5,0.5,0.15,independent,barabasi_albert,meta-llama/Llama-3.1-8B-Instruct,0.8500000000000001,1.9,0.929553532193336,8.134324221848892,,-0.011006420411906,-0.772727272727272,1.2579,1.11,0.547350552570682,4.120129268431117,,0.025911149276306,-0.135678391959799,0.053949903660886006,,100,0.09314052409236301,1.027426520773319,0.093188315653824,4.779156146192561e-05,100,0.09366405319791601,1.032164722364082,0.093700337984747,3.6284786832640154e-05,-0.0005235291055520001,3.6284786831666804e-05,100,2.214039579649347,120.63664136783899,3.044093579507763,0.8300539998584121,100,1.8883984833461511,116.79781834643175,2.967634976990687,1.079236493644531,0.32564109630319604,1.079236493644536,100,0.02336923222814,0.40680407310301303,0.058622094901052,0.035252862672911,100,0.033982684258724,0.42798964192076205,0.069075208791573,0.035092524532848,-0.010613452030584001,0.035092524532848,100,0.001552186943019,0.046736396133986,0.0036860432590970003,0.002133856316078,100,0.002612717322929,0.05335628227194401,0.0054737702151640005,0.002861052892235,-0.0010605303799090002,0.002861052892235,100,0.017249696285865,0.484260177239455,0.027236795893023,0.009987099607158,100,0.019820723324070002,0.484260177239455,0.030847270816549,0.011026547492478,-0.0025710270382050004,0.011026547492478,100,0.0020412988790560003,0.09519073549177001,0.002688428350156,0.0006471294711,100,0.0016892842445950002,0.06896437999877801,0.0023577761683290003,0.000668491923733,0.00035201463446000005,0.000668491923733,0.2,0.2,0,0.11,0.16,0,0.051870762063900004,0.18,0.024999999999999002,0,0.34005998377134905,0.45277108433734903,0.42569383843273906,0.5700000000000001,202.9,,,,,,1.05395,1.505,0.0074523644322,0.45420283234353553,0.738452042382009,-0.12498485567636564,-0.06310621163125274,0.18815356587877627,0.4255959467642805,0.3960989702861362,e1
e1_conscientiousness_high_d770e6e4c4_s5,e1_conscientiousness_high,5,meta-llama/Llama-3.1-8B-Instruct,100,30,prompt,2026-08-02 09:52:53,0.5,0.8,0.5,0.5,0.5,0.15,independent,barabasi_albert,meta-llama/Llama-3.1-8B-Instruct,0.7044,1.8,0.8246276680885201,9.75739837393752,,0.09210193892486901,-0.8602941176470581,1.4091,1.11,0.5485015200309941,3.8455289001023862,,-0.000722872963849,-0.2,0.093686354378818,,100,0.09349610600510401,1.032164722364082,0.093540810118277,4.470411317382938e-05,100,0.09315917172017,1.031506977156109,0.093197015951132,3.7844230960626945e-05,0.000336934284934,3.7844230961592285e-05,100,2.042910182280493,126.49881515143201,2.94027458533352,0.8973644030530261,100,1.5739326959687912,116.79781834643175,2.679961857648459,1.106029161679668,0.46897748631170105,1.106029161679667,100,0.037263221346711006,0.41739685751188704,0.062211506612462004,0.024948285265751,100,0.034751648241303,0.37502571987638805,0.05799666351030001,0.023245015268996003,0.002511573105407,0.023245015268996003,100,0.002510183593718,0.059976168409903004,0.0048210637775250005,0.002310880183807,100,0.002313399364323,0.05335628227194401,0.0045848086175,0.002271409253177,0.000196784229394,0.002271409253177,100,0.020582812507357003,0.484260177239455,0.027504679430404,0.006921866923047,100,0.019341334756114003,0.484260177239455,0.027114277143059,0.007772942386945001,0.0012414777512420002,0.007772942386945001,100,0.0019114215403320002,0.09519073549177001,0.002493734712457,0.000582313172124,100,0.0018204575921240002,0.082077557745274,0.002443734066043,0.000623276473919,9.096394820875361e-05,0.000623276473919,0.14,0.13,0,0.17,0.15,0,0.078892536605148,0.14,-0.015000000000000001,0,0.33558705613119005,0.48284368692531904,0.357236637412765,1.049599999999999,203.1,,,,,,1.05675,1.455,0.045689532980510005,0.5301470588235291,0.6865645940597571,-0.03927796967571392,-0.11665680395777568,0.18999660821561093,0.6633901189319563,0.3548904039875729,e1
e1_conscientiousness_low_0ac453f2c8_s1,e1_conscientiousness_low,1,meta-llama/Llama-3.1-8B-Instruct,100,30,prompt,2026-08-02 09:55:55,0.5,0.2,0.5,0.5,0.5,0.15,independent,barabasi_albert,meta-llama/Llama-3.1-8B-Instruct,1.4675,1.19,0.675080427992367,5.322239729798429,,0.042729432184202006,-0.2,0.8224,1.3599999999999999,0.5797548904984591,4.380956385579902,,-0.039419660118203005,-0.7488789237668161,0.1825,,100,0.093160642738282,1.032517955901696,0.09322020893173501,5.9566193454401985e-05,100,0.09313454059892201,1.032116000496824,0.09318609089410401,5.155029517960677e-05,2.610213935944072e-05,5.1550295181543304e-05,100,2.289606910248056,116.79781834643175,3.042743893937191,0.7531369836891361,100,2.142109477805299,121.4071776854933,3.005343573824122,0.8632340960188211,0.147497432442757,0.8632340960188231,100,0.030114972808268,0.41210046530745004,0.05895694891079001,0.028841976102521004,100,0.027568599753923003,0.343247366649764,0.060422530153806005,0.032853930399882006,0.002546373054344,0.032853930399882006,100,0.00126263356033,0.046736396133986,0.0032653014140310004,0.0020026678537,100,0.001057980546634,0.046736396133986,0.00303128127492,0.001973300728286,0.00020465301369600002,0.001973300728286,100,0.012701291225269001,0.34511078562325603,0.024526506425979002,0.01182521520071,100,0.015102983750077001,0.484260177239455,0.025488664202424002,0.010385680452347001,-0.002401692524808,0.010385680452347001,100,0.001701770742328,0.06896437999877801,0.0023769272779180003,0.000675156535589,100,0.0017963657726870002,0.09519073549177001,0.00239096372337,0.000594597950682,-9.45950303586063e-05,0.000594597950682,0.19,0.1,0,0.11,0.14,0,0.024629712182498,0.12000000000000001,-0.029999999999999003,0,0.38632967353992004,0.44786995515695005,0.35479848079395004,1.8211,181.2,,,,,,1.1449500000000001,1.275,0.0016548860329995002,0.474439461883408,0.627417659245413,0.11529940631734586,-0.15702023963394005,0.15151552597419962,0.09377387107779982,0.7053103415661208,e1
e1_conscientiousness_low_0ac453f2c8_s2,e1_conscientiousness_low,2,meta-llama/Llama-3.1-8B-Instruct,100,30,prompt,2026-08-02 09:58:48,0.5,0.2,0.5,0.5,0.5,0.15,independent,barabasi_albert,meta-llama/Llama-3.1-8B-Instruct,2.599599999999999,1.52,0.6999180357085331,5.819930018925707,,-0.029198575054928,0.0035335689045930003,0.6076,1.28,0.477931360638955,5.290389535467562,,-0.039577730502147,-0.8165938864628821,0.289617486338797,,100,0.09404362212860601,1.032347429366296,0.09407527871112101,3.1656582516768955e-05,100,0.09318616132304,1.031470435755667,0.093226577475662,4.0416152620820706e-05,0.0008574608055650001,4.041615262219411e-05,100,2.201285520636955,118.69644200683894,3.065854259848101,0.8645687392111481,100,2.4951209436001083,125.1129584650034,3.105816837126433,0.610695893526325,-0.293835422963152,0.610695893526325,100,0.025956572526652,0.385618504285263,0.06543724999992301,0.039480677473271004,100,0.019867221911000002,0.31676540562757705,0.052470556200053003,0.032603334289053,0.006089350615651,0.032603334289053,100,0.0009584204755090001,0.036806566927048,0.0032598883036990003,0.0023014678281900003,100,0.000615050139677,0.020256851582152003,0.0026540577515210004,0.002039007611843,0.000343370335831,0.002039007611843,100,0.011197908092694001,0.484260177239455,0.027159337059489003,0.015961428966794002,100,0.015362787182151002,0.484260177239455,0.0266633993557,0.011300612173549001,-0.004164879089456001,0.011300612173549001,100,0.0017203227901760002,0.082077557745274,0.0023712015724790003,0.0006508787823030001,100,0.001779777610098,0.06896437999877801,0.0024504731047900003,0.0006706954946910001,-5.945481992263719e-05,0.0006706954946910001,0.13,0.13,0,0.13,0.07,0,-0.04846159585258,0.1,-0.03,0,0.352269666675799,0.473866256725595,0.365210300431474,1.6876,173.7,,,,,,1.6035999999999995,1.4,-0.034388152778537504,0.40653015877914456,0.588924698173744,0.15074348387194758,0.07312093930544618,0.10955832654134699,0.24674036801766694,0.6601002826716701,e1
e1_conscientiousness_low_0ac453f2c8_s3,e1_conscientiousness_low,3,meta-llama/Llama-3.1-8B-Instruct,100,30,prompt,2026-08-02 10:01:58,0.5,0.2,0.5,0.5,0.5,0.15,independent,barabasi_albert,meta-llama/Llama-3.1-8B-Instruct,1.5291000000000001,1.25,0.6997136740970651,5.703481804130881,,-0.060326076853005006,-0.26353790613718403,1.337899999999999,1.17,0.5749794958482071,4.5060640582608915,,0.039131806608307,-0.21400778210116703,0.21111111111111103,,100,0.093878923515194,1.030301110941494,0.093906882173774,2.7958658579400615e-05,100,0.093119141137356,1.031348631087524,0.09317233890449901,5.319776714291845e-05,0.000759782377838,5.3197767143700614e-05,100,2.111803195165244,116.79781834643175,2.950916400499983,0.8391132053347401,100,1.75690124306931,120.35947003055327,2.780816256746083,1.023915013676769,0.354901952095933,1.023915013676773,100,0.024712451340494,0.36443293546751404,0.06151957662934301,0.036807125288849,100,0.035366704554033006,0.401507680898575,0.060071614978623004,0.024704910424590002,-0.010654253213538,0.024704910424590002,100,0.000625293407391,0.040116509996028005,0.0024729698205280004,0.0018476764131370002,100,0.0012709974325110002,0.040116509996028005,0.003510393098865,0.002239395666354,-0.00064570402512,0.002239395666354,100,0.012240434497827002,0.41468548143135503,0.022067085058777,0.009826650560950001,100,0.010809348922314001,0.34511078562325603,0.024553903305558,0.013744554383243,0.0014310855755120002,0.013744554383243,100,0.002046402071378,0.108303913238266,0.002592769296319,0.000546367224941,100,0.001615641249902,0.06896437999877801,0.0021573569498240003,0.0005417156999210001,0.00043076082147500003,0.0005417156999210001,0.17,0.13,0,0.15,0.07,0,0.057703937272017,0.1,-0.06,0,0.31928217351958005,0.568740031897926,0.21760098800261102,1.877599999999999,189.3,,,,,,1.4334999999999996,1.21,-0.010597135122349003,0.23877284411917554,0.6373465849726361,0.16856362743338346,0.03125568025010317,0.17753313126967,-0.16181874852209366,0.7192792311837117,e1
e1_conscientiousness_low_0ac453f2c8_s4,e1_conscientiousness_low,4,meta-llama/Llama-3.1-8B-Instruct,100,30,prompt,2026-08-02 10:05:05,0.5,0.2,0.5,0.5,0.5,0.15,independent,barabasi_albert,meta-llama/Llama-3.1-8B-Instruct,1.7000000000000002,1.26,0.6178553136782861,5.02186414251929,,0.009632261385477,-0.11029411764705802,0.37959999999999905,1.08,0.388972261751999,6.901846126319926,,-0.016196620992417,-0.796992481203007,0.234957020057306,,100,0.09313272114082101,1.032481414501253,0.09318711931284901,5.4398172028629246e-05,100,0.09278471415445301,1.028997800992364,0.09283858248010501,5.3868325650411795e-05,0.000348006986367,5.386832565221212e-05,100,1.9656051769758722,122.96488060103906,2.8570551605009893,0.8914499835251191,100,1.909911323284327,109.1756065710744,2.607555037083695,0.6976437137993681,0.055693853691544004,0.6976437137993671,100,0.028171330975146004,0.41210046530745004,0.058902260032233006,0.030730929057086003,100,0.035915936288167,0.37502571987638805,0.05676691893736,0.020850982649192003,-0.0077446053130210005,0.020850982649192003,100,0.0014193644511080001,0.040116509996028005,0.003592766122476,0.002173401671368,100,0.000865871989762,0.040116509996028005,0.0027333525836930003,0.0018674805939310002,0.000553492461345,0.0018674805939310002,100,0.013956311482558001,0.484260177239455,0.028372108345514003,0.014415796862956002,100,0.012612778021665001,0.34511078562325603,0.023626136436199003,0.011013358414533,0.0013435334608920002,0.011013358414533,100,0.0020016836683340003,0.09519073549177001,0.002600219147086,0.000598535478752,100,0.001588994182597,0.082077557745274,0.002088984704923,0.000499990522326,0.000412689485736,0.000499990522326,0.12,0.09,0,0.05,0.12,0,0.008434495128811,0.105,0.02,0,0.346456554116899,0.5637254901960781,0.30479530158803303,1.6379000000000001,187.4,,,,,,1.0397999999999996,1.17,-0.0032821798034700003,0.4536432994250325,0.5034137877151426,0.22272327407396783,0.009309487968499583,0.12198823238416677,-0.18120707325152197,0.9398671951115369,e1
e1_conscientiousness_low_0ac453f2c8_s5,e1_conscientiousness_low,5,meta-llama/Llama-3.1-8B-Instruct,100,30,prompt,2026-08-02 10:08:04,0.5,0.2,0.5,0.5,0.5,0.15,independent,barabasi_albert,meta-llama/Llama-3.1-8B-Instruct,1.6236000000000002,1.24,0.6087133808699691,5.039470422852396,,-0.150254516102866,0.044444444444444,0.7384000000000001,1.18,0.46160390072413005,4.340913611202143,,0.027351852364001002,-0.7187500000000001,0.347826086956521,,100,0.092725679179879,1.025794338220203,0.092779269376456,5.3590196577384315e-05,100,0.092444621320085,1.025830879620646,0.092508842438249,6.422111816374468e-05,0.000281057859794,6.422111816345444e-05,100,1.674489415272353,18.748457781607677,2.486826277051722,0.812336861779369,100,1.8806521831863172,115.41196166000314,2.719041217442493,0.8383890342561751,-0.206162767913963,0.8383890342561761,100,0.020834266755045003,0.31146901342314004,0.050995444770831004,0.030161178015785002,100,0.022920859812792002,0.31676540562757705,0.051786060315257,0.028865200502464,-0.002086593057747,0.028865200502464,100,0.0013205462706760002,0.046736396133986,0.003325349210168,0.002004802939491,100,0.001128346000091,0.040116509996028005,0.0031888833144050003,0.002060537314313,0.000192200270584,0.002060537314313,100,0.016574646521223,0.484260177239455,0.028390110105490002,0.011815463584267001,100,0.011684261723346,0.41468548143135503,0.025387870187137004,0.01370360846379,0.004890384797876001,0.01370360846379,100,0.001936915201185,0.09519073549177001,0.002536556327147,0.0005996411259620001,100,0.001804664705086,0.09519073549177001,0.0023314381773730003,0.000526773472286,0.00013225049609800002,0.000526773472286,0.11,0.1,0,0.1,0.09,0,-0.033792244591226005,0.095,-0.01,0,0.352239771210688,0.6037087912087911,0.29155993833062804,1.8771,179.1,,,,,,1.181,1.21,-0.061451331869432496,0.3371527777777781,0.5351586407970496,0.1545111300130789,-0.08249389607681708,0.1472682291878653,-0.5222037879478845,0.6318831750813734,e1
e1_extraversion_high_964b1045d5_s1,e1_extraversion_high,1,meta-llama/Llama-3.1-8B-Instruct,100,30,prompt,2026-08-02 10:11:21,0.5,0.5,0.8,0.5,0.5,0.15,independent,barabasi_albert,meta-llama/Llama-3.1-8B-Instruct,0.5836,1.6400000000000001,0.685995474191442,5.543478937468667,,-0.052494993665454,-0.9126984126984121,1.4904000000000002,1.16,0.584335519277525,4.742383165765614,,0.10833590951246501,-0.14655172413793102,0.04978354978354901,,100,0.093933437211121,1.032773745704797,0.09397243822279601,3.9001011676658096e-05,100,0.093733324493405,1.032773745704797,0.09376568918543801,3.2364692032344085e-05,0.000200112717716,3.2364692033409754e-05,100,2.148308050126966,116.79781834643175,2.980550100654564,0.832242050527593,100,1.933118438803304,106.37964070620468,2.771070718447371,0.837952279644063,0.21518961132366202,0.837952279644066,100,0.033199563615132,0.40680407310301303,0.060751746245301004,0.027552182630169002,100,0.037750984038549006,0.42798964192076205,0.065888998828891,0.028138014790341004,-0.004551420423417001,0.028138014790341004,100,0.001989651193022,0.046736396133986,0.004590732020697001,0.002601080827674,100,0.0018534024105360002,0.046736396133986,0.0042006797129,0.002347277302364,0.00013624878248600001,0.002347277302364,100,0.015065341217831001,0.484260177239455,0.028179600764753003,0.013114259546921001,100,0.019172906793254,0.484260177239455,0.025720970596265002,0.00654806380301,-0.004107565575423001,0.00654806380301,100,0.0017588287318230002,0.09519073549177001,0.002320029438029,0.0005612007062050001,100,0.0017377776845360002,0.09519073549177001,0.00229349573784,0.0005557180533040001,2.1051047287710432e-05,0.0005557180533040001,0.1,0.08,0,0.08,0.07,0,0.034481339645385,0.07500000000000001,-0.014999999999999002,0,0.29973678953235805,0.48890036138358206,0.37024326791766504,2.2464,197.1,,,,,,1.0370000000000001,1.4,0.027920457923505504,0.5296250684181716,0.6351654967344835,-0.0034973739920260796,-0.12100773172294332,0.14592895304751904,0.45308522271836604,-0.05576392839550456,e1
e1_extraversion_high_964b1045d5_s2,e1_extraversion_high,2,meta-llama/Llama-3.1-8B-Instruct,100,30,prompt,2026-08-02 10:14:41,0.5,0.5,0.8,0.5,0.5,0.15,independent,barabasi_albert,meta-llama/Llama-3.1-8B-Instruct,0.909999999999999,1.46,0.66944927531741,4.761144422208384,,-0.023245988905101003,-0.676855895196506,1.2074999999999991,1.09,0.689752958993826,5.916047007306711,,-0.10720250070058801,-0.08695652173913,0.193211488250652,,100,0.093007997216799,1.028729830722449,0.093058477406008,5.0480189207937036e-05,100,0.09255533181931601,1.032164722364082,0.09263062738425301,7.529556493719113e-05,0.000452665397483,7.52955649374748e-05,100,2.33531265042756,116.79781834643175,3.066821834159316,0.7315091837317511,100,1.918090386016233,116.79781834643175,2.862934280684746,0.944843894668512,0.41722226441132704,0.944843894668512,100,0.018127710342212,0.32206179783201505,0.049986758575645,0.031859048233433,100,0.031482867523289,0.41739685751188704,0.05851741842586,0.027034550902571,-0.013355157181077002,0.027034550902571,100,0.0019808541147730003,0.046736396133986,0.0040966500756890005,0.002115795960915,100,0.0020767458930250004,0.046736396133986,0.004583501859510001,0.0025067559664840003,-9.58917782517203e-05,0.0025067559664840003,100,0.015108476971076002,0.34511078562325603,0.024148743953067,0.009040266981991,100,0.017614886938446,0.484260177239455,0.027335535021231,0.009720648082785001,-0.0025064099673690002,0.009720648082785001,100,0.0014743792551630002,0.06896437999877801,0.0020407015173700004,0.000566322262206,100,0.0017020288925560002,0.09519073549177001,0.0022810398282780003,0.000579010935722,-0.000227649637392,0.000579010935722,0.12,0.08,0,0.06,0.07,0,0.066914970207453,0.07500000000000001,-0.014999999999999002,0,0.29958184952786804,0.531019036954087,0.30759059974262004,2.1024,199.9,,,,,,1.058749999999999,1.275,-0.0652242448028445,0.38190620846781803,0.679601117155618,-0.025160005870247432,-0.15098804441145847,0.16412669268683522,-0.4651893537052352,-0.127703403638053,e1
e1_extraversion_high_964b1045d5_s3,e1_extraversion_high,3,meta-llama/Llama-3.1-8B-Instruct,100,30,prompt,2026-08-02 10:17:59,0.5,0.5,0.8,0.5,0.5,0.15,independent,barabasi_albert,meta-llama/Llama-3.1-8B-Instruct,0.7891,1.69,0.7654831018684151,6.895767708365134,,-0.068706962509564,-0.743772241992882,0.8698999999999991,0.99,0.6868536216291701,5.675593266672687,,0.027426346674957,-0.385892116182572,0.126684636118598,,100,0.09354817391633101,1.031628781824252,0.093582220118019,3.4046201687155304e-05,100,0.093281473953259,1.032140361430453,0.09332263150762,4.1157554360038186e-05,0.000266699963071,4.1157554360862776e-05,100,1.584888651304755,114.71903331678884,2.75884863014944,1.173959978844681,100,1.8915891327518422,116.79781834643175,2.823275406688022,0.9316862739361771,-0.306700481447086,0.93168627393618,100,0.040392112539342,0.42798964192076205,0.065722247295427,0.025330134756085,100,0.035812501236536,0.42269324971632505,0.058269750752766004,0.022457249516230002,0.004579611302805001,0.022457249516229003,100,0.0014020966615570002,0.040116509996028005,0.0037052167448330003,0.0023031200832750003,100,0.0015098473658690002,0.040116509996028005,0.0037377222004620005,0.002227874834593,-0.00010775070431100001,0.002227874834593,100,0.013911613023531002,0.42628126406603906,0.023622710433697004,0.009711097410165001,100,0.017405044383074,0.484260177239455,0.027760773170989003,0.010355728787914001,-0.0034934313595430004,0.010355728787914001,100,0.001678371717474,0.06896437999877801,0.0022900548236810003,0.0006116831062060001,100,0.001458595282526,0.055851202252282,0.0020240278063980003,0.000565432523871,0.000219776434948,0.000565432523871,0.11,0.1,0,0.08,0.13,0,-0.050872595968352,0.115,0.02,0,0.270870872730266,0.491198044009779,0.38745259388899306,2.4356,197.5,,,,,,0.8294999999999996,1.3399999999999999,-0.0206403079173035,0.5648321790877271,0.7261683617487926,0.12649164319599443,0.05657490304593529,0.16122228619219084,-0.025705853151665597,0.7017495714213523,e1
e1_extraversion_high_964b1045d5_s4,e1_extraversion_high,4,meta-llama/Llama-3.1-8B-Instruct,100,30,prompt,2026-08-02 10:21:13,0.5,0.5,0.8,0.5,0.5,0.15,independent,barabasi_albert,meta-llama/Llama-3.1-8B-Instruct,0.9291,1.69,0.77901175727285,7.661145563991639,,-0.09699521215122901,-0.635087719298245,1.2275,1.11,0.758068826552972,5.748986646151399,,-0.07586730817928501,-0.11851851851851801,0.14732142857142802,,100,0.093615747814227,1.030849231948137,0.093645945094289,3.0197280063186132e-05,100,0.093282689118692,1.028729830722449,0.09332914977562201,4.646065693009398e-05,0.00033305869553500005,4.646065692993917e-05,100,2.431102242189808,116.79781834643175,3.099824900042737,0.6687226578529241,100,2.249320550630251,116.79781834643175,3.013468313068811,0.7641477624385571,0.181781691559556,0.7641477624385591,100,0.038974243649077006,0.42269324971632505,0.066825404229161,0.027851160580083002,100,0.022816588109415,0.327358190036452,0.051786324021490006,0.028969735912074003,0.016157655539661,0.028969735912074003,100,0.002177124678369,0.05335628227194401,0.0049224054854570005,0.0027452808070880003,100,0.0019392017417020002,0.05335628227194401,0.003824539660243,0.00188533791854,0.00023792293666600003,0.00188533791854,100,0.022004068453858,0.484260177239455,0.028755502390982002,0.006751433937124,100,0.019505453279524,0.484260177239455,0.029741841333753002,0.010236388054228001,0.0024986151743330003,0.010236388054228001,100,0.0015849872893160001,0.06896437999877801,0.0021846122219110003,0.000599624932595,100,0.0019496922965840002,0.09519073549177001,0.0026436286121970004,0.000693936315612,-0.000364705007268,0.000693936315612,0.04,0.11,0,0.15,0.13,0,0.03344070648308,0.12,0.024999999999999002,0,0.269694228266052,0.37677527151211304,0.5240903374982651,1.985899999999999,194.0,,,,,,1.0783,1.4,-0.08643126016525701,0.37680311890838153,0.768540291912911,-0.09527787545161277,-0.1698497688671167,0.13432993688265685,-0.3950472180292225,0.006003847617382485,e1
e1_extraversion_high_964b1045d5_s5,e1_extraversion_high,5,meta-llama/Llama-3.1-8B-Instruct,100,30,prompt,2026-08-02 10:24:30,0.5,0.5,0.8,0.5,0.5,0.15,independent,barabasi_albert,meta-llama/Llama-3.1-8B-Instruct,0.749899999999999,1.65,0.7242461304185751,7.10214983237863,,-0.010674228906449,-0.824175824175824,1.2019,1.07,0.654798181551266,5.049077706863788,,0.005001604497017,-0.190283400809716,0.08333333333333301,,100,0.09387830892957201,1.032164722364082,0.093903497140884,2.518821131234785e-05,100,0.093784548146271,1.032164722364082,0.093813203616548,2.8655470277201573e-05,9.376078330083916e-05,2.8655470276792164e-05,100,2.1556767759050732,115.41196166000314,2.821859278657805,0.666182502752735,100,1.7323296829700592,116.79781834643175,2.822871160411749,1.09054147744169,0.42334709293501305,1.09054147744169,100,0.021778202161012002,0.35384015105863903,0.053289240536804006,0.031511038375791,100,0.027969784622068002,0.40680407310301303,0.066927034815339,0.038957250193271,-0.006191582461055001,0.038957250193271,100,0.0018545208538110001,0.050046339202965,0.004157099571509001,0.0023025787176970004,100,0.0017807992414470002,0.046736396133986,0.003894434788488,0.00211363554704,7.37216123638995e-05,0.00211363554704,100,0.017621049908160002,0.484260177239455,0.028374860733513002,0.010753810825353,100,0.020642936317412,0.5260049947243151,0.028734323845533004,0.008091387528121,-0.0030218864092520004,0.008091387528121,100,0.001442706281476,0.082077557745274,0.001861694173309,0.00041898789183300003,100,0.001556027045895,0.06568608556215401,0.00219206175478,0.000636034708885,-0.00011332076441900002,0.000636034708885,0.08,0.07,0,0.11,0.1,0,0.069031297615991,0.085,-0.009999999999999001,0,0.281832746433665,0.481930888947507,0.33390253326420904,2.1451000000000002,197.1,,,,,,0.9758999999999995,1.3599999999999999,-0.002836312204716,0.50722961249277,0.6895221559849205,0.09178565095366825,-0.028845074948190885,0.19006140681488068,0.14082450045473974,0.34211983124867734,e1
e1_extraversion_low_7072a87e69_s1,e1_extraversion_low,1,meta-llama/Llama-3.1-8B-Instruct,100,30,prompt,2026-08-02 10:27:45,0.5,0.5,0.2,0.5,0.5,0.15,independent,barabasi_albert,meta-llama/Llama-3.1-8B-Instruct,1.7091,1.31,0.6632687265006041,5.296060626399381,,0.10789643857926301,-0.321299638989169,0.48000000000000004,1.26,0.38699088745034405,5.496565719302985,,-0.008398285372146,-0.848888888888888,0.14878892733564,,100,0.09338544467223701,1.031896752094167,0.09343386624520801,4.8421572970850876e-05,100,0.09347906057788301,1.032164722364082,0.093515844151208,3.6783573324660035e-05,-9.36159056464936e-05,3.6783573324788994e-05,100,2.044557309736184,119.15377471336038,2.864003861011213,0.8194465512750251,100,2.042404753521162,114.71903331678884,2.813464218621462,0.7710594651002991,0.002152556215021,0.7710594651002991,100,0.037501246887564,0.42798964192076205,0.062121492638708004,0.024620245751144004,100,0.024081022606692003,0.32206179783201505,0.055273918932001,0.031192896325309003,0.013420224280871001,0.031192896325309003,100,0.0017878930027450002,0.046736396133986,0.004208296791529001,0.002420403788783,100,0.001716675166448,0.046736396133986,0.0037275160612550004,0.002010840894807,7.121783629760901e-05,0.002010840894807,100,0.015046668473001,0.484260177239455,0.025231563414745,0.010184894941744,100,0.014470845428761002,0.484260177239455,0.024672129615333,0.010201284186571001,0.0005758230442390001,0.010201284186571001,100,0.0021151726747790003,0.108303913238266,0.0027083332100210004,0.000593160535242,100,0.0019044149309220002,0.101747324365018,0.0025588343637290003,0.000654419432807,0.000210757743857,0.000654419432807,0.14,0.18,0,0.15,0.14,0,0.0027228272024400002,0.16,0.014999999999999002,0,0.362235247731757,0.5025773195876281,0.313462651498479,0.8450999999999991,194.9,,,,,,1.0945500000000001,1.2850000000000001,0.049749076603558505,0.5850942639390285,0.5251298069754741,-0.008392433409100897,-0.16438468875383996,0.1358592815855196,0.4940526663618554,0.6203746030771653,e1
e1_extraversion_low_7072a87e69_s2,e1_extraversion_low,2,meta-llama/Llama-3.1-8B-Instruct,100,30,prompt,2026-08-02 10:30:50,0.5,0.5,0.2,0.5,0.5,0.15,independent,barabasi_albert,meta-llama/Llama-3.1-8B-Instruct,2.108399999999999,1.44,0.70348729859348,5.925598769917773,,0.006863303629972,-0.07903780068728501,0.5259,1.35,0.46729115844365005,5.452380952380954,,0.045614269937418,-0.9221789883268481,0.208695652173913,,100,0.092727027336443,1.028522762786606,0.092783943588379,5.6916251937274125e-05,100,0.09279943568014101,1.030520359344151,0.09286086945902601,6.143377888337753e-05,-7.240834369860728e-05,6.143377888424839e-05,100,1.933747789175659,106.37964070620468,2.719723161216947,0.7859753720412841,100,1.8111997905904702,115.41196166000314,2.781132413817427,0.9699326232269561,0.12254799858518801,0.9699326232269571,100,0.031417846367032,0.42798964192076205,0.06666348521040101,0.035245638843369,100,0.027854911149447003,0.385618504285263,0.056301109444306004,0.028446198294858,0.0035629352175840004,0.028446198294858,100,0.001528868392612,0.046736396133986,0.0035538494951250004,0.002024981102513,100,0.0009580728179070001,0.040116509996028005,0.0027526231600460004,0.001794550342139,0.000570795574704,0.001794550342139,100,0.013690709882028002,0.484260177239455,0.026934912774844003,0.013244202892816002,100,0.015311197648000001,0.41468548143135503,0.025318479698161003,0.010007282050161001,-0.0016204877659720001,0.010007282050161001,100,0.0017956398029650002,0.09519073549177001,0.00238845722407,0.000592817421104,100,0.00138506917115,0.055851202252282,0.0019174858941800002,0.000532416723029,0.000410570631814,0.000532416723029,0.2,0.19,0,0.13,0.1,0,0.020899900649936003,0.14500000000000002,-0.019999999999999,0,0.364275200240654,0.604002425712553,0.212762682703511,0.749599999999999,185.3,,,,,,1.3171499999999996,1.395,0.026238786783695,0.5006083945070665,0.585389228518565,0.27080567722527005,0.08648156868359151,0.16846241740267107,0.5579000664444451,1.425376865208177,e1
e1_extraversion_low_7072a87e69_s3,e1_extraversion_low,3,meta-llama/Llama-3.1-8B-Instruct,100,30,prompt,2026-08-02 10:34:02,0.5,0.5,0.2,0.5,0.5,0.15,independent,barabasi_albert,meta-llama/Llama-3.1-8B-Instruct,1.4171,1.31,0.651763323982751,5.524643852815242,,0.055289473156850004,-0.26315789473684204,0.5139,1.33,0.511753406905175,3.9810055353111,,-0.024381600396909002,-0.9471365638766521,0.146586345381526,,100,0.09289961035707801,1.032067278629567,0.09296781014042901,6.819978334909764e-05,100,0.093102618853692,1.032383970766739,0.093158942575656,5.632372196483663e-05,-0.000203008496613,5.632372196344437e-05,100,2.023147296554399,116.79781834643175,2.867557852760099,0.844410556205701,100,1.809886350914375,106.40389319821718,2.628522703723916,0.8186363528095341,0.213260945640024,0.8186363528095411,100,0.037248995270286,0.42798964192076205,0.066871760390856,0.029622765120569,100,0.024595701254268004,0.390914896489701,0.05590066495840101,0.031304963704132,0.012653294016017001,0.031304963704132,100,0.001749562021501,0.046736396133986,0.0037850504320950003,0.0020354884105930004,100,0.001414489258135,0.046736396133986,0.003638717459697,0.002224228201561,0.000335072763365,0.002224228201561,100,0.013061654500379001,0.484260177239455,0.026349758877245003,0.013288104376865001,100,0.011249576842783,0.41468548143135503,0.024304546315672002,0.013054969472889002,0.001812077657596,0.013054969472889002,100,0.0022034598301740004,0.108303913238266,0.002763271469918,0.000559811639743,100,0.0018475524489910001,0.082077557745274,0.0024572357520620002,0.0006096833030700001,0.000355907381182,0.0006096833030700001,0.18,0.22,0,0.15,0.17,0,0.038035714826928003,0.195,0.030000000000000002,0,0.358037138438556,0.626958321016848,0.226916857202023,0.7275,191.6,,,,,,0.9655,1.32,0.015453936379970501,0.605147229306747,0.5817583654439631,0.10133604546888125,-0.03645563209278487,0.14431442020219182,0.2833033010952354,1.2698757520403188,e1
e1_extraversion_low_7072a87e69_s4,e1_extraversion_low,4,meta-llama/Llama-3.1-8B-Instruct,100,30,prompt,2026-08-02 10:37:15,0.5,0.5,0.2,0.5,0.5,0.15,independent,barabasi_albert,meta-llama/Llama-3.1-8B-Instruct,1.747599999999999,1.38,0.6698667773514231,4.543140114127407,,0.021513124034997003,-0.324786324786324,0.5259,1.29,0.43156340156850903,5.617938036927146,,-0.026305742905448,-0.7109375,0.171830985915492,,100,0.093802850120767,1.032505775434882,0.09383713956868701,3.4289447919417855e-05,100,0.093059920364883,1.032773745704797,0.09312633177483401,6.641140994899139e-05,0.0007429297558840001,6.641140995174155e-05,100,1.5252407899913192,107.78974988464579,2.59489821234051,1.069657422349191,100,2.122409210179195,116.56430149476853,2.9906566848673672,0.8682474746881701,-0.5971684201878751,0.8682474746881711,100,0.036784029274536,0.42269324971632505,0.062871769617087,0.02608774034255,100,0.042232852588944006,0.42798964192076205,0.066855498411874,0.024622645822929,-0.005448823314407001,0.024622645822929,100,0.001769073423069,0.046736396133986,0.0041851916248790005,0.002416118201809,100,0.001351081850416,0.040116509996028005,0.0036080415219960004,0.002256959671579,0.00041799157265300004,0.002256959671579,100,0.015582650258215001,0.484260177239455,0.024973688171984,0.009391037913768,100,0.015238991191009,0.484260177239455,0.026508412840787,0.011269421649778,0.00034365906720600005,0.011269421649777001,100,0.001912825299185,0.09519073549177001,0.002514962338136,0.0006021370389510001,100,0.0021398416103270003,0.108303913238266,0.0027224057241340004,0.000582564113807,-0.000227016311141,0.000582564113807,0.19,0.14,0,0.15,0.17,0,-0.10022327990294601,0.155,-0.014999999999999002,0,0.381829252097924,0.5982860203535081,0.29211682912248804,1.015599999999999,193.2,,,,,,1.1367499999999995,1.335,-0.002396309435225499,0.517861912393162,0.5507150894599661,-0.02166136366120223,-0.18124301997446582,0.15117424622603534,0.20163048019219007,0.5355806966681198,e1
e1_extraversion_low_7072a87e69_s5,e1_extraversion_low,5,meta-llama/Llama-3.1-8B-Instruct,100,30,prompt,2026-08-02 10:40:28,0.5,0.5,0.2,0.5,0.5,0.15,independent,barabasi_albert,meta-llama/Llama-3.1-8B-Instruct,1.6884000000000001,1.32,0.65045625698117,5.485820104799484,,0.030008757595182,-0.066202090592334,0.5219,1.21,0.427042915105573,6.18326958470287,,-0.006444389151529,-0.8148148148148141,0.19578947368421,,100,0.092657840114896,1.031482616222481,0.09272267921376601,6.483909887022187e-05,100,0.09311436173324701,1.032164722364082,0.09317194571286001,5.758397961386075e-05,-0.00045652161835000004,5.758397961289074e-05,100,2.006805896277585,114.71903331678884,2.784096342727952,0.777290446450364,100,1.702661998865684,101.55339479571705,2.629550465357257,0.9268884664915731,0.3041438974119,0.9268884664915731,100,0.037720957589147,0.40680407310301303,0.05694433129074,0.019223373701592,100,0.031641381966229,0.332654582240889,0.057163754242932005,0.025522372276702003,0.006079575622918,0.025522372276702003,100,0.002067614776947,0.046736396133986,0.004449388316966001,0.0023817735400190002,100,0.001294522841356,0.040116509996028005,0.003470816073646,0.0021762932322890003,0.0007730919355900001,0.0021762932322890003,100,0.015746866639265,0.484260177239455,0.024473928693939002,0.008727062054673001,100,0.012756204974794001,0.34511078562325603,0.023377150400334,0.01062094542554,0.0029906616644710003,0.01062094542554,100,0.001456331386935,0.055851202252282,0.002006687283748,0.000550355896813,100,0.00204996239493,0.108303913238266,0.00268174611318,0.000631783718249,-0.000593631007995,0.000631783718249,0.15,0.18,0,0.18,0.12,0,0.052156179001422005,0.15,-0.014999999999999002,0,0.361458787171244,0.556125202374527,0.29300111397985,0.6896000000000001,193.6,,,,,,1.10515,1.2650000000000001,0.011782184221826501,0.4405084527035741,0.5387495860433715,0.09365479626369588,-0.08348965643810623,0.16098290752066116,0.08674972745626082,0.8778052598222763,e1
e1_agreeableness_high_e8959cfaa2_s1,e1_agreeableness_high,1,meta-llama/Llama-3.1-8B-Instruct,100,30,prompt,2026-08-02 10:43:43,0.5,0.5,0.5,0.8,0.5,0.15,independent,barabasi_albert,meta-llama/Llama-3.1-8B-Instruct,0.36750000000000005,1.9300000000000002,0.8848317720744161,21.572774865200252,,-0.089887640449439,-0.945017182130584,1.2459,1.05,0.716136488076324,5.416062111299241,,-0.031137183000447002,-0.09090909090909001,0.044657097288676006,,100,0.09332558290661101,1.032055098162753,0.09337648561134201,5.0902704731120175e-05,100,0.093024323858474,1.031129382684866,0.09307955487470601,5.5231016233254135e-05,0.000301259048136,5.523101623258752e-05,100,1.784122506643017,116.79781834643175,2.83826108178525,1.054138575142231,100,2.216999977423567,119.15377471336038,3.068077390596938,0.85107741317337,-0.43287747078054906,0.851077413173371,100,0.04430048897654101,0.42798964192076205,0.06733008738163801,0.023029598405096,100,0.032068862969932,0.41739685751188704,0.059421022867374,0.027352159897441,0.012231626006609,0.027352159897442004,100,0.0025357242631720003,0.06659605454786101,0.004765895392444,0.002230171129271,100,0.001815022043202,0.046736396133986,0.004147911939062001,0.002332889895859,0.0007207022199690001,0.002332889895859,100,0.015038148511346001,0.484260177239455,0.029769999552495003,0.014731851041148,100,0.018216269926664003,0.484260177239455,0.029582349034503002,0.011366079107838,-0.0031781214153170003,0.011366079107838,100,0.0020304397240570003,0.09519073549177001,0.0026555775082930002,0.0006251377842350001,100,0.0020865647835490004,0.09519073549177001,0.002649819459221,0.000563254675672,-5.6125059491358206e-05,0.000563254675672,0.09,0.15,0,0.06,0.14,0,-0.070476354996773,0.14500000000000002,0.07,0,0.31223522947424903,0.616510679145668,0.235632268831857,1.5698999999999992,194.7,,,,,,0.8067,1.4900000000000002,-0.060512411724943004,0.517963136519837,0.80048413007537,-0.10350435391627867,-0.15763236464853655,0.14879117129440222,-0.09753677590462417,0.18232997368910642,e1
e1_agreeableness_high_e8959cfaa2_s2,e1_agreeableness_high,2,meta-llama/Llama-3.1-8B-Instruct,100,30,prompt,2026-08-02 10:47:01,0.5,0.5,0.5,0.8,0.5,0.15,independent,barabasi_albert,meta-llama/Llama-3.1-8B-Instruct,0.459999999999999,1.9,0.8878530413802461,8.895871943972436,,0.037566210254767,-0.7663230240549821,1.5944,1.1400000000000001,0.565285972617743,4.369968821381782,,-0.080020752814163,0.065040650406504,0.07653910149750401,,100,0.09299015616719501,1.0321038200300099,0.093040619343679,5.046317648227105e-05,100,0.09266139803661401,1.032335248899482,0.092736236539048,7.483850243218383e-05,0.00032875813058,7.483850243374114e-05,100,2.075921702698831,116.55875806802281,2.961192969501713,0.885271266802881,100,1.74866428155587,118.18367503286035,2.8739310672324683,1.125266785676602,0.327257421142961,1.125266785676598,100,0.034235838287071,0.42798964192076205,0.063714777171243,0.029478938884171003,100,0.020230802785216002,0.332654582240889,0.060464036459909005,0.040233233674692004,0.014005035501855001,0.040233233674692004,100,0.0028041564825950003,0.050046339202965,0.005201156178131001,0.002396999695535,100,0.0017327356482220002,0.046736396133986,0.003856724422726,0.0021239887745040003,0.0010714208343730002,0.0021239887745040003,100,0.015158421204525001,0.484260177239455,0.024697694512985,0.009539273308459,100,0.013753434588643,0.484260177239455,0.023363970688453,0.00961053609981,0.0014049866158820001,0.00961053609981,100,0.0018198305454240002,0.082077557745274,0.0024037646164970002,0.000583934071072,100,0.00203814814297,0.101747324365018,0.0026817191069150002,0.0006435709639450001,-0.00021831759754500002,0.0006435709639450001,0.12,0.08,0,0.06,0.09,0,0.057308217438017006,0.084999999999999,-0.005,0,0.336480403894215,0.45646031338299503,0.398492750022828,1.267499999999999,198.0,,,,,,1.0271999999999994,1.52,-0.021227271279698,0.35064118682423906,0.7265695069989946,0.020383996465777914,-0.17600518535348506,0.19632549228199755,0.15236778258546366,0.10500194159497986,e1
e1_agreeableness_high_e8959cfaa2_s3,e1_agreeableness_high,3,meta-llama/Llama-3.1-8B-Instruct,100,30,prompt,2026-08-02 10:50:25,0.5,0.5,0.5,0.8,0.5,0.15,independent,barabasi_albert,meta-llama/Llama-3.1-8B-Instruct,0.539999999999999,1.92,0.9076411801624871,17.853957457927706,,-0.039105213796937,-0.915194346289752,0.9075000000000001,1.03,0.694811448000889,5.673272606742526,,-0.072972477508483,-0.2890625,0.05272407732864601,,100,0.093197025459211,1.031994195828681,0.09324328224464301,4.6256785431126766e-05,100,0.09320821584752201,1.031787127892838,0.09325423483611,4.6018988587168885e-05,-1.1190388311071992e-05,4.6018988587845366e-05,100,2.343704930106933,123.72710177857479,3.128136968968809,0.7844320388618721,100,2.189375467917782,116.79781834643175,3.205419569953715,1.016044102035931,0.154329462189151,1.016044102035933,100,0.030470389176962,0.41210046530745004,0.059917461871722005,0.02944707269476,100,0.028802323444992003,0.401507680898575,0.061918908267141005,0.033116584822149,0.00166806573197,0.033116584822149,100,0.0018231542323540002,0.05335628227194401,0.0038435533218760002,0.002020399089521,100,0.002032203303614,0.050046339202965,0.004288526398857,0.0022563230952420002,-0.00020904907125900003,0.0022563230952420002,100,0.013113640510049,0.484260177239455,0.023211120903336,0.010097480393286,100,0.016213015273306,0.484260177239455,0.022923995485163003,0.006710980211856001,-0.0030993747632560003,0.006710980211856001,100,0.0018711134989260001,0.09519073549177001,0.0024834559511580003,0.0006123424522320001,100,0.0015892201489210002,0.06896437999877801,0.002213394510565,0.000624174361644,0.00028189335000500005,0.000624174361644,0.09,0.08,0,0.15,0.11,0,0.025493301174716,0.095,-0.024999999999999002,0,0.334056240603608,0.509265614275909,0.39009424671430803,1.9770999999999992,203.8,,,,,,0.7237499999999996,1.475,-0.05603884565271,0.602128423144876,0.801226314081688,-0.0389815627003676,-0.045226955691261096,0.17646636391923484,-0.05530991100446542,-0.010687074707495747,e1
e1_agreeableness_high_e8959cfaa2_s4,e1_agreeableness_high,4,meta-llama/Llama-3.1-8B-Instruct,100,30,prompt,2026-08-02 10:53:40,0.5,0.5,0.5,0.8,0.5,0.15,independent,barabasi_albert,meta-llama/Llama-3.1-8B-Instruct,0.11,1.9,0.850025803523144,5.0,,-0.020234398477416003,-1.0,1.527499999999999,1.15,0.6697648584434011,5.538942740772142,,-0.05015804013638701,-0.037313432835820004,0.019933554817275,,100,0.09338665446716,1.032688482437096,0.093427229196022,4.057472886130985e-05,100,0.093016555955285,1.032030737229124,0.09306948769688901,5.2931741603202925e-05,0.000370098511874,5.2931741603659543e-05,100,2.315499564781392,116.79781834643175,3.102753063965195,0.7872534991837981,100,2.081212747850204,116.10489000321745,2.8755556525336683,0.794342904683462,0.23428681693118703,0.794342904683463,100,0.032160886545944005,0.40680407310301303,0.063342769146928,0.031181882600984003,100,0.023829511041907003,0.37502571987638805,0.061145791383380006,0.037316280341473,0.008331375504036,0.037316280341473,100,0.002417554763555,0.05335628227194401,0.0049266950854010005,0.0025091403218460004,100,0.002001601013512,0.050046339202965,0.0043320827936320005,0.0023304817801190003,0.00041595375004300003,0.0023304817801190003,100,0.013365325686772001,0.484260177239455,0.02547111911038,0.012105793423607,100,0.014981414518288001,0.484260177239455,0.028878587016599,0.013897172498311001,-0.0016160888315150002,0.013897172498311001,100,0.0014239512371290002,0.06896437999877801,0.001976175574268,0.0005522243371380001,100,0.0018343905378920002,0.09519073549177001,0.002396786928998,0.000562396391105,-0.000410439300762,0.000562396391105,0.09,0.09,0,0.22,0.17,0,0.040229619427477006,0.13,-0.024999999999999002,0,0.33337507927805904,0.556065239551478,0.28342850106673,1.685599999999999,195.0,,,,,,0.8187499999999995,1.525,-0.035196219306901505,0.51865671641791,0.7598953309832726,-0.054426139597515466,-0.15929701233706747,0.1414170279060122,0.1245941739733694,0.2231266362014566,e1
e1_agreeableness_high_e8959cfaa2_s5,e1_agreeableness_high,5,meta-llama/Llama-3.1-8B-Instruct,100,30,prompt,2026-08-02 10:56:59,0.5,0.5,0.5,0.8,0.5,0.15,independent,barabasi_albert,meta-llama/Llama-3.1-8B-Instruct,0.217899999999999,1.9300000000000002,0.816099757516317,2.270482829538527,,0.030170145588493003,-0.979381443298969,1.409999999999999,1.12,0.572040668401494,4.819666236608605,,-0.00232316143552,-0.09803921568627401,0.067924528301886,,100,0.093858698920808,1.032517955901696,0.09390011669138401,4.141777057473252e-05,100,0.09350476878085101,1.032676301970282,0.09355415278458101,4.938400373195343e-05,0.000353930139957,4.9384003730446053e-05,100,1.702705949453653,114.02610497357453,2.6599036515623453,0.957197702108693,100,2.104998176112158,118.49826450067965,2.863274053305738,0.758275877193578,-0.402292226658504,0.758275877193579,100,0.037787546558368,0.42798964192076205,0.06510066313759501,0.027313116579227,100,0.022496753086705002,0.332654582240889,0.056893670627472005,0.034396917540767,0.015290793471663,0.034396917540767,100,0.002032393341734,0.046736396133986,0.004259179223399,0.0022267858816650003,100,0.0014475837001430001,0.040116509996028005,0.0035948096151190005,0.0021472259149750003,0.00058480964159,0.0021472259149750003,100,0.017372437923516,0.484260177239455,0.028358472873248,0.010986034949731,100,0.012086970057751,0.41468548143135503,0.025603143376695003,0.013516173318943002,0.005285467865765001,0.013516173318943002,100,0.00206790816118,0.101747324365018,0.0027621702648050004,0.000694262103625,100,0.002091803717277,0.09519073549177001,0.0027214414287590003,0.000629637711482,-2.3895556097012532e-05,0.000629637711482,0.12,0.09,0,0.13,0.15,0,-0.063466853515937,0.12,-0.005,0,0.312277183104653,0.46694870438921204,0.415463538225804,1.416399999999999,199.2,,,,,,0.8139499999999991,1.5250000000000001,0.013923492076486502,0.5387103294926215,0.6940702129589056,-0.0014494017605278613,-0.09642015525614221,0.13483586928057947,0.4510746973715105,0.317599003648817,e1
e1_agreeableness_low_f15232b92b_s1,e1_agreeableness_low,1,meta-llama/Llama-3.1-8B-Instruct,100,30,prompt,2026-08-02 11:00:09,0.5,0.5,0.5,0.2,0.5,0.15,independent,barabasi_albert,meta-llama/Llama-3.1-8B-Instruct,1.3971,1.23,0.5970551569751561,4.407667150436807,,-0.041677320378419,-0.475113122171945,0.4339,1.35,0.391307226144575,3.9287033599977,,0.052782109513854,-0.9521912350597611,0.13994169096209902,,100,0.092400710008428,1.030447276543265,0.09247286263621,7.215262778433093e-05,100,0.0928865986534,1.030483817943708,0.09296060988346201,7.401123006269321e-05,-0.00048588864497200004,7.401123006170462e-05,100,1.7255877569867781,115.41196166000314,2.672445319507318,0.9468575625205371,100,1.982168417560546,116.79781834643175,2.805581985250137,0.8234135676895891,-0.256580660573768,0.8234135676895901,100,0.023975963005927,0.332654582240889,0.05882074499675401,0.034844781990827,100,0.022410769662102002,0.337950974445327,0.051102291740036006,0.028691522077933,0.0015651933438240002,0.028691522077933,100,0.001459553486186,0.046736396133986,0.0035264627776900002,0.002066909291503,100,0.0008419467430050001,0.040116509996028005,0.0029166794276390003,0.002074732684633,0.00061760674318,0.002074732684633,100,0.014514673360957001,0.484260177239455,0.02410395433342,0.009589280972463001,100,0.009854216341854,0.28713187244984,0.025133712521619,0.015279496179764,0.004660457019102,0.015279496179764,100,0.002103132196398,0.09519073549177001,0.002658369665277,0.000555237468878,100,0.001753485745622,0.09519073549177001,0.002396846527036,0.000643360781413,0.00034964645077600003,0.000643360781413,0.16,0.13,0,0.15,0.14,0,-0.041645607610309006,0.135,-0.019999999999999,0,0.366195616501827,0.620990505517064,0.17228533971773602,1.1084,189.6,,,,,,0.9155,1.29,0.0055523945677175,0.7136521786158531,0.49418119155986556,0.2015763681528097,-0.05218572415346364,0.14502944844056578,0.2530277158950115,1.1140149399641464,e1
e1_agreeableness_low_f15232b92b_s2,e1_agreeableness_low,2,meta-llama/Llama-3.1-8B-Instruct,100,30,prompt,2026-08-02 11:03:26,0.5,0.5,0.5,0.2,0.5,0.15,independent,barabasi_albert,meta-llama/Llama-3.1-8B-Instruct,1.541099999999999,1.3900000000000001,0.683046146693089,5.304264250224468,,-0.095177309805795,-0.39350180505415105,0.3436,1.44,0.35963520022606305,4.673773191347205,,0.047754824758642005,-0.97153024911032,0.14,,100,0.09273685458837301,1.032152541897267,0.092799565659056,6.271107068415486e-05,100,0.093326960868259,1.032517955901696,0.09337722149496001,5.026062670104046e-05,-0.000590106279885,5.02606267004102e-05,100,2.13335964400843,120.81680273707471,3.016631831025705,0.8832721870172721,100,1.6795437193709382,86.078226106712,2.588652591338617,0.9091088719676781,0.45381592463749104,0.9091088719676781,100,0.038515446815490004,0.42798964192076205,0.059682647144116,0.021167200328626002,100,0.018807390970149003,0.29028344460539,0.050154362000645006,0.031346971030495004,0.01970805584534,0.031346971030495004,100,0.0015315159406090002,0.040116509996028005,0.003977657815648,0.0024461418750390002,100,0.0008966102063410001,0.040116509996028005,0.002809850656784,0.0019132404504430003,0.0006349057342680001,0.0019132404504430003,100,0.013295462263585,0.484260177239455,0.026933680320607,0.013638218057022,100,0.015858523135267002,0.484260177239455,0.026711131154799003,0.010852608019532,-0.0025630608716820003,0.010852608019532,100,0.0018706651418630002,0.06896437999877801,0.002527651528986,0.0006569863871220001,100,0.0022001794850130003,0.108303913238266,0.002812604153255,0.0006124246682410001,-0.00032951434315000005,0.0006124246682410001,0.17,0.11,0,0.13,0.14,0,0.07844603412039701,0.125,-0.025,0,0.345025052867844,0.528677642060541,0.291127649175771,0.7284,197.0,,,,,,0.9423499999999996,1.415,-0.0237112425235765,0.6825160270822356,0.521340673459576,0.15845464118992392,-0.07483604384286265,0.15898072946051503,0.2507771660634194,0.8893537336065758,e1
e1_agreeableness_low_f15232b92b_s3,e1_agreeableness_low,3,meta-llama/Llama-3.1-8B-Instruct,100,30,prompt,2026-08-02 11:06:42,0.5,0.5,0.5,0.2,0.5,0.15,independent,barabasi_albert,meta-llama/Llama-3.1-8B-Instruct,1.977599999999999,1.34,0.670801776935504,5.464253536582012,,-0.08640416845724101,-0.043478260869565,0.41040000000000004,1.38,0.41795353780844,4.064004064006096,,0.004896043225195001,-0.7269372693726931,0.25,,100,0.09327363686954,1.03071524681318,0.09331610626123,4.246939169095316e-05,100,0.09343394544500501,1.031994195828681,0.09348598888628401,5.204344128011953e-05,-0.000160308575464,5.2043441278640246e-05,100,1.486915459632761,16.32320858035761,2.4569557248322162,0.9700402651994551,100,1.706893609884639,115.41196166000314,2.7414926948243,1.034599084939655,-0.21997815025187703,1.03459908493966,100,0.026438455384704,0.343247366649764,0.058602231945531005,0.032163776560825,100,0.027241891533222002,0.40680407310301303,0.060244085411220005,0.033002193877998,-0.0008034361485170001,0.033002193877998,100,0.0014749358359450002,0.040116509996028005,0.0037451408722660004,0.0022702050363200004,100,0.0017815229159960002,0.046736396133986,0.0038552210484050003,0.002073698132408,-0.00030658708005100005,0.002073698132408,100,0.010701159373891002,0.484260177239455,0.024954027706297,0.014252868332406,100,0.014095400217882002,0.484260177239455,0.027095106489208,0.012999706271326001,-0.003394240843991,0.012999706271326001,100,0.002012883517724,0.101747324365018,0.002582652978474,0.0005697694607490001,100,0.0017726285144210002,0.09519073549177001,0.002330186559242,0.0005575580448210001,0.00024025500330300003,0.0005575580448210001,0.16,0.17,0,0.13,0.23,0,-0.037400411316099,0.2,0.054999999999999,0,0.358737382894869,0.569933920704845,0.365269699883772,1.5216,196.6,,,,,,1.1939999999999995,1.3599999999999999,-0.040754062616023004,0.38520776512112903,0.5443776573719721,0.058974075959433214,-0.1456251564560571,0.18054738078458135,-0.09978135497418555,1.1699248980428427,e1
e1_agreeableness_low_f15232b92b_s4,e1_agreeableness_low,4,meta-llama/Llama-3.1-8B-Instruct,100,30,prompt,2026-08-02 11:09:53,0.5,0.5,0.5,0.2,0.5,0.15,independent,barabasi_albert,meta-llama/Llama-3.1-8B-Instruct,1.9491,1.3900000000000001,0.6972047875949541,5.598810530267352,,0.002221577699793,-0.24513618677042803,0.39389999999999903,1.33,0.367767033475472,4.1760699754147375,,-0.061466310208890006,-0.8606557377049181,0.17280453257790301,,100,0.09350784213559701,1.032128180963639,0.093554210960477,4.6368824880240855e-05,100,0.09360199078956001,1.032140361430453,0.093643888510268,4.1897720707705363e-05,-9.414865396378815e-05,4.189772070764542e-05,100,1.7796515626437581,60.73991538039453,2.566918773572506,0.7872672109287461,100,1.8303085797797292,114.71903331678884,2.818073438387346,0.9877648586076151,-0.050657017135970005,0.9877648586076171,100,0.027360450330753003,0.396211288694138,0.056488847364898,0.029128397034144004,100,0.031826238640893005,0.396211288694138,0.054200452392392004,0.022374213751498003,-0.0044657883101400005,0.022374213751498003,100,0.001688531428152,0.046736396133986,0.0038277277067290004,0.0021391962785770003,100,0.001360811125417,0.046736396133986,0.003566498106123,0.002205686980706,0.000327720302734,0.002205686980706,100,0.015096314916568002,0.484260177239455,0.026771117990692,0.011674803074124001,100,0.010898311552613001,0.34511078562325603,0.023881654387613003,0.012983342834999,0.004198003363954,0.012983342834999,100,0.002078691727674,0.09519073549177001,0.002660010689385,0.0005813189617110001,100,0.0018961572945020001,0.09519073549177001,0.0025302857389890004,0.000634128444487,0.000182534433171,0.000634128444487,0.2,0.24,0,0.15,0.11,0,-0.008418116000035001,0.17500000000000002,0.0,0,0.34387911564758805,0.554863813229572,0.26187632911192904,0.4611,191.1,,,,,,1.1714999999999995,1.36,-0.029622366254548504,0.552895962237673,0.5324859105352131,0.08848508992677605,-0.10023799083831657,0.1710006880566688,0.1230892971948999,1.064282626243848,e1
e1_agreeableness_low_f15232b92b_s5,e1_agreeableness_low,5,meta-llama/Llama-3.1-8B-Instruct,100,30,prompt,2026-08-02 11:13:05,0.5,0.5,0.5,0.2,0.5,0.15,independent,barabasi_albert,meta-llama/Llama-3.1-8B-Instruct,1.9495999999999991,1.38,0.6819472127726011,5.506376813735979,,-0.102015508010694,-0.119718309859154,0.29,1.5,0.5666294871001291,7.372097807744856,,-0.055850719191394005,-1.0,0.19543147208121803,,100,0.075566902267601,1.031872391160538,0.166117594585903,0.09055069231830201,100,0.093617687168788,1.03227434656541,0.09365817632218101,4.0489153393647005e-05,-0.018050784901186,4.0489153392844763e-05,100,1.8914037728134532,116.79781834643175,2.858121257017072,0.966717484203616,100,1.992617451499689,107.09682154143148,2.80949259522496,0.816875143725269,-0.10121367868623501,0.816875143725271,100,0.027905216347437003,0.42269324971632505,0.064936582800993,0.037031366453555,100,0.029472402242448,0.40680407310301303,0.064567718154942,0.035095315912493,-0.0015671858950100002,0.035095315912494006,100,0.0013843233845150002,0.040116509996028005,0.0037664797559080004,0.002382156371393,100,0.001445843550412,0.046736396133986,0.0037036816416640005,0.002257838091252,-6.152016589692904e-05,0.002257838091252,100,0.017239912577609002,0.484260177239455,0.030240466336576004,0.013000553758967002,100,0.014164324026647001,0.484260177239455,0.025376665942674,0.011212341916026,0.003075588550961,0.011212341916026,100,0.0019170853320610002,0.09519073549177001,0.0024399850060810003,0.00052289967402,100,0.0020010688821400003,0.101747324365018,0.0026866267816420004,0.0006855578995020001,-8.398355007901375e-05,0.0006855578995020001,0.14,0.13,0,0.14,0.12,0,-0.019650260774574,0.125,-0.015000000000000001,0,0.36539429658209005,0.5321202095395641,0.309089958260581,1.16,191.8,,,,,,1.1197999999999995,1.44,-0.078933113601044,0.559859154929577,0.6242883499363651,0.025610653554254775,-0.15042688481862496,0.14436111444965596,-0.08184674864809002,0.4481918834047294,e1
e1_neuroticism_high_6fce9c89fb_s1,e1_neuroticism_high,1,meta-llama/Llama-3.1-8B-Instruct,100,30,prompt,2026-08-02 11:16:30,0.5,0.5,0.5,0.5,0.8,0.15,independent,barabasi_albert,meta-llama/Llama-3.1-8B-Instruct,2.798399999999999,1.6,0.7308341659490071,6.53175552524425,,0.013145115536622001,-0.072164948453608,0.2675,1.55,0.663207324174228,9.704949588309457,,-0.04987034462024,-1.0,0.15296367112810702,,100,0.092501582899409,1.027889378512263,0.09257445871585301,7.28758164432468e-05,100,0.092845107493946,1.03201855676231,0.092901672774268,5.6565280322561555e-05,-0.000343524594536,5.65652803221628e-05,100,2.180075361853996,116.79781834643175,3.053491098828969,0.8734157369749741,100,2.235093237777887,126.49881515143201,2.967677124594596,0.732583886816708,-0.055017875923891006,0.732583886816708,100,0.027021635582935,0.36443293546751404,0.05869832642904801,0.031676690846112,100,0.030146444054168,0.41739685751188704,0.06187353557402601,0.031727091519857004,-0.0031248084712320002,0.031727091519858,100,0.001555156648204,0.046736396133986,0.003741089717554,0.002185933069349,100,0.0009480246135370001,0.040116509996028005,0.0028897172234120003,0.0019416926098740001,0.000607132034666,0.0019416926098740001,100,0.018381902720685,0.484260177239455,0.029138109903656003,0.010756207182971001,100,0.015531561521369001,0.41468548143135503,0.023799076978596,0.008267515457226001,0.0028503411993150004,0.008267515457226001,100,0.001962241745243,0.09519073549177001,0.0025161833386560003,0.000553941593413,100,0.0016898828260100002,0.082077557745274,0.002286909191354,0.0005970263653430001,0.00027235891923200003,0.0005970263653430001,0.1,0.11,0,0.11,0.12,0,-0.009126062806074,0.114999999999999,0.009999999999999001,0,0.362061770007209,0.48107774578362805,0.419683220020642,0.6019000000000001,204.8,,,,,,1.5329499999999996,1.5750000000000002,-0.018362614541809,0.536082474226804,0.6970207450616175,0.13749743335611284,-0.06973651302760185,0.12919562967488843,0.7141887264572561,0.7382987208136906,e1
e1_neuroticism_high_6fce9c89fb_s2,e1_neuroticism_high,2,meta-llama/Llama-3.1-8B-Instruct,100,30,prompt,2026-08-02 11:19:50,0.5,0.5,0.5,0.5,0.8,0.15,independent,barabasi_albert,meta-llama/Llama-3.1-8B-Instruct,2.853899999999999,1.63,0.747464316890816,6.766878037676083,,-0.13584866810203902,0.140893470790378,0.3064,1.46,0.310784162169057,5.439200829200681,,-0.08744394618833701,-0.945017182130584,0.143617021276595,,100,0.09237103578274601,1.029972238337508,0.09244666888052001,7.563309777355604e-05,100,0.09239943513501901,1.026220654558703,0.09246906090790001,6.962577288369195e-05,-2.8399352272348574e-05,6.962577288185945e-05,100,2.284683115494824,116.79781834643175,2.976365930459071,0.6916828149642471,100,1.8186022684756231,116.79781834643175,2.830680703141673,1.012078434666048,0.46608084701920105,1.01207843466605,100,0.030556855891528,0.401507680898575,0.05970104666167501,0.029144190770147002,100,0.021011655625273,0.327358190036452,0.060987069617853,0.039975413992579006,0.009545200266254,0.039975413992579006,100,0.0011765555229520002,0.046736396133986,0.0027642876981360002,0.0015877321751830002,100,0.000984042352727,0.043426453065007004,0.002748364146558,0.0017643217938300001,0.00019251317022400002,0.0017643217938300001,100,0.015472319093528001,0.484260177239455,0.026834903721821003,0.011362584628293001,100,0.016244124916657002,0.484260177239455,0.026393291900781,0.010149166984123001,-0.000771805823129,0.010149166984123001,100,0.0018873289346980002,0.09519073549177001,0.002540943578755,0.000653614644056,100,0.002159297644521,0.11486050211151401,0.0027754199497320004,0.00061612230521,-0.000271968709823,0.00061612230521,0.11,0.14,0,0.08,0.12,0,0.079124397761742,0.13,0.035,0,0.33713941539645403,0.45167364016736405,0.40983776551189405,0.46440000000000003,200.2,,,,,,1.5801499999999995,1.545,-0.11164630714518801,0.402061855670103,0.5291242395299365,0.1244694683098037,-0.21313067575740038,0.17744218091911224,-0.027113546820057247,0.8172213994046211,e1
e1_neuroticism_high_6fce9c89fb_s3,e1_neuroticism_high,3,meta-llama/Llama-3.1-8B-Instruct,100,30,prompt,2026-08-02 11:23:11,0.5,0.5,0.5,0.5,0.8,0.15,independent,barabasi_albert,meta-llama/Llama-3.1-8B-Instruct,2.5096,1.58,0.7432711333970361,6.360861657012968,,-0.033938445340748004,-0.044673539518900005,0.33790000000000003,1.4100000000000001,0.331199344982807,4.777888744926541,,-0.001626446781147,-0.9785714285714281,0.186440677966101,,100,0.09323835731042,1.032700662903911,0.093301400644532,6.30433341098819e-05,100,0.092742640809489,1.02844967998572,0.09279331311116401,5.067230167721836e-05,0.000495716500931,5.067230167565829e-05,100,2.175612023955374,116.79781834643175,3.00450574205215,0.828893718096775,100,2.030030335562254,123.58851610993193,2.95660381464549,0.9265734790832341,0.14558168839312002,0.9265734790832361,100,0.034017565147214004,0.396211288694138,0.059074738357326004,0.025057173210112003,100,0.029328700398519002,0.401507680898575,0.059514315990471,0.030185615591952004,0.004688864748694,0.030185615591952004,100,0.000826373044928,0.040116509996028005,0.00259934998952,0.0017729769445910001,100,0.001444630388914,0.046736396133986,0.0032800355473400003,0.0018354051584250001,-0.0006182573439850001,0.0018354051584250001,100,0.017286570562527002,0.484260177239455,0.025844144293605,0.008557573731078,100,0.017210669367791,0.484260177239455,0.028270610674803003,0.011059941307012001,7.590119473595976e-05,0.011059941307012001,100,0.002582336630131,0.108303913238266,0.003095839160497,0.000513502530366,100,0.002104450258236,0.108303913238266,0.002649860167427,0.000545409909191,0.00047788637189500005,0.000545409909191,0.16,0.17,0,0.09,0.14,0,0.025116966644232002,0.155,0.030000000000000002,0,0.35326915074166704,0.433521560574948,0.47628527340012405,0.8464,201.3,,,,,,1.4237499999999998,1.495,-0.0177824460609475,0.5116224840451641,0.5372352391899216,-0.00022129028283401908,-0.22756928675275354,0.1617084205585819,0.5077804405905235,0.6067810769668863,e1
e1_neuroticism_high_6fce9c89fb_s4,e1_neuroticism_high,4,meta-llama/Llama-3.1-8B-Instruct,100,30,prompt,2026-08-02 11:26:31,0.5,0.5,0.5,0.5,0.8,0.15,independent,barabasi_albert,meta-llama/Llama-3.1-8B-Instruct,2.5116,1.5,0.698251067457182,5.605974043066647,,0.008160218932703,-0.09225092250922501,0.28839999999999905,1.46,0.5407380277959191,7.636753236814713,,0.003627766681613,-1.0,0.14239482200647202,,100,0.092824962092782,1.032408331700367,0.09289344907129601,6.848697851568683e-05,100,0.09301088516743701,1.03227434656541,0.09306414710246001,5.3261935021183035e-05,-0.000185923074655,5.3261935022252967e-05,100,2.096241852590803,116.3203907179571,2.875397077532288,0.779155224941481,100,2.190730783071016,117.49074668964604,3.014987081745928,0.824256298674905,-0.09448893048021301,0.824256298674911,100,0.019459034057493,0.31146901342314004,0.05244850646758,0.032989472410087005,100,0.033186051668512004,0.348543758854201,0.061378635736407006,0.028192584067895002,-0.013727017611018001,0.028192584067895002,100,0.00120702258152,0.043426453065007004,0.003415665127454,0.002208642545933,100,0.0013712140855020002,0.040116509996028005,0.0033386200341410004,0.001967405948638,-0.00016419150398200001,0.001967405948638,100,0.013518113684709001,0.484260177239455,0.024650175053397002,0.011132061368688,100,0.017086986153522003,0.484260177239455,0.026765864642649004,0.009678878489126,-0.0035688724688130004,0.009678878489126,100,0.0017717173749550001,0.09519073549177001,0.002342064410987,0.000570347036032,100,0.002069383049404,0.108303913238266,0.0026721524751450003,0.0006027694257400001,-0.00029766567444900003,0.0006027694257400001,0.13,0.13,0,0.14,0.15,0,-0.018738766802188,0.14,0.005,0,0.35198154978343205,0.468386796838679,0.36900060002997703,0.3331,199.5,,,,,,1.3999999999999995,1.48,0.005893992807158,0.5461254612546125,0.6194945476265505,-0.012802933607363787,-0.17543525486289957,0.14412519975688753,0.6541857298943256,0.4428114014218436,e1
e1_neuroticism_high_6fce9c89fb_s5,e1_neuroticism_high,5,meta-llama/Llama-3.1-8B-Instruct,100,30,prompt,2026-08-02 11:29:55,0.5,0.5,0.5,0.5,0.8,0.15,independent,barabasi_albert,meta-llama/Llama-3.1-8B-Instruct,2.597899999999999,1.53,0.70428373867393,6.036078300116408,,-0.051514482599765,-0.010526315789473,0.51,1.56,0.615878038964165,6.378879538497858,,-0.0019705046566140002,-0.919117647058823,0.21150278293135402,,100,0.09219843602109601,1.031628781824252,0.09227978425526201,8.134823416391896e-05,100,0.092172523438364,1.027670130109605,0.092247852934738,7.532949637201803e-05,2.591258273219876e-05,7.532949637424624e-05,100,2.266765383070344,127.05315782600346,3.067392537786266,0.80062715471592,100,2.231209692796452,116.79781834643175,2.983418969870381,0.752209277073931,0.035555690273891,0.752209277073928,100,0.03595350428229,0.41739685751188704,0.06441545332307301,0.028461949040782003,100,0.018493656724278003,0.32206179783201505,0.05516962232887,0.036675965604591,0.017459847558012002,0.036675965604591,100,0.00108320481576,0.040116509996028005,0.0029804571469020003,0.0018972523311410001,100,0.0015657096900370002,0.040116509996028005,0.003810314913884,0.002244605223847,-0.00048250487427600004,0.002244605223847,100,0.019488148410262,0.484260177239455,0.025559012794289,0.006070864384026001,100,0.015514267516457,0.484260177239455,0.024939152031631003,0.009424884515173001,0.003973880893804,0.009424884515173001,100,0.002165346513461,0.09519073549177001,0.002867371292966,0.0007020247795040001,100,0.001913364444297,0.09519073549177001,0.0025142677482950003,0.0006009033039970001,0.000251982069163,0.0006009033039970001,0.11,0.11,0,0.07,0.12,0,0.009464134750554,0.114999999999999,0.024999999999999002,0,0.34590458600502805,0.47020157756354003,0.36091362877098504,0.3531,204.2,,,,,,1.5539499999999995,1.545,-0.0267424936281895,0.46482198142414805,0.6600808888190475,-0.00517721400553874,-0.10914309364951068,0.13353849420298516,0.5551452906840811,0.2644902141044127,e1
e1_neuroticism_low_6a1c92f5fd_s1,e1_neuroticism_low,1,meta-llama/Llama-3.1-8B-Instruct,100,30,prompt,2026-08-02 11:33:09,0.5,0.5,0.5,0.5,0.2,0.15,independent,barabasi_albert,meta-llama/Llama-3.1-8B-Instruct,0.984399999999999,1.54,0.7004378296404301,5.997849770573152,,-0.030643245212487003,-0.7636363636363631,1.266399999999999,1.1400000000000001,0.6626412312708101,5.771246713643216,,-0.017617635341507003,-0.13684210526315702,0.07526881720430101,,100,0.093129643742104,1.029899155536622,0.093170664730332,4.102098822680496e-05,100,0.09361338803822401,1.032286527032225,0.093661072463168,4.768442494526145e-05,-0.000483744296119,4.76844249446412e-05,100,1.744459118608599,116.79781834643175,2.641599783440509,0.897140664831912,100,2.338246936975365,118.46084637014607,3.000011428014732,0.6617644910393631,-0.5937878183667661,0.6617644910393661,100,0.040210790961082,0.41739685751188704,0.061179811252800004,0.020969020291718002,100,0.035765753153096005,0.41739685751188704,0.06305251769191901,0.027286764538822002,0.004445037807985001,0.027286764538822002,100,0.0014863475631390001,0.046736396133986,0.0034765060767110003,0.001990158513571,100,0.0019055152810650003,0.05335628227194401,0.004049128250425,0.0021436129693600003,-0.000419167717925,0.0021436129693600003,100,0.014568543541743001,0.484260177239455,0.023764854957917,0.009196311416174,100,0.017219026500815002,0.484260177239455,0.025474088401012,0.008255061900196,-0.002650482959072,0.008255061900196,100,0.0016461700031950002,0.06896437999877801,0.002224669879678,0.000578499876482,100,0.0019207678653380001,0.09519073549177001,0.002535671218478,0.0006149033531400001,-0.000274597862143,0.0006149033531400001,0.13,0.09,0,0.13,0.09,0,-0.09886179556567301,0.09,-0.04,0,0.38137039557926605,0.5940109415490931,0.199307055602076,2.389999999999999,193.9,,,,,,1.125399999999999,1.34,-0.024130440276997005,0.45023923444976005,0.6815395304556201,-0.11494724372847494,-0.18589169246447146,0.11668541970430439,-1.8080736347569903e-06,-0.303690739542674,e1
e1_neuroticism_low_6a1c92f5fd_s2,e1_neuroticism_low,2,meta-llama/Llama-3.1-8B-Instruct,100,30,prompt,2026-08-02 11:36:23,0.5,0.5,0.5,0.5,0.2,0.15,independent,barabasi_albert,meta-llama/Llama-3.1-8B-Instruct,1.3259,1.55,0.7441012766998051,5.261588116815644,,-0.002590537994557,-0.47244094488188904,1.4811,1.17,0.6306543297568,5.240844428119196,,-0.08404455745144,-0.10077519379844901,0.2,,100,0.092680816857024,1.029290132195907,0.09274034753881101,5.9530681786762816e-05,100,0.093488530024983,1.031653142757881,0.09352832203898101,3.9792013997304835e-05,-0.0008077131679590001,3.979201399759158e-05,100,1.902786176743223,116.55875806802281,2.789816724978091,0.887030548234868,100,2.00559190376391,114.02610497357453,2.888052003637164,0.882460099873247,-0.10280572702068701,0.882460099873253,100,0.029452552378013003,0.343247366649764,0.060513814553184005,0.031061262175170003,100,0.024276012659168,0.32206179783201505,0.05788102526527401,0.033605012606106,0.005176539718845,0.033605012606106,100,0.0015556601906320001,0.046736396133986,0.0037176236414790003,0.002161963450847,100,0.0011899531258420001,0.046736396133986,0.003143757139526,0.001953804013683,0.00036570706479,0.001953804013683,100,0.015883349256977,0.484260177239455,0.02576582671774,0.009882477460763001,100,0.017173841692737002,0.484260177239455,0.028168087845173002,0.010994246152436,-0.0012904924357600002,0.010994246152436,100,0.0017037990629080002,0.09519073549177001,0.0022897305530660004,0.0005859314901570001,100,0.0016162186105320002,0.04929461337903401,0.002290380556049,0.000674161945517,8.758045237651243e-05,0.000674161945517,0.13,0.12,0,0.12,0.11,0,-0.016545684231399002,0.114999999999999,-0.01,0,0.39572333639817303,0.57900346389555,0.257640999816074,1.7984,194.2,,,,,,1.4035000000000002,1.3599999999999999,-0.0433175477229985,0.286608069340169,0.6873778032283026,0.1513557337872347,0.07561066849708935,0.15495451943416438,-0.09934757526659874,0.7843207769688704,e1
e1_neuroticism_low_6a1c92f5fd_s3,e1_neuroticism_low,3,meta-llama/Llama-3.1-8B-Instruct,100,30,prompt,2026-08-02 11:39:43,0.5,0.5,0.5,0.5,0.2,0.15,independent,barabasi_albert,meta-llama/Llama-3.1-8B-Instruct,0.8816,1.48,0.6492592565458071,5.758818895209113,,-0.0037526084929360003,-0.7898550724637681,0.7300000000000001,1.06,0.774011667351255,6.2460713765325995,,0.00019935781334100001,-0.575539568345323,0.115384615384615,,100,0.09290244655070701,1.0321038200300099,0.09295239819659501,4.995164589089955e-05,100,0.093508738497992,1.032347429366296,0.09355990131546901,5.1162817476950555e-05,-0.000606291947285,5.11628174767187e-05,100,2.509575094364067,126.49881515143201,3.205069438963395,0.695494344599326,100,1.882496393377103,121.23255974300329,2.787936179918818,0.9054397865417151,0.6270787009869631,0.9054397865417151,100,0.038866604000861005,0.42269324971632505,0.065283943799104,0.026417339798243,100,0.031483881262712,0.40680407310301303,0.058760616866918004,0.027276735604206,0.007382722738149001,0.027276735604206,100,0.0016043813354910002,0.046736396133986,0.003830566624866,0.002226185289375,100,0.0030799940407,0.1559645174103,0.005579443066031,0.0024994490253310003,-0.0014756127052080001,0.0024994490253310003,100,0.013030320550781,0.484260177239455,0.025007363470941003,0.011977042920159001,100,0.017614139314022,0.484260177239455,0.026859003371524002,0.009244864057501,-0.004583818763241001,0.009244864057501,100,0.0022101635766030004,0.108303913238266,0.002821635751028,0.000611472174424,100,0.001944957903691,0.09519073549177001,0.002663241050325,0.000718283146633,0.000265205672911,0.000718283146633,0.11,0.11,0,0.12,0.11,0,0.104676817663714,0.11,-0.004999999999999,0,0.38446207743585703,0.631536819637139,0.16198204236851702,2.26,199.8,,,,,,0.8058000000000001,1.27,-0.0017766253397975002,0.6826973204045456,0.711635461948531,-0.2568589607487162,-0.6557400014684247,0.1575383801988105,0.08524726787630557,-0.612049266244288,e1
e1_neuroticism_low_6a1c92f5fd_s4,e1_neuroticism_low,4,meta-llama/Llama-3.1-8B-Instruct,100,30,prompt,2026-08-02 11:42:52,0.5,0.5,0.5,0.5,0.2,0.15,independent,barabasi_albert,meta-llama/Llama-3.1-8B-Instruct,0.946399999999999,1.6600000000000001,0.777955864108211,6.342865164681767,,-0.013310673496309001,-0.6210526315789471,0.9075000000000001,1.09,0.7098566023303761,5.803669551172779,,-0.003481259468876,-0.422382671480144,0.1,,100,0.09369805359593501,1.032639760569839,0.09373645001667301,3.839642073841143e-05,100,0.093333080609191,1.030179306273351,0.093379346616659,4.626600746906841e-05,0.000364972986744,4.6266007467973824e-05,100,2.3836554246855233,120.26246006250327,3.129814693109086,0.7461592684235601,100,1.802785841638142,109.62878170753656,2.671820937018111,0.869035095379967,0.580869583047381,0.869035095379969,100,0.031345645423011,0.40680407310301303,0.06079898899455,0.029453343571538,100,0.036368847458198,0.42269324971632505,0.06275605169338301,0.026387204235185,-0.005023202035186,0.026387204235185,100,0.0019381524836220001,0.046736396133986,0.004024018391011,0.002085865907389,100,0.0024257839771080003,0.050046339202965,0.0050068804976540005,0.002581096520545,-0.00048763149348600004,0.002581096520545,100,0.009268330426302,0.310323437719206,0.024218427842804,0.014950097416501001,100,0.009505465008717,0.484260177239455,0.026830090133182,0.017324625124464,-0.000237134582414,0.017324625124464,100,0.001397701044116,0.06896437999877801,0.0019145584191610002,0.000516857375044,100,0.0018839224812770001,0.09519073549177001,0.0024533340066390003,0.000569411525362,-0.00048622143716000005,0.000569411525362,0.11,0.1,0,0.12,0.1,0,0.095833394414312,0.1,-0.014999999999999002,0,0.35472340039904504,0.6231182795698921,0.305468802745235,1.901899999999999,189.5,,,,,,0.9269499999999995,1.375,-0.0083959664825925,0.5217176515295455,0.7439062332192936,-0.11001957164948921,-0.1440303890699093,0.15265728313216534,0.11730040529185769,-0.20586824240469928,e1
e1_neuroticism_low_6a1c92f5fd_s5,e1_neuroticism_low,5,meta-llama/Llama-3.1-8B-Instruct,100,30,prompt,2026-08-02 11:46:03,0.5,0.5,0.5,0.5,0.2,0.15,independent,barabasi_albert,meta-llama/Llama-3.1-8B-Instruct,1.097899999999999,1.65,0.7872559165899751,5.900343091103699,,0.112700832649231,-0.7306122448979591,1.0931,1.15,0.6536895478550561,5.7133982897268165,,0.013796554040419,-0.32155477031802104,0.116033755274261,,100,0.09286938413602301,1.032396151233553,0.092935236369224,6.585223320062312e-05,100,0.09290315785674201,1.032237805164967,0.09296356243479101,6.0404578048285365e-05,-3.3773720718846545e-05,6.040457804924737e-05,100,2.129286771475413,118.77266412459251,2.879159250839594,0.7498724793641771,100,1.7830360151598952,114.71903331678884,2.700664202027187,0.9176281868672921,0.34625075631551705,0.9176281868672911,100,0.028689961497624,0.41739685751188704,0.06167235835773,0.032982396860105005,100,0.031819566602208,0.37502571987638805,0.061046751300576005,0.029227184698367003,-0.0031296051045830004,0.029227184698367003,100,0.001400633295489,0.046736396133986,0.003520187330294,0.002119554034804,100,0.0015222305983680002,0.046736396133986,0.0038386798714230004,0.0023164492730540004,-0.000121597302878,0.0023164492730540004,100,0.017960688557868,0.484260177239455,0.026016536178274003,0.008055847620405001,100,0.016477711633760002,0.484260177239455,0.029568966905504004,0.013091255271743001,0.0014829769241070001,0.013091255271743001,100,0.0018231352868350002,0.09519073549177001,0.002445652453945,0.00062251716711,100,0.0016636887421220001,0.09519073549177001,0.0022055672092430004,0.00054187846712,0.00015944654471200002,0.00054187846712,0.13,0.15,0,0.12,0.1,0,0.057434700609359006,0.125,0.0,0,0.35380634404870104,0.585092520198071,0.30902043219916103,2.0516,190.3,,,,,,1.0954999999999995,1.4,0.063248693344825,0.52608350760799,0.7204727322225155,0.10966491083865278,-0.1402923514601048,0.16047755985927073,0.7038121668789636,0.7273278256547082,e1
e3_O2_A2_1f0afd94b1_s1,e3_O2_A2,1,meta-llama/Llama-3.1-8B-Instruct,100,30,prompt,2026-08-02 11:48:48,0.2,0.5,0.5,0.2,0.5,0.15,independent,barabasi_albert,meta-llama/Llama-3.1-8B-Instruct,0.78,1.4,0.589508101131284,5.603752339504366,,0.011423103513004,-0.7638888888888881,0.20999999999999902,1.3,0.949811912818283,11.832159566199234,,0.017473486761418,-1.0,0.028985507246376004,,100,0.09387433508149301,1.032444873100811,0.093917563887944,4.3228806452318845e-05,100,0.09361027115977301,1.032298707499039,0.093651347447763,4.107628799045169e-05,0.00026406392171900004,4.1076287989619265e-05,100,1.6339874036334132,103.1596026952878,2.5795137674214983,0.9455263637880831,100,1.953938316188391,116.79781834643175,2.819107053267736,0.865168737079346,-0.31995091255497804,0.865168737079345,100,0.02266889126773,0.337950974445327,0.054280911600032004,0.031612020332302,100,0.017557181819857,0.31146901342314004,0.055663053844703006,0.038105872024846006,0.005111709447872001,0.038105872024846006,100,0.000591756492153,0.040116509996028005,0.0022046522834340003,0.0016128957912800001,100,0.001084685917096,0.040116509996028005,0.003146687384688,0.002062001467591,-0.000492929424942,0.002062001467591,100,0.010297446116827001,0.41468548143135503,0.022736813297081,0.012439367180254,100,0.012780575748157,0.484260177239455,0.026307721318864,0.013527145570706,-0.00248312963133,0.013527145570706,100,0.001606696604675,0.06240779112553001,0.0022255749518100003,0.000618878347135,100,0.0019249302638720002,0.09519073549177001,0.002549057926266,0.0006241276623930001,-0.000318233659197,0.0006241276623930001,0.15,0.13,0,0.19,0.17,0,-0.05297823865014201,0.15000000000000002,-0.019999999999999,0,0.344324986051325,0.575354609929078,0.282703474009784,1.0664,164.9,,,,,,0.49499999999999955,1.35,0.014448295137211001,0.881944444444444,0.7696600069747835,0.13115615841449238,-0.11002687035734364,0.1532548266821454,0.341746714887723,1.0023436044322565,e3
e3_O2_A2_1f0afd94b1_s2,e3_O2_A2,2,meta-llama/Llama-3.1-8B-Instruct,100,30,prompt,2026-08-02 11:51:31,0.2,0.5,0.5,0.2,0.5,0.15,independent,barabasi_albert,meta-llama/Llama-3.1-8B-Instruct,0.6979000000000001,1.53,0.619543303766743,5.701005295372963,,-0.039645764767019004,-0.8657243816254411,0.3179,1.4100000000000001,0.30017470723961204,5.146259395437093,,-0.057337575576981006,-0.9652777777777771,0.059375,,100,0.09238912207041401,1.025453285149403,0.092447956420281,5.883434986780446e-05,100,0.09340076070796301,1.030581261678223,0.09344624732110501,4.548661314113013e-05,-0.001011638637548,4.548661314165981e-05,100,1.816440278587324,108.48267822786009,2.699184193646177,0.8827439150588511,100,1.502232147129739,17.431893929500497,2.483914462367404,0.981682315237663,0.314208131457585,0.981682315237665,100,0.018611686265326003,0.332654582240889,0.055743325792182004,0.037131639526856004,100,0.029986044147318,0.40680407310301303,0.059648029394504004,0.029661985247185003,-0.011374357881992,0.029661985247185003,100,0.001267798269993,0.040116509996028005,0.003787972878759,0.0025201746087660003,100,0.001328459268871,0.046736396133986,0.003298034174981,0.0019695749061090003,-6.0660998877865545e-05,0.0019695749061090003,100,0.013304076471459002,0.484260177239455,0.024204691607554,0.010900615136095,100,0.012201715227246002,0.41468548143135503,0.024253660879455,0.012051945652208,0.001102361244212,0.012051945652208,100,0.002108804788384,0.108303913238266,0.0026415071050610002,0.000532702316676,100,0.002064794170411,0.108303913238266,0.002700973672464,0.0006361795020520001,4.401061797288221e-05,0.0006361795020520001,0.16,0.16,0,0.1,0.14,0,0.050484640966891,0.15000000000000002,0.02,0,0.386734288767205,0.5673823663773411,0.291361266308996,0.40590000000000004,163.2,,,,,,0.5079,1.4700000000000002,-0.048491670172000005,0.9155010797016091,0.45985900550317754,0.12092136603648267,0.11162914936430535,0.171007914526393,0.17555623499808226,0.9683548630351095,e3
e3_O2_A2_1f0afd94b1_s3,e3_O2_A2,3,meta-llama/Llama-3.1-8B-Instruct,100,30,prompt,2026-08-02 11:54:27,0.2,0.5,0.5,0.2,0.5,0.15,independent,barabasi_albert,meta-llama/Llama-3.1-8B-Instruct,1.0275,1.27,0.6064595348896581,5.672028198246247,,-0.044007355592413006,-0.431906614785992,0.2436,1.42,0.9223001849779351,10.77032961426901,,0.054562828475872,-1.0,0.09070796460176901,,100,0.093223089690476,1.030435096076451,0.093256056829564,3.296713908801001e-05,100,0.093047016718555,1.032116000496824,0.0930945174361,4.7500717545028063e-05,0.00017607297192100003,4.750071754570928e-05,100,2.060531045165897,118.5301392044675,2.924342853212678,0.86381180804678,100,1.853492914095983,114.71903331678884,2.748720047825798,0.8952271337298081,0.207038131069913,0.8952271337298141,100,0.030715882661397003,0.41739685751188704,0.060167732014770006,0.029451849353373003,100,0.018680545129172003,0.31146901342314004,0.05565759363562701,0.036977048506455,0.012035337532224001,0.036977048506455,100,0.0009527937437780001,0.040116509996028005,0.0029014226947500004,0.0019486289509720001,100,0.0007882750033970001,0.040116509996028005,0.00245925990987,0.001670984906472,0.00016451874038,0.001670984906472,100,0.014118760374574001,0.484260177239455,0.024658559680110003,0.010539799305535,100,0.013413790611624002,0.484260177239455,0.023900264551687003,0.010486473940063001,0.00070496976295,0.010486473940063001,100,0.0016459291768700002,0.06896437999877801,0.0023309478432030004,0.000685018666332,100,0.0019842137549750003,0.09519073549177001,0.002638117966851,0.000653904211876,-0.000338284578104,0.000653904211876,0.17,0.11,0,0.1,0.08,0,0.036630124249881005,0.095,-0.04,0,0.34343628207396704,0.550604490500863,0.29450967840290204,0.5700000000000001,175.7,,,,,,0.6355500000000001,1.345,0.005277736441729498,0.715953307392996,0.7643798599337965,0.19229328770864929,-0.10369026708491103,0.1575105076687032,0.18896936219460875,0.7573540141479382,e3
e3_O2_A2_1f0afd94b1_s4,e3_O2_A2,4,meta-llama/Llama-3.1-8B-Instruct,100,30,prompt,2026-08-02 11:57:19,0.2,0.5,0.5,0.2,0.5,0.15,independent,barabasi_albert,meta-llama/Llama-3.1-8B-Instruct,0.725599999999999,1.3,0.529880565893676,5.170828497862629,,0.070202245484829,-0.6888888888888881,0.245099999999999,1.57,0.920636128612984,10.677078252031315,,0.088604829017808,-1.0,0.063231850117096,,100,0.09258909033317601,1.025782157753389,0.09264180442813101,5.271409495438784e-05,100,0.093126649825074,1.031226826419381,0.09317119171674401,4.4541891672028605e-05,-0.0005375594918970001,4.4541891670274454e-05,100,1.5200044886975972,114.02610497357453,2.6273379042021343,1.1073334155045331,100,1.6201614284513952,116.79781834643175,2.783931863743833,1.163770435292434,-0.10015693975379701,1.163770435292437,100,0.031977869164073004,0.40680407310301303,0.059896494661697004,0.027918625497623,100,0.030260127670700004,0.41739685751188704,0.06359991769979001,0.033339790029089,0.0017177414933720002,0.033339790029089,100,0.001099346089552,0.040116509996028005,0.0032665402198210004,0.0021671941302680003,100,0.0013075847794160001,0.040116509996028005,0.003524918919545,0.002217334140129,-0.00020823868986300003,0.002217334140129,100,0.008784079516058,0.34511078562325603,0.023578314168714,0.014794234652655001,100,0.010489336942667,0.34511078562325603,0.020846331441223002,0.010356994498556002,-0.0017052574266080002,0.010356994498556002,100,0.001683444284484,0.06896437999877801,0.002244169893328,0.000560725608844,100,0.00170667906832,0.09519073549177001,0.002285589539642,0.000578910471321,-2.3234783836590485e-05,0.000578910471321,0.18,0.14,0,0.1,0.11,0,-0.016818914775438003,0.125,-0.015000000000000001,0,0.36016256334949903,0.606946354883081,0.20386705832816002,0.39389999999999903,172.1,,,,,,0.485349999999999,1.435,0.0794035372513185,0.8444444444444441,0.72525834725333,0.17447704112815154,-0.07849056936865434,0.20171800105386686,0.8434373749080898,0.9425625519146205,e3
e3_O2_A2_1f0afd94b1_s5,e3_O2_A2,5,meta-llama/Llama-3.1-8B-Instruct,100,30,prompt,2026-08-02 12:00:09,0.2,0.5,0.5,0.2,0.5,0.15,independent,barabasi_albert,meta-llama/Llama-3.1-8B-Instruct,0.9339000000000001,1.43,0.639184018035417,6.448063902435183,,-0.01098095378406,-0.7482014388489201,0.241099999999999,1.67,0.737290348207237,8.382008382012573,,-0.018493118289742,-1.0,0.08735632183908,,100,0.09281730674331601,1.031640962291067,0.092876693244425,5.9386501109412066e-05,100,0.09353904196179401,1.03218908329771,0.093587554423705,4.8512461909773186e-05,-0.0007217352184770001,4.8512461911051637e-05,100,1.918317385358535,117.49074668964604,2.9547507573607303,1.036433372002192,100,1.9781013199355382,116.79781834643175,2.840387929135541,0.8622866092000031,-0.059783934577003005,0.8622866092000031,100,0.033558183095896005,0.40680407310301303,0.058508938343657,0.02495075524776,100,0.008761140697821001,0.22143034594770403,0.052491386072732,0.04373024537491001,0.024797042398074003,0.04373024537491001,100,0.0015471553184240002,0.046736396133986,0.0035472407954060003,0.0020000854769810002,100,0.000728639223189,0.040116509996028005,0.0023873935253180003,0.0016587543021290001,0.000818516095235,0.0016587543021290001,100,0.014437959205106002,0.484260177239455,0.025247697220107,0.010809738015,100,0.016803634963854,0.484260177239455,0.023221991410532,0.006418356446678,-0.0023656757587470004,0.006418356446678,100,0.0020130818403920002,0.108303913238266,0.0026835147821950003,0.0006704329418030001,100,0.001747672354939,0.06896437999877801,0.0024574053701630003,0.0007097330152240001,0.00026540948545300004,0.0007097330152240001,0.14,0.14,0,0.16,0.13,0,-0.006165062929244,0.135,-0.015000000000000001,0,0.363135726857496,0.568078403920196,0.28356726843719604,0.417099999999999,170.3,,,,,,0.5874999999999996,1.5499999999999998,-0.014737036036901002,0.8741007194244601,0.688237183121327,0.23789419048451868,0.01836275237809643,0.15247536846680898,0.5173684686760368,1.2346228649467947,e3
e3_O2_A5_314f978cd3_s1,e3_O2_A5,1,meta-llama/Llama-3.1-8B-Instruct,100,30,prompt,2026-08-02 12:02:59,0.2,0.5,0.5,0.5,0.5,0.15,independent,barabasi_albert,meta-llama/Llama-3.1-8B-Instruct,1.820399999999999,1.26,0.6381268512388001,5.329089588312692,,-0.039558023760376,-0.021428571428571002,0.51,1.3599999999999999,0.458594534923338,5.6114254194540685,,-0.047836746732538,-0.8914728682170541,0.259615384615384,,100,0.09327400490400901,1.032067278629567,0.093313660099246,3.9655195237945344e-05,100,0.09430110863740901,1.032517955901696,0.094313657427468,1.2548790059962242e-05,-0.001027103733399,1.2548790059782601e-05,100,1.882469119878115,116.79781834643175,2.818862850918038,0.9363937310399251,100,1.780338629345148,108.48267822786009,2.664759459752381,0.8844208304072301,0.10213049053296601,0.8844208304072321,100,0.020110396874109003,0.327358190036452,0.057310303366257004,0.037199906492147,100,0.015363013944951001,0.31146901342314004,0.055216855105142,0.03985384116019,0.004747382929157,0.03985384116019,100,0.0007256210019560001,0.033496623858069,0.0027846683963310003,0.002059047394374,100,0.0011443596086050001,0.040116509996028005,0.0029440337471250003,0.0017996741385200002,-0.00041873860664800005,0.0017996741385200002,100,0.013259573051412002,0.484260177239455,0.026481695885576,0.013222122834164001,100,0.015136936331513001,0.484260177239455,0.026912492224559003,0.011775555893046002,-0.0018773632801000002,0.011775555893046002,100,0.0015680981617900002,0.06896437999877801,0.002090992880808,0.000522894719017,100,0.0017097500994900001,0.082077557745274,0.002337463165099,0.0006277130656080001,-0.000141651937699,0.0006277130656080001,0.19,0.05,0,0.14,0.13,0,0.017235502650712,0.09,-0.07500000000000001,0,0.356938099213894,0.48136765270841303,0.37710509626556304,1.0875,169.9,,,,,,1.1651999999999996,1.31,-0.043697385246457,0.45645071982281255,0.548360693081069,0.19184909689602073,-0.0256691536482113,0.15641502724244236,-0.14309722042860207,0.7151498092389046,e3
e3_O2_A5_314f978cd3_s2,e3_O2_A5,2,meta-llama/Llama-3.1-8B-Instruct,100,30,prompt,2026-08-02 12:06:00,0.2,0.5,0.5,0.5,0.5,0.15,independent,barabasi_albert,meta-llama/Llama-3.1-8B-Instruct,2.125099999999999,1.35,0.6509747792267031,5.34425952820106,,-0.008497812125112001,0.021739130434782,0.45159999999999906,1.28,0.37050687494716,5.8279963114438065,,0.062683550699465,-0.707317073170731,0.291169451073985,,100,0.09347820976121601,1.032116000496824,0.09351846433273701,4.0254571523067944e-05,100,0.093550805432492,1.032603219169396,0.09359149960557801,4.069417308609786e-05,-7.259567127650135e-05,4.069417308595613e-05,100,2.303438536848095,116.79781834643175,3.084128111418861,0.780689574570767,100,2.232637829632128,115.41196166000314,2.959638961602881,0.72700113197075,0.070800707215966,0.7270011319707531,100,0.033067549940025004,0.42798964192076205,0.06702845394097101,0.033960904000945,100,0.037751681679531,0.42798964192076205,0.06789166186569101,0.03013998018616,-0.004684131739505,0.03013998018616,100,0.0017190698752330002,0.046736396133986,0.004026710830166,0.002307640954933,100,0.0009388373040880001,0.040116509996028005,0.002870706541087,0.0019318692369980001,0.0007802325711440001,0.0019318692369980001,100,0.0152134291116,0.484260177239455,0.024078760448575,0.008865331336975,100,0.015022855504885002,0.484260177239455,0.023522649095243,0.008499793590357001,0.000190573606714,0.008499793590357001,100,0.002089504013235,0.09519073549177001,0.0027525798035470004,0.0006630757903110001,100,0.0019856969369080003,0.09519073549177001,0.0026034909349960003,0.000617793998087,0.00010380707632700001,0.000617793998088,0.13,0.14,0,0.11,0.18,0,0.011186432176561002,0.16,0.04,0,0.347949945863537,0.532312925170068,0.385661123070968,1.1091,181.1,,,,,,1.288349999999999,1.315,0.027092869287176503,0.3427889713679745,0.5107408270869316,0.07175913236144642,-0.11827841491038359,0.12803854385923968,0.26561291331999815,0.8865500896854533,e3
e3_O2_A5_314f978cd3_s3,e3_O2_A5,3,meta-llama/Llama-3.1-8B-Instruct,100,30,prompt,2026-08-02 12:08:56,0.2,0.5,0.5,0.5,0.5,0.15,independent,barabasi_albert,meta-llama/Llama-3.1-8B-Instruct,1.7099000000000002,1.31,0.693165175942104,5.764062939758798,,0.048421860193960005,-0.21951219512195103,0.5376000000000001,1.38,0.49606157847549504,5.468292441175968,,-0.05841224626720701,-0.9102040816326531,0.261780104712041,,100,0.09351590984966701,1.03218908329771,0.093552285212356,3.6375362691187464e-05,100,0.09311804967081601,1.032286527032225,0.093162348852572,4.4299181754414725e-05,0.00039786017885,4.429918175569148e-05,100,1.971489758622993,116.79781834643175,2.887523255918534,0.9160334972955411,100,2.182688415267668,116.23031003333924,2.966198941180136,0.7835105259124671,-0.21119865664467502,0.7835105259124681,100,0.031798437102557,0.396211288694138,0.055058072242269,0.023259635139712003,100,0.030673660487293003,0.348543758854201,0.058595427601547005,0.027921767114253003,0.0011247766152640002,0.027921767114253003,100,0.001706862932916,0.040116509996028005,0.004028447614181,0.0023215846812650004,100,0.0007396355427180001,0.040116509996028005,0.002580919047874,0.0018412835051560001,0.0009672273901970001,0.0018412835051560001,100,0.010256088024861,0.324238376880826,0.022596738838136003,0.012340650813275001,100,0.01717787646811,0.484260177239455,0.027005159855593003,0.009827283387482,-0.006921788443249001,0.009827283387482,100,0.00140195740772,0.055851202252282,0.0019261325405700001,0.0005241751328500001,100,0.0016956930710510002,0.082077557745274,0.002261348512778,0.000565655441727,-0.00029373566333100004,0.000565655441727,0.2,0.17,0,0.09,0.1,0,-0.03598738609449,0.135,-0.01,0,0.35891850103834305,0.512592592592592,0.30318166703209903,0.8696,175.7,,,,,,1.1237500000000002,1.345,-0.004995193036623501,0.564858138377302,0.5946133772087996,0.18279073486947772,-0.05280217309152491,0.1372851357571399,0.2402971132650591,1.051629694805615,e3
e3_O2_A5_314f978cd3_s4,e3_O2_A5,4,meta-llama/Llama-3.1-8B-Instruct,100,30,prompt,2026-08-02 12:11:52,0.2,0.5,0.5,0.5,0.5,0.15,independent,barabasi_albert,meta-llama/Llama-3.1-8B-Instruct,1.8075,1.29,0.6857689856872701,5.968588594312038,,-0.06965243308928801,-0.017182130584192,0.9298999999999991,1.27,0.5807873309057701,5.342613514947487,,-0.066810665134205,-0.520325203252032,0.22380952380952301,,100,0.093206148038093,1.032164722364082,0.09326353031315901,5.7382275065955894e-05,100,0.09266958283668901,1.027158550503404,0.09272354471299901,5.396187630908717e-05,0.0005365652014040001,5.3961876309904795e-05,100,1.968627638356764,114.71903331678884,2.7867300264193373,0.8181023880625731,100,1.889958554769772,115.41196166000314,2.683192218119678,0.7932336633499031,0.07866908358699201,0.7932336633499061,100,0.031116709543042003,0.396211288694138,0.05817157914372301,0.02705486960068,100,0.037002891222775,0.40680407310301303,0.063150088202817,0.026147196980041,-0.005886181679732001,0.026147196980041,100,0.0016225241250830001,0.046736396133986,0.003720367436334,0.002097843311251,100,0.0014363356883560002,0.040116509996028005,0.0036174707930950005,0.0021811351047380002,0.000186188436726,0.0021811351047380002,100,0.010751055624846,0.34511078562325603,0.022963293260355,0.012212237635508001,100,0.012160828285228001,0.484260177239455,0.025197582036008002,0.013036753750779001,-0.001409772660382,0.013036753750779001,100,0.0016216078674530002,0.082077557745274,0.0021403127669260003,0.000518704899473,100,0.0018428187268330002,0.06896437999877801,0.002508285262108,0.000665466535274,-0.00022121085938000003,0.000665466535274,0.11,0.13,0,0.1,0.07,0,0.011979112004271,0.1,-0.005,0,0.310456631110375,0.531457477078722,0.29530808010327203,0.9891000000000001,176.4,,,,,,1.3686999999999996,1.28,-0.0682315491117465,0.26875366691811203,0.6332781582965201,0.06863528794436861,0.005154617460771081,0.13921969626617403,-0.4194856487749834,0.38742701926821266,e3
e3_O2_A5_314f978cd3_s5,e3_O2_A5,5,meta-llama/Llama-3.1-8B-Instruct,100,30,prompt,2026-08-02 12:14:47,0.2,0.5,0.5,0.5,0.5,0.15,independent,barabasi_albert,meta-llama/Llama-3.1-8B-Instruct,1.8675000000000002,1.33,0.6386486208772371,5.020432011655593,,0.00885418506872,-0.10852713178294501,0.3971,1.27,0.319604605787113,3.872002795641538,,0.026612476927475003,-0.9328358208955221,0.11954459203036001,,100,0.09366842957289001,1.032164722364082,0.09371311153870701,4.468196581642273e-05,100,0.09402510542227001,1.032773745704797,0.09406003503075801,3.49296084890297e-05,-0.000356675849379,3.4929608488804e-05,100,1.866722750350322,116.79781834643175,2.925019763307742,1.058297012957423,100,2.148350464189997,116.79781834643175,2.9716988541884684,0.82334838999847,-0.281627713839674,0.823348389998471,100,0.039080578596488,0.42798964192076205,0.06405875418671,0.024978175590221002,100,0.033258603441577,0.41210046530745004,0.063624869146091,0.030366265704514003,0.005821975154911001,0.030366265704514003,100,0.0010662009883630002,0.040116509996028005,0.0032396910059560003,0.002173490017593,100,0.0016696933729080001,0.046736396133986,0.0038600188835640004,0.002190325510655,-0.0006034923845450001,0.002190325510655,100,0.01678761545706,0.484260177239455,0.026204395808273002,0.009416780351212,100,0.018092092720917,0.484260177239455,0.025166681215656003,0.007074588494739,-0.001304477263856,0.007074588494739,100,0.0017162414450650001,0.082077557745274,0.002286119439912,0.000569877994847,100,0.001733132416024,0.06896437999877801,0.002371539336539,0.000638406920515,-1.689097095935229e-05,0.000638406920515,0.16,0.08,0,0.11,0.08,0,-0.04634787919225,0.08,-0.05500000000000001,0,0.344473832924003,0.637285764253235,0.201308818236302,1.2939,174.6,,,,,,1.1323,1.3,0.017733330998097502,0.5206814763392336,0.47912661333217504,0.0006185915545385834,-0.03184849819699309,0.14394215103956368,0.2732928675139486,-0.0013661198166523233,e3
e3_O2_A8_407f2d1268_s1,e3_O2_A8,1,meta-llama/Llama-3.1-8B-Instruct,100,30,prompt,2026-08-02 12:17:44,0.2,0.5,0.5,0.8,0.5,0.15,independent,barabasi_albert,meta-llama/Llama-3.1-8B-Instruct,0.9539000000000001,1.55,0.7015284753227551,6.774173313679658,,0.050171800291238,-0.798611111111111,0.873599999999999,1.28,0.5432847507069021,4.59475814923179,,-0.0099362602301,-0.58893280632411,0.06570841889117,,100,0.093346802674886,1.032164722364082,0.09338487994478101,3.80772698951843e-05,100,0.09347822268729901,1.032201263764524,0.09352303405751,4.4811370209643264e-05,-0.00013142001241200002,4.481137021136728e-05,100,1.951637409261127,116.79781834643175,2.937428852099342,0.9857914428382141,100,1.835944388959446,108.48267822786009,2.746401785652526,0.9104573966930801,0.11569302030168001,0.9104573966930791,100,0.031506143536947,0.36443293546751404,0.061704687468136,0.030198543931188003,100,0.022169314438313003,0.332654582240889,0.054290310781249004,0.032120996342936005,0.009336829098634,0.032120996342936005,100,0.000996726713044,0.040116509996028005,0.00304828929958,0.002051562586535,100,0.001423546886691,0.046736396133986,0.003464588898229,0.002041042011538,-0.00042682017364600004,0.002041042011538,100,0.013616335136877001,0.484260177239455,0.023711275240245,0.010094940103368,100,0.015802411115711002,0.484260177239455,0.025477878507029,0.009675467391318,-0.002186075978834,0.009675467391318,100,0.0014877709111700001,0.06896437999877801,0.0020430073083990002,0.0005552363972290001,100,0.00177961007612,0.09519073549177001,0.0023878763640760004,0.000608266287955,-0.00029183916495,0.000608266287955,0.12,0.13,0,0.1,0.14,0,0.020332282345078,0.135,0.025,0,0.32599406339746,0.581645983017635,0.266879957021467,1.637099999999999,177.8,,,,,,0.9137499999999996,1.415,0.020117770030569,0.6937719587176105,0.6224066130148286,0.10850337732099745,-0.11703404444334997,0.15915799668283945,0.5223798075291334,0.8049286683912735,e3
e3_O2_A8_407f2d1268_s2,e3_O2_A8,2,meta-llama/Llama-3.1-8B-Instruct,100,30,prompt,2026-08-02 12:20:44,0.2,0.5,0.5,0.8,0.5,0.15,independent,barabasi_albert,meta-llama/Llama-3.1-8B-Instruct,0.809099999999999,1.63,0.7172333229359771,7.539915815211212,,-0.040443776948791005,-0.635687732342007,1.3899,1.19,0.6312997651708661,5.775207748884495,,-0.064519797570082,-0.014492753623188002,0.15968586387434502,,100,0.09329802533095401,1.032505775434882,0.093349684028407,5.1658697454850356e-05,100,0.09421272625648101,1.032651941036654,0.094240457744481,2.7731487999210664e-05,-0.000914700925527,2.7731487999990704e-05,100,2.087743033621112,114.02610497357453,2.9818425746700132,0.8940995410488931,100,2.088489875088397,115.17220845325099,2.871949022887301,0.783459147798899,-0.0007468414672840001,0.783459147798904,100,0.024721359374414,0.37502571987638805,0.057002312887916004,0.032280953513501,100,0.033213390248921004,0.35384015105863903,0.060416971695476,0.027203581446555002,-0.008492030874506,0.027203581446555002,100,0.001133453627318,0.040116509996028005,0.0030129097420130003,0.001879456114695,100,0.000927599766374,0.040116509996028005,0.0026987947046380003,0.0017711949382640002,0.000205853860943,0.0017711949382640002,100,0.014105320500864,0.34511078562325603,0.02085091389624,0.006745593395376,100,0.016333663418020002,0.484260177239455,0.023626844334215,0.007293180916194001,-0.0022283429171560004,0.007293180916194001,100,0.0019177814140220002,0.09519073549177001,0.0025406491570600003,0.000622867743037,100,0.001693496229128,0.06896437999877801,0.002280598927031,0.000587102697902,0.000224285184893,0.000587102697902,0.1,0.12,0,0.08,0.11,0,-0.0019919628564390003,0.114999999999999,0.024999999999999002,0,0.31942474614966904,0.541707237909769,0.318265764602978,1.217899999999999,179.1,,,,,,1.0994999999999995,1.41,-0.0524817872594365,0.32509024298259753,0.6742665440534216,0.15916139404019522,0.009088325868201725,0.13672365654763555,-0.20476280178413883,0.8102426088901403,e3
e3_O2_A8_407f2d1268_s3,e3_O2_A8,3,meta-llama/Llama-3.1-8B-Instruct,100,30,prompt,2026-08-02 12:23:49,0.2,0.5,0.5,0.8,0.5,0.15,independent,barabasi_albert,meta-llama/Llama-3.1-8B-Instruct,0.5104000000000001,1.72,0.7645821873295771,8.12403840463596,,0.061990516276838006,-0.8802816901408451,1.607499999999999,1.19,0.720290089175564,6.135451428107655,,0.022673608564933,-0.064285714285714,0.05123674911660701,,100,0.09352818096684501,1.032493594968068,0.09356126072696501,3.3079760120845085e-05,100,0.093288429626042,1.032042917695939,0.093333668792557,4.5239166515450224e-05,0.00023975134080200003,4.5239166515498315e-05,100,2.057817824470388,116.79781834643175,2.9071998103821572,0.8493819859117671,100,1.7612813103228602,116.79781834643175,2.799805695822251,1.038524385499389,0.296536514147527,1.03852438549939,100,0.030239985062834002,0.41210046530745004,0.06802785116333701,0.037787866100502006,100,0.024437328348199002,0.32206179783201505,0.052310315454924004,0.027872987106725002,0.005802656714635,0.027872987106725002,100,0.001476292825704,0.040116509996028005,0.0035759307994180003,0.002099637973713,100,0.001535362238066,0.040116509996028005,0.0038884729208810004,0.002353110682815,-5.9069412361242944e-05,0.002353110682815,100,0.009934320150077001,0.34511078562325603,0.024642907624074003,0.014708587473997002,100,0.014285293780609,0.41468548143135503,0.021144761469591003,0.006859467688982001,-0.004350973630531,0.006859467688982001,100,0.0017547827764350001,0.09519073549177001,0.002361812683468,0.0006070299070330001,100,0.0017731933240890002,0.09519073549177001,0.0023862161272340003,0.000613022803144,-1.841054765444453e-05,0.000613022803144,0.11,0.03,0,0.08,0.04,0,0.049691744768736,0.035,-0.06,0,0.31375245164936205,0.567879006121714,0.316003592388645,1.609999999999999,185.5,,,,,,1.0589499999999996,1.455,0.042332062420885504,0.47228370221327953,0.7424361382525706,0.09969614076451784,-0.0899101628011696,0.17937803549126174,0.5865151379415545,-0.038901116131574154,e3
e3_O2_A8_407f2d1268_s4,e3_O2_A8,4,meta-llama/Llama-3.1-8B-Instruct,100,30,prompt,2026-08-02 12:26:41,0.2,0.5,0.5,0.8,0.5,0.15,independent,barabasi_albert,meta-llama/Llama-3.1-8B-Instruct,0.67,1.62,0.6709875185308251,7.715167498104594,,-0.056521969016019004,-0.8865248226950351,0.981599999999999,1.06,0.529863821016337,4.356175712447386,,-0.020203710234161003,-0.159574468085106,0.036855036855036,,100,0.093539322596002,1.032542316835325,0.09358384529657501,4.4522700573395294e-05,100,0.093791476895156,1.032116000496824,0.093825662348872,3.418545371602275e-05,-0.000252154299154,3.418545371561277e-05,100,2.30687082579221,116.79781834643175,3.061972239075555,0.755101413283345,100,2.472388406020684,118.87660337607466,3.186892477486811,0.714504071466127,-0.16551758022847401,0.714504071466127,100,0.026798870602208,0.36443293546751404,0.054996730984908,0.028197860382700002,100,0.015070929771382002,0.32206179783201505,0.05318103528593,0.038110105514548,0.011727940830825002,0.038110105514548,100,0.0011475687788490001,0.043426453065007004,0.0030505537489440003,0.001902984970094,100,0.001382915657762,0.046736396133986,0.003319959711484,0.0019370440537220001,-0.00023534687891200003,0.0019370440537220001,100,0.013116258509226,0.34511078562325603,0.019955953759608,0.0068396952503820005,100,0.010814916775353001,0.34511078562325603,0.022649876940805003,0.011834960165452001,0.0023013417338730003,0.011834960165452001,100,0.0015353111231290002,0.06896437999877801,0.0020805828834750003,0.0005452717603460001,100,0.0018621737920870001,0.101747324365018,0.0024585827624650004,0.000596408970378,-0.000326862668958,0.000596408970378,0.16,0.09,0,0.1,0.11,0,-0.025383776918466,0.1,-0.03,0,0.37144225945512305,0.528012279355333,0.32442351821346305,1.292399999999999,171.8,,,,,,0.8257999999999995,1.34,-0.03836283962509,0.5230496453900706,0.600425669773581,0.0011638342384293805,-0.1346317695755311,0.12783612927065718,-0.18043099748212216,0.16336094083676295,e3
e3_O2_A8_407f2d1268_s5,e3_O2_A8,5,meta-llama/Llama-3.1-8B-Instruct,100,30,prompt,2026-08-02 12:29:41,0.2,0.5,0.5,0.8,0.5,0.15,independent,barabasi_albert,meta-llama/Llama-3.1-8B-Instruct,0.7091000000000001,1.67,0.7444726180437781,6.491660553353304,,-0.051913498707121,-0.729537366548042,1.3731,1.23,0.634176185370246,5.527077899411222,,-0.058008905592548,-0.265454545454545,0.09775967413441901,,100,0.09426863917270101,1.032749384771168,0.09430428627282901,3.564710012930085e-05,100,0.09353707053446901,1.032042917695939,0.093571595110327,3.4524575857410934e-05,0.0007315686382310001,3.4524575858507773e-05,100,1.951898810457457,118.18367503286035,3.129628602072263,1.177729791614808,100,2.303006562827797,116.79781834643175,3.027572478128704,0.7245659153009051,-0.35110775237034003,0.7245659153009061,100,0.030286212782408003,0.41739685751188704,0.05961742852494101,0.029331215742532002,100,0.018509425449074003,0.30617262121870203,0.05615294457569701,0.037643519126622005,0.011776787333333,0.037643519126622005,100,0.0011269878563350002,0.040116509996028005,0.0032817194298860003,0.00215473157355,100,0.001747653374573,0.040116509996028005,0.003994598490766,0.0022469451161920002,-0.000620665518237,0.0022469451161920002,100,0.013090954898470002,0.484260177239455,0.025533229934792002,0.012442275036322,100,0.012527395121516,0.484260177239455,0.024291363196044,0.011763968074527,0.000563559776953,0.011763968074528001,100,0.0015187209725670001,0.06896437999877801,0.002047159741965,0.0005284387693980001,100,0.0017613024350000002,0.06896437999877801,0.002316367065506,0.0005550646305050001,-0.00024258146243200001,0.0005550646305050001,0.07,0.15,0,0.14,0.13,0,-0.056483180600415,0.14,0.035,0,0.372685121348349,0.5932492328673711,0.185136530254462,1.4904000000000002,180.5,,,,,,1.0411000000000001,1.45,-0.05496120214983451,0.4974959560012935,0.689324401707012,-0.02369626646876516,0.009486583763878252,0.1294683228041014,-0.019036085943235748,0.406635711685848,e3
e3_O5_A2_58c90e43d7_s1,e3_O5_A2,1,meta-llama/Llama-3.1-8B-Instruct,100,30,prompt,2026-08-02 12:32:55,0.5,0.5,0.5,0.2,0.5,0.15,independent,barabasi_albert,meta-llama/Llama-3.1-8B-Instruct,1.9475000000000002,1.37,0.684725413649332,5.577947968327879,,-0.08521967719845301,-0.164912280701754,0.3411,1.35,0.30614105861581004,4.685200128542939,,-0.07750455163513101,-0.9688715953307391,0.1712158808933,,100,0.092792617884614,1.031969834895053,0.092843259036711,5.0641152097451446e-05,100,0.09278448349645901,1.031470435755667,0.09285505447426201,7.057097780230574e-05,8.134388154321104e-06,7.057097780287237e-05,100,2.191672269520753,120.85144915423542,3.011780503585829,0.820108234065073,100,1.708739718732283,116.79781834643175,2.916737289790658,1.207997571058372,0.48293255078847,1.2079975710583741,100,0.022094500152025003,0.31146901342314004,0.051321248076096004,0.029226747924070002,100,0.031616111334272,0.41739685751188704,0.063136646827207,0.031520535492935,-0.009521611182246,0.031520535492935,100,0.0012978398221170002,0.046736396133986,0.0031366435601360002,0.0018388037380180002,100,0.0019437153522000002,0.046736396133986,0.0043353857675470005,0.002391670415346,-0.000645875530083,0.002391670415346,100,0.014839137450438002,0.484260177239455,0.028754686950947003,0.013915549500508,100,0.015218011194646,0.484260177239455,0.029488999925395002,0.014270988730749001,-0.000378873744207,0.014270988730749001,100,0.0015730087606450002,0.06896437999877801,0.002155022454926,0.000582013694281,100,0.0017752914180450001,0.09519073549177001,0.002355228733497,0.000579937315451,-0.00020228265740000002,0.000579937315451,0.21,0.2,0,0.19,0.19,0,0.078698673677114,0.195,-0.005,0,0.355170375583777,0.580288870008496,0.23362036205167802,1.105099999999999,193.2,,,,,,1.1443,1.36,-0.081362114416792,0.5668919380162465,0.49543323613257106,0.022554526186844115,-0.1506878648243442,0.20947187899844255,-0.2037442621450728,1.0082500554111702,e3
e3_O5_A2_58c90e43d7_s2,e3_O5_A2,2,meta-llama/Llama-3.1-8B-Instruct,100,30,prompt,2026-08-02 12:36:04,0.5,0.5,0.5,0.2,0.5,0.15,independent,barabasi_albert,meta-llama/Llama-3.1-8B-Instruct,1.662399999999999,1.4,0.711880940714059,5.799383608759288,,-0.08003377249300801,-0.412186379928315,0.399999999999999,1.44,0.403819830533428,4.297686982100677,,0.014088759182851001,-0.9501779359430601,0.150684931506849,,100,0.093308763332391,1.032164722364082,0.093363118902129,5.43555697396312e-05,100,0.093815980879575,1.032749384771168,0.093859056394721,4.307551514727366e-05,-0.0005072175471840001,4.3075515146595584e-05,100,1.675834594322974,103.20464303759674,2.604390557287058,0.928555962964083,100,1.941086867277869,86.47250233400094,2.701654147029597,0.7605672797517241,-0.265252272954894,0.7605672797517271,100,0.035776359084351006,0.41739685751188704,0.064978823231225,0.029202464146874003,100,0.052875212223426005,0.438582426329637,0.072175862505453,0.019300650282027,-0.017098853139074003,0.019300650282027,100,0.0011790024904,0.040116509996028005,0.00322037994131,0.0020413774509100003,100,0.0017373422094440001,0.046736396133986,0.003956699217485001,0.002219357008041,-0.0005583397190430001,0.002219357008041,100,0.012972996942762001,0.34511078562325603,0.025309247682879003,0.012336250740117,100,0.01613448319177,0.484260177239455,0.027158850068465003,0.011024366876695,-0.003161486249007,0.011024366876695,100,0.0019641058199590003,0.09519073549177001,0.0027039624916850003,0.000739856671726,100,0.001775909099466,0.09519073549177001,0.002367884983081,0.000591975883614,0.000188196720492,0.000591975883614,0.14,0.14,0,0.11,0.19,0,-0.047731662148118005,0.165,0.04,0,0.366724018199021,0.61726659167604,0.22304102222528202,0.5776,189.3,,,,,,1.031199999999999,1.42,-0.032972506655078504,0.6811821579356876,0.5578503856237436,-0.008553072744639845,-0.06218967339861579,0.13229111755287473,0.2472303267971722,0.660570226401346,e3
e3_O5_A2_58c90e43d7_s3,e3_O5_A2,3,meta-llama/Llama-3.1-8B-Instruct,100,30,prompt,2026-08-02 12:39:24,0.5,0.5,0.5,0.2,0.5,0.15,independent,barabasi_albert,meta-llama/Llama-3.1-8B-Instruct,2.1875,1.43,0.689405568004382,5.287989474172585,,-0.10045108890627101,-0.081712062256809,0.49,1.38,0.44627367231228704,6.393824300122316,,0.029151685939170002,-0.9154929577464781,0.22562674094707502,,100,0.092853327914722,1.032213444231339,0.092907589802161,5.426188743918527e-05,100,0.09286665646050701,1.03105629988398,0.09291841104251701,5.175458200917435e-05,-1.3328545784771492e-05,5.175458201024663e-05,100,1.762239498775528,115.86444386812208,2.757823539384842,0.995584040609312,100,2.238669075278538,116.79781834643175,2.983869596420642,0.7452005211421021,-0.47642957650300904,0.7452005211421041,100,0.037106024026498,0.42798964192076205,0.069553419675002,0.032447395648504004,100,0.023320002538708,0.337950974445327,0.059763143415228,0.03644314087652,0.013786021487789001,0.03644314087652,100,0.0016512279053810001,0.046736396133986,0.003945284134888,0.002294056229506,100,0.0006323682989370001,0.040116509996028005,0.0023292942611860003,0.001696925962249,0.001018859606444,0.001696925962249,100,0.017371479927332,0.484260177239455,0.026366225977385003,0.008994746050053001,100,0.013434324107951002,0.484260177239455,0.025488391395728,0.012054067287777002,0.003937155819381,0.012054067287777002,100,0.0021691838125060003,0.108303913238266,0.0028348738014980003,0.0006656899889920001,100,0.0014941177192630002,0.06896437999877801,0.002034184296438,0.000540066577175,0.000675066093242,0.000540066577175,0.17,0.12,0,0.16,0.15,0,-0.07617096700698901,0.135,-0.03,0,0.355240820518678,0.6208978734576001,0.26972654923168604,1.5275,199.6,,,,,,1.33875,1.4049999999999998,-0.035649701483550504,0.4986025100016436,0.5678396201583346,0.24393792905583442,0.006560893137305404,0.13266441273797205,0.1937138835463561,1.2546935278176676,e3
e3_O5_A2_58c90e43d7_s4,e3_O5_A2,4,meta-llama/Llama-3.1-8B-Instruct,100,30,prompt,2026-08-02 12:42:34,0.5,0.5,0.5,0.2,0.5,0.15,independent,barabasi_albert,meta-llama/Llama-3.1-8B-Instruct,2.1651,1.45,0.721517641924434,6.271219770003562,,-0.028319018404907,-0.11340206185567,0.42590000000000006,1.33,0.372510293806804,3.90985944597903,,-0.110096619868046,-0.8740157480314961,0.2007722007722,,100,0.09373265829676701,1.032201263764524,0.09376917173957,3.6513442802320114e-05,100,0.093163673673415,1.031446074822038,0.093209429604326,4.575593091316451e-05,0.000568984623352,4.575593091168951e-05,100,1.679775837305627,86.7711544499263,2.6633304155026742,0.9835545781970441,100,1.225026100738615,13.828666544786113,2.376673054311887,1.151646953573269,0.454749736567012,1.151646953573272,100,0.039638741060644,0.42798964192076205,0.067370183139373,0.027731442078729,100,0.026497115688337004,0.348543758854201,0.058732959664513,0.032235843976175,0.013141625372306,0.032235843976175,100,0.000941520167054,0.040116509996028005,0.0029759087307150004,0.002034388563661,100,0.0008473766418300001,0.040116509996028005,0.002482953945478,0.0016355773036470002,9.41435252233713e-05,0.0016355773036470002,100,0.011162042908329001,0.310323437719206,0.021925642322751,0.010763599414421001,100,0.011936593437586001,0.484260177239455,0.026605551889263,0.014668958451677,-0.0007745505292560001,0.014668958451677,100,0.0019456292905980002,0.101747324365018,0.0025705063499580003,0.00062487705936,100,0.0015871174515,0.082077557745274,0.0020940174837440003,0.000506900032244,0.00035851183909700005,0.000506900032244,0.16,0.25,0,0.15,0.19,0,0.078023075232955,0.22,0.065,0,0.353795980174111,0.6201979045401631,0.281694581060126,1.263599999999999,190.4,,,,,,1.2954999999999999,1.3900000000000001,-0.0692078191364765,0.49370890494358305,0.547013967865619,0.3567682944188326,0.2558130898831635,0.2001233315446542,-0.06967052072327432,2.321786645464099,e3
e3_O5_A2_58c90e43d7_s5,e3_O5_A2,5,meta-llama/Llama-3.1-8B-Instruct,100,30,prompt,2026-08-02 12:45:40,0.5,0.5,0.5,0.2,0.5,0.15,independent,barabasi_albert,meta-llama/Llama-3.1-8B-Instruct,1.9619,1.35,0.6574820325148341,5.15599059216863,,0.021214975109934003,-0.23018867924528302,0.45710000000000006,1.31,0.390938548399061,6.438797057277884,,0.009826640462292001,-0.9111111111111111,0.196319018404907,,100,0.093589056268984,1.032201263764524,0.093636582021557,4.752575257327079e-05,100,0.09309422823343201,1.031580059956995,0.09314620400875501,5.19757753222911e-05,0.000494828035552,5.197577532253806e-05,100,2.6112220645020923,127.05315782600346,3.319202453056862,0.7079803885547721,100,1.520386740130794,57.090954725028006,2.467731540613316,0.9473448004825201,1.090835324371298,0.9473448004825211,100,0.026143516916079003,0.41739685751188704,0.06324099159922901,0.037097474683149,100,0.029982939401492003,0.385618504285263,0.057854705110968005,0.027871765709475003,-0.0038394224854130005,0.027871765709476002,100,0.0014726198156960002,0.040116509996028005,0.0037565280579280004,0.0022839082422320004,100,0.0016185313621590001,0.043426453065007004,0.003849038386159,0.0022305070239990003,-0.00014591154646300002,0.0022305070239990003,100,0.018723213558034,0.484260177239455,0.027706430297832003,0.008983216739798001,100,0.01816239070166,0.484260177239455,0.029477093477054003,0.011314702775393001,0.0005608228563730001,0.011314702775393001,100,0.0019162986252610002,0.09519073549177001,0.002559725425414,0.000643426800152,100,0.001595243400688,0.082077557745274,0.002099196683234,0.0005039532825460001,0.000321055224573,0.0005039532825460001,0.18,0.12,0,0.17,0.13,0,0.18137111607598602,0.125,-0.049999999999999004,0,0.39086482203466605,0.5466708151835711,0.30141081891312005,1.225099999999999,186.3,,,,,,1.2095,1.33,0.015520807786113002,0.5706498951781971,0.5242102904569476,0.15132504728206173,0.10669256020957667,0.1648862841748759,0.39791618437079757,0.8656770516914978,e3
e3_O5_A5_ab43a41e1c_s1,e3_O5_A5,1,meta-llama/Llama-3.1-8B-Instruct,100,30,prompt,2026-08-02 12:48:46,0.5,0.5,0.5,0.5,0.5,0.15,independent,barabasi_albert,meta-llama/Llama-3.1-8B-Instruct,1.2384,1.32,0.6205094966850531,4.472523136157398,,0.022797173870982002,-0.5052631578947361,1.3044,1.12,0.603043947611654,5.8304722482365765,,-0.12076408095742701,0.047272727272727,0.14046822742474901,,100,0.092919430356571,1.02793810037952,0.092975123292066,5.569293549522669e-05,100,0.09281191421699701,1.031823669293281,0.09286657749015001,5.466327315384512e-05,0.00010751613957400001,5.46632731529273e-05,100,1.629612065768935,115.8651367964653,2.716921651323946,1.087309585555007,100,1.815463703497783,114.71903331678884,2.6956366316611433,0.88017292816336,-0.18585163772884802,0.880172928163359,100,0.030595159010661004,0.401507680898575,0.06246453758747501,0.031869378576814,100,0.040671145872643005,0.41739685751188704,0.063472452123251,0.022801306250608003,-0.010075986861981,0.022801306250608003,100,0.0016801191154100002,0.046736396133986,0.0038114140845280004,0.002131294969118,100,0.0019761123967170003,0.046736396133986,0.004321252779873001,0.0023451403831560003,-0.000295993281306,0.0023451403831560003,100,0.012451894861267,0.484260177239455,0.025336078368600003,0.012884183507332002,100,0.01278777988155,0.484260177239455,0.026082227363602002,0.013294447482052002,-0.00033588502028200005,0.013294447482052002,100,0.0018325182690940001,0.09519073549177001,0.002391941052414,0.0005594227833200001,100,0.001775996650664,0.082077557745274,0.0023639545182620003,0.0005879578675970001,5.6521618429129226e-05,0.0005879578675970001,0.12,0.09,0,0.1,0.14,0,-0.032732577522402,0.115,0.005,0,0.315034408954649,0.5765793528505391,0.243408304933407,1.879599999999999,185.9,,,,,,1.2713999999999999,1.2200000000000002,-0.048983453543222505,0.22899521531100453,0.6117767221483535,-0.01272461664254676,-0.0851609034419493,0.1532094072366545,-0.4852219753865933,0.23942603038921645,e3
e3_O5_A5_ab43a41e1c_s2,e3_O5_A5,2,meta-llama/Llama-3.1-8B-Instruct,100,30,prompt,2026-08-02 12:52:00,0.5,0.5,0.5,0.5,0.5,0.15,independent,barabasi_albert,meta-llama/Llama-3.1-8B-Instruct,1.6219000000000001,1.4100000000000001,0.684022023255589,4.5388314167126325,,-0.08196788047792501,-0.31063829787234004,0.6736000000000001,1.16,0.547390421925899,7.001519591898938,,-0.04588287885561,-0.568345323741007,0.155294117647058,,100,0.093066589396622,1.032079459096381,0.09312641142215701,5.982202553352867e-05,100,0.09364595935113801,1.032591038702582,0.09368935134721501,4.3391996078299424e-05,-0.0005793699545150001,4.339199607761301e-05,100,1.436680351630045,109.8685349142887,2.553979473778355,1.117299122148309,100,1.562528532339162,13.870242245378972,2.497560074393125,0.9350315420539631,-0.12584818070911702,0.9350315420539621,100,0.033242971236030004,0.41210046530745004,0.065794755455285,0.032551784219254004,100,0.019176573895948002,0.332654582240889,0.054490581836221005,0.035314007940273,0.014066397340082,0.035314007940273,100,0.001980125783101,0.046736396133986,0.004152337235066,0.0021722114519640004,100,0.0014933417998390002,0.046736396133986,0.003579281517643,0.002085939717804,0.00048678398326200005,0.002085939717804,100,0.014164491210575001,0.484260177239455,0.026153426137006,0.01198893492643,100,0.012811206560910001,0.34511078562325603,0.022917552020703003,0.010106345459793002,0.001353284649664,0.010106345459793002,100,0.0017774931765760001,0.09519073549177001,0.0023087237096190002,0.0005312305330430001,100,0.0016842510383660002,0.06896437999877801,0.0023100537434020004,0.000625802705036,9.324213820976927e-05,0.000625802705036,0.11,0.08,0,0.14,0.14,0,-0.018404640425402,0.11000000000000001,-0.014999999999999002,0,0.330818928719714,0.600743297053358,0.318896504527932,1.281899999999999,193.7,,,,,,1.14775,1.2850000000000001,-0.0639253796667675,0.43949181080667354,0.615706222590744,0.16596872244012653,0.3286932843827964,0.1638678383121579,-0.33626103569037785,0.7921199878715415,e3
e3_O5_A5_ab43a41e1c_s3,e3_O5_A5,3,meta-llama/Llama-3.1-8B-Instruct,100,30,prompt,2026-08-02 12:55:20,0.5,0.5,0.5,0.5,0.5,0.15,independent,barabasi_albert,meta-llama/Llama-3.1-8B-Instruct,1.5475999999999992,1.4,0.706282369208564,5.752133565990217,,-0.0022955506652350003,-0.36363636363636304,1.2731,1.05,0.724331626450829,5.469581365922372,,-0.0034662177867800003,-0.10373443983402401,0.205231388329979,,100,0.09320808839767601,1.032042917695939,0.093253734358631,4.564596095347724e-05,100,0.09329968904437101,1.025952684288789,0.093336154946645,3.6465902274803954e-05,-9.160064669506973e-05,3.6465902274171465e-05,100,2.31860622960496,120.79601488677828,3.084441426006531,0.765835196401567,100,2.304390900497954,120.71494227062222,2.993082976810557,0.6886920763126001,0.014215329107006002,0.6886920763126031,100,0.026737052715154003,0.332654582240889,0.053652960976490006,0.026915908261335,100,0.035503046062282,0.42798964192076205,0.06532923096703501,0.029826184904752,-0.008765993347128001,0.029826184904752,100,0.0018827731097330002,0.046736396133986,0.003965814762759001,0.0020830416530260003,100,0.0013384331321320002,0.046736396133986,0.0032979449017320004,0.0019595117696,0.0005443399776010001,0.0019595117696,100,0.015423645674482001,0.484260177239455,0.027913748926081002,0.012490103251599001,100,0.015715013882772,0.484260177239455,0.027295256500701002,0.011580242617929,-0.000291368208289,0.011580242617929,100,0.0021952539935230003,0.108303913238266,0.002815451912062,0.000620197918539,100,0.0018327143497000001,0.09519073549177001,0.002406138585061,0.00057342423536,0.00036253964382200005,0.00057342423536,0.07,0.08,0,0.07,0.1,0,0.000995541087719,0.09,0.019999999999999,0,0.32707710286762803,0.5650593651562871,0.267568128198484,1.6874999999999991,200.1,,,,,,1.4103499999999995,1.225,-0.0028808842260075003,0.23368540173519353,0.7153069978296965,0.01649443921866985,-0.16121106814796737,0.12211131762375264,-0.10700174590603051,0.13281419436249517,e3
e3_O5_A5_ab43a41e1c_s4,e3_O5_A5,4,meta-llama/Llama-3.1-8B-Instruct,100,30,prompt,2026-08-02 12:58:28,0.5,0.5,0.5,0.5,0.5,0.15,independent,barabasi_albert,meta-llama/Llama-3.1-8B-Instruct,1.5204,1.4,0.71282480695531,6.006759903194673,,-0.022675563721334002,-0.45,1.1051,1.09,0.5902650129857521,5.27898871724183,,-0.06749816581071101,-0.021645021645021002,0.21319796954314701,,100,0.09289619912999601,1.03218908329771,0.092956553041213,6.0353911216479905e-05,100,0.092974643497157,1.031701864625138,0.09303414381781401,5.9500320660187953e-05,-7.844436716025749e-05,5.9500320657199235e-05,100,1.9191570755336982,116.79781834643175,2.884063724202994,0.9649066486692931,100,1.8601909176198772,115.41196166000314,2.7741479627641583,0.9139570451442731,0.058966157913820004,0.9139570451442811,100,0.018510358605385,0.31676540562757705,0.050394332385453,0.031883973780068,100,0.032523167704914,0.40680407310301303,0.060263761907328,0.027740594202413003,-0.014012809099529,0.027740594202413003,100,0.0027624616423610002,0.09638554216867401,0.004764830968923,0.002002369326561,100,0.002243852223941,0.05335628227194401,0.004439920091954,0.0021960678680130004,0.00051860941842,0.0021960678680130004,100,0.015985271811533003,0.484260177239455,0.024138223979983,0.008152952168449001,100,0.011930009657171002,0.34511078562325603,0.022326385897019,0.010396376239848001,0.004055262154362,0.010396376239847,100,0.001910309367777,0.09519073549177001,0.0025144483082400002,0.0006041389404630001,100,0.0014887052259730002,0.055851202252282,0.002065405903318,0.0005767006773440001,0.000421604141803,0.0005767006773440001,0.16,0.1,0,0.15,0.13,0,0.008311730026952001,0.115,-0.039999999999999,0,0.33047504326452704,0.6232011747430241,0.27043664522432803,1.5698999999999992,188.4,,,,,,1.3127499999999999,1.245,-0.04508686476602251,0.23582251082251052,0.651544909970531,-0.004955868045887157,0.04516963518743939,0.1591543807420919,-0.39192322007307234,0.2652252823211504,e3
e3_O5_A5_ab43a41e1c_s5,e3_O5_A5,5,meta-llama/Llama-3.1-8B-Instruct,100,30,prompt,2026-08-02 13:01:39,0.5,0.5,0.5,0.5,0.5,0.15,independent,barabasi_albert,meta-llama/Llama-3.1-8B-Instruct,1.19,1.42,0.664233153362985,5.035494069870849,,-0.016440394619280003,-0.587044534412955,0.753599999999999,1.1400000000000001,0.49816358872332706,4.935645551994731,,0.09853324773162901,-0.7165991902834,0.11904761904761901,,100,0.09285777033888501,1.030617803078666,0.092903375862877,4.560552399032348e-05,100,0.075230976160154,1.032164722364082,0.16566260114647802,0.09043162498632401,0.017626794178731,0.09043162498632401,100,2.299258451372026,125.8058868082177,3.033316967048185,0.7340585156761561,100,2.196155607012058,116.79781834643175,2.885332579670513,0.689176972658454,0.10310284435996701,0.689176972658454,100,0.030192373486161002,0.390914896489701,0.058799349954065,0.028606976467904003,100,0.034106053995284005,0.41739685751188704,0.061476251428292,0.027370197433007,-0.003913680509122,0.027370197433007,100,0.0022437682564510003,0.05335628227194401,0.004253000534136,0.002009232277685,100,0.0016872800155380001,0.046736396133986,0.0037384752230460003,0.002051195207508,0.000556488240913,0.002051195207508,100,0.012934053374548001,0.34511078562325603,0.023520073951721003,0.010586020577173,100,0.016272356032986,0.484260177239455,0.029054322859612004,0.012781966826626,-0.0033383026584370003,0.012781966826626,100,0.001684187101303,0.06896437999877801,0.002291926425407,0.0006077393241040001,100,0.002093143453587,0.108303913238266,0.0027574271591880002,0.000664283705601,-0.000408956352284,0.000664283705601,0.1,0.17,0,0.13,0.18,0,0.018937531209961,0.17500000000000002,0.059999999999999006,0,0.340276811809116,0.5952307215856301,0.24164529255074502,1.6596000000000002,190.4,,,,,,0.9717999999999996,1.28,0.041046426556174506,0.6518218623481775,0.5811983710431561,-0.04622020235765304,-0.21041012009743879,0.13707937346958665,0.4304153253724243,0.6169395659078386,e3
e3_O5_A8_78ae896e9c_s1,e3_O5_A8,1,meta-llama/Llama-3.1-8B-Instruct,100,30,prompt,2026-08-02 13:04:52,0.5,0.5,0.5,0.8,0.5,0.15,independent,barabasi_albert,meta-llama/Llama-3.1-8B-Instruct,0.145099999999999,1.9500000000000002,0.9117704893882811,6.748698293305803,,-0.034691524120699,-0.9652777777777771,1.0459,0.81,0.54272367743547,3.769883340852495,,-0.12338377739976501,0.13725490196078402,0.024122807017543,,100,0.093693469102059,1.032164722364082,0.093727591905313,3.412280325443012e-05,100,0.09276200961424001,1.03045945701008,0.09281777626557601,5.576665133554543e-05,0.0009314594878180001,5.5766651335567574e-05,100,2.071278844004094,118.6361572409793,2.972341525489375,0.90106268148528,100,2.103360113080162,114.71903331678884,2.79906891379952,0.695708800719358,-0.032081269076067,0.695708800719358,100,0.033643301175508004,0.401507680898575,0.05886983029553201,0.025226529120023003,100,0.042118660265369,0.42798964192076205,0.06544747243448301,0.023328812169113002,-0.008475359089861,0.023328812169113002,100,0.002451928387018,0.046736396133986,0.005098812509416,0.002646884122397,100,0.0018640522724690002,0.046736396133986,0.0042011139791180005,0.0023370617066490003,0.000587876114549,0.0023370617066490003,100,0.015132717065440001,0.484260177239455,0.026534741684066002,0.011402024618625,100,0.012796276507472,0.484260177239455,0.025724924702802,0.012928648195329,0.0023364405579670003,0.012928648195329,100,0.0017044643746950002,0.09519073549177001,0.0022587670219230004,0.0005543026472270001,100,0.001604978797205,0.06896437999877801,0.002189024409041,0.000584045611836,9.948557749042014e-05,0.000584045611836,0.1,0.14,0,0.09,0.19,0,-0.0061002277380170005,0.165,0.07,0,0.34159159634110603,0.53146358708461,0.23896199406881802,1.4596,193.2,,,,,,0.5954999999999995,1.3800000000000001,-0.079037650760232,0.41401143790849654,0.7272470834118756,-0.010167206299465575,-0.026266421738428358,0.12249052250893677,-0.6053162127814673,0.6552098472212754,e3
e3_O5_A8_78ae896e9c_s2,e3_O5_A8,2,meta-llama/Llama-3.1-8B-Instruct,100,30,prompt,2026-08-02 13:08:10,0.5,0.5,0.5,0.8,0.5,0.15,independent,barabasi_albert,meta-llama/Llama-3.1-8B-Instruct,0.4116,1.8599999999999999,0.8704352615830041,13.40635045633746,,0.102738974334854,-0.7663230240549821,1.5315999999999992,1.16,0.6712209220973171,5.339565869846273,,-0.052117565652125004,-0.12781954887218,0.085899513776337,,100,0.093170252460664,1.032164722364082,0.093208367382951,3.8114922287091365e-05,100,0.092194613734837,1.025307119547631,0.09224587274107801,5.125900624284436e-05,0.000975638725826,5.125900624114444e-05,100,1.93013008465085,120.4287628648747,2.859116019661151,0.928985935010299,100,1.866079329144398,116.79781834643175,2.9301754930934862,1.064096163949087,0.064050755506452,1.064096163949088,100,0.029015502653117003,0.36972932767195105,0.06205711438157901,0.033041611728461005,100,0.036585145032822,0.42798964192076205,0.06174299500959401,0.025157849976771,-0.007569642379704001,0.025157849976771,100,0.002219760311621,0.046736396133986,0.004673148895073,0.002453388583451,100,0.001745155712696,0.046736396133986,0.004085221948442,0.002340066235746,0.00047460459892500003,0.002340066235746,100,0.014136533190695001,0.484260177239455,0.023292547213431002,0.009156014022736001,100,0.021788292239086002,0.484260177239455,0.027296538078038002,0.005508245838951001,-0.007651759048391001,0.005508245838951001,100,0.0020184934897710003,0.101747324365018,0.0025873041173710004,0.000568810627599,100,0.0018650593284230002,0.06896437999877801,0.002514422987184,0.0006493636587610001,0.00015343416134800002,0.0006493636587610001,0.1,0.13,0,0.12,0.11,0,0.008405505260742,0.12,0.009999999999999001,0,0.326910415654031,0.590919728527966,0.286763344266668,1.45,198.0,,,,,,0.9715999999999996,1.5099999999999998,0.0253107043413645,0.4470712864635811,0.7708280918401607,0.00705219068323476,-0.03029638186777141,0.18296715811092648,0.49433311389774154,0.3458319581009108,e3
e3_O5_A8_78ae896e9c_s3,e3_O5_A8,3,meta-llama/Llama-3.1-8B-Instruct,100,30,prompt,2026-08-02 13:11:31,0.5,0.5,0.5,0.8,0.5,0.15,independent,barabasi_albert,meta-llama/Llama-3.1-8B-Instruct,0.41389999999999905,1.8900000000000001,0.8627614607189861,8.014003524562137,,-0.046330814310951006,-0.895833333333333,1.126399999999999,1.06,0.623065949093613,5.2147981906629,,-0.062697146386476,-0.045801526717557,0.050751879699248006,,100,0.092709397480429,1.030301110941494,0.09277428228203201,6.488480160135507e-05,100,0.09332515605862901,1.032469234034439,0.093372682254879,4.752619625110096e-05,-0.0006157585781990001,4.7526196250660686e-05,100,2.668985155709482,126.77598648871773,3.334349525613777,0.665364369904291,100,2.349861481440848,120.47033856546756,3.091723395277061,0.741861913836211,0.31912367426863303,0.741861913836213,100,0.031427292376823006,0.41739685751188704,0.06519802201993101,0.033770729643107004,100,0.032217415220218,0.40680407310301303,0.060904113941343006,0.028686698721124,-0.000790122843394,0.028686698721124,100,0.0025259699604650004,0.059976168409903004,0.004690250856982,0.002164280896516,100,0.002660412523465,0.08976565603071601,0.0048768064943410004,0.0022163939708750003,-0.000134442562999,0.0022163939708750003,100,0.015074908963955,0.484260177239455,0.027394554056112002,0.012319645092156,100,0.016643480053447002,0.484260177239455,0.025439058594785003,0.008795578541338,-0.001568571089491,0.008795578541338,100,0.001818149084037,0.082077557745274,0.002477941272691,0.0006597921886540001,100,0.0017360580981530002,0.09519073549177001,0.002301164228696,0.000565106130543,8.209098588371337e-05,0.000565106130543,0.08,0.15,0,0.12,0.11,0,0.052682811696738004,0.13,0.03,0,0.34074175188474204,0.49569707401032703,0.31737076402284503,1.9104,201.3,,,,,,0.770149999999999,1.475,-0.054513980348713506,0.470817430025445,0.7429137049062995,-0.21838058899355714,-0.35504922752938683,0.13036220289939035,-0.14972736313673257,-0.3213500053967494,e3
e3_O5_A8_78ae896e9c_s4,e3_O5_A8,4,meta-llama/Llama-3.1-8B-Instruct,100,30,prompt,2026-08-02 13:14:48,0.5,0.5,0.5,0.8,0.5,0.15,independent,barabasi_albert,meta-llama/Llama-3.1-8B-Instruct,0.093599999999999,1.92,0.8627863298484041,4.618802153517006,,-0.078533506961839,-1.0,1.293099999999999,1.13,0.797543686828818,6.227598650613392,,-0.08666164280331501,-0.288256227758007,0.063004846526655,,100,0.093247238501101,1.03253013636851,0.093300761805576,5.3523304475861396e-05,100,0.09359008490388,1.032298707499039,0.093639161328358,4.9076424477213696e-05,-0.00034284640277900004,4.907642447755933e-05,100,2.126830456122108,126.49881515143201,2.982061875432318,0.8552314193102111,100,2.448733160873121,120.26246006250327,3.059217451996069,0.610484291122949,-0.321902704751013,0.610484291122947,100,0.027909495210134003,0.40680407310301303,0.063747383125896,0.035837887915761,100,0.038971725936256,0.41739685751188704,0.06407111110517401,0.025099385168917,-0.011062230726121001,0.025099385168917,100,0.002341423324306,0.05335628227194401,0.0046271301910860005,0.0022857068667790003,100,0.002577563115567,0.06328611147888201,0.004944344957546001,0.002366781841979,-0.00023613979126000002,0.002366781841979,100,0.012642443538339002,0.484260177239455,0.029268455447299002,0.016626011908959,100,0.015266290305985001,0.484260177239455,0.025449960425510003,0.010183670119524,-0.002623846767646,0.010183670119524,100,0.0018283615622280002,0.09519073549177001,0.00242774009299,0.0005993785307610001,100,0.001624245980698,0.09519073549177001,0.002204066971487,0.000579820990788,0.00020411558153,0.000579820990788,0.09,0.11,0,0.12,0.14,0,-0.055993942142881004,0.125,0.02,0,0.329105842035234,0.5819437827536921,0.28671890574797704,1.2259,196.6,,,,,,0.693349999999999,1.525,-0.082597574882577,0.6441281138790035,0.8301650083386111,-0.20683226857094283,-0.23608756667627184,0.10812717094477238,-0.11849019098494817,-0.32372825702578967,e3
e3_O5_A8_78ae896e9c_s5,e3_O5_A8,5,meta-llama/Llama-3.1-8B-Instruct,100,30,prompt,2026-08-02 13:18:05,0.5,0.5,0.5,0.8,0.5,0.15,independent,barabasi_albert,meta-llama/Llama-3.1-8B-Instruct,0.2611,1.87,0.798643715283995,12.93735408097459,,-0.040041192149262,-0.9587628865979381,1.35,1.06,0.51118167947867,3.662242095681548,,0.018465702983579,-0.267080745341614,0.020484171322160002,,100,0.093430334965322,1.032164722364082,0.093479213635885,4.8878670561914394e-05,100,0.093078957524742,1.030288930474679,0.09312712029216301,4.8162767420403304e-05,0.00035137744058000005,4.81627674201457e-05,100,2.245103580943187,116.79781834643175,3.244229614049639,0.9991260331064471,100,1.921151484721666,114.02610497357453,2.779461814872323,0.858310330150656,0.32395209622152105,0.858310330150656,100,0.032034405920983,0.41739685751188704,0.065959115543141,0.033924709622157004,100,0.0515574702741,0.47565717176069905,0.07165938283166301,0.020101912557562003,-0.019523064353116,0.020101912557562003,100,0.001178064718709,0.040116509996028005,0.0032310004165100005,0.0020529356978,100,0.002782657456627,0.059976168409903004,0.005080801568197,0.00229814411157,-0.001604592737917,0.00229814411157,100,0.016043127107955,0.484260177239455,0.027262710224812,0.011219583116857001,100,0.011682407848306,0.41468548143135503,0.021951549685203003,0.010269141836896001,0.004360719259648,0.010269141836896001,100,0.0020806663106780004,0.101747324365018,0.0027204255312790002,0.0006397592206010001,100,0.001672361259513,0.06896437999877801,0.002269612308225,0.0005972510487120001,0.00040830505116500005,0.0005972510487120001,0.09,0.08,0,0.1,0.19,0,0.05132414014698,0.135,0.04,0,0.350866530256976,0.519024390243902,0.33407243902343103,1.5291000000000001,196.9,,,,,,0.80555,1.465,-0.010787744582841501,0.612921815969776,0.6549126973813325,-0.17718577113306844,-0.06770147678690197,0.14860415707880273,0.268794378304564,-0.14381696592559873,e3
e3_O8_A2_e95ffb46ee_s1,e3_O8_A2,1,meta-llama/Llama-3.1-8B-Instruct,100,30,prompt,2026-08-02 13:21:26,0.8,0.5,0.5,0.2,0.5,0.15,independent,barabasi_albert,meta-llama/Llama-3.1-8B-Instruct,2.2275,1.4100000000000001,0.660865633910059,4.861936509902588,,-0.038290194567911,0.023076923076923002,0.3104,1.3599999999999999,0.44030768408126403,6.047431568147635,,-0.011649012282841001,-1.0,0.239336492890995,,100,0.09301734284414401,1.032006376295496,0.09307915829289001,6.18154487467668e-05,100,0.093240778235434,1.032225624698153,0.093293345324491,5.2567089058264025e-05,-0.00022343539128900003,5.256708905726492e-05,100,2.239702699381959,116.79781834643175,2.930453781374624,0.6907510819926681,100,1.62636621344655,115.41196166000314,2.688899658485447,1.062533445038893,0.613336485935409,1.062533445038897,100,0.026415234693082,0.41210046530745004,0.063358274311566,0.036943039618484004,100,0.023198628124752003,0.327358190036452,0.054543698905571,0.031345070780818,0.003216606568329,0.031345070780818,100,0.0023814886300760002,0.046736396133986,0.004772148754023001,0.002390660123947,100,0.0020490461088940003,0.046736396133986,0.004507364881062,0.002458318772167,0.000332442521182,0.002458318772167,100,0.017020085161879,0.484260177239455,0.026817521997124002,0.009797436835244,100,0.015287335381597001,0.484260177239455,0.026805261437336,0.011517926055738,0.001732749780282,0.011517926055738,100,0.0014197275479710001,0.06240779112553001,0.001956429139521,0.000536701591549,100,0.00191568304364,0.101747324365018,0.002522529164555,0.0006068461209150001,-0.000495955495668,0.0006068461209150001,0.11,0.17,0,0.11,0.15,0,0.102983148986374,0.16,0.05,0,0.33527889972179303,0.446288209606986,0.450945213290104,2.159999999999999,201.6,,,,,,1.26895,1.385,-0.024969603425376,0.4884615384615385,0.5505866589956615,-0.00015067817060702518,-0.16705560011444845,0.18475236230959824,0.18146070793693697,0.6477446636620409,e3
e3_O8_A2_e95ffb46ee_s2,e3_O8_A2,2,meta-llama/Llama-3.1-8B-Instruct,100,30,prompt,2026-08-02 13:24:51,0.8,0.5,0.5,0.2,0.5,0.15,independent,barabasi_albert,meta-llama/Llama-3.1-8B-Instruct,2.3676,1.46,0.6753336718461741,5.657389773207894,,0.027243978658821003,-0.067137809187279,0.5176000000000001,1.38,0.425560569172355,3.368929683809294,,-0.06154642478617701,-0.9440000000000001,0.12679425837320502,,100,0.09390058992040501,1.032481414501253,0.093939703652842,3.9113732439055644e-05,100,0.09314374061026601,1.032396151233553,0.09320411665769701,6.037604742985747e-05,0.0007568493101380001,6.037604743043545e-05,100,2.198128443493101,120.40104573114613,3.038047514372294,0.83991907087919,100,1.988028873019526,115.86721558149493,2.75795388811613,0.769925015096603,0.21009957047357503,0.769925015096604,100,0.029631769769228003,0.40680407310301303,0.05797016894626,0.028338399177031,100,0.026144885326961003,0.343247366649764,0.054755258519772004,0.028610373192811,0.0034868844422670004,0.028610373192811,100,0.0014302202492110002,0.040116509996028005,0.0036339811297640004,0.0022037608805530002,100,0.0010377189878850001,0.040116509996028005,0.002797505330721,0.0017597863428360002,0.000392501261326,0.0017597863428360002,100,0.017950166270832003,0.484260177239455,0.024053992662783002,0.006103826391950001,100,0.016046591617952,0.484260177239455,0.024143133184777003,0.008096541566824001,0.0019035746528800002,0.008096541566824001,100,0.001829653548653,0.082077557745274,0.002453441301352,0.0006237877526980001,100,0.00196072673463,0.09519073549177001,0.002597214119873,0.0006364873852430001,-0.000131073185976,0.0006364873852430001,0.15,0.14,0,0.14,0.18,0,0.036084717825701,0.16,0.014999999999999002,0,0.341699590786299,0.46255216340874106,0.41839288913884404,2.4339,204.3,,,,,,1.4426,1.42,-0.017151223063678,0.5055689045936396,0.5504471205092646,0.11544436746624596,-0.11061993964142512,0.13484809660529115,0.39714463959076707,1.031624469703246,e3
e3_O8_A2_e95ffb46ee_s3,e3_O8_A2,3,meta-llama/Llama-3.1-8B-Instruct,100,30,prompt,2026-08-02 13:28:15,0.8,0.5,0.5,0.2,0.5,0.15,independent,barabasi_albert,meta-llama/Llama-3.1-8B-Instruct,2.068399999999999,1.44,0.687398395954655,5.464923255377697,,-0.083478993166737,-0.06227106227106201,0.5675,1.25,0.44410193543133203,5.478707307954475,,-0.044758257539492,-0.835820895522388,0.19109947643979003,,100,0.093037468606133,1.032006376295496,0.093091807301899,5.4338695764427755e-05,100,0.093016007247985,1.032067278629567,0.093065822419819,4.9815171834728795e-05,2.146135814863614e-05,4.9815171834596834e-05,100,2.515660942860706,125.1129584650034,3.185569726302473,0.6699087834417601,100,1.8699301534897592,115.8651367964653,2.75501778616817,0.8850876326784111,0.6457307893709471,0.8850876326784101,100,0.023364038166266,0.332654582240889,0.054795766416160005,0.031431728249894,100,0.041211727595438,0.42798964192076205,0.067050171871658,0.025838444276219,-0.017847689429172,0.025838444276219,100,0.0019928814719860004,0.050046339202965,0.004476542235472,0.002483660763486,100,0.001517423727197,0.046736396133986,0.003796975329293,0.002279551602096,0.00047545774478900004,0.002279551602096,100,0.013584332552413002,0.324238376880826,0.023074063838425002,0.009489731286012,100,0.017468212136745,0.484260177239455,0.026029348355475,0.00856113621873,-0.003883879584332,0.00856113621873,100,0.0015576858487430002,0.06896437999877801,0.002145080086187,0.0005873942374440001,100,0.0016886685735310002,0.09519073549177001,0.0022783643725600004,0.000589695799028,-0.000130982724787,0.000589695799028,0.14,0.08,0,0.11,0.13,0,0.104060859455932,0.10500000000000001,-0.019999999999999,0,0.312225531044635,0.5669599217986311,0.26350844446872,2.5171,204.8,,,,,,1.3179499999999995,1.345,-0.0641186253531145,0.44904597889672504,0.5657501656929935,0.07793761916897823,-0.14925575407096978,0.15373437929105313,-0.14070985569687733,0.45904823945244894,e3
e3_O8_A2_e95ffb46ee_s4,e3_O8_A2,4,meta-llama/Llama-3.1-8B-Instruct,100,30,prompt,2026-08-02 13:31:40,0.8,0.5,0.5,0.2,0.5,0.15,independent,barabasi_albert,meta-llama/Llama-3.1-8B-Instruct,1.715599999999999,1.3599999999999999,0.661020815841134,5.580968019100874,,0.026891937932895002,-0.22377622377622303,0.79,1.42,0.6557445896795451,4.988226967416097,,-0.077595783823176,-0.5350877192982451,0.196304849884526,,100,0.094030525693215,1.032164722364082,0.09405815329064901,2.7627597435263755e-05,100,0.09330163449098101,1.031324270153895,0.09335260139052201,5.09668995418623e-05,0.000728891202233,5.096689954066369e-05,100,1.9879196691970131,126.49881515143201,2.897903557340164,0.9099838881431481,100,1.658969089446301,109.1756065710744,2.5621214551500593,0.9031523657037581,0.328950579750711,0.9031523657037571,100,0.035733947414051004,0.41739685751188704,0.058098268098142,0.022364320684090003,100,0.023792149559008,0.31676540562757705,0.051967420788648,0.028175271229640003,0.011941797855043,0.028175271229640003,100,0.001600114727997,0.046736396133986,0.0034749640261780004,0.0018748492981810001,100,0.0014490671298690002,0.046736396133986,0.003507465655843,0.0020583985259740004,0.000151047598128,0.0020583985259740004,100,0.018705724617959,0.484260177239455,0.025027760834225,0.006322036216266,100,0.018975348977468002,0.484260177239455,0.024757234379884002,0.005781885402415,-0.00026962435950900004,0.005781885402415,100,0.00176345797825,0.09519073549177001,0.0024014635715680003,0.0006380055933180001,100,0.0021633376903320003,0.09519073549177001,0.0027521443377210002,0.000588806647389,-0.000399879712081,0.000588806647389,0.17,0.18,0,0.13,0.23,0,0.056850468722421006,0.20500000000000002,0.054999999999999,0,0.34770795025112805,0.540868752919196,0.24685395604172203,1.669899999999999,204.1,,,,,,1.2527999999999995,1.39,-0.0253519229451405,0.37943197153723407,0.6583827027603395,0.057025750394565554,-0.11706460896673526,0.15663461573478635,0.07096611661967848,1.204183790781414,e3
e3_O8_A2_e95ffb46ee_s5,e3_O8_A2,5,meta-llama/Llama-3.1-8B-Instruct,100,30,prompt,2026-08-02 13:35:03,0.8,0.5,0.5,0.2,0.5,0.15,independent,barabasi_albert,meta-llama/Llama-3.1-8B-Instruct,2.325100000000001,1.55,0.73730802796348,6.186145775686766,,-0.0023980815347720004,-0.06529209621993101,0.41389999999999905,1.31,0.48492914504959606,4.408248298499585,,-0.036971046770602006,-1.0,0.168981481481481,,100,0.093474480409567,1.027755393377305,0.09350113973634501,2.6659326777941522e-05,100,0.09323587246402401,1.029570282932636,0.09328013453115401,4.4262067130373604e-05,0.00023860794554300002,4.42620671295968e-05,100,1.8093527151141822,116.3203907179571,2.6627871556624143,0.85343444054823,100,2.093909956590585,116.79781834643175,2.865488056024836,0.771578099434246,-0.28455724147640205,0.77157809943425,100,0.024801798882326,0.385618504285263,0.062382321606322004,0.037580522723995,100,0.025114659271412,0.385618504285263,0.06218919476086401,0.037074535489451006,-0.00031286038908500004,0.037074535489451006,100,0.0012540637019940002,0.040116509996028005,0.003055410701907,0.001801346999912,100,0.001386474835162,0.043426453065007004,0.0035107432876860002,0.0021242684525240004,-0.000132411133167,0.0021242684525240004,100,0.022093272628107,0.484260177239455,0.029033412217858004,0.006940139589751,100,0.017376084996486,0.484260177239455,0.025484369338492,0.008108284342005001,0.0047171876316200005,0.008108284342005001,100,0.0021828752232420003,0.108303913238266,0.0028265704982370003,0.0006436952749950001,100,0.002196945560689,0.108303913238266,0.002845317849874,0.0006483722891850001,-1.4070337446844042e-05,0.0006483722891850001,0.18,0.1,0,0.11,0.09,0,-0.046676797959823005,0.095,-0.049999999999999004,0,0.32503865915128904,0.42075892857142805,0.486831965146767,1.785099999999999,203.3,,,,,,1.3695,1.4300000000000002,-0.019684564152687004,0.5326460481099655,0.611118586506538,-0.013672039786791546,-0.19101368573230182,0.13659630367909026,0.38404731376095236,0.07336336788311218,e3
e3_O8_A5_577fc837c0_s1,e3_O8_A5,1,meta-llama/Llama-3.1-8B-Instruct,100,30,prompt,2026-08-02 13:38:23,0.8,0.5,0.5,0.5,0.5,0.15,independent,barabasi_albert,meta-llama/Llama-3.1-8B-Instruct,0.7531,1.77,0.8270347600576451,7.452526251125131,,0.041524853333588005,-0.8587360594795531,1.1236,1.04,0.656185929924888,5.020969472996234,,-0.035631997403861006,-0.184549356223175,0.139240506329113,,100,0.093511914906914,1.032615399636211,0.093560248564014,4.833365710047005e-05,100,0.092761174013455,1.029265771262278,0.09283012040114101,6.894638768505031e-05,0.000750740893458,6.894638768584205e-05,100,1.7632855696881382,114.02610497357453,2.74474396700158,0.9814583973134391,100,2.156455056269113,120.63664136783899,3.028166926896252,0.8717118706271351,-0.393169486580975,0.8717118706271381,100,0.032057584115051004,0.343247366649764,0.05228997867955901,0.020232394564507,100,0.033802527664701,0.41739685751188704,0.06394464125278901,0.030142113588088004,-0.001744943549649,0.030142113588088004,100,0.0018849467881360002,0.046736396133986,0.004074846432795,0.002189899644659,100,0.0023264886799890003,0.05335628227194401,0.004672411897068,0.0023459232170790004,-0.000441541891853,0.0023459232170790004,100,0.020407855932007002,0.484260177239455,0.029147988056617002,0.00874013212461,100,0.013093644087681001,0.370621507419559,0.023610484868671,0.010516840780990001,0.007314211844326001,0.010516840780989,100,0.001371989522113,0.055851202252282,0.001984558009042,0.0006125684869280001,100,0.0019079042295140002,0.09519073549177001,0.002493329989023,0.0005854257595090001,-0.0005359147074000001,0.0005854257595090001,0.13,0.17,0,0.07,0.06,0,-0.06463782233201501,0.115,0.015,0,0.277531416267622,0.436120401337792,0.45568482473560906,2.1299,199.8,,,,,,0.93835,1.405,0.0029464279648634996,0.521642707851364,0.7416103449912665,-0.15440489981212893,-0.15663350348610436,0.15256185339341438,0.24239116640999167,-0.2310802903908729,e3
e3_O8_A5_577fc837c0_s2,e3_O8_A5,2,meta-llama/Llama-3.1-8B-Instruct,100,30,prompt,2026-08-02 13:41:46,0.8,0.5,0.5,0.5,0.5,0.15,independent,barabasi_albert,meta-llama/Llama-3.1-8B-Instruct,0.9851000000000001,1.79,0.866571063037594,6.668530211742818,,-0.055562711262578,-0.7142857142857141,1.44,1.16,0.584588463849653,4.8986211148375745,,-0.10890266901566902,0.032258064516129004,0.11045364891518701,,100,0.09284333743469601,1.028376597184834,0.092897132072474,5.3794637776301084e-05,100,0.092877209452213,1.032237805164967,0.09293835060982,6.114115760724018e-05,-3.387201751670066e-05,6.114115760674776e-05,100,2.038780654356075,115.41196166000314,2.839848300771661,0.801067646415587,100,2.334652034429819,126.49881515143201,3.152996193113818,0.818344158684001,-0.29587138007374403,0.818344158683998,100,0.043186713567107,0.42798964192076205,0.065255103760938,0.02206839019383,100,0.029361604180905002,0.343247366649764,0.057677715506882006,0.028316111325976,0.013825109386202001,0.028316111325976,100,0.001500148351518,0.046736396133986,0.00330775758064,0.0018076092291220002,100,0.0015518101998670002,0.046736396133986,0.003984989991658,0.00243317979179,-5.166184834964829e-05,0.00243317979179,100,0.017910176416137,0.484260177239455,0.025140774923641,0.007230598507504,100,0.013906787032135002,0.484260177239455,0.023135153732953002,0.009228366700818,0.004003389384001001,0.009228366700818,100,0.001689645201534,0.06896437999877801,0.0022623822479010004,0.000572737046367,100,0.001745272456754,0.082077557745274,0.0024069657456150004,0.0006616932888610001,-5.5627255220107134e-05,0.0006616932888610001,0.11,0.12,0,0.12,0.07,0,-0.046364007070771006,0.095,-0.019999999999999,0,0.327825138824673,0.48456859653075,0.348480658121725,2.0371,203.6,,,,,,1.21255,1.475,-0.08223269013912352,0.34101382488479254,0.7255797634436235,-0.0025785626591052213,-0.11297779647272083,0.14317410849150888,-0.2121568094986417,0.11020371709217114,e3
e3_O8_A5_577fc837c0_s3,e3_O8_A5,3,meta-llama/Llama-3.1-8B-Instruct,100,30,prompt,2026-08-02 13:45:13,0.8,0.5,0.5,0.5,0.5,0.15,independent,barabasi_albert,meta-llama/Llama-3.1-8B-Instruct,0.717599999999999,1.8,0.8826808137534361,6.409502603600159,,0.002094794189322,-0.7916666666666661,1.184399999999999,1.06,0.620057264444414,5.410190695937644,,-0.07113044049823,-0.106870229007633,0.10309278350515401,,100,0.09333519012041601,1.032262166098596,0.09338549175799901,5.0301637582519575e-05,100,0.09298108088793701,1.026318098293218,0.093031555661961,5.047477402314971e-05,0.00035410923247800003,5.0474774023492874e-05,100,1.7215860481790992,99.47460976607414,2.570333692876151,0.8487476446970521,100,1.922437974259498,115.41196166000314,2.9370332280119893,1.01459525375249,-0.200851926080398,1.014595253752491,100,0.047955454211813006,0.438582426329637,0.07215527342559401,0.024199819213781,100,0.039671082634412005,0.42269324971632505,0.06438285659552401,0.024711773961112002,0.008284371577401,0.024711773961112002,100,0.002148678424029,0.046736396133986,0.0044892316489910005,0.0023405532249610003,100,0.002668705101383,0.05335628227194401,0.0051680528387290006,0.002499347737345,-0.000520026677353,0.002499347737345,100,0.016580489250866002,0.484260177239455,0.024607942142470002,0.008027452891604,100,0.012826808434216,0.41468548143135503,0.024447411295077003,0.01162060286086,0.0037536808166490003,0.01162060286086,100,0.0014685283018040002,0.06896437999877801,0.002010959591609,0.000542431289804,100,0.0016644886171210001,0.06896437999877801,0.0022481712991970003,0.000583682682076,-0.00019596031531600002,0.000583682682076,0.13,0.17,0,0.1,0.09,0,-0.031529291907756,0.13,0.015,0,0.30623174291242805,0.454420701823171,0.47072538461540303,2.197899999999999,206.8,,,,,,0.950999999999999,1.4300000000000002,-0.034517823154454,0.44926844783714953,0.751369039098925,-0.13942111827929826,-0.03472439854696937,0.17567685596131768,-0.01827251223775983,-0.05913334951922056,e3
e3_O8_A5_577fc837c0_s4,e3_O8_A5,4,meta-llama/Llama-3.1-8B-Instruct,100,30,prompt,2026-08-02 13:48:34,0.8,0.5,0.5,0.5,0.5,0.15,independent,barabasi_albert,meta-llama/Llama-3.1-8B-Instruct,1.0179,1.85,0.901586378076714,7.561142162729196,,-0.018322875607207002,-0.776951672862453,1.1451,1.15,0.6795377223709871,5.925780661821738,,0.059853396886239,-0.388888888888888,0.11914062500000001,,100,0.092244284859401,1.025709074952503,0.09231119338138001,6.690852197859823e-05,100,0.093376371077211,1.031982015361867,0.09342679952536201,5.0428448149990295e-05,-0.001132086217809,5.0428448151298995e-05,100,2.065186550121147,125.1129584650034,2.8849539200614993,0.81976736994035,100,2.033702666595519,115.17220845325099,2.815723783133792,0.7820211165382721,0.031483883525627004,0.7820211165382731,100,0.027012391217861004,0.40680407310301303,0.053563756997745,0.026551365779883002,100,0.023234844548052,0.337950974445327,0.054884261600076006,0.031649417052023,0.0037775466698090005,0.031649417052023,100,0.0016189615785480002,0.046736396133986,0.003591223208324,0.0019722616297760003,100,0.0026846128800850004,0.05335628227194401,0.0049196893074070006,0.0022350764273230002,-0.001065651301536,0.002235076427322,100,0.018185536632455,0.484260177239455,0.026958802377372002,0.008773265744916001,100,0.019118774925574,0.484260177239455,0.027194274772494004,0.008075499846920001,-0.0009332382931190001,0.008075499846920001,100,0.0013900136707770002,0.055851202252282,0.0019527503928500002,0.000562736722073,100,0.001696722050626,0.082077557745274,0.0022899117250740003,0.000593189674447,-0.00030670837984800005,0.000593189674447,0.12,0.09,0,0.13,0.12,0,0.005303957667187001,0.105,-0.02,0,0.321962551204162,0.454406964091403,0.42494981406153703,2.31,201.4,,,,,,1.0815000000000001,1.5,0.020765260639516,0.5829202808756705,0.7905620502238506,-0.15037894643695088,-0.10805776814267948,0.1374374546645225,0.6430750306424557,-0.2991686757961715,e3
e3_O8_A5_577fc837c0_s5,e3_O8_A5,5,meta-llama/Llama-3.1-8B-Instruct,100,30,prompt,2026-08-02 13:51:57,0.8,0.5,0.5,0.5,0.5,0.15,independent,barabasi_albert,meta-llama/Llama-3.1-8B-Instruct,0.55,1.78,0.8028845732566401,6.324326209903596,,0.032364206128133004,-0.8436213991769541,1.089899999999999,1.09,0.780248102290879,5.877649410259858,,-0.027567052402695,-0.23015873015873,0.054421768707482006,,100,0.09327115476259001,1.032006376295496,0.093333234666782,6.207990419235986e-05,100,0.09274799209944401,1.032079459096381,0.09281200817530201,6.401607585740546e-05,0.000523162663146,6.40160758585695e-05,100,2.202885636763376,116.5580651396796,2.93066391292562,0.7277782761622411,100,1.94091206525313,116.79781834643175,2.876490186620952,0.935578121367823,0.26197357151024503,0.935578121367821,100,0.029506302416861002,0.401507680898575,0.062355928061889006,0.032849625645027004,100,0.030537890752756,0.401507680898575,0.063200522724996,0.03266263197224,-0.0010315883358950001,0.03266263197224,100,0.002093864313703,0.05335628227194401,0.004476361190240001,0.002382496876537,100,0.002038605928333,0.046736396133986,0.004227865648615,0.002189259720281,5.52583853701211e-05,0.002189259720281,100,0.016624694395144,0.484260177239455,0.026264499424419004,0.009639805029274001,100,0.014583238937764002,0.484260177239455,0.024836859679050003,0.010253620741286001,0.0020414554573800004,0.010253620741286001,100,0.001584813335724,0.06896437999877801,0.0021384091744410002,0.000553595838716,100,0.0019178307539520001,0.09519073549177001,0.0025367782458170004,0.0006189474918640001,-0.00033301741822800004,0.0006189474918640001,0.11,0.13,0,0.11,0.2,0,0.043871473710336006,0.165,0.05500000000000001,0,0.337776945574208,0.44457831325301206,0.40781022265974803,2.2131,202.4,,,,,,0.8199499999999995,1.435,0.0023985768627190016,0.5368900646678421,0.7915663377737596,-0.06121211713631305,-0.14927504944224304,0.16356109956155854,0.23730288001217922,0.48569470612259424,e3
e3_O8_A8_c7debfd637_s1,e3_O8_A8,1,meta-llama/Llama-3.1-8B-Instruct,100,30,prompt,2026-08-02 13:55:17,0.8,0.5,0.5,0.8,0.5,0.15,independent,barabasi_albert,meta-llama/Llama-3.1-8B-Instruct,0.009899999999999002,1.99,0.999051008578636,1.414213562373095,,-0.005181347150228,-1.0,0.4736,1.08,0.5576444182753091,7.621137964189456,,-0.019746770686788002,-0.660377358490566,0.012915129151291001,,100,0.092334543134822,1.032067278629567,0.09240512496403101,7.058182920945615e-05,100,0.09284760312430701,1.032067278629567,0.09291397807399401,6.637494968675381e-05,-0.0005130599894850001,6.63749496873367e-05,100,2.380780024882323,120.93460055542114,3.068747617117481,0.687967592235154,100,2.374929515756544,123.30025791915477,3.08885032179329,0.713920806036742,0.005850509125779,0.713920806036746,100,0.035137474140805,0.41739685751188704,0.065835005625581,0.030697531484775,100,0.018532200326688,0.332654582240889,0.054235121057245005,0.035702920730556004,0.016605273814117,0.035702920730556004,100,0.002657649564476,0.059976168409903004,0.004883058788287001,0.0022254092238110004,100,0.002055932858822,0.050046339202965,0.004320460369876,0.002264527511054,0.0006017167056530001,0.002264527511054,100,0.017737691646476,0.484260177239455,0.026863769933661002,0.009126078287185,100,0.021447469370486003,0.5004942729280111,0.031369954527176,0.009922485156689,-0.0037097777240100004,0.009922485156689,100,0.0018399382348410001,0.09519073549177001,0.002453621993232,0.000613683758391,100,0.001403525495866,0.06240779112553001,0.002049795432943,0.0006462699370770001,0.00043641273897400006,0.0006462699370770001,0.09,0.19,0,0.11,0.06,0,0.003211845778504,0.125,0.024999999999999002,0,0.271467413101773,0.452885624344176,0.454340296081757,2.460399999999999,200.6,,,,,,0.24174999999999952,1.5350000000000001,-0.012464058918508,0.8301886792452831,0.7783477134269725,-0.02831214358239785,-0.032876434253785836,0.1270872307203008,0.27727164713074276,0.2691195642410946,e3
e3_O8_A8_c7debfd637_s2,e3_O8_A8,2,meta-llama/Llama-3.1-8B-Instruct,100,30,prompt,2026-08-02 13:58:37,0.8,0.5,0.5,0.8,0.5,0.15,independent,barabasi_albert,meta-llama/Llama-3.1-8B-Instruct,0.245099999999999,1.99,0.979805656812586,9.899494936611665,,-0.063639045329554,-0.759450171821305,0.812399999999999,0.86,0.34470687785639004,4.8211351000828415,,-0.016301741463825,-0.59090909090909,0.055718475073313005,,100,0.09277583867200101,1.030678705412737,0.09283169199794601,5.5853325945247316e-05,100,0.093396346353254,1.032432692633996,0.09344311075159001,4.676439833521455e-05,-0.0006205076812520001,4.676439833613266e-05,100,2.32269141269525,126.49881515143201,3.034596813610259,0.7119054009150101,100,2.6308217422337252,123.51645156223765,3.21324662826184,0.582424886028112,-0.308130329538474,0.582424886028115,100,0.033761080765854004,0.40680407310301303,0.055516690280877,0.021755609515023002,100,0.039307160866717004,0.41739685751188704,0.06211425255613601,0.022807091689418003,-0.005546080100863,0.022807091689418003,100,0.0021098872579120003,0.05335628227194401,0.004223697378815,0.002113810120903,100,0.0019529470364690001,0.046736396133986,0.0040726490331400005,0.0021197019966700003,0.000156940221443,0.0021197019966700003,100,0.027247228306447,0.5213666816704411,0.031248978784123003,0.004001750477675,100,0.018774420229857,0.484260177239455,0.026380399443023003,0.007605979213165001,0.00847280807659,0.007605979213165001,100,0.001773949739769,0.06896437999877801,0.002378417981531,0.000604468241761,100,0.0017585752528450002,0.09519073549177001,0.002345565104218,0.000586989851372,1.5374486923251572e-05,0.000586989851372,0.11,0.1,0,0.07,0.08,0,-0.050941965755939005,0.09,0.0,0,0.29591417550479804,0.416142330223475,0.43885627512978004,2.5276,199.4,,,,,,0.528749999999999,1.425,-0.0399703933966895,0.6751796313651975,0.6622562673344881,-0.14811959435339747,-0.17132849433766495,0.10259856886284535,-0.06721190559633405,-0.413852861575405,e3
e3_O8_A8_c7debfd637_s3,e3_O8_A8,3,meta-llama/Llama-3.1-8B-Instruct,100,30,prompt,2026-08-02 14:02:05,0.8,0.5,0.5,0.8,0.5,0.15,independent,barabasi_albert,meta-llama/Llama-3.1-8B-Instruct,0.056400000000000006,1.94,0.9937195334965001,13.711309200802086,,-0.035587188612097004,-1.0,1.0656,1.08,0.48542496230869703,4.3457158100408915,,-0.034665126126743,-0.631901840490797,0.003189792663476,,100,0.093666817189926,1.032298707499039,0.09370118017053,3.436298060332553e-05,100,0.09345023718046301,1.031969834895053,0.09349394818598701,4.371100552376378e-05,0.00021658000946200002,4.37110055243467e-05,100,2.23937461603301,116.79781834643175,3.007067816047633,0.76769320001462,100,2.604798210146905,123.99318626236908,3.278261856736235,0.673463646589328,-0.365423594113894,0.673463646589329,100,0.025872309174886,0.332654582240889,0.06314835475203401,0.037276045577148004,100,0.026293531256105004,0.37502571987638805,0.053442847847119,0.027149316591014,-0.000421222081219,0.027149316591014,100,0.0034563475726670004,0.14603468820336202,0.005667056093349001,0.002210708520682,100,0.002074594125997,0.046736396133986,0.004069249746570001,0.0019946556205730002,0.001381753446669,0.0019946556205730002,100,0.020363961313914002,0.484260177239455,0.029219135523326,0.008855174209411001,100,0.018186040847765,0.484260177239455,0.027979996564135003,0.009793955716369,0.0021779204661480003,0.009793955716369,100,0.001512261456697,0.06568608556215401,0.002109959908575,0.000597698451878,100,0.00123620025134,0.055851202252282,0.0017258455920380002,0.000489645340698,0.000276061205356,0.000489645340698,0.11,0.12,0,0.11,0.1,0,-0.060298750177912,0.11,0.0,0,0.310651352823377,0.5060463209674111,0.357043542535638,2.54,207.8,,,,,,0.561,1.51,-0.03512615736942,0.8159509202453985,0.7395722479025986,-0.04888284777625668,0.01017245635432302,0.11882248847725096,0.2539876187687393,0.07861900132044539,e3
e3_O8_A8_c7debfd637_s4,e3_O8_A8,4,meta-llama/Llama-3.1-8B-Instruct,100,30,prompt,2026-08-02 14:05:25,0.8,0.5,0.5,0.8,0.5,0.15,independent,barabasi_albert,meta-llama/Llama-3.1-8B-Instruct,0.058399999999999,1.96,0.9174872064259451,4.131156395312338,,-0.015520249793386,-1.0,0.7536,1.18,0.579267699757271,5.9904525609941945,,0.018502903508073,-0.654676258992805,0.06565656565656501,,100,0.093175228058157,1.032128180963639,0.093230716665422,5.5488607265872524e-05,100,0.093135293247378,1.031872391160538,0.093186158401119,5.0865153739329964e-05,3.9934810778324836e-05,5.0865153740198295e-05,100,2.298821616691005,121.78274484751546,3.019280483800696,0.7204588671096911,100,2.196844163993691,118.7380177074318,3.007263981676342,0.81041981768265,0.10197745269731301,0.81041981768265,100,0.028450945499588,0.401507680898575,0.06031140771826501,0.031860462218676,100,0.019153322313153,0.32206179783201505,0.059355591435776005,0.040202269122622,0.009297623186435,0.040202269122622,100,0.00273607186891,0.09638554216867401,0.005028902556554,0.0022928306876440004,100,0.0019277898803650001,0.050046339202965,0.0039618420581870005,0.0020340521778210003,0.000808281988544,0.0020340521778210003,100,0.017319474104201,0.484260177239455,0.025585228710623003,0.008265754606421,100,0.023778471615774,0.493536803347202,0.028637255132071004,0.004858783516296,-0.006458997511572,0.004858783516296,100,0.0018558115466980002,0.09519073549177001,0.002466587668448,0.000610776121749,100,0.0018533628074950002,0.09519073549177001,0.00253318944648,0.0006798266389840001,2.448739203295743e-06,0.0006798266389840001,0.16,0.09,0,0.08,0.11,0,0.017611123985116002,0.1,-0.019999999999999,0,0.27951154692560803,0.438689685701637,0.445514803547141,2.2564,200.4,,,,,,0.40599999999999953,1.5699999999999998,0.0014913268573435003,0.8273381294964025,0.7483774530916081,-0.06251181718433425,-0.1643842233262082,0.14304093571535206,0.5068770427447049,-0.04809965060163812,e3
e3_O8_A8_c7debfd637_s5,e3_O8_A8,5,meta-llama/Llama-3.1-8B-Instruct,100,30,prompt,2026-08-02 14:08:50,0.8,0.5,0.5,0.8,0.5,0.15,independent,barabasi_albert,meta-llama/Llama-3.1-8B-Instruct,0.058399999999999,1.96,0.9174872064259451,4.131156395312338,,-0.015545685279202002,-1.0,0.6996,1.24,0.5401713474759541,6.057142857142858,,-0.06006331584197001,-0.7508896797153021,0.035164835164835005,,100,0.093389560402448,1.031555699023367,0.093437553466769,4.7993064322627756e-05,100,0.093213920606278,1.03176276695921,0.09325765648393201,4.373587765262322e-05,0.000175639796169,4.373587765389708e-05,100,2.287582920451529,116.79781834643175,3.016830673256203,0.729247752804671,100,2.439355681973362,120.63664136783899,3.110158905217734,0.670803223244374,-0.151772761521832,0.670803223244371,100,0.038108842991761004,0.41739685751188704,0.062618750542587,0.024509907550825,100,0.024727617928660003,0.343247366649764,0.05641253716420801,0.031684919235547004,0.013381225063100001,0.031684919235547004,100,0.002819485106166,0.06659605454786101,0.005247641401963,0.002428156295797,100,0.0024658923723410004,0.05335628227194401,0.004740892481121001,0.0022750001087790002,0.000353592733824,0.0022750001087790002,100,0.020194345278014003,0.484260177239455,0.027958007135474004,0.00776366185746,100,0.014148900874384002,0.484260177239455,0.022893222769180002,0.008744321894796,0.006045444403630001,0.008744321894796,100,0.001977597945058,0.108303913238266,0.002587383700062,0.0006097857550030001,100,0.0019038803122930002,0.101747324365018,0.0024809826110600004,0.000577102298766,7.371763276514676e-05,0.000577102298766,0.08,0.05,0,0.16,0.09,0,-0.02195719031539,0.07,-0.049999999999999004,0,0.29216890171806403,0.482045039561777,0.358064442780932,2.3459,205.5,,,,,,0.3789999999999995,1.6,-0.037804500560586006,0.8754448398576511,0.7288292769509496,-0.218462228032433,-0.21410396564379278,0.11902138377665243,0.33962959472639853,-0.8103702102102989,e3
e1_norm_baseline_bc74285f52_s6,e1_norm_baseline,6,meta-llama/Llama-3.1-8B-Instruct,100,30,prompt,2026-08-02 17:23:16,0.5,0.5,0.5,0.5,0.5,0.15,independent,barabasi_albert,meta-llama/Llama-3.1-8B-Instruct,1.2316,1.56,0.7416436434161331,5.808409273643797,,0.002470605332908,-0.612676056338028,1.4075,1.17,0.654159433743253,5.451936550042239,,-0.0042789189032640005,-0.078125,0.204379562043795,,100,0.09284132262736701,1.028936898658292,0.092903374417221,6.205178985335093e-05,100,0.07538325883126401,1.031823669293281,0.16577949668560002,0.09039623785433601,0.017458063796103002,0.09039623785433601,100,1.968073718418722,116.10489000321745,2.90879192183773,0.94071820341901,100,1.628760355706379,98.10469043153945,2.561707027246458,0.932946671540073,0.339313362712342,0.932946671540078,100,0.035248468286993004,0.42798964192076205,0.062010216324957006,0.026761748037963003,100,0.02775190372853,0.343247366649764,0.05620297053677101,0.028451066808241002,0.0074965645584630005,0.028451066808241002,100,0.002546903975197,0.08645571296173701,0.005000760445529001,0.002453856470331,100,0.002005072315744,0.046736396133986,0.004335331022606,0.0023302587068610003,0.0005418316594520001,0.0023302587068610003,100,0.014239266881232001,0.34511078562325603,0.021758860732245002,0.007519593851012,100,0.015065499190145002,0.484260177239455,0.025085021644056002,0.010019522453910001,-0.0008262323089130001,0.010019522453910001,100,0.0017925905409050002,0.09519073549177001,0.002375616832621,0.0005830262917150001,100,0.001984849293352,0.09519073549177001,0.002730621796532,0.0007457725031790001,-0.000192258752446,0.0007457725031790001,0.12,0.12,0,0.11,0.16,0,0.060631888610833004,0.14,0.025,0,0.349249712420623,0.5909684155572951,0.322811496731475,0.9074999999999991,192.3,,,,,,1.31955,1.365,-0.0009041567851780002,0.345400528169014,0.6979015385796931,0.02129864783761798,-0.08674814119640857,0.17748158831109997,0.18802145992096264,0.5560594078452645,e1
e1_norm_baseline_bc74285f52_s7,e1_norm_baseline,7,meta-llama/Llama-3.1-8B-Instruct,100,30,prompt,2026-08-02 17:28:06,0.5,0.5,0.5,0.5,0.5,0.15,independent,barabasi_albert,meta-llama/Llama-3.1-8B-Instruct,1.291599999999999,1.28,0.651269840221101,5.282916187352677,,0.065379002756423,-0.39923954372623505,0.847599999999999,1.06,0.49463774861540005,4.360610665163119,,-0.024212116323747,-0.6292682926829261,0.139846743295019,,100,0.09330957052116001,1.032164722364082,0.093349358645365,3.9788124206127906e-05,100,0.09327961195932201,1.032237805164967,0.093326688148973,4.707618964941808e-05,2.995856183730938e-05,4.707618965053839e-05,100,1.632403360591677,88.2484776776592,2.562853771579704,0.9304504109880221,100,1.6011195949554962,101.55339479571705,2.634165576038717,1.033045981083223,0.03128376563618,1.03304598108322,100,0.039165196989108,0.41739685751188704,0.062651840171227,0.023486643182119002,100,0.025804094686749,0.332654582240889,0.054649074883434005,0.028844980196685,0.013361102302358001,0.028844980196685,100,0.0013975301467070002,0.040116509996028005,0.0036389278977680003,0.0022413977510610003,100,0.002130038775457,0.05335628227194401,0.0046410178275610005,0.0025109790521030003,-0.0007325086287500001,0.0025109790521030003,100,0.009179202266138001,0.34511078562325603,0.026031480286279003,0.016852278020141002,100,0.014770703836551002,0.484260177239455,0.027562929671341004,0.012792225834789001,-0.005591501570412,0.012792225834790002,100,0.0023422245915760004,0.108303913238266,0.0029295068602940002,0.000587282268717,100,0.0019904658247610002,0.09519073549177001,0.0026716599803510003,0.0006811941555900001,0.00035175876681500004,0.0006811941555900001,0.09,0.1,0,0.1,0.11,0,0.006450429178004,0.10500000000000001,0.01,0,0.353874997145161,0.5787662165740001,0.306974778799222,1.3875,290.0,,,,,,1.069599999999999,1.17,0.020583443216338,0.5142539182045806,0.5729537944182506,-0.028671227894085438,-0.12603604594033216,0.17965373941867324,0.04487847525925129,0.10501071727859161,e1
e1_norm_baseline_bc74285f52_s8,e1_norm_baseline,8,meta-llama/Llama-3.1-8B-Instruct,100,30,prompt,2026-08-02 17:31:12,0.5,0.5,0.5,0.5,0.5,0.15,independent,barabasi_albert,meta-llama/Llama-3.1-8B-Instruct,1.439999999999999,1.34,0.6610319242310151,5.240007390994545,,-0.10404073268603901,-0.159090909090909,1.5459,1.19,0.604137242006065,5.818012386367991,,-0.102914247590387,0.041666666666666005,0.21150278293135402,,100,0.093302568062349,1.032164722364082,0.093351759512555,4.9191450206775475e-05,100,0.09250474881096901,1.025684714018874,0.09256626162680501,6.15128158354651e-05,0.000797819251379,6.151281583570424e-05,100,1.831364512303781,107.09682154143148,2.6314451021738963,0.8000805898701161,100,1.6764074140737342,59.07619442833698,2.595305814714812,0.9188984006410761,0.15495709823004603,0.9188984006410771,100,0.033503511040816,0.396211288694138,0.062864732447678,0.029361221406862002,100,0.031258366997409005,0.41210046530745004,0.067461442397408,0.0362030754,0.0022451440434070003,0.036203075399999,100,0.0018110595884750001,0.046736396133986,0.004075410331267001,0.002264350742791,100,0.001209935324946,0.040116509996028005,0.0032328324406520003,0.002022897115706,0.000601124263529,0.002022897115706,100,0.015280852492205002,0.484260177239455,0.025859511068212004,0.010578658576007,100,0.01093596526045,0.41468548143135503,0.025227780422379,0.014291815161928002,0.004344887231754,0.014291815161928002,100,0.001977841885556,0.108303913238266,0.002600979600102,0.000623137714546,100,0.0018024063353530002,0.082077557745274,0.0024167953394790003,0.000614389004126,0.000175435550203,0.000614389004126,0.1,0.14,0,0.09,0.06,0,0.027186918095053,0.1,0.005,0,0.31418959968640703,0.6147764449291161,0.24683013855896202,1.3699,186.7,,,,,,1.4929499999999996,1.2650000000000001,-0.103477490138213,0.0587121212121215,0.63258458311854,0.16435578484434393,0.1365178705839186,0.16201534835644527,-0.8045060374021101,0.7053053987583414,e1
e1_openness_high_346c29e033_s6,e1_openness_high,6,meta-llama/Llama-3.1-8B-Instruct,100,30,prompt,2026-08-02 17:34:35,0.8,0.5,0.5,0.5,0.5,0.15,independent,barabasi_albert,meta-llama/Llama-3.1-8B-Instruct,0.44160000000000005,1.78,0.814143093541223,8.466990166559787,,-0.01607623481487,-0.928571428571428,1.16,1.04,0.627619328700852,4.849742261192857,,-0.052441229656419,-0.15226337448559601,0.07610993657505201,,100,0.09372227463961101,1.032140361430453,0.09375849353483101,3.6218895219906165e-05,100,0.093202537309662,1.032164722364082,0.093249951285858,4.741397619637093e-05,0.000519737329949,4.7413976196314385e-05,100,2.200540865509106,116.79781834643175,3.01496589242065,0.8144250269115431,100,2.00845589863593,118.69644200683894,3.050430485911288,1.041974587275355,0.19208496687317503,1.041974587275357,100,0.022951440848832,0.32206179783201505,0.054133547394114,0.031182106545282,100,0.036884226897775006,0.42269324971632505,0.059684114040118,0.022799887142342,-0.013932786048943002,0.022799887142342,100,0.001868247316097,0.046736396133986,0.0039685624230620005,0.0021003151069640003,100,0.0025364002905770002,0.06659605454786101,0.005102117197938001,0.00256571690736,-0.00066815297448,0.00256571690736,100,0.016975915986063,0.484260177239455,0.026041086983311004,0.009065170997248,100,0.018455326910549002,0.505132585981885,0.028589116384137,0.010133789473588001,-0.0014794109244860001,0.010133789473588001,100,0.0015827647346520002,0.06896437999877801,0.002108333017066,0.000525568282413,100,0.0015883692161420002,0.06896437999877801,0.0021921265421070003,0.000603757325965,-5.604481490107099e-06,0.000603757325965,0.14,0.07,0,0.13,0.12,0,0.029419791628954,0.095,-0.04,0,0.301414817316564,0.48286869546712,0.343841846460855,2.497599999999999,202.9,,,,,,0.8008,1.4100000000000001,-0.034258732235644504,0.540417401528512,0.7208812111210375,-0.11413862572205626,-0.13428964071241226,0.1796875253501344,-0.04010104060519812,-0.2602763076754039,e1
e1_openness_high_346c29e033_s7,e1_openness_high,7,meta-llama/Llama-3.1-8B-Instruct,100,30,prompt,2026-08-02 17:37:57,0.8,0.5,0.5,0.5,0.5,0.15,independent,barabasi_albert,meta-llama/Llama-3.1-8B-Instruct,0.6956000000000001,1.74,0.785136350127247,7.903251976352264,,-0.053412766181915004,-0.7509727626459141,0.9695999999999991,1.0,0.630732121279989,5.083822332923415,,0.004961243562445,-0.30000000000000004,0.14143920595533502,,100,0.093746987608435,1.031628781824252,0.09377906735430701,3.2079745873211795e-05,100,0.09318574863378201,1.032262166098596,0.093224790060505,3.9041426721999175e-05,0.0005612389746520001,3.9041426722979944e-05,100,2.009803083321633,116.79781834643175,2.862039094769133,0.8522360114475,100,2.254360566220061,116.31900486127066,2.9240541146949663,0.669693548474904,-0.24455748289842702,0.669693548474904,100,0.033163286329716005,0.42798964192076205,0.070860482094642,0.037697195764925,100,0.028770183266853003,0.385618504285263,0.057396334583751006,0.028626151316898003,0.004393103062863,0.028626151316898003,100,0.002454998594687,0.046736396133986,0.004722412001475,0.0022674134067880002,100,0.0024508415224880004,0.050046339202965,0.0049532953058490006,0.00250245378336,4.157072199092483e-06,0.00250245378336,100,0.014802026851723,0.484260177239455,0.025817229154440003,0.011015202302717,100,0.015418689470541001,0.484260177239455,0.023285954550838,0.007867265080297,-0.0006166626188170001,0.007867265080297,100,0.0016228035390380001,0.06896437999877801,0.0021937657308570002,0.000570962191818,100,0.0023036499361210002,0.108303913238266,0.002915168163654,0.0006115182275330001,-0.0006808463970830001,0.0006115182275330001,0.13,0.1,0,0.13,0.15,0,-0.040149415467435,0.125,-0.005,0,0.33144784636663205,0.424350377200335,0.446615462622213,2.0864,201.7,,,,,,0.8325999999999996,1.37,-0.024225761309735003,0.5254863813229571,0.707934235703618,-0.2664821232667629,-0.2205811021153726,0.11822332971828568,-0.03776229109755866,-0.5218195724871265,e1
e1_openness_high_346c29e033_s8,e1_openness_high,8,meta-llama/Llama-3.1-8B-Instruct,100,30,prompt,2026-08-02 17:41:17,0.8,0.5,0.5,0.5,0.5,0.15,independent,barabasi_albert,meta-llama/Llama-3.1-8B-Instruct,0.8356,1.8,0.849903568228195,7.924052531942795,,-0.07308049773061501,-0.6976744186046511,1.308399999999999,1.1400000000000001,0.66143842672414,5.258271169578588,,-0.080548414738646,-0.07692307692307601,0.090146750524109,,100,0.093502809295451,1.030837051481323,0.09354097449829801,3.816520284860905e-05,100,0.092827578343376,1.03201855676231,0.09288422508777201,5.664674439487769e-05,0.000675230952074,5.6646744395413846e-05,100,1.690575090226973,113.40246946468166,2.695657938292821,1.005082848065847,100,1.949953988539293,120.830661303939,2.972879359606718,1.022925371067428,-0.25937889831231903,1.022925371067425,100,0.032701314960363,0.35384015105863903,0.059596056524723,0.026894741564359004,100,0.033199016772681,0.41739685751188704,0.064583013127121,0.031383996354439,-0.000497701812317,0.031383996354439,100,0.002275786979383,0.046736396133986,0.004493906226315,0.002218119246932,100,0.002447759557462,0.05335628227194401,0.004778801552513001,0.002331041995051,-0.00017197257807800002,0.002331041995051,100,0.020363518528868002,0.484260177239455,0.027425995364174,0.007062476835306,100,0.024481747727348003,0.5004942729280111,0.030284276539635002,0.005802528812287,-0.004118229198479,0.005802528812287,100,0.001516277879261,0.055851202252282,0.0022108552090510003,0.00069457732979,100,0.002152784635343,0.09519073549177001,0.0028420801305760004,0.000689295495233,-0.0006365067560820001,0.000689295495233,0.11,0.02,0,0.1,0.09,0,-0.04402134628420001,0.055,-0.05,0,0.30790532838343604,0.45165315034310605,0.33624090484366903,2.577099999999999,200.4,,,,,,1.0719999999999994,1.4700000000000002,-0.07681445623463051,0.3872987477638635,0.7556709974761675,-0.19354351350199347,-0.19783833250803884,0.1771981467448055,-0.21662104637451354,-0.849804876313277,e1
e1_openness_low_ce65c89362_s6,e1_openness_low,6,meta-llama/Llama-3.1-8B-Instruct,100,30,prompt,2026-08-02 17:44:01,0.2,0.5,0.5,0.5,0.5,0.15,independent,barabasi_albert,meta-llama/Llama-3.1-8B-Instruct,1.56,1.3,0.644452141924237,5.524234291900964,,-0.046086009509389,-0.208333333333333,0.6675,1.45,0.6149286236675641,5.55445364615302,,-0.081723458180794,-0.823076923076923,0.17260273972602702,,100,0.093231175370053,1.030776149147251,0.09327651226675,4.533689669570461e-05,100,0.093911903426452,1.0321038200300099,0.093944315219166,3.241179271429368e-05,-0.0006807280563990001,3.241179271436245e-05,100,1.254933442888212,18.748457781607677,2.392512040748355,1.137578597860146,100,1.8437589377954162,114.02610497357453,2.7463917996064,0.9026328618109801,-0.588825494907204,0.9026328618109841,100,0.043110372627222004,0.438582426329637,0.071648467369158,0.028538094741935003,100,0.035243310888154,0.41210046530745004,0.06050507336641601,0.025261762478262003,0.007867061739068001,0.025261762478262003,100,0.0008526880915480001,0.040116509996028005,0.0028779533338150003,0.0020252652422670003,100,0.0015788650924110001,0.046736396133986,0.003750343696658,0.002171478604246,-0.0007261770008620001,0.002171478604246,100,0.0159860639599,0.484260177239455,0.023870909665717,0.007884845705817,100,0.017263204002634,0.484260177239455,0.022926545212576,0.005663341209942,-0.0012771400427340001,0.005663341209942,100,0.00221117251381,0.108303913238266,0.002848265301324,0.0006370927875140001,100,0.0016599462237630001,0.06896437999877801,0.0022824239689460003,0.000622477745183,0.0005512262900460001,0.000622477745183,0.15,0.13,0,0.17,0.1,0,-0.09718187532968,0.115,-0.045,0,0.31363468472058803,0.5388757993941431,0.303375274984917,0.7296,163.2,,,,,,1.11375,1.375,-0.0639047338450915,0.515705128205128,0.6296903827959006,0.08256747688971444,-0.023215373034644493,0.1560640556068879,-0.13693915259406775,0.5558817243239267,e1
e1_openness_low_ce65c89362_s7,e1_openness_low,7,meta-llama/Llama-3.1-8B-Instruct,100,30,prompt,2026-08-02 17:46:48,0.2,0.5,0.5,0.5,0.5,0.15,independent,barabasi_albert,meta-llama/Llama-3.1-8B-Instruct,1.8931,1.29,0.624390125872286,5.324871194534818,,-0.040733004177744,0.04225352112676,0.31710000000000005,1.27,0.23389199583417902,4.362763787459567,,-0.018888786510642002,-0.9166666666666661,0.26190476190476103,,100,0.07557651875631301,1.030763968680437,0.166115730909759,0.090539212153444,100,0.09374541942926401,1.032481414501253,0.09378670511114301,4.128568187793503e-05,-0.018168900672950003,4.128568187866666e-05,100,1.632555027550044,46.534884344501286,2.565852063892994,0.933297036342951,100,1.810768891853249,106.62077976964326,2.684494038887713,0.873725147034463,-0.17821386430320502,0.873725147034463,100,0.026132899060530002,0.40680407310301303,0.057194392409206006,0.031061493348676004,100,0.041468474020777,0.42269324971632505,0.06823222030369201,0.026763746282914003,-0.015335574960247001,0.026763746282914003,100,0.001128641080762,0.040116509996028005,0.0032035763912990002,0.002074935310536,100,0.0013360570678620002,0.046736396133986,0.0033260087263700003,0.001989951658508,-0.00020741598709900002,0.001989951658508,100,0.014607032989097001,0.484260177239455,0.025570383926053,0.010963350936956,100,0.016442795572458,0.484260177239455,0.025769053210482003,0.009326257638024001,-0.0018357625833600002,0.009326257638024001,100,0.0013257840960300001,0.055851202252282,0.00183633360721,0.0005105495111790001,100,0.0018585031262920001,0.09519073549177001,0.0024908497547960003,0.000632346628504,-0.000532719030261,0.000632346628504,0.11,0.09,0,0.15,0.1,0,-0.035715706256187,0.095,-0.035,0,0.325065764364799,0.5918705931148901,0.290992840866626,0.5419,167.5,,,,,,1.1051,1.28,-0.029810895344193004,0.43720657276995306,0.42914106085323256,0.08845861877718843,-0.12104851265077665,0.1520797891540485,-0.15470314413810934,0.4125292653867843,e1
e1_openness_low_ce65c89362_s8,e1_openness_low,8,meta-llama/Llama-3.1-8B-Instruct,100,30,prompt,2026-08-02 17:49:44,0.2,0.5,0.5,0.5,0.5,0.15,independent,barabasi_albert,meta-llama/Llama-3.1-8B-Instruct,2.2131,1.3900000000000001,0.648091605793734,5.213387985071867,,-0.053739196811913005,0.060498220640569006,0.6674999999999991,1.21,0.49039398420429203,5.499517463866483,,0.0033928025096690005,-0.725490196078431,0.288590604026845,,100,0.09346546304261401,1.03097103661628,0.09350323410474101,3.777106212914102e-05,100,0.09379975429936001,1.032067278629567,0.09383407225710401,3.4317957745788625e-05,-0.000334291256746,3.4317957743959515e-05,100,2.372705036271567,116.79781834643175,3.149707986777555,0.7770029505059861,100,1.872113501666417,116.79781834643175,2.91407373033372,1.041960228667305,0.50059153460515,1.041960228667302,100,0.039025036402909004,0.41739685751188704,0.061109486784464005,0.022084450381555,100,0.029225557113740003,0.36443293546751404,0.05924909489414901,0.030023537780409,0.009799479289168,0.030023537780409,100,0.001371623465652,0.040116509996028005,0.0034846112552050002,0.002112987789553,100,0.0017798768848080002,0.046736396133986,0.004086735826398001,0.00230685894159,-0.000408253419156,0.00230685894159,100,0.011138366635045001,0.484260177239455,0.024851838384494,0.013713471749448002,100,0.010521541172523002,0.34511078562325603,0.025871592138303003,0.015350050965779,0.0006168254625220001,0.015350050965779,100,0.0018230375492790001,0.09519073549177001,0.002457472345475,0.000634434796195,100,0.0018006065524300001,0.09519073549177001,0.0023785489732040003,0.000577942420773,2.243099684909821e-05,0.000577942420773,0.11,0.07,0,0.09,0.06,0,0.08504795427963101,0.065,-0.035,0,0.30749406732621304,0.628522336769759,0.247159973728401,1.2259,176.0,,,,,,1.4402999999999995,1.3,-0.025173197151122,0.332495987718931,0.5692427949990131,0.02379244799541504,-0.10311174001249751,0.18170882278893363,-0.015083024376726609,-0.0465952884547577,e1
e1_conscientiousness_high_d770e6e4c4_s6,e1_conscientiousness_high,6,meta-llama/Llama-3.1-8B-Instruct,100,30,prompt,2026-08-02 17:53:01,0.5,0.8,0.5,0.5,0.5,0.15,independent,barabasi_albert,meta-llama/Llama-3.1-8B-Instruct,0.6259,1.85,0.856686707043237,9.023319226042737,,-0.042883000585201,-0.7800687285223361,1.824399999999999,1.24,0.587609145539388,4.229227459842496,,-0.0018720948870010001,-0.048780487804878,0.12284069097888602,,100,0.093474654069415,1.032310887965853,0.09352505998016301,5.040591074587174e-05,100,0.093166865191645,1.032116000496824,0.093214123462625,4.725827097953349e-05,0.00030778887777,4.7258270980135575e-05,100,1.6161226828098432,115.41196166000314,2.7505688810480633,1.134446198238221,100,1.84286808725689,90.23579616599783,2.550429331218951,0.7075612439620581,-0.22674540444704702,0.7075612439620601,100,0.039782232139805,0.42798964192076205,0.06738454542059201,0.027602313280787,100,0.035832238986882,0.41739685751188704,0.063497590619057,0.027665351632174002,0.003949993152922,0.027665351632174002,100,0.002266062354544,0.05335628227194401,0.004589175551765,0.0023231131972200002,100,0.002291219096355,0.046736396133986,0.004791760469837,0.0025005413734820003,-2.5156741810807792e-05,0.0025005413734820003,100,0.013650976086868001,0.484260177239455,0.026277496445377004,0.012626520358508002,100,0.022409899469237,0.484260177239455,0.029220294881691002,0.006810395412454,-0.008758923382368,0.006810395412454,100,0.0016408737082720002,0.06896437999877801,0.0022713633513980003,0.0006304896431260001,100,0.0016613351141260002,0.09519073549177001,0.002194034269616,0.0005326991554900001,-2.0461405854547282e-05,0.0005326991554900001,0.14,0.11,0,0.15,0.2,0,-0.038548693991064004,0.155,0.009999999999999001,0,0.336177398992046,0.517671046669687,0.304822813176701,1.1531,197.3,,,,,,1.2251499999999995,1.545,-0.022377547736101,0.41442460816360704,0.7221479262913125,-0.05377693720619697,-0.07100934179066877,0.12418624830110626,0.3548078033064871,0.4289280276421026,e1
e1_conscientiousness_high_d770e6e4c4_s7,e1_conscientiousness_high,7,meta-llama/Llama-3.1-8B-Instruct,100,30,prompt,2026-08-02 17:56:24,0.5,0.8,0.5,0.5,0.5,0.15,independent,barabasi_albert,meta-llama/Llama-3.1-8B-Instruct,0.6244000000000001,1.78,0.8159479309341121,7.138854241080246,,0.034302307029578004,-0.8057553956834531,1.3464,1.08,0.54063176474718,4.03418616699695,,-0.019345593503701002,-0.264069264069264,0.06,,100,0.09358313986613201,1.032712843370725,0.09363457779478701,5.143792865477906e-05,100,0.093045689099629,1.032176902830896,0.093100588048213,5.4898948583832457e-05,0.0005374507665020001,5.4898948583279046e-05,100,1.8436748204903282,114.71903331678884,2.627574362856358,0.7838995423660311,100,2.029122049204256,116.79781834643175,2.896204677333209,0.8670826281289521,-0.18544722871392702,0.8670826281289531,100,0.026913964409166,0.40680407310301303,0.061708642085055006,0.034794677675888,100,0.036989612553248,0.42798964192076205,0.070327492390308,0.033337879837059,-0.010075648144081,0.033337879837059,100,0.002881998783223,0.083145769892757,0.004801546667432001,0.0019195478842080002,100,0.0020949025530500004,0.046736396133986,0.004492935729614,0.0023980331765640003,0.0007870962301730001,0.0023980331765640003,100,0.023947938603938002,0.49121764682026503,0.031643369247417,0.0076954306434780005,100,0.013952327362469001,0.484260177239455,0.024267058633734,0.010314731271265,0.009995611241469,0.010314731271265,100,0.002077944693646,0.108303913238266,0.0026683188167510004,0.000590374123105,100,0.001780151966338,0.09519073549177001,0.0023832343631760003,0.0006030823968380001,0.000297792727308,0.0006030823968380001,0.15,0.15,0,0.15,0.11,0,-0.030650820982092004,0.13,-0.019999999999999,0,0.33963090350019604,0.539328426862925,0.31282952748875104,0.7836000000000001,202.3,,,,,,0.9854,1.4300000000000002,0.007478356762938501,0.5349123298763585,0.678289847840646,-0.0691079393803537,-0.15211073125960028,0.15229854229321033,0.34911894334470545,0.1743698194891068,e1
e1_conscientiousness_high_d770e6e4c4_s8,e1_conscientiousness_high,8,meta-llama/Llama-3.1-8B-Instruct,100,30,prompt,2026-08-02 17:59:39,0.5,0.8,0.5,0.5,0.5,0.15,independent,barabasi_albert,meta-llama/Llama-3.1-8B-Instruct,0.7576,1.8599999999999999,0.8918611011648601,8.353127203706737,,0.029259485724829,-0.7044673539518901,1.7891,1.25,0.6388875089448041,5.564548859303275,,0.007986753676828,-0.025270758122743,0.142222222222222,,100,0.093419735840959,1.032371790299925,0.093469465965319,4.973012436023623e-05,100,0.09304837376503,1.026184113158261,0.09309899364006001,5.061987502998773e-05,0.00037136207592900004,5.061987503050813e-05,100,1.894411127929918,115.8651367964653,2.705811316922615,0.8114001889926951,100,1.7277295562539772,110.56146325750301,2.654433745911232,0.9267041896572521,0.16668157167594003,0.9267041896572541,100,0.032969537682142,0.332654582240889,0.054683299659812,0.021713761977670002,100,0.030805495313094,0.40680407310301303,0.058667304829544006,0.027861809516449003,0.002164042369047,0.027861809516449003,100,0.0029111607987420004,0.129484972858466,0.005284953740183,0.00237379294144,100,0.0016314920738600002,0.046736396133986,0.003491480939632,0.0018599888657710002,0.001279668724882,0.0018599888657710002,100,0.019099280444475,0.484260177239455,0.02394335182523,0.004844071380755001,100,0.015706394596967002,0.484260177239455,0.025235627834938,0.009529233237970001,0.0033928858475070003,0.009529233237971,100,0.0018685996258370001,0.09519073549177001,0.0025059879703230002,0.0006373883444860001,100,0.0019802085807100003,0.101747324365018,0.002582976300462,0.000602767719752,-0.00011160895487200001,0.000602767719752,0.13,0.11,0,0.14,0.09,0,0.028962986956405003,0.1,-0.035,0,0.317428159049844,0.48635743519781705,0.38040569788239104,0.9675,195.3,,,,,,1.27335,1.555,0.0186231197008285,0.36486905603731656,0.7653743050548321,0.03899654097378621,-0.15822307828609963,0.16110143481203734,0.6062601029843931,0.28899964830531566,e1
e1_conscientiousness_low_0ac453f2c8_s6,e1_conscientiousness_low,6,meta-llama/Llama-3.1-8B-Instruct,100,30,prompt,2026-08-02 18:02:38,0.5,0.2,0.5,0.5,0.5,0.15,independent,barabasi_albert,meta-llama/Llama-3.1-8B-Instruct,1.4675,1.23,0.6282747231091911,5.109758071937167,,-0.022149598245015,-0.134920634920634,0.9164,1.2,0.5346610672905701,4.610289984365772,,0.065372120545667,-0.60655737704918,0.264957264957264,,100,0.093170758329883,1.032164722364082,0.093217426904647,4.66685747657558e-05,100,0.091823919412072,1.0276579496427911,0.09191478571625901,9.08663041895121e-05,0.001346838917811,9.086630418765618e-05,100,1.950372836220244,116.79781834643175,2.823816620690002,0.8734437844697571,100,2.100223809141642,116.79781834643175,2.94593715470034,0.845713345558693,-0.149850972921397,0.845713345558697,100,0.026103173452293002,0.332654582240889,0.050448297159316,0.024345123707022003,100,0.032369831254558,0.40680407310301303,0.05981436434969901,0.027444533095140004,-0.006266657802264,0.027444533095140004,100,0.001193319825948,0.040116509996028005,0.0032457411438940004,0.0020524213179460003,100,0.000774614294803,0.040116509996028005,0.0025680694620760004,0.0017934551672730001,0.00041870553114400005,0.0017934551672730001,100,0.013204075208697002,0.484260177239455,0.02661884528277,0.013414770074073,100,0.012076949867255,0.484260177239455,0.023984061821051002,0.011907111953796,0.001127125341442,0.011907111953796,100,0.001877921765778,0.09519073549177001,0.0024914455702210003,0.0006135238044430001,100,0.0020583181589890003,0.108303913238266,0.002742138137006,0.0006838199780170001,-0.00018039639321000003,0.0006838199780170001,0.14,0.17,0,0.12,0.1,0,-0.025567559554412003,0.135,0.005,0,0.345551294713685,0.510102935569958,0.377244279411499,2.1636,179.2,,,,,,1.19195,1.2149999999999999,0.021611261150326,0.370739005984907,0.5814678951998806,0.1231347403368654,-0.17749926734371368,0.14793885534285145,0.047824494552627356,0.8535179895486432,e1
e1_conscientiousness_low_0ac453f2c8_s7,e1_conscientiousness_low,7,meta-llama/Llama-3.1-8B-Instruct,100,30,prompt,2026-08-02 18:05:39,0.5,0.2,0.5,0.5,0.5,0.15,independent,barabasi_albert,meta-llama/Llama-3.1-8B-Instruct,1.6816,1.24,0.642012980528695,5.4439949846385804,,0.015528423347950002,-0.099236641221374,0.30000000000000004,1.22,0.22549573815991103,4.798081151232537,,0.052928616443895,-0.927797833935018,0.21411192214111902,,100,0.09397559505250501,1.03235960983311,0.09400838955476801,3.2794502263095994e-05,100,0.09278774702289601,1.03088577334858,0.092843937715318,5.6190692420483576e-05,0.0011878480296090002,5.6190692421784205e-05,100,1.7604776942362532,99.63536914169985,2.596874228198841,0.8363965339625881,100,1.502102111002612,109.1756065710744,2.584349178423806,1.082247067421192,0.25837558323364,1.082247067421193,100,0.040199798939206006,0.41210046530745004,0.059994560514993,0.019794761575787002,100,0.039305257730868,0.401507680898575,0.058856395199513,0.019551137468644002,0.0008945412083370001,0.019551137468644002,100,0.001014658833659,0.040116509996028005,0.00293799077253,0.00192333193887,100,0.00047062165634100006,0.040116509996028005,0.0019155796864870002,0.0014449580301460002,0.0005440371773180001,0.0014449580301460002,100,0.013740459723154,0.34511078562325603,0.023941909356078,0.010201449632924001,100,0.013693357313074,0.484260177239455,0.022946766634259003,0.009253409321184,4.7102410079921664e-05,0.009253409321184,100,0.001798010026072,0.09519073549177001,0.002371290540629,0.000573280514557,100,0.001534789630953,0.06896437999877801,0.0021186454276450003,0.000583855796691,0.000263220395118,0.000583855796691,0.13,0.07,0,0.15,0.14,0,0.043552055409017,0.10500000000000001,-0.035,0,0.345862704647148,0.6280936454849491,0.19768100599287203,1.7874999999999992,180.8,,,,,,0.9908,1.23,0.0342285198959225,0.513517237578196,0.43375435934430306,0.3733584135443914,0.02287466324826713,0.1855227697883796,0.1824710666582336,1.440111715145366,e1
e1_conscientiousness_low_0ac453f2c8_s8,e1_conscientiousness_low,8,meta-llama/Llama-3.1-8B-Instruct,100,30,prompt,2026-08-02 18:08:44,0.5,0.2,0.5,0.5,0.5,0.15,independent,barabasi_albert,meta-llama/Llama-3.1-8B-Instruct,1.6864,1.32,0.6751252411008091,5.464715897797854,,-0.11760011943802301,-0.046931407942238004,1.0371,1.11,0.5285698518548081,4.275851891758555,,-0.045213718049688004,-0.42358078602620003,0.23516483516483502,,100,0.09258608913119501,1.030240208607422,0.092649633044418,6.354391322476573e-05,100,0.09315037162796701,1.032164722364082,0.093200794077874,5.042244990821968e-05,-0.000564282496771,5.0422449907119866e-05,100,2.310316076262687,125.1129584650034,3.086801658974552,0.7764855827118641,100,2.079735145540121,120.63664136783899,2.9766654076381562,0.8969302620980291,0.23058093072256503,0.8969302620980351,100,0.042253250329205,0.42798964192076205,0.066404326294762,0.024151075965556,100,0.02101381316333,0.332654582240889,0.05242971281789301,0.031415899654563005,0.021239437165875,0.031415899654563005,100,0.0012345848471480001,0.043426453065007004,0.003234007039219,0.001999422192071,100,0.001043095839854,0.040116509996028005,0.003394594973677,0.0023514991338220003,0.00019148900729400002,0.0023514991338220003,100,0.01321964872328,0.484260177239455,0.027148754306972,0.013929105583692002,100,0.013417263283295,0.34511078562325603,0.023439963347024,0.010022700063728001,-0.000197614560015,0.010022700063728001,100,0.0012331417650240002,0.042738024505786,0.0017940223825550002,0.00056088061753,100,0.001995250705889,0.09519073549177001,0.0026852001434460003,0.0006899494375570001,-0.000762108940865,0.0006899494375570001,0.09,0.08,0,0.09,0.08,0,0.041747975149680004,0.08,-0.009999999999999001,0,0.37242235424109704,0.571134727459718,0.34501868249454903,2.3264,184.8,,,,,,1.3617499999999998,1.215,-0.0814069187438555,0.235256096984219,0.6018475464778086,0.09977397961746948,-0.08151242810628874,0.15691012213960123,-0.642209608918942,0.32791919624366844,e1
e1_extraversion_high_964b1045d5_s6,e1_extraversion_high,6,meta-llama/Llama-3.1-8B-Instruct,100,30,prompt,2026-08-02 18:12:00,0.5,0.5,0.8,0.5,0.5,0.15,independent,barabasi_albert,meta-llama/Llama-3.1-8B-Instruct,0.6691,1.5899999999999999,0.710452994269932,6.8126591047546246,,-0.087407407407408,-0.8095238095238091,1.43,1.1400000000000001,0.655164324583833,5.262177849802569,,0.053534907606785004,-0.23694779116465803,0.16142557651991601,,100,0.093233375999379,1.032164722364082,0.09327501584616,4.1639846780163253e-05,100,0.093801179142785,1.031726225558767,0.093831932742755,3.0753599969944814e-05,-0.000567803143406,3.075359996940197e-05,100,1.926798065790584,115.53738169012493,2.892048807754973,0.9652507419643841,100,2.178935196436325,120.47033856546756,3.016521110030273,0.8375859135939481,-0.252137130645741,0.8375859135939471,100,0.03149928765505,0.40680407310301303,0.061413508564288004,0.029914220909238003,100,0.019888176111833,0.32206179783201505,0.049998278138588,0.030110102026755,0.011611111543217001,0.030110102026755,100,0.0021150644062730003,0.05335628227194401,0.004083930820697,0.0019688664144230004,100,0.001926983526342,0.046736396133986,0.004598399610779001,0.002671416084437,0.00018808087993100003,0.002671416084437,100,0.015313245170639,0.484260177239455,0.027111917962249002,0.011798672791609,100,0.012682218467117002,0.484260177239455,0.026383109885577002,0.013700891418459002,0.0026310267035210004,0.013700891418459002,100,0.0017791414600950002,0.09519073549177001,0.002316675073039,0.000537533612944,100,0.0016304920496560001,0.06896437999877801,0.002230311834587,0.00059981978493,0.000148649410438,0.00059981978493,0.09,0.09,0,0.08,0.09,0,-0.039687677542006,0.09,0.005,0,0.26842415314065304,0.544072948328267,0.305720264128513,2.749099999999999,196.2,,,,,,1.04955,1.365,-0.0169362499003115,0.5232358003442336,0.6828086594268825,-0.013191326216820223,-0.032952629680313816,0.14744981608474983,0.11562155860349516,0.03423067969041353,e1
e1_extraversion_high_964b1045d5_s7,e1_extraversion_high,7,meta-llama/Llama-3.1-8B-Instruct,100,30,prompt,2026-08-02 18:15:07,0.5,0.5,0.8,0.5,0.5,0.15,independent,barabasi_albert,meta-llama/Llama-3.1-8B-Instruct,0.9556,1.58,0.7145114018758171,7.044724936807232,,-0.005260102637886,-0.779467680608365,1.313899999999999,1.03,0.627178361967714,4.589269555149623,,0.028047529381208,-0.33,0.12470023980815301,,100,0.092738340574762,1.030045321138393,0.09278976866515401,5.1428090391595674e-05,100,0.09273802016147101,1.031372992021152,0.09279396336516,5.594320368890336e-05,3.2041329135756863e-07,5.5943203689248766e-05,100,1.194375760153871,13.63464660868611,2.109096427034237,0.914720666880366,100,1.831095336453254,116.31831193292744,2.744871902616839,0.913776566163583,-0.636719576299383,0.913776566163585,100,0.031181233423927004,0.40680407310301303,0.053533815018519004,0.022352581594591,100,0.040302033505489006,0.43328603412520006,0.06882005667638601,0.028518023170897,-0.009120800081561001,0.028518023170897,100,0.001191398584605,0.040116509996028005,0.0032420329065400003,0.0020506343219340003,100,0.001301502161279,0.046736396133986,0.003195199038556,0.0018936968772760002,-0.00011010357667300001,0.0018936968772760002,100,0.017968009749872,0.484260177239455,0.028826514868323,0.01085850511845,100,0.013371146665163001,0.484260177239455,0.024721124434235003,0.011349977769071,0.004596863084708001,0.011349977769071,100,0.0018630162968050002,0.06896437999877801,0.0025522540532840004,0.000689237756478,100,0.0019731670042140003,0.108303913238266,0.002632457080224,0.0006592900760090001,-0.00011015070740900001,0.0006592900760090001,0.17,0.07,0,0.15,0.09,0,-0.106910574527838,0.08,-0.08,0,0.292638778567393,0.523751149249157,0.35782204819684005,2.057099999999999,186.4,,,,,,1.1347499999999995,1.3050000000000002,0.011393713371661,0.5547338403041825,0.6708448819217656,0.07416180636149598,-0.21030051912407913,0.15937558287675416,0.2761178440051446,0.24286368155764548,e1
e1_extraversion_high_964b1045d5_s8,e1_extraversion_high,8,meta-llama/Llama-3.1-8B-Instruct,100,30,prompt,2026-08-02 18:18:12,0.5,0.5,0.8,0.5,0.5,0.15,independent,barabasi_albert,meta-llama/Llama-3.1-8B-Instruct,1.0436,1.6400000000000001,0.764665998713394,7.585031989410054,,-0.019110207964028,-0.825396825396825,1.5578999999999992,1.15,0.664227164160829,5.379963578633537,,-0.041642459566333,-0.375,0.08602150537634401,,100,0.09350562800036201,1.032164722364082,0.093540261702426,3.4633702064050164e-05,100,0.092905792662286,1.032286527032225,0.092966040244745,6.024758245774545e-05,0.000599835338075,6.0247582458913824e-05,100,2.00555539111177,115.41196166000314,2.7904525926737,0.7848972015619331,100,2.203910702012311,116.79781834643175,3.067971602681778,0.8640609006694671,-0.198355310900541,0.8640609006694661,100,0.033650358276481,0.401507680898575,0.054920223255322004,0.021269864978841,100,0.037597134415189006,0.41739685751188704,0.062011665811061004,0.024414531395872,-0.003946776138707001,0.024414531395872,100,0.0019967871949280003,0.046736396133986,0.004188033011484,0.002191245816556,100,0.002221757216052,0.050046339202965,0.0044913157562920004,0.0022695585402390003,-0.00022497002112400002,0.0022695585402390003,100,0.015870401292475002,0.484260177239455,0.026907063669221003,0.011036662376746002,100,0.020457250608438,0.484260177239455,0.030762359533198003,0.010305108924759,-0.004586849315963,0.010305108924759,100,0.0014838452135860001,0.055851202252282,0.002087777760284,0.0006039325466980001,100,0.0017165925785670002,0.09519073549177001,0.0022848393922450002,0.0005682468136780001,-0.000232747364981,0.0005682468136780001,0.1,0.12,0,0.13,0.07,0,-0.034457803067207006,0.095,-0.02,0,0.26812675885163,0.5015514809590971,0.331254571140844,2.477899999999999,185.5,,,,,,1.3007499999999996,1.395,-0.0303763337651805,0.6001984126984126,0.7144465814371115,-0.11462176919584545,-0.16596315652299662,0.15027976565441212,0.290418478019736,-0.261880779752788,e1
e1_extraversion_low_7072a87e69_s6,e1_extraversion_low,6,meta-llama/Llama-3.1-8B-Instruct,100,30,prompt,2026-08-02 18:21:17,0.5,0.5,0.2,0.5,0.5,0.15,independent,barabasi_albert,meta-llama/Llama-3.1-8B-Instruct,1.613599999999999,1.4,0.683912602086294,4.371470139541098,,-0.056389304893255006,-0.388429752066115,0.5875,1.15,0.42148059844130004,4.914498840225188,,0.041144997611905,-0.813559322033898,0.173719376391982,,100,0.09283394636370501,1.029083064260064,0.09289561504129401,6.166867758842213e-05,100,0.093199095293375,1.030654344479108,0.09324614635439901,4.705106102279367e-05,-0.000365148929669,4.7051061023623004e-05,100,2.248887002521058,121.22147288951187,3.048408479340669,0.7995214768196071,100,1.7824353781657911,115.34266882568171,2.723248052790811,0.940812674625022,0.46645162435526605,0.94081267462502,100,0.026723966195644003,0.35384015105863903,0.053899779413939,0.027175813218295004,100,0.036135628904971004,0.41739685751188704,0.063674035712188,0.027538406807217003,-0.009411662709327001,0.027538406807217003,100,0.000798072097415,0.040116509996028005,0.0023485066922660004,0.0015504345948510001,100,0.000888602858198,0.033496623858069,0.0030737019191700004,0.0021850990609720003,-9.0530760783112e-05,0.0021850990609720003,100,0.016459857928722,0.484260177239455,0.027473257011264,0.011013399082541,100,0.017156377829263002,0.484260177239455,0.026246840786861,0.009090462957598001,-0.00069651990054,0.009090462957598001,100,0.0017968907862210002,0.09519073549177001,0.0024028644810540002,0.000605973694833,100,0.002083614124706,0.108303913238266,0.002684495001068,0.000600880876362,-0.000286723338484,0.000600880876362,0.16,0.16,0,0.15,0.13,0,0.07593350645274301,0.14500000000000002,-0.009999999999999001,0,0.37082139981141005,0.634029850746268,0.17822795002164601,0.7484000000000001,185.1,,,,,,1.1005499999999995,1.275,-0.007622153640675002,0.6009945370500065,0.552696600263797,0.14191139840652564,-0.14568697568245784,0.1633790958980323,0.13577391394370053,0.9973316104988706,e1
e1_extraversion_low_7072a87e69_s7,e1_extraversion_low,7,meta-llama/Llama-3.1-8B-Instruct,100,30,prompt,2026-08-02 18:24:20,0.5,0.5,0.2,0.5,0.5,0.15,independent,barabasi_albert,meta-llama/Llama-3.1-8B-Instruct,1.7474999999999992,1.35,0.665374616129291,5.660623638337556,,0.053233196079568,-0.044673539518900005,0.3771,1.31,0.30955920102016204,4.05639624238831,,-0.027843535114418002,-0.956521739130434,0.223076923076923,,100,0.09312900273373201,1.032676301970282,0.093198866119808,6.986338607563051e-05,100,0.09303927534294101,1.03045945701008,0.093089161267476,4.9885924534319003e-05,8.972739079067538e-05,4.988592453419872e-05,100,1.7810468154324821,74.11343240443061,2.6167090635810952,0.8356622481486131,100,1.701461978421945,100.44401651823095,2.5659886351165913,0.864526656694641,0.07958483701053701,0.864526656694645,100,0.039613342900388,0.40680407310301303,0.057913846123333,0.018300503222945002,100,0.028138232739349,0.40680407310301303,0.05634487889016301,0.028206646150813003,0.011475110161038,0.028206646150813003,100,0.0013098055813960002,0.040116509996028005,0.00345748644041,0.002147680859013,100,0.0015021870288690002,0.046736396133986,0.003919277932596,0.002417090903726,-0.00019238144747300002,0.002417090903726,100,0.013744164969015002,0.484260177239455,0.023927638148995,0.010183473179979,100,0.014632984482421,0.484260177239455,0.027954155144568,0.013321170662147,-0.000888819513405,0.013321170662147,100,0.0017371248400160002,0.06896437999877801,0.002352339904805,0.0006152150647880001,100,0.0019686206964,0.101747324365018,0.0025456368325440003,0.000577016136144,-0.00023149585638400003,0.000577016136144,0.18,0.15,0,0.18,0.18,0,0.014972829624183,0.164999999999999,-0.015000000000000001,0,0.347771521963879,0.5022962112514351,0.324257136008863,0.48509999999999903,183.0,,,,,,1.0622999999999996,1.33,0.012694830482575,0.500597639324667,0.4874669085747265,0.07413409222486422,-0.12961577131416133,0.15151641107866756,0.23140467512447743,0.9351661891929359,e1
e1_extraversion_low_7072a87e69_s8,e1_extraversion_low,8,meta-llama/Llama-3.1-8B-Instruct,100,30,prompt,2026-08-02 18:27:29,0.5,0.5,0.2,0.5,0.5,0.15,independent,barabasi_albert,meta-llama/Llama-3.1-8B-Instruct,1.9056000000000002,1.52,0.741357164056032,5.211963837364742,,-0.024984891763459003,-0.296296296296296,0.725599999999999,1.28,0.510240037865576,4.971774922946452,,0.013873200222734002,-0.69090909090909,0.157142857142857,,100,0.09337742767963,1.031799308359653,0.09342710523544201,4.967755581208545e-05,100,0.093231566686232,1.032712843370725,0.09329156260866901,5.999592243854195e-05,0.000145860993397,5.9995922437189326e-05,100,2.051699497150431,114.02610497357453,2.855550811205444,0.8038513140550071,100,1.923535814842603,119.4309460506461,2.838748432409362,0.9152126175667591,0.12816368230782801,0.9152126175667591,100,0.019527957052755,0.348543758854201,0.058854122738187006,0.039326165685432006,100,0.030969940362395,0.40680407310301303,0.060040026978573004,0.029070086616178003,-0.01144198330964,0.029070086616177004,100,0.001814417387396,0.046736396133986,0.003972016496186,0.00215759910879,100,0.0019270623886220003,0.046736396133986,0.004151959512398,0.0022248971237760003,-0.000112645001225,0.0022248971237760003,100,0.021838989646303,0.484260177239455,0.028554937843595002,0.006715948197291001,100,0.015481215199608002,0.484260177239455,0.025819491515916,0.010338276316308001,0.006357774446694,0.010338276316308001,100,0.002145173498847,0.09519073549177001,0.0028015172288810004,0.0006563437300330001,100,0.0021554055513930003,0.108303913238266,0.002779488632687,0.000624083081293,-1.023205254558788e-05,0.0006240830812940001,0.11,0.15,0,0.1,0.12,0,0.020517076230751,0.135,0.03,0,0.34719370566741203,0.547468354430379,0.26134962674833,1.1224,188.4,,,,,,1.3155999999999997,1.4,-0.005555845770362501,0.49360269360269304,0.6257986009608041,-0.08483836662771436,-0.21745598772511607,0.1595883261044588,0.35785088258283027,0.1628597046411724,e1
e1_agreeableness_high_e8959cfaa2_s6,e1_agreeableness_high,6,meta-llama/Llama-3.1-8B-Instruct,100,30,prompt,2026-08-02 18:30:47,0.5,0.5,0.5,0.8,0.5,0.15,independent,barabasi_albert,meta-llama/Llama-3.1-8B-Instruct,0.217899999999999,1.9300000000000002,0.889545700209396,18.953366654156248,,-0.061932709628684,-0.9037800687285221,1.406399999999999,1.2,0.694602065554977,5.973568236375441,,-0.030787888533772,-0.161512027491408,0.0992700729927,,100,0.093939294285939,1.032371790299925,0.09397806502856401,3.8770742622730206e-05,100,0.092781413218517,1.030605622611851,0.09283939898587401,5.7985767357203754e-05,0.001157881067422,5.798576735746574e-05,100,2.359127123904146,120.53963139978899,3.173682063194331,0.8145549392901851,100,2.063022152314611,123.58435853987264,2.90354157960126,0.8405194272866421,0.296104971589535,0.8405194272866491,100,0.032533658410789,0.41739685751188704,0.05993851650893701,0.027404858098147,100,0.046085686089375,0.42798964192076205,0.06446633021466401,0.018380644125289003,-0.013552027678586001,0.018380644125289003,100,0.0027710189012930004,0.126175029789487,0.004985770636299,0.002214751735005,100,0.002326388568722,0.056666225340924005,0.004688521129387,0.0023621325606640003,0.00044463033257,0.0023621325606640003,100,0.016017853821719,0.484260177239455,0.024817218260399003,0.00879936443868,100,0.014227741039755002,0.484260177239455,0.02497996336111,0.010752222321355,0.0017901127819640002,0.010752222321355,100,0.0018189066614080001,0.06896437999877801,0.002465689061322,0.0006467823999140001,100,0.0020026078167850003,0.101747324365018,0.0025154149251590003,0.000512807108373,-0.000183701155377,0.000512807108373,0.12,0.13,0,0.14,0.12,0,0.047626977822921,0.125,-0.005,0,0.33786290715544204,0.5176584421867441,0.337016278503315,1.447499999999999,197.9,,,,,,0.812149999999999,1.565,-0.046360299081228004,0.5326460481099651,0.7920738828821865,-0.17291391389720281,-0.24633876873232605,0.14543086986161338,0.12786684485332034,-0.21108872873409423,e1
e1_agreeableness_high_e8959cfaa2_s7,e1_agreeableness_high,7,meta-llama/Llama-3.1-8B-Instruct,100,30,prompt,2026-08-02 18:34:00,0.5,0.5,0.5,0.8,0.5,0.15,independent,barabasi_albert,meta-llama/Llama-3.1-8B-Instruct,0.0819,1.9100000000000001,0.989992692524813,13.490737563232049,,0.0009363295880190001,-1.0,1.377599999999999,1.12,0.645842026009949,5.14549399770452,,-0.015310951506040001,-0.15294117647058803,0.009724473257698001,,100,0.09340866728349201,1.032201263764524,0.09345532598282201,4.665869933122296e-05,100,0.093535132506217,1.032176902830896,0.09357509897533801,3.996646912089522e-05,-0.000126465222725,3.9966469120078514e-05,100,1.857234541605236,116.79781834643175,2.873365892107062,1.016131350501828,100,1.891215266130835,114.84445334691063,2.727352747299382,0.836137481168543,-0.033980724525598,0.836137481168546,100,0.028584109238135,0.332654582240889,0.056013187844810006,0.027429078606675,100,0.034180872767617006,0.42798964192076205,0.061032880823739005,0.026852008056121004,-0.005596763529482,0.026852008056121004,100,0.0018558238433560002,0.046736396133986,0.004170907727744,0.002315083884387,100,0.0024872067703360003,0.06659605454786101,0.004341863320154,0.0018546565498170002,-0.00063138292698,0.0018546565498170002,100,0.015111044243744001,0.484260177239455,0.026197996505694,0.01108695226195,100,0.014340912428731001,0.49585595987413805,0.031055560751747,0.016714648323015002,0.0007701318150130001,0.016714648323015002,100,0.0020610333477720003,0.09519073549177001,0.002694370550534,0.000633337202761,100,0.0020073811124710003,0.09519073549177001,0.0026011918976600002,0.0005938107851880001,5.365223530095533e-05,0.0005938107851880001,0.09,0.14,0,0.08,0.13,0,-0.006585258692412,0.135,0.05,0,0.32843899061179405,0.569964871194379,0.267264322443563,1.69,193.6,,,,,,0.7297499999999996,1.5150000000000001,-0.007187310959010501,0.5764705882352941,0.817917359267381,-0.16054235408849116,-0.2392859484294243,0.14703209522530084,0.2937685699535727,-0.08854581073260909,e1
e1_agreeableness_high_e8959cfaa2_s8,e1_agreeableness_high,8,meta-llama/Llama-3.1-8B-Instruct,100,30,prompt,2026-08-02 18:37:05,0.5,0.5,0.5,0.8,0.5,0.15,independent,barabasi_albert,meta-llama/Llama-3.1-8B-Instruct,0.3916,1.82,0.773236179707095,3.994934456314862,,-0.0007274651147410001,-0.9764705882352941,0.9179,0.8300000000000001,0.445122118196671,4.183657202736708,,-0.0018819204341540001,-0.312101910828025,0.023584905660377003,,100,0.09276429410794301,1.0299600578706931,0.092817648967565,5.335485962020837e-05,100,0.093026430316877,1.032140361430453,0.093089375425878,6.294510900155026e-05,-0.000262136208933,6.294510900141381e-05,100,2.404636636477172,116.79781834643175,3.087431248372815,0.6827946118956381,100,2.079922870825818,120.87500871790472,3.260278330247806,1.180355459421987,0.324713765651354,1.180355459421988,100,0.030013991380027003,0.41739685751188704,0.061733280658213006,0.031719289278185,100,0.02744340358378,0.41210046530745004,0.062776775350461,0.035333371766681006,0.0025705877962470002,0.035333371766681006,100,0.002305756764378,0.050046339202965,0.0045338342810620005,0.002228077516684,100,0.003559299120689,0.169204289686217,0.005753824279226,0.002194525158536,-0.001253542356311,0.002194525158536,100,0.016767445675101002,0.484260177239455,0.026983631619162,0.010216185944060001,100,0.020879250825748003,0.484260177239455,0.028764832527518002,0.00788558170177,-0.0041118051506460005,0.00788558170177,100,0.001973407338565,0.101747324365018,0.002569357168533,0.0005959498299670001,100,0.0024464366893220003,0.11486050211151401,0.003057945442738,0.0006115087534150001,-0.000473029350756,0.0006115087534150001,0.07,0.05,0,0.09,0.07,0,0.053530640063492,0.060000000000000005,-0.019999999999999,0,0.33880421299825103,0.5613382899628251,0.310828465671666,2.1475,184.5,,,,,,0.65475,1.3250000000000002,-0.0013046927744475001,0.6442862495316596,0.609179148951883,-0.4735598469433997,-0.8039557854394257,0.20440723198523178,0.05572048078101674,-1.7389825577100124,e1
e1_agreeableness_low_f15232b92b_s6,e1_agreeableness_low,6,meta-llama/Llama-3.1-8B-Instruct,100,30,prompt,2026-08-02 18:40:14,0.5,0.5,0.5,0.2,0.5,0.15,independent,barabasi_albert,meta-llama/Llama-3.1-8B-Instruct,2.0636,1.4,0.685136802975941,5.565371858615928,,0.036970180858819,-0.066666666666666,0.4676,1.22,0.37324075247360905,3.616864949408094,,-0.047787247150631006,-0.9572649572649571,0.18911917098445502,,100,0.092252270946666,1.026086669423746,0.092330478062324,7.820711565697021e-05,100,0.094334219089585,1.032176902830896,0.094357267431091,2.304834150581295e-05,-0.002081948142918,2.3048341506140543e-05,100,2.266065018787148,116.79781834643175,3.006202473716504,0.740137454929354,100,1.7384607623645212,116.79781834643175,2.878208758146597,1.139747995782072,0.5276042564226261,1.139747995782075,100,0.020454372174229,0.327358190036452,0.05317935491769601,0.032724982743467,100,0.029178583420804004,0.337950974445327,0.052685506142149,0.023506922721344,-0.008724211246575,0.023506922721344,100,0.001122358032382,0.040116509996028005,0.003500650259315,0.0023782922269330003,100,0.000938591465066,0.046736396133986,0.0028727836593820002,0.0019341921943150002,0.00018376656731500002,0.0019341921943150002,100,0.018359396328093,0.484260177239455,0.026720237895612002,0.008360841567519001,100,0.016784088529014002,0.484260177239455,0.026787820449181002,0.010003731920167,0.0015753077990780001,0.010003731920167,100,0.001835664553924,0.09519073549177001,0.002389300756974,0.00055363620305,100,0.002551462801519,0.11486050211151401,0.0031885238832560004,0.0006370610817360001,-0.0007157982475950001,0.0006370610817360001,0.12,0.13,0,0.23,0.21,0,0.086306895525321,0.169999999999999,-0.005,0,0.34595359154021904,0.582990831489092,0.22784914992222102,0.7450999999999991,189.7,,,,,,1.2656,1.31,-0.005408533145906003,0.5119658119658116,0.529188777724775,0.056956014921452226,-0.23174577020200446,0.1959754920068566,0.2070868429587811,0.9188485705314007,e1
e1_agreeableness_low_f15232b92b_s7,e1_agreeableness_low,7,meta-llama/Llama-3.1-8B-Instruct,100,30,prompt,2026-08-02 18:43:21,0.5,0.5,0.5,0.2,0.5,0.15,independent,barabasi_albert,meta-llama/Llama-3.1-8B-Instruct,1.2091,1.3900000000000001,0.6713705841627821,6.173397311943266,,0.006643568201179,-0.6615384615384611,0.329099999999999,1.49,0.37413285983558203,4.828167697947337,,0.016857293682913003,-0.951219512195121,0.08928571428571401,,100,0.092808378221905,1.031835849760096,0.092868244739013,5.9866517107694344e-05,100,0.09303464986915101,1.032116000496824,0.093094964802046,6.0314932895185396e-05,-0.00022627164724600002,6.0314932894808826e-05,100,1.742834181376317,116.79781834643175,2.753408619695991,1.010574438319678,100,1.69245613510666,115.41196166000314,2.737895176765944,1.045439041659283,0.050378046269657,1.045439041659283,100,0.026751931683591003,0.36443293546751404,0.059648759091295,0.032896827407703,100,0.042491710386612,0.42798964192076205,0.068658690350286,0.026166979963673002,-0.015739778703020003,0.026166979963673002,100,0.001201703612159,0.040116509996028005,0.002934320332623,0.0017326167204630002,100,0.0014974989694530002,0.046736396133986,0.0037202111782370004,0.002222712208784,-0.00029579535729300005,0.002222712208784,100,0.013287081900497,0.484260177239455,0.025376290021378003,0.012089208120880001,100,0.012280093114012,0.41468548143135503,0.024194329438108002,0.011914236324096002,0.001006988786485,0.011914236324096002,100,0.0021038123209020003,0.108303913238266,0.0027115843591680004,0.000607772038265,100,0.0019036467574140002,0.06896437999877801,0.0026909456017140004,0.000787298844299,0.00020016556348800003,0.000787298844299,0.17,0.16,0,0.1,0.18,0,0.005887225818678001,0.169999999999999,0.034999999999999004,0,0.361728385478678,0.603922809237583,0.24735196210582602,0.5176000000000001,187.0,,,,,,0.7690999999999996,1.44,0.011750430942046001,0.806378986866791,0.5227517219991821,0.07170989208017609,-0.007944973632440193,0.18109843065550502,0.5416651166995653,0.9678447491378741,e1
e1_agreeableness_low_f15232b92b_s8,e1_agreeableness_low,8,meta-llama/Llama-3.1-8B-Instruct,100,30,prompt,2026-08-02 18:46:25,0.5,0.5,0.5,0.2,0.5,0.15,independent,barabasi_albert,meta-llama/Llama-3.1-8B-Instruct,1.7524000000000002,1.42,0.7029567221349431,5.534035959280899,,-0.128412548581191,-0.225352112676056,0.40440000000000004,1.38,0.372073871067852,4.121547846544383,,-0.081757813459537,-0.9179104477611941,0.15736040609137,,100,0.09344284271253701,1.032383970766739,0.09349819095699201,5.5348244455612836e-05,100,0.09267606899598901,1.032505775434882,0.092749026374406,7.295737841692857e-05,0.0007667737165480001,7.295737841761518e-05,100,1.970882069702019,114.02610497357453,2.7354051900875733,0.764523120385555,100,1.856703980469323,121.78274484751546,2.831864358950785,0.9751603784814651,0.11417808923269501,0.9751603784814611,100,0.030861535462171002,0.36443293546751404,0.057661738182192,0.02680020272002,100,0.026918164050506004,0.41210046530745004,0.06949641051340501,0.042578246462898005,0.003943371411665,0.042578246462898005,100,0.001440688527585,0.046736396133986,0.0036795306131630003,0.002238842085578,100,0.001201278290622,0.040116509996028005,0.0032821712985650004,0.0020808930079430003,0.00023941023696300002,0.0020808930079430003,100,0.011477202334470001,0.39149391616198903,0.025131776003923002,0.013654573669452,100,0.019639979926992002,0.484260177239455,0.028847393733658,0.009207413806666,-0.008162777592521,0.009207413806666,100,0.002009307994929,0.09519073549177001,0.002632413369321,0.000623105374392,100,0.0017512591988970002,0.09519073549177001,0.0023215339993990004,0.0005702748005010001,0.000258048796031,0.0005702748005010001,0.1,0.12,0,0.11,0.09,0,0.018537152633563002,0.105,-1.387778780781445e-17,0,0.35411225092221404,0.582915897706301,0.262747714362634,1.8544,184.2,,,,,,1.0784,1.4,-0.105085181020364,0.5716312802186251,0.5375152966013975,0.14583178211098718,-0.13573763825768362,0.17161169398964835,-0.3208153664511068,0.6845180937867521,e1
e1_neuroticism_high_6fce9c89fb_s6,e1_neuroticism_high,6,meta-llama/Llama-3.1-8B-Instruct,100,30,prompt,2026-08-02 18:49:38,0.5,0.5,0.5,0.5,0.8,0.15,independent,barabasi_albert,meta-llama/Llama-3.1-8B-Instruct,2.8299000000000003,1.6099999999999999,0.7350899056269641,6.603131504720251,,0.031496062992125005,-0.024054982817869,0.5044000000000001,1.3599999999999999,0.521507484413277,4.010937092324307,,-0.042105454832385,-0.9653679653679651,0.20800000000000002,,100,0.092893347665045,1.032164722364082,0.09296354630794401,7.019864289840924e-05,100,0.093331280392212,1.032700662903911,0.093393125236729,6.184484451869129e-05,-0.00043793272716700004,6.184484451714213e-05,100,1.930397696267312,116.79781834643175,2.9008219280750103,0.9704242318076981,100,1.938896178836421,114.02610497357453,2.871490079150261,0.932593900313836,-0.008498482569109001,0.93259390031384,100,0.026803048158868,0.385618504285263,0.056310810355138005,0.029507762196269,100,0.027155506102185003,0.35384015105863903,0.062851869758722,0.035696363656536,-0.00035245794331600005,0.035696363656536,100,0.0013606698173860001,0.046736396133986,0.0031207151998840004,0.0017600453824970002,100,0.001082097635022,0.040116509996028005,0.0030179178954440004,0.0019358202604220001,0.000278572182363,0.0019358202604220001,100,0.016694376799544,0.484260177239455,0.027994259288398004,0.011299882488853,100,0.017998860707681003,0.484260177239455,0.026078923531726,0.008080062824045001,-0.0013044839081360002,0.008080062824045001,100,0.0020578692985460004,0.09519073549177001,0.0026058021835390003,0.000547932884993,100,0.00181540922659,0.09519073549177001,0.0023705613869030003,0.0005551521603120001,0.00024246007195500002,0.0005551521603120001,0.15,0.11,0,0.09,0.17,0,-0.0016787208155680002,0.14,0.02,0,0.320285460793826,0.5153624579932791,0.282088398951971,0.5331,192.9,,,,,,1.6671500000000001,1.4849999999999999,-0.005304695920129998,0.49471147409291705,0.6282986950201206,0.1410109900980516,-0.10632686250541568,0.1631538573432783,0.6858318762098248,0.9536123520436153,e1
e1_neuroticism_high_6fce9c89fb_s7,e1_neuroticism_high,7,meta-llama/Llama-3.1-8B-Instruct,100,30,prompt,2026-08-02 18:53:00,0.5,0.5,0.5,0.5,0.8,0.15,independent,barabasi_albert,meta-llama/Llama-3.1-8B-Instruct,2.789899999999999,1.5899999999999999,0.728991999393905,6.349283314230244,,-0.040097362833627005,0.055555555555555004,0.28189999999999904,1.4100000000000001,0.5164404838841751,7.955558377066258,,0.0034797017398500002,-1.0,0.19753086419753002,,100,0.09306231543977701,1.032164722364082,0.093115755085904,5.3439646130303105e-05,100,0.093323205099287,1.032383970766739,0.093369776364066,4.657126477864205e-05,-0.00026088965951000004,4.657126477913832e-05,100,2.16505710114292,116.79781834643175,2.9262105746508453,0.7611534735079261,100,2.054276735266952,120.35947003055327,3.044133289745017,0.9898565544780651,0.11078036587596701,0.9898565544780651,100,0.031956762636233,0.42269324971632505,0.06463845584444601,0.032681693208212,100,0.022860534575812,0.332654582240889,0.053161562041753006,0.030301027465940003,0.009096228060421001,0.030301027465940003,100,0.001976134476903,0.046736396133986,0.004331750095528,0.0023556156186250003,100,0.001686812375609,0.040116509996028005,0.0040366888036960005,0.002349876428087,0.00028932210129300004,0.002349876428087,100,0.014470343876043,0.41468548143135503,0.023213215829857,0.008742871953814001,100,0.017726305214903003,0.484260177239455,0.025730436061001002,0.008004130846098,-0.0032559613388590002,0.008004130846098,100,0.0019348378887290001,0.108303913238266,0.0026113780480570004,0.000676540159328,100,0.002234102948236,0.108303913238266,0.002877694725133,0.000643591776896,-0.000299265059507,0.000643591776896,0.11,0.16,0,0.17,0.16,0,0.019391633329967,0.16,0.019999999999999,0,0.34194869663842303,0.48421774931381506,0.379555461553423,0.1971,201.6,,,,,,1.535899999999999,1.5,-0.0183088305468885,0.4722222222222225,0.62271624163904,-0.06806234939006689,-0.1824420207594756,0.17186695870997748,0.5344298770221838,0.4222166660559828,e1
e1_neuroticism_high_6fce9c89fb_s8,e1_neuroticism_high,8,meta-llama/Llama-3.1-8B-Instruct,100,30,prompt,2026-08-02 18:56:14,0.5,0.5,0.5,0.5,0.8,0.15,independent,barabasi_albert,meta-llama/Llama-3.1-8B-Instruct,2.785899999999999,1.6099999999999999,0.7401165157853971,6.591205686803435,,0.09487782605086201,-0.11340206185567,0.3811,1.37,0.33773673810527904,4.196822948484931,,-0.114058080982271,-0.9426523297491041,0.16701902748414302,,100,0.09238120819838301,1.031957654428239,0.09245593309701801,7.472489863554915e-05,100,0.09322308738717801,1.032408331700367,0.09328829671281101,6.520932563219707e-05,-0.0008418791887940001,6.52093256337527e-05,100,2.445739907846555,123.21017723453691,3.084321201713937,0.638581293867378,100,2.815531102652317,126.49881515143201,3.391935289245461,0.5764041865931411,-0.369791194805761,0.5764041865931431,100,0.033194689826244,0.42269324971632505,0.060157312123784,0.026962622297539002,100,0.027837293648504003,0.401507680898575,0.062019323390984,0.034182029742479005,0.005357396177739,0.034182029742479005,100,0.0018245230968940002,0.046736396133986,0.004219273919087,0.002394750822192,100,0.001298505455653,0.040116509996028005,0.0033539227913290002,0.0020554173356750003,0.00052601764124,0.0020554173356750003,100,0.019816368930658003,0.484260177239455,0.028364972899395,0.008548603968737,100,0.016716074240397002,0.484260177239455,0.024299891998258,0.007583817757860001,0.00310029469026,0.007583817757860001,100,0.0021604531433690004,0.108303913238266,0.0027610884127210003,0.000600635269351,100,0.002208878083196,0.09519073549177001,0.002826080160904,0.000617202077708,-4.842493982636997e-05,0.000617202077708,0.03,0.11,0,0.12,0.13,0,-0.060282965070856,0.12,0.045,0,0.349437799091714,0.474355944221224,0.39641692345095203,0.5091,194.5,,,,,,1.5834999999999995,1.49,-0.0095901274657045,0.528027195802387,0.5389266269453381,-0.12731842645769603,-0.1487745153939626,0.10348464380541587,0.6541926267622594,-0.10039967891703927,e1
e1_neuroticism_low_6a1c92f5fd_s6,e1_neuroticism_low,6,meta-llama/Llama-3.1-8B-Instruct,100,30,prompt,2026-08-02 18:59:21,0.5,0.5,0.5,0.5,0.2,0.15,independent,barabasi_albert,meta-llama/Llama-3.1-8B-Instruct,0.6931,1.47,0.647053226365041,5.454404611047566,,-0.0031213255953420004,-0.8267716535433071,1.2436,1.16,0.6542893063004821,5.213197033465852,,0.05306135903950301,-0.41444866920152,0.10859728506787301,,100,0.092761190422013,1.0321038200300099,0.092825258692631,6.406827061663407e-05,100,0.094121462843767,1.032262166098596,0.094141687811397,2.022496763093724e-05,-0.0013602724217530002,2.022496762985048e-05,100,1.759309842571994,116.72852551211032,2.759261061567555,0.999951218995559,100,1.751880634966001,73.70114004021809,2.5469832255666818,0.7951025906006851,0.007429207605992001,0.7951025906006801,100,0.030512759933341002,0.396211288694138,0.061601173024968,0.031088413091626,100,0.037574483483182,0.41739685751188704,0.061754731766983005,0.024180248283800002,-0.007061723549840001,0.024180248283801,100,0.001994606459111,0.05335628227194401,0.004248963925937,0.002254357466826,100,0.0016782802274320002,0.046736396133986,0.003939155918927,0.002260875691495,0.000316326231679,0.002260875691495,100,0.013417545566317001,0.42628126406603906,0.026695737004535,0.013278191438218002,100,0.016308115639589,0.484260177239455,0.027310412784458,0.011002297144868,-0.0028905700732720003,0.011002297144868,100,0.0018431333446120002,0.09519073549177001,0.002423673122882,0.0005805397782690001,100,0.002013153504582,0.09519073549177001,0.002651586438492,0.000638432933909,-0.00017002015997,0.000638432933909,0.14,0.12,0,0.11,0.15,0,-0.000622842061194,0.135,0.01,0,0.330134836509326,0.596190476190476,0.236973270775126,2.1704,186.4,,,,,,0.96835,1.315,0.024970016722080504,0.6206101613724135,0.6506712663327616,0.008659899446832375,-0.021299518336900025,0.13886744493706468,0.35206694405996647,0.4733582735732928,e1
e1_neuroticism_low_6a1c92f5fd_s7,e1_neuroticism_low,7,meta-llama/Llama-3.1-8B-Instruct,100,30,prompt,2026-08-02 19:02:29,0.5,0.5,0.5,0.5,0.2,0.15,independent,barabasi_albert,meta-llama/Llama-3.1-8B-Instruct,1.3056,1.34,0.6644460783692081,5.331153123856458,,0.038229649171589004,-0.45454545454545403,1.159999999999999,1.04,0.6881204573145681,5.024345410562219,,-0.11930857103135001,-0.11382113821138201,0.187022900763358,,100,0.093062329229081,1.032201263764524,0.09311397600049101,5.16467714090435e-05,100,0.09214227353305901,1.032140361430453,0.092228375755924,8.610222286860463e-05,0.000920055696022,8.610222286573045e-05,100,1.865584482826201,114.02610497357453,2.817702941326727,0.9521184585005261,100,1.714505428844722,73.25004368878558,2.562252151956667,0.8477467231119471,0.151079053981478,0.8477467231119441,100,0.027170742096562003,0.42269324971632505,0.060978573124603,0.033807831028041004,100,0.028717596780294,0.332654582240889,0.05585194865411101,0.027134351873816003,-0.0015468546837320001,0.027134351873816003,100,0.0021136575253020004,0.046736396133986,0.00454032763363,0.0024266701083270003,100,0.001028413559092,0.040116509996028005,0.0031361037891930003,0.002107690230101,0.00108524396621,0.002107690230101,100,0.013430673474106002,0.34511078562325603,0.025041819094926,0.011611145620819,100,0.013218486170605,0.34511078562325603,0.022233030784119003,0.009014544613514001,0.00021218730350100001,0.009014544613514001,100,0.0017683439222340002,0.09519073549177001,0.0024346135402800004,0.000666269618046,100,0.0018768115642030002,0.09519073549177001,0.002518544297189,0.0006417327329850001,-0.000108467641969,0.0006417327329850001,0.16,0.13,0,0.17,0.14,0,0.025273536436918,0.135,-0.03,0,0.366288530883137,0.628660436137071,0.24629027285078203,1.6384,187.8,,,,,,1.2327999999999997,1.19,-0.040539460929880505,0.284183296378418,0.6762832678418881,0.1805260680694921,0.06114237942590056,0.14778852413087196,-0.4462272503652952,1.0441089585393084,e1
e1_neuroticism_low_6a1c92f5fd_s8,e1_neuroticism_low,8,meta-llama/Llama-3.1-8B-Instruct,100,30,prompt,2026-08-02 19:05:40,0.5,0.5,0.5,0.5,0.2,0.15,independent,barabasi_albert,meta-llama/Llama-3.1-8B-Instruct,1.075599999999999,1.62,0.7669214197872961,5.710795802285697,,0.017688360788549,-0.5642023346303501,1.7304,1.26,0.697697405930473,5.7030735786873095,,-0.054083770592942004,-0.046931407942238004,0.188931297709923,,100,0.09314096586179,1.030958856149466,0.09319310524480101,5.2139383010478e-05,100,0.09258525342219001,1.032116000496824,0.09263950968544,5.425626325055389e-05,0.0005557124395990001,5.4256263249299885e-05,100,2.264462677867204,116.79781834643175,3.051430586830619,0.7869679089634161,100,1.9573967545477051,116.79781834643175,2.812873028199398,0.8554762736516891,0.307065923319498,0.8554762736516921,100,0.023479685696655,0.332654582240889,0.052723312676815,0.029243626980160004,100,0.035173565691919005,0.42798964192076205,0.06318634363526801,0.028012777943348003,-0.011693879995263001,0.028012777943348003,100,0.002606175825151,0.05335628227194401,0.0050008708506160005,0.002394695025465,100,0.002774043288351,0.08645571296173701,0.005299093545774,0.002525050257422,-0.00016786746320000001,0.002525050257422,100,0.01607781027151,0.484260177239455,0.027285733780652,0.011207923509142001,100,0.013919610513312001,0.484260177239455,0.026144976227435,0.012225365714122001,0.0021581997581970004,0.012225365714122001,100,0.00189813082525,0.09519073549177001,0.002473762878059,0.000575632052808,100,0.001558116228485,0.06896437999877801,0.002095317413706,0.00053720118522,0.000340014596765,0.00053720118522,0.12,0.13,0,0.08,0.11,0,0.049709683775932004,0.12,0.019999999999999,0,0.37067595154710403,0.508142553693651,0.370126446712077,2.617099999999999,191.5,,,,,,1.4029999999999996,1.44,-0.0181977049021965,0.30556687128629406,0.7323094128588845,-0.13882107796291018,-0.21230963665787692,0.14980515416917528,0.20403637899946078,-0.1385988560915793,e1
e3_O2_A2_1f0afd94b1_s6,e3_O2_A2,6,meta-llama/Llama-3.1-8B-Instruct,100,30,prompt,2026-08-02 19:08:37,0.2,0.5,0.5,0.2,0.5,0.15,independent,barabasi_albert,meta-llama/Llama-3.1-8B-Instruct,0.8779,1.37,0.615871658229526,5.8700146172473495,,-0.033793932590719,-0.49828178694158004,0.265099999999999,1.43,0.621003425048504,10.869473517399753,,-0.035781794064005,-1.0,0.09848484848484801,,100,0.092330729579325,1.025124412545416,0.092411095170275,8.036559095116533e-05,100,0.09332936887494901,1.032164722364082,0.09338111094700201,5.174207205304987e-05,-0.000998639295624,5.174207205307923e-05,100,1.584811207714436,114.02610497357453,2.844093120001314,1.259281912286876,100,1.9963926204526272,116.79781834643175,2.847459173458625,0.8510665530060001,-0.41158141273819004,0.8510665530059981,100,0.030487642056825002,0.41739685751188704,0.064413718488753,0.033926076431928,100,0.022234069985664,0.36443293546751404,0.059045378199191006,0.036811308213526,0.008253572071161001,0.036811308213527,100,0.001277152035036,0.040116509996028005,0.0033630672100230003,0.0020859151749860003,100,0.0010717998313410002,0.040116509996028005,0.0030623302947190003,0.0019905304633770003,0.00020535220369400002,0.0019905304633770003,100,0.016971864726897,0.484260177239455,0.029243911948666,0.012272047221769,100,0.013019104260633001,0.484260177239455,0.023864628606597,0.010845524345964001,0.003952760466263,0.010845524345964001,100,0.0018061386608070001,0.09519073549177001,0.002397324692644,0.000591186031837,100,0.0015025454400230001,0.06896437999877801,0.002062407566269,0.0005598621262450001,0.00030359322078400003,0.0005598621262450001,0.15,0.17,0,0.16,0.13,0,-0.066644129011985,0.15000000000000002,-0.004999999999999,0,0.34838584477101403,0.576143790849673,0.257534899401056,0.5475,176.9,,,,,,0.5714999999999995,1.4,-0.034787863327362,0.74914089347079,0.6184375416390151,0.2020515151794052,0.003288107710641255,0.15022092003786086,0.021736778114819943,1.2377801290185682,e3
e3_O2_A2_1f0afd94b1_s7,e3_O2_A2,7,meta-llama/Llama-3.1-8B-Instruct,100,30,prompt,2026-08-02 19:11:26,0.2,0.5,0.5,0.2,0.5,0.15,independent,barabasi_albert,meta-llama/Llama-3.1-8B-Instruct,0.6216,1.42,0.550617069056485,8.763039636382345,,0.05511627778116401,-0.883161512027491,0.2436,1.58,0.9223001849779351,10.77032961426901,,-0.022103797008416002,-1.0,0.023746701846965,,100,0.09299483488363301,1.030483817943708,0.09304707411396,5.223923032782986e-05,100,0.09304042118306101,1.029570282932636,0.09308639567129101,4.597448823001652e-05,-4.5586299427261e-05,4.597448823059903e-05,100,1.6134793650609751,114.02610497357453,2.682336671964565,1.068857306903589,100,1.716038655431592,121.84164375668867,2.80933525790294,1.093296602471344,-0.10255929037061601,1.093296602471348,100,0.025872056201168003,0.41739685751188704,0.067249705485699,0.041377649284531005,100,0.037887210051535,0.42798964192076205,0.068892218005174,0.031005007953639002,-0.012015153850367001,0.031005007953639002,100,0.0010763109171990002,0.040116509996028005,0.0030408238381670004,0.001964512920968,100,0.0007683784702550001,0.040116509996028005,0.0026403916340150004,0.0018720131637600002,0.000307932446944,0.0018720131637600002,100,0.008941370255051,0.34511078562325603,0.023144219902357002,0.014202849647306,100,0.008124330183209,0.15957826346832402,0.018856343298115003,0.010732013114905,0.000817040071841,0.010732013114905,100,0.001595127228791,0.082077557745274,0.00210316881151,0.000508041582718,100,0.002073969905306,0.09519073549177001,0.0027709651464490003,0.0006969952411420001,-0.00047884267651400003,0.0006969952411420001,0.15,0.16,0,0.16,0.21,0,-0.018995650113023,0.185,0.03,0,0.34781334206358,0.63439132181599,0.21960368004438002,0.029900000000000003,168.7,,,,,,0.43260000000000004,1.5,0.016506240386374,0.9415807560137455,0.73645862701721,0.18025012370526405,-0.037745388076345886,0.18960810107216997,0.6172958600626528,1.450483482356295,e3
e3_O2_A2_1f0afd94b1_s8,e3_O2_A2,8,meta-llama/Llama-3.1-8B-Instruct,100,30,prompt,2026-08-02 19:14:10,0.2,0.5,0.5,0.2,0.5,0.15,independent,barabasi_albert,meta-llama/Llama-3.1-8B-Instruct,0.6539,1.35,0.525705331026588,5.786161728614705,,-0.019951469398759,-0.743055555555555,0.329099999999999,1.49,0.37413285983558203,4.828167697947337,,-0.075270288764198,-0.9572953736654801,0.08,,100,0.093717658948834,1.032371790299925,0.093753033984381,3.53750355467821e-05,100,0.09322036641981701,1.032164722364082,0.093265923925318,4.5557505500078324e-05,0.000497292529017,4.555750550062909e-05,100,2.280810431035694,120.81680273707471,3.170774804275847,0.8899643732401481,100,1.617780016252619,108.4390237422376,2.519614306040655,0.901834289788037,0.663030414783075,0.901834289788036,100,0.023162728662914002,0.343247366649764,0.058298154666102005,0.035135426003187004,100,0.025548283480196003,0.385618504285263,0.056249757398014,0.030701473917817003,-0.002385554817282,0.030701473917817003,100,0.001279305415797,0.040116509996028005,0.0033180385380860004,0.002038733122288,100,0.0009410842683070001,0.040116509996028005,0.0030211106382790004,0.002080026369972,0.00033822114749,0.002080026369972,100,0.015351465163552002,0.34511078562325603,0.02304932951662,0.007697864353068001,100,0.016486985596855002,0.484260177239455,0.027835172447702002,0.011348186850847,-0.0011355204333030001,0.011348186850846001,100,0.0021722215792770003,0.108303913238266,0.0028051164390320003,0.000632894859754,100,0.00186865325977,0.09519073549177001,0.0024493888364520004,0.0005807355766820001,0.00030356831950600004,0.0005807355766820001,0.13,0.13,0,0.17,0.14,0,0.11010807025475002,0.135,-0.015000000000000001,0,0.32805287894378105,0.5707591377694471,0.34044329777667803,0.3024,164.2,,,,,,0.4914999999999995,1.42,-0.0476108790814785,0.8501754646105175,0.449919095431085,0.2158626157728335,-0.09262904038200505,0.15776504500147584,0.028699290459664684,1.1614581667496628,e3
e3_O2_A5_314f978cd3_s6,e3_O2_A5,6,meta-llama/Llama-3.1-8B-Instruct,100,30,prompt,2026-08-02 19:17:03,0.2,0.5,0.5,0.5,0.5,0.15,independent,barabasi_albert,meta-llama/Llama-3.1-8B-Instruct,1.665099999999999,1.33,0.651056679649132,5.750729273123691,,-0.023833529325437003,-0.161512027491408,0.85,1.12,0.512062938867187,4.482079571400182,,-0.058555496911037,-0.591111111111111,0.25090909090909,,100,0.09322823949231801,1.032055098162753,0.09327430700162201,4.6067509306228245e-05,100,0.093594670538999,1.032517955901696,0.09363578966068001,4.111912168084721e-05,-0.000366431046681,4.111912168136555e-05,100,2.354009575707499,116.79781834643175,3.085699868043893,0.731690292336393,100,1.6979812964934862,101.7737460088592,2.610479672774778,0.912498376281288,0.6560282792140121,0.912498376281292,100,0.021555632952065,0.40680407310301303,0.057767941618335004,0.03621230866627,100,0.025278523713147,0.42798964192076205,0.06803065279006501,0.042752129076917,-0.0037228907610820003,0.042752129076917,100,0.0012360882650280002,0.040116509996028005,0.0035938775249120002,0.002357789259883,100,0.001747786748362,0.050046339202965,0.004004957070001001,0.0022571703216380003,-0.000511698483333,0.0022571703216380003,100,0.013484203073719002,0.484260177239455,0.025505733525857003,0.012021530452138001,100,0.011633659236295,0.41468548143135503,0.025898221711237002,0.014264562474941001,0.0018505438374230002,0.014264562474941001,100,0.0018664912961400002,0.09519073549177001,0.0024693025279470004,0.000602811231807,100,0.002220587587972,0.108303913238266,0.002795189370533,0.0005746017825600001,-0.000354096291832,0.0005746017825600001,0.1,0.16,0,0.18,0.09,0,0.108820617744751,0.125,-0.015000000000000001,0,0.33391234057693703,0.5829368855058671,0.262577617836442,0.7884000000000001,172.7,,,,,,1.2575499999999995,1.225,-0.041194513118237006,0.37631156930125953,0.5815598092581595,-0.01608138709155112,-0.16025335345313532,0.1620646598431708,-0.29083012362377714,0.3097367066417599,e3
e3_O2_A5_314f978cd3_s7,e3_O2_A5,7,meta-llama/Llama-3.1-8B-Instruct,100,30,prompt,2026-08-02 19:19:46,0.2,0.5,0.5,0.5,0.5,0.15,independent,barabasi_albert,meta-llama/Llama-3.1-8B-Instruct,1.917599999999999,1.34,0.639318887940732,5.745245248385215,,-0.029324509356458,-0.010309278350515,0.7300000000000001,1.24,0.5174810357988431,4.881081794168319,,0.037955869039415,-0.798319327731092,0.265536723163841,,100,0.09332281172519201,1.03062998354548,0.09336485787149801,4.2046146304868804e-05,100,0.07548924797942601,1.032164722364082,0.166099521604353,0.090610273624927,0.017833563745765002,0.090610273624926,100,1.332266993327698,13.814807977921827,2.346250882092734,1.013983888765037,100,2.07489955874699,116.23031003333924,2.879815756929826,0.8049161981828271,-0.742632565419292,0.8049161981828351,100,0.018069777763161002,0.332654582240889,0.057659022736769004,0.039589244973608,100,0.023408186029428003,0.332654582240889,0.057698128743297,0.034289942713869,-0.005338408266266001,0.034289942713869,100,0.0010365274586790001,0.040116509996028005,0.0030348773536550003,0.001998349894976,100,0.001763571336635,0.046736396133986,0.004071068271994,0.0023074969353590003,-0.000727043877956,0.0023074969353590003,100,0.010651284594773,0.34511078562325603,0.023543297097754,0.012892012502980001,100,0.016693627229524,0.484260177239455,0.024286341212431003,0.007592713982907001,-0.006042342634750001,0.007592713982907001,100,0.0017388070402320002,0.09519073549177001,0.0022945686789180002,0.000555761638686,100,0.0017045720743850002,0.09519073549177001,0.0022937184178990003,0.0005891463435130001,3.42349658466435e-05,0.0005891463435130001,0.07,0.1,0,0.08,0.14,0,-0.122812093581109,0.12000000000000001,0.045,0,0.32162695660052504,0.5588495575221231,0.313867190326077,0.5464,162.9,,,,,,1.3237999999999996,1.29,0.004315679841478501,0.4043143030408035,0.5783999618697875,0.04839964492047344,-0.1403403529348114,0.156717628630567,0.16228050340221772,0.4831427972068775,e3
e3_O2_A5_314f978cd3_s8,e3_O2_A5,8,meta-llama/Llama-3.1-8B-Instruct,100,30,prompt,2026-08-02 19:22:35,0.2,0.5,0.5,0.5,0.5,0.15,independent,barabasi_albert,meta-llama/Llama-3.1-8B-Instruct,2.2059,1.4100000000000001,0.65924363986219,5.547572385859637,,-0.09676081537950601,0.06761565836298901,0.7371000000000001,1.4100000000000001,0.582414135580826,5.896951912031315,,0.047222074799243,-0.7222222222222221,0.327683615819209,,100,0.07516235693926701,1.032091639563196,0.16614991073858001,0.090987553799312,100,0.092877239704827,1.030301110941494,0.092937276416616,6.00367117892767e-05,-0.017714882765559003,6.0036711788793995e-05,100,1.947878497269898,115.41196166000314,2.838216303184455,0.89033780591456,100,1.5898545437048521,115.41196166000314,2.6161120659982613,1.026257522293412,0.358023953565046,1.026257522293409,100,0.029593686239794,0.385618504285263,0.059314344012747,0.029720657772953,100,0.016968277133375002,0.30087622901426503,0.049685929671487,0.032717652538112,0.012625409106419001,0.032717652538112,100,0.001981516999883,0.043426453065007004,0.0046379711796450005,0.0026564541797610003,100,0.00099615056472,0.040116509996028005,0.002727488853386,0.0017313382886650001,0.000985366435162,0.0017313382886650001,100,0.010478136848024,0.34511078562325603,0.021916379181014002,0.011438242332989,100,0.015831335718587,0.484260177239455,0.027096474027116003,0.011265138308529,-0.005353198870562,0.011265138308529,100,0.0015910128887180002,0.06896437999877801,0.002181161933967,0.000590149045248,100,0.001789450266909,0.06896437999877801,0.0024508250680760004,0.0006613748011670001,-0.00019843737819000003,0.0006613748011670001,0.08,0.11,0,0.04,0.11,0,0.05806136834871901,0.11,0.05,0,0.294823093162687,0.571899012074643,0.36144337958626904,0.9219,169.3,,,,,,1.4715000000000003,1.4100000000000001,-0.024769370290131505,0.32730328192961655,0.620828887721508,0.23758164196095924,0.01497011525189801,0.17878217715694575,0.173616430300586,1.0299394679733542,e3
e3_O2_A8_407f2d1268_s6,e3_O2_A8,6,meta-llama/Llama-3.1-8B-Instruct,100,30,prompt,2026-08-02 19:25:34,0.2,0.5,0.5,0.8,0.5,0.15,independent,barabasi_albert,meta-llama/Llama-3.1-8B-Instruct,0.4731,1.69,0.7240223181017511,7.418021874343714,,-0.073557703189009,-0.8327272727272721,0.8298999999999991,1.25,0.5668619528733091,5.7370060387980875,,0.036563897995768,-0.626459143968871,0.04618473895582301,,100,0.093211955677737,1.032164722364082,0.09325447367747901,4.251799974252218e-05,100,0.09381651635945501,1.032603219169396,0.09385270274929201,3.618638983772446e-05,-0.0006045606817180001,3.618638983636513e-05,100,2.6658095825609163,121.78274484751546,3.377568429432618,0.7117588468716991,100,2.235776159317113,116.79781834643175,3.240096152098148,1.004319992781029,0.43003342324380306,1.004319992781035,100,0.019764977559937003,0.337950974445327,0.056582973813346,0.036817996253408,100,0.035775203353422005,0.41739685751188704,0.064564732108771,0.028789528755349004,-0.016010225793484,0.028789528755349004,100,0.0012680286306700002,0.046736396133986,0.003163746201984,0.0018957175713140001,100,0.001908520948749,0.05335628227194401,0.00408450682831,0.00217598587956,-0.0006404923180790001,0.00217598587956,100,0.018225815747456003,0.484260177239455,0.029416803935783,0.011190988188327,100,0.013940239612179,0.484260177239455,0.024175380490448,0.010235140878269001,0.004285576135277001,0.010235140878269001,100,0.002039344218808,0.09519073549177001,0.0026794811201200004,0.0006401369013120001,100,0.001574462655056,0.06896437999877801,0.002205907491156,0.000631444836099,0.00046488156375100003,0.000631444836099,0.14,0.07,0,0.07,0.13,0,0.069588100358258,0.1,-0.005,0,0.33735230024849,0.539688041594454,0.31815551345291704,1.243599999999999,179.2,,,,,,0.6514999999999995,1.47,-0.018496902596620502,0.7295932083480716,0.6454421354875302,-0.02985541172636096,-0.06217837819930747,0.17436471325335726,0.2594271802508045,0.060349068148753404,e3
e3_O2_A8_407f2d1268_s7,e3_O2_A8,7,meta-llama/Llama-3.1-8B-Instruct,100,30,prompt,2026-08-02 19:28:32,0.2,0.5,0.5,0.8,0.5,0.15,independent,barabasi_albert,meta-llama/Llama-3.1-8B-Instruct,0.8399999999999991,1.54,0.6647836180986041,7.028634960055146,,-0.03466506160161,-0.780487804878048,1.2851,1.11,0.572423463909538,4.21349561572741,,0.010281027714074001,-0.280898876404494,0.09763313609467401,,100,0.093767789230321,1.032749384771168,0.09381089252171501,4.3103291393175896e-05,100,0.09338293499422101,1.030045321138393,0.093422125063047,3.919006882531222e-05,0.000384854236099,3.9190068826341906e-05,100,2.3287398931003302,123.21017723453691,3.103781546651,0.77504165355067,100,1.9788243284072382,115.99055682658708,2.815499220781183,0.8366748923739411,0.34991556469309204,0.8366748923739451,100,0.045418622060931,0.42798964192076205,0.068435132171881,0.023016510110949,100,0.034450273727513005,0.41739685751188704,0.057661080938760004,0.023210807211247002,0.010968348333417002,0.023210807211247002,100,0.001558695628269,0.046736396133986,0.003563133941669,0.0020044383134000003,100,0.0016441701591630002,0.046736396133986,0.0036093619297020004,0.001965191770538,-8.547453089432427e-05,0.001965191770538,100,0.015098749142430002,0.484260177239455,0.024886363657487,0.009787614515056001,100,0.008407200942775,0.18508898526462703,0.022334767409878,0.013927566467102002,0.006691548199654,0.013927566467102002,100,0.0016879090861880001,0.06896437999877801,0.00228631130045,0.000598402214262,100,0.0021662502118490004,0.108303913238266,0.0027661758276140004,0.0005999256157640001,-0.000478341125661,0.0005999256157640001,0.12,0.16,0,0.1,0.05,0,0.061232749967618,0.10500000000000001,-0.004999999999999,0,0.288584432239606,0.575100133511348,0.342926578820609,1.3504,178.1,,,,,,1.0625499999999994,1.3250000000000002,-0.012192016943768001,0.530693340641271,0.6186035410040711,-0.04452771473394571,-0.11623254123682362,0.14606959558456958,0.09648446539357021,0.0523528800932245,e3
e3_O2_A8_407f2d1268_s8,e3_O2_A8,8,meta-llama/Llama-3.1-8B-Instruct,100,30,prompt,2026-08-02 19:31:28,0.2,0.5,0.5,0.8,0.5,0.15,independent,barabasi_albert,meta-llama/Llama-3.1-8B-Instruct,1.3584,1.42,0.6958864926503361,5.635767559269144,,0.09527035235061601,-0.480701754385964,0.8796,1.24,0.574845304027046,5.538596964758149,,-0.047692523495581,-0.6392156862745091,0.11340206185567,,100,0.093681514208813,1.031129382684866,0.09371184759723901,3.0333388428400724e-05,100,0.093806325893224,1.031153743618495,0.09383632975445101,3.000386122718883e-05,-0.00012481168441100002,3.0003861226660104e-05,100,2.26648657194817,116.79781834643175,3.15538862448749,0.8889020525393161,100,1.923548261785843,101.3572960745874,2.716085546734676,0.792537284948832,0.342938310162326,0.792537284948832,100,0.043308592240397,0.41739685751188704,0.064661236841412,0.021352644601015002,100,0.031116096626725,0.41210046530745004,0.060884020820339,0.029767924193613002,0.012192495613671,0.029767924193613002,100,0.001750895460876,0.046736396133986,0.004176736004559,0.0024258405436830004,100,0.0015707289234270002,0.046736396133986,0.0037029721280600002,0.002132243204632,0.00018016653744800003,0.002132243204632,100,0.013373613502667001,0.484260177239455,0.025891238367418003,0.012517624864751001,100,0.012086902397425001,0.484260177239455,0.023865383364711,0.011778480967286,0.001286711105242,0.011778480967286,100,0.0017415980131110002,0.09519073549177001,0.002293678523269,0.0005520805101580001,100,0.0018710203135530001,0.09519073549177001,0.002415088291889,0.000544067978335,-0.00012942230044200002,0.000544067978335,0.07,0.06,0,0.07,0.04,0,0.059390574905639,0.05,-0.02,0,0.327580668884464,0.522137887413029,0.32476889127263003,1.2530999999999999,176.1,,,,,,1.119,1.33,0.023788914427517505,0.5599587203302365,0.6353658983386911,0.03758640378177034,-0.10351279939245478,0.13946500085898753,0.3904091511014329,-0.12297418694595114,e3
e3_O5_A2_58c90e43d7_s6,e3_O5_A2,6,meta-llama/Llama-3.1-8B-Instruct,100,30,prompt,2026-08-02 19:34:42,0.5,0.5,0.5,0.2,0.5,0.15,independent,barabasi_albert,meta-llama/Llama-3.1-8B-Instruct,1.681599999999999,1.4,0.7048373720235811,5.801546105688081,,0.048536250464652,-0.27835051546391704,0.6531,1.29,0.5020301228085691,5.482687632075179,,0.010235398342086002,-0.7100371747211891,0.18779342723004602,,100,0.093583279309095,1.032116000496824,0.09362758773176501,4.430842266989744e-05,100,0.09352006138272201,1.032201263764524,0.09355446286760201,3.440148487819039e-05,6.321792637306589e-05,3.44014848795704e-05,100,1.573382710521858,46.22306659005485,2.473015173968544,0.899632463446683,100,1.345522720442875,14.008827914021833,2.37223050691666,1.026707786473783,0.22785999007898203,1.026707786473785,100,0.031309192150668005,0.40680407310301303,0.060346389639985,0.029037197489316,100,0.030364547404979004,0.396211288694138,0.057237826467198,0.026873279062218,0.0009446447456880001,0.026873279062218,100,0.0015892254208670002,0.046736396133986,0.0037717013930030005,0.0021824759721360003,100,0.001512232529509,0.046736396133986,0.003680253551537,0.002168021022028,7.699289135824299e-05,0.002168021022028,100,0.019388623138651,0.484260177239455,0.025356450733891003,0.005967827595240001,100,0.019292587835714,0.484260177239455,0.028431865266086,0.009139277430372001,9.6035302937076e-05,0.009139277430372001,100,0.0015571318560200001,0.06896437999877801,0.002116443483557,0.0005593116275370001,100,0.001703996150093,0.09519073549177001,0.0022644800358910004,0.0005604838857970001,-0.00014686429407300002,0.0005604838857970001,0.18,0.18,0,0.18,0.16,0,0.038149002775211,0.169999999999999,-0.01,0,0.368693063140327,0.614520547945205,0.198411835842756,0.18760000000000002,193.3,,,,,,1.1673499999999994,1.345,0.029385824403369003,0.49419384509255304,0.6034337474160751,0.17883642819839882,0.1606488865044974,0.17758054155984604,0.41094971237262656,1.3236014658757305,e3
e3_O5_A2_58c90e43d7_s7,e3_O5_A2,7,meta-llama/Llama-3.1-8B-Instruct,100,30,prompt,2026-08-02 19:37:47,0.5,0.5,0.5,0.2,0.5,0.15,independent,barabasi_albert,meta-llama/Llama-3.1-8B-Instruct,1.3599999999999999,1.44,0.707914893721137,5.821128942797498,,0.01054707577382,-0.5539568345323741,0.261899999999999,1.4100000000000001,0.619617258486992,11.051712576663988,,0.078084234066342,-1.0,0.11111111111111101,,100,0.09267996331292201,1.03253013636851,0.092760770841672,8.08075287502316e-05,100,0.093016642287816,1.029533741532193,0.093064091396429,4.744910861251926e-05,-0.00033667897489400003,4.744910861315122e-05,100,1.7092722531445572,114.02610497357453,2.790123041896495,1.080850788751934,100,1.917977882106544,114.84445334691063,2.720813155425261,0.8028352733187171,-0.20870562896198602,0.8028352733187171,100,0.031258936938132004,0.40680407310301303,0.059108606925047005,0.027849669986915,100,0.032350567938643,0.41210046530745004,0.056442796819222006,0.024092228880578003,-0.00109163100051,0.024092228880578003,100,0.0014249639317250001,0.046736396133986,0.003613391541389,0.002188427609664,100,0.001241330631583,0.043426453065007004,0.003008701943898,0.0017673713123140002,0.00018363330014100002,0.001767371312315,100,0.017352180374112,0.484260177239455,0.030082941298807002,0.012730760924694001,100,0.010672746147975,0.484260177239455,0.026384390676141,0.015711644528165,0.006679434226136,0.015711644528165,100,0.002450360265465,0.12141709098476201,0.0030453424772880003,0.000594982211822,100,0.0018288646888890002,0.082077557745274,0.002483384056941,0.000654519368052,0.0006214955765760001,0.000654519368052,0.09,0.18,0,0.2,0.2,0,-0.033774895972422,0.19,0.044999999999999006,0,0.352399210244754,0.5613604488078541,0.286580247932606,0.6000000000000001,185.5,,,,,,0.8109499999999994,1.425,0.044315654920081,0.7769784172661871,0.6637660761040645,0.10934410268208815,-0.06906722052765202,0.14085141441940643,0.7167508060740706,1.2557406336124053,e3
e3_O5_A2_58c90e43d7_s8,e3_O5_A2,8,meta-llama/Llama-3.1-8B-Instruct,100,30,prompt,2026-08-02 19:40:45,0.5,0.5,0.5,0.2,0.5,0.15,independent,barabasi_albert,meta-llama/Llama-3.1-8B-Instruct,2.147499999999999,1.47,0.711551165065715,5.6611529230593245,,-0.065766222859842,-0.112676056338028,0.6535999999999991,1.24,0.49780198009992305,5.822882113940885,,-0.021830751676778,-0.5697211155378481,0.17094017094017,,100,0.092988706823715,1.031153743618495,0.09305093387100101,6.222704728438582e-05,100,0.093566383170521,1.032566677768953,0.09360611298249201,3.9729811971249736e-05,-0.000577676346806,3.972981197059022e-05,100,1.998557939547799,116.79781834643175,2.825584235149147,0.8270262956013471,100,1.8523942689858681,115.86444386812208,2.772034239951846,0.919639970965973,0.14616367056193103,0.919639970965977,100,0.032009468311538,0.42269324971632505,0.069141196354618,0.037131728043079,100,0.032015830326101,0.41739685751188704,0.064569638838817,0.032553808512715006,-6.362014562881491e-06,0.032553808512715006,100,0.0007664777558860001,0.040116509996028005,0.00252452893011,0.001758051174224,100,0.001441865907254,0.046736396133986,0.003505493826979,0.0020636279197240003,-0.000675388151368,0.0020636279197240003,100,0.015514849596194001,0.484260177239455,0.024890772647654002,0.009375923051459002,100,0.012682461459954001,0.484260177239455,0.023729016047902,0.011046554587948001,0.00283238813624,0.011046554587948001,100,0.001765167122324,0.09519073549177001,0.002409798080073,0.0006446309577490001,100,0.002007120422704,0.09519073549177001,0.0026154038866360004,0.0006082834639320001,-0.000241953300379,0.0006082834639320001,0.11,0.13,0,0.11,0.12,0,0.024582446480842002,0.125,0.015,0,0.34377741284511704,0.59769067152841,0.276037772770159,1.605899999999999,177.5,,,,,,1.400549999999999,1.355,-0.04379848726831,0.34119858593793806,0.604676572582819,0.04695430917566581,-0.14835216631220602,0.1609919958770439,-0.058198060692017134,0.5190720697917608,e3
e3_O5_A5_ab43a41e1c_s6,e3_O5_A5,6,meta-llama/Llama-3.1-8B-Instruct,100,30,prompt,2026-08-02 19:43:58,0.5,0.5,0.5,0.5,0.5,0.15,independent,barabasi_albert,meta-llama/Llama-3.1-8B-Instruct,1.3075,1.5899999999999999,0.7625980192680031,5.957038645486525,,-0.019046018746484,-0.609022556390977,1.29,1.06,0.6460460283003661,5.502338766833048,,0.125931981977979,-0.09803921568627401,0.17829457364341,,100,0.093451903703141,1.031774947426024,0.093497865886803,4.5962183663344764e-05,100,0.093261043872328,1.031665323224695,0.093308746754707,4.770288237992267e-05,0.00019085983081200002,4.7702882379013774e-05,100,2.421962604580046,126.49881515143201,3.152940999241451,0.730978394661401,100,2.124244966336907,119.38937035005324,2.906952507620047,0.78270754128314,0.297717638243138,0.782707541283139,100,0.029299673962892,0.332654582240889,0.056895154659651004,0.027595480696759003,100,0.032942740141901,0.41739685751188704,0.058604847245741006,0.025662107103839003,-0.0036430661790090003,0.025662107103839003,100,0.00141037958613,0.046736396133986,0.0034847733144250004,0.002074393728294,100,0.001369275735313,0.046736396133986,0.003426492446866,0.0020572167115530003,4.1103850817103425e-05,0.0020572167115530003,100,0.014934767289137,0.484260177239455,0.025411519969447002,0.010476752680309,100,0.022239076554961,0.484260177239455,0.029573866279776,0.007334789724814001,-0.007304309265824001,0.007334789724814001,100,0.0015852792283440002,0.066341744449479,0.002232692156173,0.0006474129278280001,100,0.00166856583767,0.09519073549177001,0.002212967021598,0.000544401183928,-8.328660932538194e-05,0.000544401183928,0.05,0.09,0,0.1,0.14,0,0.047819823311768005,0.115,0.039999999999999,0,0.335755145269094,0.543907793633369,0.32859265350710704,1.2579,193.1,,,,,,1.29875,1.325,0.0534429816157475,0.35353088603862554,0.7043220237841845,0.07374771863163078,-0.15857327787090228,0.13639229314827564,0.46362085541274656,0.526592172416314,e3
e3_O5_A5_ab43a41e1c_s7,e3_O5_A5,7,meta-llama/Llama-3.1-8B-Instruct,100,30,prompt,2026-08-02 19:47:16,0.5,0.5,0.5,0.5,0.5,0.15,independent,barabasi_albert,meta-llama/Llama-3.1-8B-Instruct,1.285899999999999,1.29,0.658510281986838,5.408497710549968,,0.026303705076252,-0.44876325088339203,1.044399999999999,1.04,0.534489835761349,4.134524495509759,,-0.051325143119051,-0.26511627906976704,0.16666666666666602,,100,0.09334263464527501,1.027268174704733,0.093379287450813,3.6652805538069985e-05,100,0.093200537925713,1.032225624698153,0.09326250080510101,6.196287938795091e-05,0.00014209671956200002,6.19628793880056e-05,100,1.543507198479215,104.32510816857427,2.616773069346147,1.073265870866929,100,1.245930677812595,15.034361861979004,2.466647523219396,1.220716845406799,0.29757652066662005,1.220716845406801,100,0.035543247552363,0.41739685751188704,0.061704017126849,0.026160769574486,100,0.037655893622394,0.40680407310301303,0.060170860979809004,0.022514967357414,-0.0021126460700310002,0.022514967357414,100,0.00211317414212,0.050046339202965,0.004459507934751,0.0023463337926310003,100,0.001676170819252,0.046736396133986,0.003906263697675,0.002230092878422,0.00043700332286700005,0.002230092878422,100,0.013814109046500002,0.39149391616198903,0.024354396893034,0.010540287846533,100,0.010224349819037,0.18972729831850002,0.023434072251984003,0.013209722432947001,0.0035897592274630004,0.013209722432947001,100,0.002166351585681,0.108303913238266,0.0027162001555390003,0.000549848569857,100,0.001984690911249,0.09519073549177001,0.002592796708559,0.0006081057973100001,0.000181660674432,0.0006081057973100001,0.12,0.09,0,0.14,0.17,0,0.049969065756819,0.13,0.0,0,0.35989055786296703,0.609523809523809,0.21683099096128702,1.5219,198.3,,,,,,1.165149999999999,1.165,-0.0125107190213995,0.35693976497657953,0.5965000588740935,0.10649068827598394,0.24585681385901456,0.20989028279204666,-0.2744290472612673,0.7575156347309153,e3
e3_O5_A5_ab43a41e1c_s8,e3_O5_A5,8,meta-llama/Llama-3.1-8B-Instruct,100,30,prompt,2026-08-02 19:50:29,0.5,0.5,0.5,0.5,0.5,0.15,independent,barabasi_albert,meta-llama/Llama-3.1-8B-Instruct,1.425899999999999,1.33,0.676896388291214,5.424012891626213,,-0.086912180883651,-0.16967509025270702,1.0836000000000001,1.04,0.528716115869261,4.321905398957867,,-0.019591393604421,-0.346938775510204,0.213592233009708,,100,0.09353020977984301,1.032591038702582,0.093569536718398,3.9326938555473794e-05,100,0.09312576606960701,1.032323068432667,0.09318524415053801,5.9478080933619245e-05,0.00040444371023600005,5.947808093080542e-05,100,1.6376655543219552,74.21459994253989,2.592154460988311,0.9544889066663521,100,1.9779931432317612,116.56430149476853,2.84615188319973,0.8681587399679671,-0.340327588909806,0.8681587399679691,100,0.026289478372735,0.36972932767195105,0.061458051089789,0.035168572717054,100,0.050069068784612,0.42798964192076205,0.067840132282554,0.017771063497941,-0.023779590411877,0.017771063497941,100,0.002181828274555,0.050046339202965,0.004334160021173,0.002152331746618,100,0.0012961623155680001,0.046736396133986,0.0030944820957580004,0.00179831978019,0.000885665958987,0.00179831978019,100,0.012507223434459001,0.484260177239455,0.027273744668583,0.014766521234124001,100,0.015520720664603001,0.484260177239455,0.029367618705648003,0.013846898041044001,-0.003013497230144,0.013846898041044001,100,0.002022344749362,0.09519073549177001,0.0028319856379860004,0.000809640888624,100,0.001962240538421,0.09519073549177001,0.0025863486633860002,0.000624108124965,6.01042109414033e-05,0.000624108124965,0.2,0.17,0,0.08,0.1,0,-0.06096174377861,0.135,-0.005,0,0.33869235886343,0.5274841437632131,0.36333291725232403,1.8131,193.6,,,,,,1.2547499999999996,1.185,-0.053251787244036,0.2583069328814555,0.6028062520802375,0.037546679930969294,-0.15147098892444696,0.15037643458217345,-0.5477702500556403,0.5692884376068111,e3
e3_O5_A8_78ae896e9c_s6,e3_O5_A8,6,meta-llama/Llama-3.1-8B-Instruct,100,30,prompt,2026-08-02 19:53:45,0.5,0.5,0.5,0.8,0.5,0.15,independent,barabasi_albert,meta-llama/Llama-3.1-8B-Instruct,0.1179,1.8900000000000001,0.8448725861717941,5.185449728701348,,-0.025573829748779003,-1.0,1.365899999999999,1.13,0.680493554469603,5.672011146766788,,-0.059072487726138004,-0.115241635687732,0.075675675675675,,100,0.093704677336642,1.032371790299925,0.093737437379886,3.276004324382399e-05,100,0.091962417938065,1.025623811684803,0.09203902733234101,7.660939427605072e-05,0.001742259398577,7.660939427663051e-05,100,2.32471950714178,121.09397407436043,3.048256232097882,0.7235367249560971,100,2.084895811187611,125.8058868082177,2.915620011051302,0.8307241998636881,0.23982369595416902,0.8307241998636911,100,0.028716506393536,0.35913654326307604,0.056193185274545004,0.027476678881009003,100,0.031337490036062,0.40680407310301303,0.05747278286545,0.026135292829387,-0.002620983642525,0.026135292829387,100,0.0024493113216720003,0.05335628227194401,0.004796338637401001,0.0023470273157280004,100,0.001698401702886,0.046736396133986,0.0037877673338770003,0.00208936563099,0.0007509096187860001,0.00208936563099,100,0.015481741458471001,0.484260177239455,0.029281503106336003,0.013799761647864001,100,0.014962580253185,0.484260177239455,0.028254784701439002,0.013292204448254002,0.0005191612052860001,0.013292204448254002,100,0.001588568166883,0.06896437999877801,0.0021311134757400004,0.000542545308857,100,0.0017499149483550002,0.09519073549177001,0.0023830063994220003,0.0006330914510660001,-0.00016134678147200002,0.0006330914510660001,0.14,0.14,0,0.1,0.11,0,0.040008949292136005,0.125,0.004999999999999,0,0.35669303955201304,0.462469135802469,0.38359701622609604,1.5298999999999991,196.0,,,,,,0.7418999999999996,1.51,-0.042323158737458504,0.557620817843866,0.7626830703206986,0.010676059959817371,-0.17415892030779143,0.14549179393627684,0.05260207669622158,0.3985955632445418,e3
e3_O5_A8_78ae896e9c_s7,e3_O5_A8,7,meta-llama/Llama-3.1-8B-Instruct,100,30,prompt,2026-08-02 19:57:00,0.5,0.5,0.5,0.8,0.5,0.15,independent,barabasi_albert,meta-llama/Llama-3.1-8B-Instruct,0.19440000000000002,1.8399999999999999,0.8561335745613261,8.822124747331067,,0.020359772251577,-1.0,1.1539,1.03,0.6376100721605871,5.202259267249136,,0.028306509587594002,-0.172413793103448,0.05947955390334501,,100,0.093471141467812,1.032298707499039,0.093502667636982,3.15261691698052e-05,100,0.093652418067797,1.032164722364082,0.093693272042092,4.0853974295815694e-05,-0.00018127659998400003,4.085397429515192e-05,100,2.257220373129073,120.88609557139614,2.9833985217542613,0.726178148625187,100,2.248776753359118,121.16326690868186,2.925843522221872,0.6770667688627601,0.008443619769954001,0.6770667688627531,100,0.037892148439988005,0.390914896489701,0.060865358292138,0.022973209852149002,100,0.054097814051956,0.438582426329637,0.070979013227669,0.016881199175713003,-0.016205665611967002,0.016881199175713003,100,0.0016173237609110002,0.046736396133986,0.0038772897480140005,0.002259965987103,100,0.0022732232689630003,0.059976168409903004,0.004678847741841,0.002405624472877,-0.000655899508052,0.002405624472877,100,0.015790783164199,0.484260177239455,0.025565267959693,0.009774484795493001,100,0.014327770070314001,0.484260177239455,0.027357763874997002,0.013029993804683001,0.0014630130938840002,0.013029993804683001,100,0.0021098671499230003,0.101747324365018,0.002790442468563,0.00068057531864,100,0.001778418686791,0.09519073549177001,0.002362624001678,0.0005842053148860001,0.00033144846313100005,0.0005842053148860001,0.09,0.12,0,0.11,0.11,0,-0.0011341267321720002,0.114999999999999,0.014999999999999002,0,0.32690026514609805,0.5565912117177091,0.292919865528111,1.469899999999999,194.2,,,,,,0.67415,1.435,0.0243331409195855,0.586206896551724,0.7468718233609566,-0.16375361815001166,-0.22605365974788594,0.11833477426753579,0.34491971323883386,-0.2621264668295722,e3
e3_O5_A8_78ae896e9c_s8,e3_O5_A8,8,meta-llama/Llama-3.1-8B-Instruct,100,30,prompt,2026-08-02 20:00:06,0.5,0.5,0.5,0.8,0.5,0.15,independent,barabasi_albert,meta-llama/Llama-3.1-8B-Instruct,0.5624,1.8599999999999999,0.8629095960288491,10.263880500133146,,0.004388759113753,-0.915708812260536,1.321599999999999,1.08,0.624224214507555,4.947358858031488,,-0.087713403750446,0.03125,0.09610983981693301,,100,0.093964325369532,1.032737204304354,0.093996614832134,3.228946260316503e-05,100,0.093053731541531,1.026245015492332,0.09309770585969601,4.397431816370787e-05,0.000910593828001,4.3974318165121436e-05,100,2.03251911087993,116.10489000321745,2.839262406983151,0.80674329610322,100,2.121807245989915,116.55737221133639,2.843610313616493,0.7218030676265761,-0.08928813510998501,0.7218030676265771,100,0.018753081294825003,0.31676540562757705,0.048560034989643,0.029806953694817003,100,0.030388402798815002,0.41739685751188704,0.062467086267765,0.032078683468949,-0.011635321503989,0.032078683468949,100,0.0015873456120420002,0.046736396133986,0.0034311460703410003,0.0018438004582990001,100,0.0020762270063250004,0.05335628227194401,0.0043139316617780005,0.002237704655452,-0.0004888813942830001,0.002237704655452,100,0.015393013337064,0.484260177239455,0.027578932386216,0.012185919049152,100,0.012738339746475001,0.484260177239455,0.025677250949388,0.012938911202912,0.002654673590588,0.012938911202912,100,0.0018595002856080002,0.09519073549177001,0.0024299116762300003,0.0005704113906220001,100,0.0019030643627710002,0.09519073549177001,0.0025182136950650004,0.0006151493322940001,-4.3564077162860586e-05,0.0006151493322940001,0.06,0.04,0,0.08,0.11,0,-0.016315105777805,0.075,0.004999999999999,0,0.344845819015964,0.557381465517241,0.32861453239752303,2.4139,186.1,,,,,,0.9419999999999995,1.47,-0.041662322318346504,0.442229406130268,0.7435669052682021,-0.09622940080233101,-0.17754971977714226,0.1282862484340578,-0.011672075432916887,-0.363717891903424,e3
e3_O8_A2_e95ffb46ee_s6,e3_O8_A2,6,meta-llama/Llama-3.1-8B-Instruct,100,30,prompt,2026-08-02 20:03:28,0.8,0.5,0.5,0.2,0.5,0.15,independent,barabasi_albert,meta-llama/Llama-3.1-8B-Instruct,2.361899999999999,1.43,0.659406880703292,5.109329590932481,,0.08299711290631001,-0.074380165289256,0.85,1.28,0.545095044847662,4.587506976139015,,-0.016412069183183,-0.6776859504132231,0.16060606060606,,100,0.09352124666429701,1.031994195828681,0.09355830870263901,3.7062038342428637e-05,100,0.09275102103520201,1.03114156315168,0.09281147603513101,6.045499992754426e-05,0.000770225629094,6.045499992876625e-05,100,1.677042551328139,116.72852551211032,2.629091843924339,0.9520492925961961,100,1.842966032229347,118.5301392044675,2.7958917126778413,0.9529256804484921,-0.165923480901207,0.9529256804484941,100,0.017231451450410003,0.31146901342314004,0.046067844856312004,0.028836393405902,100,0.033666183988893005,0.42798964192076205,0.06746487326270201,0.033798689273809,-0.016434732538483002,0.033798689273809,100,0.0016794481244110002,0.046736396133986,0.003888447523393,0.0022089993989820003,100,0.00152371968115,0.046736396133986,0.0035994873725920004,0.002075767691442,0.00015572844326000002,0.002075767691442,100,0.011841133351859,0.34511078562325603,0.023891936101346004,0.012050802749486,100,0.01357497464697,0.34511078562325603,0.022720249379844,0.009145274732874001,-0.00173384129511,0.009145274732874001,100,0.0019224482496330002,0.09519073549177001,0.0025156686241880003,0.000593220374554,100,0.0018883225740240002,0.09519073549177001,0.0025530624909490002,0.000664739916925,3.4125675608612115e-05,0.000664739916925,0.1,0.18,0,0.2,0.16,0,-0.030521995831139,0.169999999999999,0.019999999999999,0,0.327441682560002,0.455762897914379,0.45677652505444705,1.7996,202.6,,,,,,1.6059499999999995,1.355,0.03329252186156351,0.3760330578512395,0.6022509627754771,0.054985749560733155,-0.11463069767079143,0.16644510117724495,0.5729400428566691,0.912305512562475,e3
e3_O8_A2_e95ffb46ee_s7,e3_O8_A2,7,meta-llama/Llama-3.1-8B-Instruct,100,30,prompt,2026-08-02 20:06:53,0.8,0.5,0.5,0.2,0.5,0.15,independent,barabasi_albert,meta-llama/Llama-3.1-8B-Instruct,2.3939,1.47,0.6810846007894591,5.703652228177155,,-0.013540696591544001,0.024390243902439,0.48109999999999903,1.23,0.344164359093727,3.254276439117967,,0.007545540373398001,-0.951020408163265,0.22195704057279203,,100,0.093364738521111,1.032700662903911,0.093412322367559,4.7583846447651826e-05,100,0.093669389330993,1.031994195828681,0.093707927473964,3.853814297149635e-05,-0.000304650809881,3.8538142971375484e-05,100,1.828731009475403,114.02610497357453,2.655905342309465,0.827174332834063,100,1.893195130942189,115.86444386812208,2.760378382159698,0.8671832512175061,-0.064464121466785,0.867183251217509,100,0.036269680387734,0.40680407310301303,0.060358601264891,0.024088920877157003,100,0.026648879360359003,0.332654582240889,0.059494040370211006,0.032845161009852006,0.009620801027375002,0.032845161009852006,100,0.0015580665059890001,0.046736396133986,0.003828179720884,0.002270113214895,100,0.0017738679851120002,0.046736396133986,0.004108455266088,0.0023345872809760002,-0.00021580147912200003,0.0023345872809760002,100,0.015103701391838002,0.484260177239455,0.026936390395244002,0.011832689003406002,100,0.012986306402714,0.34511078562325603,0.023723312083327,0.010737005680612002,0.002117394989123,0.010737005680612002,100,0.00181481021694,0.09519073549177001,0.002367744927131,0.000552934710191,100,0.0015759402359030001,0.06896437999877801,0.002131006253092,0.000555066017189,0.00023886998103700001,0.000555066017189,0.17,0.15,0,0.17,0.19,0,-0.008834584626375,0.169999999999999,-2.775557561562891e-17,0,0.34268661466578904,0.523364485981308,0.314675788641599,1.859599999999999,204.7,,,,,,1.4374999999999996,1.35,-0.002997578109073,0.463315082130413,0.5126244799415931,0.06699062087076163,0.02192593711079242,0.1522822682248511,0.3310024795999457,0.9521725124382391,e3
e3_O8_A2_e95ffb46ee_s8,e3_O8_A2,8,meta-llama/Llama-3.1-8B-Instruct,100,30,prompt,2026-08-02 20:10:11,0.8,0.5,0.5,0.2,0.5,0.15,independent,barabasi_albert,meta-llama/Llama-3.1-8B-Instruct,1.9091,1.37,0.6585657815972561,5.501849137275746,,-0.038169775148855,-0.0625,0.8499,1.23,0.5404046003667,4.893931119024135,,0.026717557251908,-0.56060606060606,0.26210826210826205,,100,0.092953228172165,1.0293510345299781,0.093000661348002,4.7433175837942126e-05,100,0.093248962405126,1.026878399766676,0.09328397362984,3.501122471304849e-05,-0.00029573423296,3.50112247140405e-05,100,2.060326778014289,126.12463384609629,2.841794639164076,0.7814678611497871,100,2.465524698541744,121.78828827426116,3.114717125279196,0.649192426737447,-0.405197920527455,0.649192426737451,100,0.026431150062717002,0.332654582240889,0.05622097379475201,0.029789823732035002,100,0.030736390910919002,0.35913654326307604,0.057193383369957,0.026456992459038,-0.004305240848201,0.026456992459038,100,0.0017879766696550002,0.046736396133986,0.0038481608976660003,0.0020601842280100003,100,0.0016897960522720002,0.043426453065007004,0.0043026955312550005,0.002612899478983,9.818061738306222e-05,0.002612899478983,100,0.015469279511117002,0.484260177239455,0.021539038925176,0.006069759414058001,100,0.016223412493336,0.484260177239455,0.02567341798159,0.009450005488254,-0.0007541329822180001,0.009450005488254,100,0.0019838081807590003,0.09519073549177001,0.002610977238093,0.0006271690573340001,100,0.0021184401019270003,0.09519073549177001,0.002686995687428,0.0005685555855,-0.000134631921168,0.0005685555855,0.15,0.1,0,0.09,0.11,0,-0.068431579982436,0.10500000000000001,-0.014999999999999002,0,0.344001071332239,0.465101108936725,0.38812263086381904,2.401599999999999,197.7,,,,,,1.3795,1.3,-0.0057261089484735,0.31155303030303,0.5994851909819781,-0.12674016927041346,-0.14265663699397763,0.11471931516232252,0.053830997703620966,-0.22066661592200132,e3
e3_O8_A5_577fc837c0_s6,e3_O8_A5,6,meta-llama/Llama-3.1-8B-Instruct,100,30,prompt,2026-08-02 20:13:30,0.8,0.5,0.5,0.5,0.5,0.15,independent,barabasi_albert,meta-llama/Llama-3.1-8B-Instruct,0.7075,1.77,0.8185284204108271,7.900321860539426,,-0.023571113543179003,-0.8935361216730031,1.0811,0.9500000000000001,0.579976546257808,4.766967375226653,,-0.084207295392591,0.065326633165829,0.09880239520958001,,100,0.09338737090403701,1.032079459096381,0.09343409690680901,4.672600277007395e-05,100,0.092827407941584,1.032042917695939,0.09287724970786,4.9841766275957223e-05,0.000559962962452,4.98417662752465e-05,100,2.209274251876471,116.79781834643175,2.979605475609567,0.77033122373309,100,2.425367681264529,123.46240315146693,3.155993328246322,0.7306256469817951,-0.216093429388057,0.7306256469817931,100,0.037109853057452,0.41739685751188704,0.0624651694109,0.025355316353447004,100,0.028809067469913,0.40680407310301303,0.060693302319234005,0.03188423484932,0.008300785587538,0.03188423484932,100,0.001603993381359,0.043426453065007004,0.0036708788932140004,0.0020668855118550003,100,0.0015206996617660002,0.046736396133986,0.0034303384131160004,0.0019096387513500002,8.329371959328115e-05,0.0019096387513500002,100,0.016380377398990002,0.484260177239455,0.025969648142232002,0.009589270743241,100,0.016776086715512003,0.484260177239455,0.026491266094329002,0.009715179378816,-0.000395709316521,0.009715179378816,100,0.001634689742838,0.06896437999877801,0.002252248316329,0.00061755857349,100,0.0017816752727,0.06896437999877801,0.002423441662381,0.0006417663896800001,-0.000146985529862,0.0006417663896800001,0.09,0.14,0,0.12,0.09,0,-0.034615346994142,0.115,0.01,0,0.31354145586945503,0.48095137865712406,0.36418404083440203,2.1756,199.6,,,,,,0.8943,1.36,-0.053889204467885005,0.41410474425358706,0.6992524833343176,-0.01997058385538501,-0.05103570272789041,0.12913771801953952,-0.3165535327673002,0.2153628841451833,e3
e3_O8_A5_577fc837c0_s7,e3_O8_A5,7,meta-llama/Llama-3.1-8B-Instruct,100,30,prompt,2026-08-02 20:16:54,0.8,0.5,0.5,0.5,0.5,0.15,independent,barabasi_albert,meta-llama/Llama-3.1-8B-Instruct,0.9291,1.73,0.8147361051866641,6.874160065215203,,-0.07288788682418401,-0.636363636363636,1.3451,1.11,0.55763520427234,4.506179566006946,,-0.102436845501017,0.008064516129032001,0.164835164835164,,100,0.09335231336463401,1.032164722364082,0.093407165123008,5.485175837332044e-05,100,0.092510902877021,1.024966066476831,0.09256088567156001,4.9982794539505265e-05,0.000841410487612,4.998279453843902e-05,100,1.9602622503119802,116.79781834643175,2.7781981473452433,0.8179358970332641,100,2.386604903361115,120.63664136783899,3.089141773440069,0.70253687007895,-0.42634265304913405,0.702536870078954,100,0.035429903547906004,0.42798964192076205,0.06454415981513001,0.029114256267223002,100,0.024428450623794003,0.401507680898575,0.061539906601931,0.037111455978136004,0.011001452924111001,0.037111455978136004,100,0.0013806881794560001,0.046736396133986,0.0033215041505060003,0.0019408159710500002,100,0.001424322869272,0.040116509996028005,0.0037422827126190003,0.0023179598433460003,-4.363468981620923e-05,0.0023179598433460003,100,0.01833319986355,0.484260177239455,0.028524738203101002,0.010191538339551,100,0.014797317384966,0.484260177239455,0.025088360239697002,0.010291042854731001,0.0035358824785830002,0.010291042854731001,100,0.001350130911922,0.06896437999877801,0.0018364845555760001,0.000486353643654,100,0.001634089768858,0.06896437999877801,0.0022228141870280003,0.00058872441817,-0.000283958856935,0.00058872441817,0.09,0.1,0,0.11,0.13,0,-0.068548583450929,0.115,0.015,0,0.298081371722542,0.47932618683001504,0.365406262483982,2.0475,203.2,,,,,,1.1371,1.42,-0.08766236616260051,0.314149560117302,0.686185654729502,0.04053894866578734,-0.009066193123709466,0.1254826726613121,-0.40085848867093293,0.41630910532532506,e3
e3_O8_A5_577fc837c0_s8,e3_O8_A5,8,meta-llama/Llama-3.1-8B-Instruct,100,30,prompt,2026-08-02 20:20:10,0.8,0.5,0.5,0.5,0.5,0.15,independent,barabasi_albert,meta-llama/Llama-3.1-8B-Instruct,1.0956,1.9,0.929122236265654,10.372535416608676,,-0.033929607936256004,-0.6388888888888881,1.069899999999999,1.07,0.671729184467315,5.351166700029996,,-0.14986770465567,-0.18959107806691403,0.133858267716535,,100,0.093675192245131,1.028790733056521,0.09369948047142601,2.4288226293782004e-05,100,0.093118671379599,1.032700662903911,0.093177290010809,5.8618631210346036e-05,0.000556520865532,5.8618631210830004e-05,100,2.577976091452563,125.8058868082177,3.212281375932318,0.6343052844797521,100,2.576781666974899,125.1129584650034,3.165524355016679,0.5887426880417761,0.001194424477664,0.5887426880417801,100,0.028446159479852,0.37502571987638805,0.057408534689783006,0.028962375209931,100,0.017487240278400002,0.327358190036452,0.056052448182527005,0.038565207904127,0.010958919201452,0.038565207904127,100,0.001595728419808,0.046736396133986,0.0036776870301130004,0.002081958610305,100,0.0021703896658010003,0.05335628227194401,0.004464857495698,0.002294467829897,-0.0005746612459920001,0.002294467829897,100,0.015884653580639,0.484260177239455,0.024022345200187003,0.008137691619547001,100,0.017805629137239,0.484260177239455,0.026880979210272,0.009075350073032,-0.001920975556599,0.009075350073032,100,0.0015519560167310002,0.06896437999877801,0.002114737973011,0.00056278195628,100,0.0018804868254750002,0.09519073549177001,0.002493076593393,0.000612589767918,-0.00032853080874300003,0.000612589767918,0.07,0.07,0,0.05,0.09,0,0.001647616155552,0.08,0.019999999999999,0,0.288027366646021,0.46370967741935404,0.436787065909635,2.501899999999999,196.4,,,,,,1.0827499999999994,1.4849999999999999,-0.091898656295963,0.41423998347790103,0.8004257103664845,-0.1741840416585897,-0.19659702003004634,0.10655815370799339,-0.25551516762073834,-0.5818685156040576,e3
e3_O8_A8_c7debfd637_s6,e3_O8_A8,6,meta-llama/Llama-3.1-8B-Instruct,100,30,prompt,2026-08-02 20:23:31,0.8,0.5,0.5,0.8,0.5,0.15,independent,barabasi_albert,meta-llama/Llama-3.1-8B-Instruct,0.1164,1.96,0.8829594947960561,2.771994342297266,,0.003329844924359,-0.9518900343642611,0.7856000000000001,0.96,0.506355242249765,3.832173326968917,,0.019109714761888,-0.756756756756756,0.017582417582417003,,100,0.09300083630441901,1.0305690812114081,0.09306107467631801,6.023837189956473e-05,100,0.092892669163029,1.032335248899482,0.092957044985412,6.437582238059385e-05,0.000108167141389,6.437582238304208e-05,100,2.471976576091503,123.30025791915477,3.101201862302748,0.6292252862112441,100,2.603697611731668,122.79442022860833,3.171891725863099,0.5681941141314311,-0.13172103564016402,0.5681941141314311,100,0.032091291678234005,0.42269324971632505,0.061563463656435,0.029472171978200002,100,0.034224226561016,0.41210046530745004,0.057694797580661004,0.023470571019644,-0.0021329348827820002,0.023470571019644,100,0.002970672816085,0.06659605454786101,0.005666172427548,0.002695499611463,100,0.0021335617908,0.05335628227194401,0.00416899106256,0.0020354292717590003,0.000837111025284,0.0020354292717590003,100,0.020109649651661003,0.5074517425088211,0.027687484897561003,0.007577835245900001,100,0.012085764874920002,0.484260177239455,0.025126675593515002,0.013040910718594001,0.00802388477674,0.013040910718594001,100,0.001990925613606,0.108303913238266,0.0025272818338530002,0.0005363562202470001,100,0.00136195641916,0.055851202252282,0.0019193171468840002,0.000557360727723,0.0006289691944450001,0.000557360727723,0.12,0.12,0,0.06,0.1,0,-0.020709306397514,0.11,0.02,0,0.276107812884955,0.43373236425823003,0.388457597356388,2.2196,201.4,,,,,,0.45100000000000007,1.46,0.0112197798431235,0.8543233955605085,0.6946573685229105,-0.0903794235039523,-0.020132848524617136,0.10122712694858864,0.44473847492555163,-0.05918705562567869,e3
e3_O8_A8_c7debfd637_s7,e3_O8_A8,7,meta-llama/Llama-3.1-8B-Instruct,100,30,prompt,2026-08-02 20:26:54,0.8,0.5,0.5,0.8,0.5,0.15,independent,barabasi_albert,meta-llama/Llama-3.1-8B-Instruct,0.038400000000000004,1.96,0.9959757926116001,13.856406460551023,,-0.010080868505598,-1.0,0.5251,1.09,0.5086981194408511,7.076180063621668,,-0.087711725146055,-0.6501901140684411,0.045454545454545005,,100,0.09348575624509901,1.032542316835325,0.09353072916744601,4.497292234622147e-05,100,0.092997847813999,1.032225624698153,0.093069378650266,7.15308362668946e-05,0.00048790843109900004,7.153083626681989e-05,100,2.658391435026423,120.40104573114613,3.280066657848337,0.621675222821911,100,1.961234871808626,116.79781834643175,2.840653215802406,0.879418343993783,0.6971565632177971,0.87941834399378,100,0.021026407095112002,0.32206179783201505,0.053068668067127005,0.032042260972015,100,0.028670392892871002,0.36972932767195105,0.056811843356655005,0.028141450463783003,-0.007643985797758001,0.028141450463783003,100,0.0026348424469780003,0.06659605454786101,0.004783991530535,0.002149149083556,100,0.0023724287940470002,0.05335628227194401,0.004559402864079001,0.002186974070032,0.00026241365293100003,0.002186974070032,100,0.014600012356800002,0.484260177239455,0.027275514547481002,0.012675502190680001,100,0.017286378142793,0.484260177239455,0.026448286472776004,0.009161908329982,-0.0026863657859930003,0.009161908329982,100,0.001825605334302,0.101747324365018,0.002369432018296,0.0005438266839940001,100,0.0019843678902300003,0.09519073549177001,0.0025851212953580003,0.0006007534051270001,-0.00015876255592800001,0.0006007534051270001,0.14,0.11,0,0.09,0.12,0,0.11456962852702401,0.114999999999999,-1.387778780781445e-17,0,0.324186721739864,0.39808253438932806,0.510965890735628,2.097099999999999,202.3,,,,,,0.28175,1.525,-0.0488962968258265,0.8250950570342206,0.7523369560262256,-0.13986360684429025,-0.17583088157816432,0.15326349351649565,0.048646065737462885,-0.1827900830266425,e3
e3_O8_A8_c7debfd637_s8,e3_O8_A8,8,meta-llama/Llama-3.1-8B-Instruct,100,30,prompt,2026-08-02 20:30:12,0.8,0.5,0.5,0.8,0.5,0.15,independent,barabasi_albert,meta-llama/Llama-3.1-8B-Instruct,0.28190000000000004,1.97,0.950722212378967,9.131562999347011,,-0.029753916901011004,-0.9090909090909091,1.049899999999999,1.23,0.548224892803114,5.699634066181099,,0.041563092529957005,-0.69090909090909,0.045558086560364,,100,0.093331992904383,1.03253013636851,0.093399455097584,6.746219320045456e-05,100,0.09349391746445901,1.0321038200300099,0.093536962401413,4.304493695388237e-05,-0.000161924560076,4.304493695338196e-05,100,2.40982132054788,120.26246006250327,3.155493339784275,0.745672019236394,100,2.092320634422261,120.63664136783899,2.902303762711787,0.809983128289522,0.31750068612561805,0.809983128289526,100,0.015761706242735003,0.37502571987638805,0.064367151156481,0.04860544491374601,100,0.020848245035121,0.32206179783201505,0.059832608579044,0.038984363543922006,-0.005086538792386,0.038984363543922006,100,0.0030398219534580003,0.14934463127234202,0.005477448739176,0.002437626785717,100,0.0024328595795250004,0.06659605454786101,0.00471221603222,0.002279356452694,0.000606962373932,0.002279356452694,100,0.018863755365286002,0.484260177239455,0.025510231883045003,0.006646476517758001,100,0.014005657176632002,0.484260177239455,0.024572291772584003,0.010566634595951,0.004858098188653,0.010566634595951,100,0.0018231257562140001,0.09519073549177001,0.002445922027803,0.000622796271588,100,0.001921243754358,0.09519073549177001,0.002562163013001,0.000640919258643,-9.811799814393187e-05,0.000640919258643,0.04,0.05,0,0.07,0.09,0,0.052936527556266,0.07,0.015,0,0.275630720320491,0.42919164771552604,0.490040199222795,2.3656,198.3,,,,,,0.6658999999999995,1.6,0.0059045878144730005,0.7999999999999996,0.7494735525910405,-0.15101614987705186,-0.24199533946521687,0.14374957451294762,0.6962259909630009,-0.5863884014927695,e3
e2_homog_5a0ed4e18b_s1,e2_homog,1,meta-llama/Llama-3.1-8B-Instruct,100,30,prompt,2026-08-02 21:17:28,0.5,0.5,0.5,0.5,0.5,0.05,independent,barabasi_albert,meta-llama/Llama-3.1-8B-Instruct,0.32,1.22,0.247531573678086,4.588314677411235,,0.059631683879319004,-0.9769230769230761,0.76,1.02,0.890638523368615,6.448983082239494,,0.042684431285467006,-0.491039426523297,0.047923322683706006,,100,0.09314503894058701,1.032152541897267,0.09319364635438601,4.8607413798200556e-05,100,0.09312838850546301,1.031287728753452,0.09317753481777001,4.914631230617162e-05,1.6650435124193622e-05,4.9146312306749824e-05,100,2.076319000711065,114.71903331678884,3.002819167748883,0.9265001670378181,100,1.8731097546610682,103.21572989108816,2.756504601058045,0.8833948463969791,0.20320924604999602,0.8833948463969771,100,0.046443973961574,0.42798964192076205,0.06463147766595001,0.018187503704375,100,0.050030577619036,0.42798964192076205,0.06688117452638001,0.016850596907344,-0.0035866036574620005,0.016850596907344,100,0.002733746989549,0.05335628227194401,0.004898697538514,0.0021649505489650003,100,0.0024891790475590004,0.05335628227194401,0.005161948388767001,0.0026727693412080004,0.00024456794199,0.0026727693412080004,100,0.006759518584571001,0.187408141791564,0.024345909737259003,0.017586391152687002,100,0.0046270024510940005,0.145663324306704,0.022844928944858,0.018217926493764,0.0021325161334760003,0.018217926493764,100,0.002627155367265,0.12141709098476201,0.0032308932166000004,0.0006037378493340001,100,0.002282210583849,0.108303913238266,0.0029470287675730004,0.0006648181837230001,0.00034494478341500005,0.0006648181837230001,0.09,0.08,0,0.1,0.07,0,0.033726886947756,0.07500000000000001,-0.019999999999999,0,0.29911164520912104,0.533271288971614,0.271747484396099,0.42750000000000005,187.5,,,,,,0.54,1.12,0.051158057582393,0.7339812517231865,0.5690850485233505,-0.22586560815898707,-0.09730692879592036,0.1536416839392207,0.08723249316716769,-0.7942270184998066,e2
e2_homog_5a0ed4e18b_s2,e2_homog,2,meta-llama/Llama-3.1-8B-Instruct,100,30,prompt,2026-08-02 21:20:36,0.5,0.5,0.5,0.5,0.5,0.05,independent,barabasi_albert,meta-llama/Llama-3.1-8B-Instruct,0.3376,1.34,0.29739673687065504,4.714951667914448,,-0.08866442199775401,-0.971119133574007,0.615599999999999,0.98,0.9083001890013721,9.524345610145446,,0.025363091069634,-0.352313167259786,0.025157232704402004,,100,0.09348472516781901,1.032651941036654,0.09353599220686601,5.126703904729521e-05,100,0.093907465870584,1.032225624698153,0.09394610137711701,3.863550653207511e-05,-0.000422740702765,3.863550653268599e-05,100,1.6016146351752232,107.36706359528506,2.565666543941008,0.9640519087657801,100,1.725039391621393,99.42818356707878,2.697995788970209,0.9729563973488121,-0.12342475644616901,0.9729563973488151,100,0.043012635049335,0.438582426329637,0.068787665575819,0.025775030526484003,100,0.041222698715272,0.42798964192076205,0.06572987487553,0.024507176160257,0.001789936334062,0.024507176160257,100,0.0033211654707960003,0.162584403548258,0.005511044752156,0.0021898792813590004,100,0.0016326475377780002,0.046736396133986,0.0035849453331060002,0.0019522977953270002,0.001688517933017,0.0019522977953270002,100,0.004001869229976,0.17349320262994403,0.022368046333771003,0.018366177103795,100,0.008211207146748,0.333515002988573,0.025038424279003,0.016827217132254,-0.004209337916772,0.016827217132254,100,0.00217637538868,0.101747324365018,0.002743436761343,0.000567061372662,100,0.002195953060965,0.108303913238266,0.0027850737678300004,0.0005891207068650001,-1.9577672285127093e-05,0.0005891207068650001,0.11,0.12,0,0.1,0.1,0,-0.020766326411818,0.11,0.004999999999999,0,0.29879348998584904,0.558007117437722,0.26127994561884105,0.9499000000000001,187.3,,,,,,0.4765999999999995,1.1600000000000001,-0.03165066546406001,0.6617161504168965,0.6028484629360136,-0.013806425087239097,-0.11349971971600838,0.1694784741083412,-0.4763560589533219,0.19510435987794542,e2
e2_homog_5a0ed4e18b_s3,e2_homog,3,meta-llama/Llama-3.1-8B-Instruct,100,30,prompt,2026-08-02 21:23:46,0.5,0.5,0.5,0.5,0.5,0.05,independent,barabasi_albert,meta-llama/Llama-3.1-8B-Instruct,0.28,1.4,0.512756890878688,8.01783725737273,,-0.10018903591682501,-1.0,0.5811000000000001,0.99,0.896470129249174,7.544955146498946,,0.017663140377986,-0.588447653429602,0.032094594594594,,100,0.093230402295758,1.032164722364082,0.09328102146254201,5.0619166782629954e-05,100,0.09218871597178001,1.030191486740165,0.09226308426883001,7.436829705015574e-05,0.001041686323978,7.436829704987602e-05,100,1.8046028826643599,96.71536910339478,2.629633539258361,0.8250306565940051,100,1.5324987981763911,73.83626106714489,2.480206820198534,0.9477080220221411,0.272104084487968,0.9477080220221421,100,0.036988874406891005,0.40680407310301303,0.059312472850978,0.022323598444087003,100,0.042608264448031,0.42798964192076205,0.06190910248596,0.019300838037928,-0.00561939004114,0.019300838037928,100,0.0026043786133060002,0.06659605454786101,0.0049364869723010005,0.002332108358994,100,0.003312312535122,0.14603468820336202,0.0059300474788770005,0.0026177349437540003,-0.0007079339218150001,0.0026177349437540003,100,0.006674663838879001,0.152620793887514,0.025246124682906,0.018571460844027003,100,0.006528851860967,0.16653573304913402,0.021242203436959,0.014713351575992002,0.000145811977911,0.014713351575992002,100,0.002454509243453,0.11420484322418901,0.0030762647555900003,0.000621755512137,100,0.002358143955319,0.108303913238266,0.002946116040993,0.0005879720856740001,9.636528813423539e-05,0.0005879720856740001,0.1,0.12,0,0.04,0.08,0,0.044510104019172006,0.1,0.03,0,0.322859179419733,0.6174624829467941,0.261429385834395,1.0344,190.4,,,,,,0.43055000000000004,1.1949999999999998,-0.04126294776941951,0.794223826714801,0.704613510063931,-0.3265129939707059,-0.4325598114728309,0.16416704782708988,-0.3760310189989112,-0.9248216587210971,e2
e2_homog_5a0ed4e18b_s4,e2_homog,4,meta-llama/Llama-3.1-8B-Instruct,100,30,prompt,2026-08-02 21:26:57,0.5,0.5,0.5,0.5,0.5,0.05,independent,barabasi_albert,meta-llama/Llama-3.1-8B-Instruct,0.33389999999999903,1.33,0.28881483303602,4.74453773279045,,-0.026015814876938003,-0.9354838709677411,0.6044,0.98,0.8782558217759231,6.38538493551747,,-0.08497534039691301,-0.592592592592592,0.034934497816593,,100,0.09299312968575,1.032286527032225,0.09304861388203,5.548419628140221e-05,100,0.093143186108607,1.03218908329771,0.09319454368672,5.13575781112029e-05,-0.000150056422857,5.135757811267073e-05,100,2.1876021051882,116.56430149476853,2.999513279251,0.8119111740627971,100,1.982104727259438,106.40389319821718,2.741318641388163,0.7592139141287211,0.20549737792876102,0.7592139141287241,100,0.03976452237689,0.40680407310301303,0.060206042574906006,0.020441520198015,100,0.055593690885816005,0.438582426329637,0.070244560516955,0.014650869631139,-0.015829168508925,0.014650869631139,100,0.00250061535693,0.06659605454786101,0.004502514651709,0.002001899294779,100,0.0033564015851970004,0.1559645174103,0.005366132561063001,0.0020097309758650003,-0.000855786228266,0.0020097309758650003,100,0.00582342123671,0.192046454845437,0.029102755624011004,0.023279334387300003,100,0.007688773702407001,0.192046454845437,0.021836775001934,0.014148001299526002,-0.001865352465697,0.014148001299526002,100,0.002292743022699,0.108303913238266,0.0028984615822350004,0.0006057185595360001,100,0.0023682340081220003,0.11486050211151401,0.003078651713929,0.0007104177058070001,-7.54909854229456e-05,0.0007104177058070001,0.13,0.09,0,0.06,0.11,0,0.031120253886265003,0.1,0.005,0,0.32571336327807704,0.549631040228517,0.345086761804269,1.1475,190.9,,,,,,0.4691499999999995,1.155,-0.05549557763692551,0.7640382317801666,0.5835353274059716,-0.433561853425505,-0.6148004566876554,0.13179738188652823,-0.5378367279767955,-1.2803204188802377,e2
e2_homog_5a0ed4e18b_s5,e2_homog,5,meta-llama/Llama-3.1-8B-Instruct,100,30,prompt,2026-08-02 21:30:05,0.5,0.5,0.5,0.5,0.5,0.05,independent,barabasi_albert,meta-llama/Llama-3.1-8B-Instruct,0.41000000000000003,1.34,0.358942047564817,5.978565316465418,,0.028147666064379004,-0.9345454545454541,0.5376000000000001,0.98,0.9120090904172331,9.108007041184486,,-0.025699869881026002,-0.46415094339622603,0.021341463414634002,,100,0.09312958353656,1.032164722364082,0.09318217364921301,5.2590112653116087e-05,100,0.09344545107599901,1.032712843370725,0.09349755100859801,5.209993259865121e-05,-0.000315867539438,5.209993259944202e-05,100,1.9520815822999262,114.71903331678884,2.8237958110427783,0.8717142287428501,100,2.306019804774968,115.41196166000314,3.110896567835244,0.8048767630602721,-0.35393822247504103,0.8048767630602761,100,0.04679898370201,0.42798964192076205,0.06798043731082401,0.021181453608814002,100,0.040309078624794006,0.42798964192076205,0.06467807857983,0.024368999955035,0.006489905077215001,0.024368999955035,100,0.002928772570384,0.06659605454786101,0.005221563992932001,0.0022927914225480002,100,0.002389370372334,0.06659605454786101,0.004697297677475,0.00230792730514,0.0005394021980490001,0.00230792730514,100,0.01363812700355,0.484260177239455,0.026843749077248003,0.013205622073698001,100,0.006111973152774001,0.18276982873769101,0.026444076829417,0.020332103676642,0.007526153850775001,0.020332103676642,100,0.0024069748581820004,0.108303913238266,0.003043724034292,0.0006367491761100001,100,0.002124338727824,0.108303913238266,0.0027210033552490004,0.0005966646274250001,0.000282636130358,0.0005966646274250001,0.06,0.07,0,0.15,0.11,0,-0.056569332126346,0.09,-0.015,0,0.332628077752655,0.5867675918138491,0.291851903975932,0.6491,188.3,,,,,,0.47380000000000005,1.1600000000000001,0.0012238980916765008,0.6993481989708401,0.6354755689910251,-0.2401888766796232,-0.2055921585779209,0.14208909309285214,-0.2338104273881202,-0.7196059156706281,e2
e2_homog_5a0ed4e18b_s6,e2_homog,6,meta-llama/Llama-3.1-8B-Instruct,100,30,prompt,2026-08-02 21:33:12,0.5,0.5,0.5,0.5,0.5,0.05,independent,barabasi_albert,meta-llama/Llama-3.1-8B-Instruct,0.31310000000000004,1.37,0.44711512510577706,6.006814312247231,,-0.041783280753977005,-1.0,0.411599999999999,0.98,0.8957658002830861,7.881966882020022,,-0.035786599135239,-0.6666666666666661,0.05232558139534801,,100,0.09336240778724701,1.032323068432667,0.09341843266791301,5.602488066481053e-05,100,0.093066614473421,1.032493594968068,0.09311445724031801,4.7842766897555775e-05,0.00029579331382500004,4.7842766896163964e-05,100,1.471859640543754,46.9277747151038,2.479298671591941,1.007439031048185,100,2.342270878160034,116.79781834643175,3.084418992901269,0.7421481147412301,-0.870411237616279,0.7421481147412341,100,0.04158109750147,0.42269324971632505,0.06549869697591801,0.023917599474448003,100,0.036182271976198,0.41739685751188704,0.060762120326505006,0.024579848350307004,0.005398825525272001,0.024579848350307004,100,0.0026229413375440003,0.06659605454786101,0.005227121667383001,0.002604180329838,100,0.0026756180648520003,0.06328611147888201,0.004723781754414001,0.0020481636895610003,-5.2676727308017396e-05,0.0020481636895610003,100,0.007580805650187001,0.18276982873769101,0.026465298419375,0.018884492769188,100,0.010327620794099001,0.187408141791564,0.025356633471917002,0.015029012677818001,-0.002746815143912,0.015029012677818001,100,0.0018754690974530001,0.09519073549177001,0.002464701062945,0.000589231965492,100,0.0022966174223620003,0.12141709098476201,0.002892102810767,0.0005954853884050001,-0.000421148324908,0.0005954853884050001,0.14,0.1,0,0.11,0.1,0,-0.14465620982888502,0.1,-0.024999999999999002,0,0.309268604682471,0.46253369272237205,0.44600627058832004,0.8996000000000001,187.0,,,,,,0.3623499999999995,1.175,-0.03878493994460801,0.833333333333333,0.6714404626944316,-0.32965928460054933,-0.25445954594831693,0.13074141126903643,-0.39062390185826085,-0.935270181234146,e2
e2_homog_5a0ed4e18b_s7,e2_homog,7,meta-llama/Llama-3.1-8B-Instruct,100,30,prompt,2026-08-02 21:36:20,0.5,0.5,0.5,0.5,0.5,0.05,independent,barabasi_albert,meta-llama/Llama-3.1-8B-Instruct,0.18,1.2,0.644949693079458,12.810252304406971,,-0.12732438016528802,-1.0,0.7884,1.0,0.8657089353685461,6.619983739035871,,-0.005995406744832001,-0.323529411764705,0.017811704834605,,100,0.092886524672372,1.0321038200300099,0.092947180520526,6.0655848153972024e-05,100,0.09348730277125,1.032676301970282,0.09354084417385301,5.3541402602789975e-05,-0.000600778098878,5.354140260277474e-05,100,2.117566247737402,115.41196166000314,3.043002729583333,0.9254364818459271,100,2.181207331402139,114.71903331678884,2.900017642615111,0.718810311212976,-0.063641083664736,0.718810311212972,100,0.04322170217033,0.42798964192076205,0.066273461444706,0.023051759274375003,100,0.052842017305789,0.45976799514738703,0.073402664888312,0.020560647582522,-0.009620315135459,0.020560647582522,100,0.0029330889612600003,0.06659605454786101,0.005151733613574,0.002218644652314,100,0.0020384552707250004,0.046736396133986,0.004550803600956,0.0025123483302310003,0.000894633690534,0.0025123483302310003,100,0.006032484494918,0.17813151568381702,0.022460583656685,0.016428099161767,100,0.006568495154719,0.17813151568381702,0.026157609078573,0.019589113923854002,-0.0005360106598000001,0.019589113923854002,100,0.001720314191934,0.09519073549177001,0.0023172103098810003,0.000596896117946,100,0.002114043790248,0.09519073549177001,0.0028070184005870003,0.0006929746103390001,-0.00039372959831300005,0.0006929746103390001,0.07,0.1,0,0.13,0.14,0,-0.012316213911108001,0.12000000000000001,0.02,0,0.307233125364115,0.5455540355677151,0.250678229933958,0.8996000000000001,187.1,,,,,,0.48419999999999996,1.1,-0.06665989345506002,0.6617647058823525,0.7553293142240021,-0.16688465568269273,-0.05647774617277449,0.1270364895104208,-0.787775860678249,-0.2317952445054598,e2
e2_homog_5a0ed4e18b_s8,e2_homog,8,meta-llama/Llama-3.1-8B-Instruct,100,30,prompt,2026-08-02 21:39:27,0.5,0.5,0.5,0.5,0.5,0.05,independent,barabasi_albert,meta-llama/Llama-3.1-8B-Instruct,0.3044,1.3599999999999999,0.259304350390525,5.335783750799325,,0.018933806929351,-0.8675958188153311,1.086399999999999,1.08,0.8892908922247431,6.57521221138536,,-0.072577561166122,-0.07801418439716301,0.085803432137285,,100,0.09301141442251701,1.032164722364082,0.09307936255575101,6.794813323310251e-05,100,0.092430764698866,1.028729830722449,0.092503534897689,7.277019882224484e-05,0.0005806497236500001,7.277019882225012e-05,100,1.890340806011813,114.71903331678884,2.801694468692806,0.911353662680994,100,2.330725413304216,120.67821706843185,3.203238980087304,0.8725135667830851,-0.44038460729240203,0.8725135667830881,100,0.043875173064862,0.42269324971632505,0.06359675299438,0.019721579929518,100,0.042288554771315004,0.42798964192076205,0.06462981615058801,0.022341261379272,0.0015866182935460002,0.022341261379272,100,0.0031456704404620004,0.14603468820336202,0.005566451962221001,0.002420781521759,100,0.0025004760281260004,0.06659605454786101,0.004496253010006001,0.0019957769818800004,0.0006451944123350001,0.0019957769818800004,100,0.006516732605364,0.16653573304913402,0.023476204926054,0.016959472320689003,100,0.006028768497037,0.187408141791564,0.027333308228277002,0.021304539731239,0.00048796410832600004,0.021304539731239,100,0.0020935370869720003,0.09519073549177001,0.002678915705615,0.000585378618643,100,0.0025604291572630003,0.12141709098476201,0.0031988417282640003,0.0006384125710000001,-0.00046689207029000006,0.0006384125710000001,0.14,0.06,0,0.07,0.08,0,-0.072925178804138,0.07,-0.035,0,0.32087010247721404,0.5413339596054481,0.36291258212306404,0.587499999999999,187.0,,,,,,0.6953999999999995,1.22,-0.026821877118385504,0.47280500160624706,0.5742976213076341,-0.35015947049701057,-0.2805529956425758,0.15314438794088306,-0.41806676652552105,-1.247723832201048,e2
e2_mid_0d0cfed6c1_s1,e2_mid,1,meta-llama/Llama-3.1-8B-Instruct,100,30,prompt,2026-08-02 21:42:43,0.5,0.5,0.5,0.5,0.5,0.15,independent,barabasi_albert,meta-llama/Llama-3.1-8B-Instruct,1.4384000000000001,1.46,0.7030213230332251,5.020533620278374,,-0.031013880963348003,-0.5061728395061721,1.0019,1.23,0.5972208837556301,5.318910639560009,,-0.060109289617486,-0.45,0.16937354988399,,100,0.09343558771440601,1.029830132887281,0.093480264495873,4.4676781467576824e-05,100,0.093487954050902,1.032225624698153,0.09354059592734301,5.2641876441810125e-05,-5.2366336496342814e-05,5.2641876440967523e-05,100,1.684305743729163,115.17220845325099,2.732365788404673,1.048060044675508,100,1.845280321125276,115.8651367964653,2.858150751620669,1.012870430495394,-0.160974577396112,1.012870430495393,100,0.03604725914612,0.36972932767195105,0.056751748925394,0.020704489779274002,100,0.026739504465829,0.36443293546751404,0.057299900783486006,0.030560396317657,0.009307754680291,0.030560396317657,100,0.0017910790123290001,0.046736396133986,0.003912035883044,0.0021209568707140003,100,0.001294062614815,0.046736396133986,0.0033006687182750003,0.0020066061034590002,0.000497016397513,0.0020066061034590002,100,0.012509346502102002,0.35902572478487604,0.027674981966727002,0.015165635464625002,100,0.013638940848737001,0.34511078562325603,0.023950116615068,0.01031117576633,-0.0011295943466340002,0.01031117576633,100,0.002374198916073,0.108303913238266,0.0030168434757330003,0.0006426445596590001,100,0.0016819405134050002,0.06896437999877801,0.002287648020705,0.000605707507299,0.0006922584026670001,0.000605707507299,0.14,0.13,0,0.08,0.09,0,-0.025276584766461004,0.11,-1.387778780781445e-17,0,0.366413952536422,0.568514518838492,0.26299594320893704,1.6400000000000001,196.2,,,,,,1.22015,1.345,-0.045561585290417005,0.4780864197530861,0.6501211033944276,0.14526144866141302,0.018471529760084558,0.17606782634443008,-0.048289356657859356,0.7233531631514998,e2
e2_mid_0d0cfed6c1_s2,e2_mid,2,meta-llama/Llama-3.1-8B-Instruct,100,30,prompt,2026-08-02 21:45:52,0.5,0.5,0.5,0.5,0.5,0.15,independent,barabasi_albert,meta-llama/Llama-3.1-8B-Instruct,1.6444,1.3599999999999999,0.6840394213592851,5.687223592854598,,-0.052766964248868,-0.24398625429553203,0.9451,1.23,0.567198420044362,5.042725826845561,,-0.030868505959043002,-0.606837606837606,0.16339869281045702,,100,0.09379405256925501,1.032164722364082,0.09383571750463901,4.166493538278567e-05,100,0.092767021188299,1.02575779681976,0.09281966677172601,5.2645583427625386e-05,0.0010270313809560001,5.264558342726878e-05,100,1.741328917681101,106.61177170118147,2.619435548959742,0.8781066312786401,100,1.908269485873281,116.79781834643175,2.756131397650498,0.847861911777213,-0.16694056819218,0.847861911777216,100,0.032037289706583004,0.42798964192076205,0.06432841428764201,0.032291124581059004,100,0.021016950797658,0.332654582240889,0.053735070811004,0.032718120013345,0.011020338908925,0.032718120013345,100,0.0015238056737030001,0.046736396133986,0.0035504675783540004,0.0020266619046500002,100,0.001467516883815,0.046736396133986,0.003525082800627,0.0020575659168110003,5.6288789888163165e-05,0.0020575659168110003,100,0.014254623035882001,0.484260177239455,0.025233554199973002,0.010978931164091,100,0.012524027399268,0.484260177239455,0.024369096137472002,0.011845068738203,0.001730595636613,0.011845068738203,100,0.002005439773138,0.09519073549177001,0.002679529206134,0.0006740894329950001,100,0.001727693173808,0.09519073549177001,0.0023358635581060003,0.000608170384297,0.000277746599329,0.000608170384297,0.11,0.08,0,0.16,0.08,0,-0.025471427812744002,0.08,-0.05500000000000001,0,0.3404860399581,0.556748466257668,0.28639781963699,1.351599999999999,189.5,,,,,,1.29475,1.295,-0.041817735103955506,0.425411930566569,0.6256189207018236,0.10205752463031541,-0.1392786017995646,0.1491905804022161,-0.11533621011181247,0.3355026252028261,e2
e2_mid_0d0cfed6c1_s3,e2_mid,3,meta-llama/Llama-3.1-8B-Instruct,100,30,prompt,2026-08-02 21:49:04,0.5,0.5,0.5,0.5,0.5,0.15,independent,barabasi_albert,meta-llama/Llama-3.1-8B-Instruct,1.2764,1.38,0.671942066340458,4.43165662117773,,-0.016355323878296,-0.502538071065989,1.3051,0.9500000000000001,0.633611912805308,4.322431848557839,,-0.090895524750326,0.08717948717948701,0.251121076233183,,100,0.09342419557716301,1.03253013636851,0.093475348346491,5.115276932917325e-05,100,0.093460726792514,1.032201263764524,0.093504408193777,4.36814012624623e-05,-3.653121535099335e-05,4.3681401263817594e-05,100,2.495747678174141,120.36847809901506,3.122308463708194,0.626560785534054,100,1.926770736697367,115.45700200231207,2.764069134893954,0.837298398196584,0.568976941476773,0.837298398196586,100,0.033026655334702004,0.40680407310301303,0.062044541139493,0.029017885804791,100,0.019861138752527003,0.332654582240889,0.05079405259446,0.030932913841932003,0.013165516582175001,0.030932913841932003,100,0.0029394433853790003,0.14603468820336202,0.005343772239241,0.002404328853861,100,0.00210133461449,0.050046339202965,0.004494610977208001,0.0023932763627180003,0.000838108770889,0.0023932763627180003,100,0.011543994600136,0.34511078562325603,0.023116019178822,0.011572024578685001,100,0.014996963260629001,0.484260177239455,0.025824460771003,0.010827497510373001,-0.0034529686604920003,0.010827497510373001,100,0.001703250492076,0.06896437999877801,0.0023008864088710002,0.0005976359167950001,100,0.0017192843521540001,0.06896437999877801,0.002388028542137,0.000668744189983,-1.603386007717586e-05,0.000668744189983,0.09,0.11,0,0.09,0.07,0,0.09657917218231901,0.09,0.0,0,0.31352549124343604,0.5875873186458891,0.27594595647527503,1.9875,192.0,,,,,,1.29075,1.165,-0.053625424314311,0.20767929194325102,0.652776989572883,-0.02004621869959237,-0.03410661909890844,0.14702741858380874,-0.6121113190866818,0.011466254258317418,e2
e2_mid_0d0cfed6c1_s4,e2_mid,4,meta-llama/Llama-3.1-8B-Instruct,100,30,prompt,2026-08-02 21:52:17,0.5,0.5,0.5,0.5,0.5,0.15,independent,barabasi_albert,meta-llama/Llama-3.1-8B-Instruct,1.4,1.38,0.6590934858056381,5.175491695067656,,-0.11029015437351201,-0.48497854077253205,1.3644,1.24,0.6219419117569871,5.388155270767262,,-0.11345035260204801,-0.0038910505836570004,0.18380743982494502,,100,0.093275670200384,1.032517955901696,0.09333651923451701,6.0849034134033226e-05,100,0.09236185992864901,1.029083064260064,0.092422715000244,6.0855071594143685e-05,0.0009138102717350001,6.085507159506177e-05,100,1.613281479589304,116.1610171990178,2.659694902774353,1.046413423185048,100,1.557273483789209,45.599431081161974,2.5981162698422953,1.040842786053088,0.056007995800094,1.040842786053086,100,0.027067482923246,0.332654582240889,0.051113849052632006,0.024046366129385002,100,0.022638323119972003,0.37502571987638805,0.062356687815105005,0.039718364695133006,0.0044291598032740005,0.039718364695133006,100,0.001868732646859,0.046736396133986,0.004212560074048,0.002343827427188,100,0.0015683940025050002,0.046736396133986,0.003873188393853,0.002304794391347,0.00030033864435300003,0.002304794391347,100,0.016920512454227002,0.484260177239455,0.028837130343751002,0.011916617889524,100,0.012264069559779002,0.363664037838749,0.027802412612957003,0.015538343053178002,0.004656442894447,0.015538343053178002,100,0.001902196021571,0.09519073549177001,0.0025302735009960003,0.000628077479425,100,0.0014658059493880002,0.066341744449479,0.002016957162187,0.000551151212799,0.000436390072183,0.000551151212799,0.14,0.18,0,0.18,0.17,0,0.011124022914348,0.17500000000000002,0.014999999999999002,0,0.33791956838622805,0.576507769291546,0.28534680454273204,1.501099999999999,193.0,,,,,,1.3822,1.31,-0.11187025348778001,0.24443479567809454,0.6405176987813126,0.19297830378042488,0.23647980478515238,0.1831693824128565,-0.6633762450584588,1.4112943380846579,e2
e2_mid_0d0cfed6c1_s5,e2_mid,5,meta-llama/Llama-3.1-8B-Instruct,100,30,prompt,2026-08-02 21:55:32,0.5,0.5,0.5,0.5,0.5,0.15,independent,barabasi_albert,meta-llama/Llama-3.1-8B-Instruct,1.187599999999999,1.48,0.693132524452973,5.699510520515434,,-0.050457183253964005,-0.611111111111111,1.229099999999999,1.07,0.544398134473434,4.418034421387349,,0.038508314050476,-0.19831223628691902,0.14672686230248302,,100,0.093295221752104,1.032164722364082,0.09335127711992401,5.605536782085873e-05,100,0.093134729518312,1.029631185266707,0.093180779932058,4.605041374528302e-05,0.00016049223379100002,4.6050413745557524e-05,100,1.620425243156674,97.40829744660908,2.584550000627832,0.9641247574711541,100,2.049450493086878,116.56014392470924,2.764463877769767,0.7150133846828871,-0.429025249930204,0.7150133846828881,100,0.036531494634349,0.42269324971632505,0.065167596883743,0.028636102249393003,100,0.045063212165771006,0.43328603412520006,0.06808632590633,0.023023113740559,-0.008531717531421,0.023023113740559,100,0.0015791273519930001,0.046736396133986,0.003582606774653,0.002003479422659,100,0.001980676211424,0.046736396133986,0.004318404071534001,0.00233772786011,-0.00040154885943100005,0.00233772786011,100,0.014088276032347,0.484260177239455,0.028021045769803,0.013932769737455001,100,0.013782234675321001,0.484260177239455,0.02487827240135,0.011096037726028001,0.000306041357025,0.011096037726028001,100,0.0015716888248290001,0.05978515557623101,0.0021781226003750004,0.000606433775546,100,0.0017228539432530001,0.09519073549177001,0.0023352272038180003,0.0006123732605650001,-0.00015116511842400002,0.0006123732605650001,0.12,0.14,0,0.13,0.2,0,-0.072940524641444,0.17,0.045000000000000005,0,0.336158964459984,0.639744657230086,0.221975944398622,1.5675,194.8,,,,,,1.208349999999999,1.275,-0.0059744346017440025,0.40471167369901506,0.6187653294632035,-0.05052421844848796,-0.1508533297883204,0.12535478128064906,0.011501287590233597,0.561917259920272,e2
e2_mid_0d0cfed6c1_s6,e2_mid,6,meta-llama/Llama-3.1-8B-Instruct,100,30,prompt,2026-08-02 21:58:45,0.5,0.5,0.5,0.5,0.5,0.15,independent,barabasi_albert,meta-llama/Llama-3.1-8B-Instruct,1.172399999999999,1.56,0.7366083941696571,5.550287374389477,,-0.010820533318106,-0.6145454545454541,0.9491,0.81,0.42301998823196,3.465656468302258,,-0.015743891574535002,-0.283018867924528,0.17684210526315702,,100,0.09254137244515101,1.025709074952503,0.092599395520639,5.8023075486971014e-05,100,0.092483519559275,1.031372992021152,0.092554009210428,7.048965115391847e-05,5.785288587639715e-05,7.048965115315221e-05,100,1.9652156706368622,115.41196166000314,2.785886559436974,0.8206708888001131,100,1.722193977967559,85.91677380274307,2.594378683932995,0.8721847059654341,0.24302169266930201,0.8721847059654351,100,0.034077114364323,0.40680407310301303,0.06363059253257901,0.029553478168255,100,0.036269597997163006,0.41739685751188704,0.062440911499997004,0.026171313502834002,-0.0021924836328390002,0.026171313502834002,100,0.001842959184338,0.046736396133986,0.0038545246323440003,0.0020115654480060002,100,0.0011060100832060002,0.043426453065007004,0.0030343668494800004,0.0019283567662730001,0.0007369491011320001,0.0019283567662730001,100,0.013625634072687002,0.484260177239455,0.025072194543954002,0.011446560471266002,100,0.013878371990921,0.484260177239455,0.023723054749936003,0.009844682759014001,-0.000252737918234,0.009844682759014001,100,0.001766815557631,0.09519073549177001,0.0022907973879530003,0.0005239818303210001,100,0.001674704180414,0.09519073549177001,0.002224443793935,0.00054973961352,9.211137721716352e-05,0.00054973961352,0.15,0.11,0,0.17,0.16,0,0.040243897413742,0.135,-0.024999999999999002,0,0.326709477058911,0.602046460176991,0.31226851835400604,1.4075,192.8,,,,,,1.0607499999999996,1.185,-0.013282212446320501,0.44878216123499104,0.5798141912008086,0.19284387234101455,-0.04276442305010011,0.15179154804303815,-0.21383671346906546,1.0850151780797248,e2
e2_mid_0d0cfed6c1_s7,e2_mid,7,meta-llama/Llama-3.1-8B-Instruct,100,30,prompt,2026-08-02 22:01:57,0.5,0.5,0.5,0.5,0.5,0.15,independent,barabasi_albert,meta-llama/Llama-3.1-8B-Instruct,1.311599999999999,1.28,0.6354583594192,5.11045647493034,,-0.099450065068636,-0.325102880658436,0.8298999999999991,1.25,0.551082522122997,5.332335496017786,,0.044081008957934,-0.6377358490566031,0.24087591240875902,,100,0.09287190674768901,1.032164722364082,0.09293412993536601,6.222318767701079e-05,100,0.094065597738613,1.032517955901696,0.09409163079803201,2.603305941798213e-05,-0.0011936909909230002,2.6033059419020014e-05,100,1.6242568544839822,116.48877230535817,2.771151813798808,1.146894959314827,100,1.9136477560538832,115.17428723828063,2.758608854756876,0.8449610987029951,-0.28939090156990105,0.8449610987029931,100,0.030463949641113004,0.41739685751188704,0.06284209784841101,0.032378148207298,100,0.028750446639556,0.401507680898575,0.060050402276669,0.031299955637112,0.0017135030015560002,0.031299955637112,100,0.0012305136066470001,0.040116509996028005,0.0033749406956990005,0.002144427089051,100,0.00134714434283,0.046736396133986,0.00318742130915,0.0018402769663200002,-0.000116630736182,0.0018402769663200002,100,0.011273339969399,0.484260177239455,0.027324372036218004,0.016051032066818002,100,0.010020645297669,0.29872765508452304,0.023347937180547,0.013327291882878001,0.001252694671729,0.013327291882877,100,0.0018412943754480002,0.101747324365018,0.0024680034264900003,0.0006267090510420001,100,0.0019758654437580002,0.09519073549177001,0.002585516839892,0.000609651396133,-0.00013457106831000001,0.000609651396133,0.13,0.08,0,0.19,0.14,0,-0.047978266115338,0.11000000000000001,-0.049999999999999004,0,0.335310866609537,0.5771382893685051,0.26497480629568404,1.3411,192.2,,,,,,1.070749999999999,1.2650000000000001,-0.027684528055351,0.48141936485751957,0.5932704407710985,0.06482300592763192,-0.08824801588858784,0.148677384607476,-0.14021448650192753,0.45622498629254277,e2
e2_mid_0d0cfed6c1_s8,e2_mid,8,meta-llama/Llama-3.1-8B-Instruct,100,30,prompt,2026-08-02 22:05:08,0.5,0.5,0.5,0.5,0.5,0.15,independent,barabasi_albert,meta-llama/Llama-3.1-8B-Instruct,1.4595999999999991,1.46,0.705994054468391,5.178183763391254,,-0.094292464655519,-0.310924369747899,1.0531,0.99,0.46558730995844905,3.682414738468784,,-0.074119643614764,-0.27461139896373005,0.20495495495495403,,100,0.093580064795897,1.032213444231339,0.09361260936350001,3.25445676038701e-05,100,0.09335634027306601,1.031823669293281,0.09339760118553801,4.1260912472467486e-05,0.00022372452283,4.1260912472043665e-05,100,1.760189359450633,116.03559716889602,2.691258800368635,0.931069440917997,100,2.5155926642714,119.38937035005324,3.209132240748492,0.6935395764770851,-0.755403304820767,0.6935395764770921,100,0.037143696127572005,0.42269324971632505,0.06220451174308401,0.025060815615512003,100,0.039126107111045,0.41739685751188704,0.06337505887823401,0.024248951767189,-0.001982410983473,0.024248951767189,100,0.001455865118549,0.046736396133986,0.0034743700899350005,0.002018504971385,100,0.00123149344941,0.040116509996028005,0.003637740533734,0.0024062470843230002,0.00022437166913900002,0.0024062470843230002,100,0.013346976655014001,0.484260177239455,0.029189795810564002,0.015842819155549002,100,0.015249877622897002,0.484260177239455,0.027702961761271003,0.012453084138373,-0.0019029009678830002,0.012453084138373,100,0.0017979500401540001,0.09519073549177001,0.002365455490739,0.0005675054505840001,100,0.0016498171575810002,0.06896437999877801,0.0022440946792620002,0.0005942775216810001,0.00014813288257300002,0.0005942775216810001,0.11,0.18,0,0.08,0.14,0,-0.12644873128292902,0.16,0.065,0,0.343121914697108,0.5717391304347821,0.263863329503434,1.6384,190.5,,,,,,1.2563499999999994,1.225,-0.08420605413514151,0.2927678843558145,0.58579068221342,0.03085954386660576,-0.009952690457879033,0.12221389965018725,-0.6445517797310168,0.750726568771863,e2
e2_diverse_4f67e699be_s1,e2_diverse,1,meta-llama/Llama-3.1-8B-Instruct,100,30,prompt,2026-08-02 22:08:17,0.5,0.5,0.5,0.5,0.5,0.25,independent,barabasi_albert,meta-llama/Llama-3.1-8B-Instruct,1.997599999999999,1.48,0.7149030618350241,5.7260278555048885,,-0.044889839732762005,-0.104166666666666,1.3276,1.3,0.631275002601128,4.992399479835791,,0.002600411394139,-0.384615384615384,0.24778761061946902,,100,0.09288553038643,1.032116000496824,0.09294710429347201,6.15739070423444e-05,100,0.093144589835063,1.027779754310934,0.093184656762407,4.00669273438685e-05,-0.000259059448632,4.0066927344387104e-05,100,1.495185531835546,46.465591510179856,2.517389528832469,1.022203996996924,100,2.029427823887296,116.79781834643175,2.922540343540878,0.8931125196535831,-0.53424229205175,0.8931125196535811,100,0.031324066026962,0.40680407310301303,0.064121131751582,0.03279706572462,100,0.030348064010981002,0.42269324971632505,0.066695455217004,0.036347391206022005,0.0009760020159800001,0.036347391206022005,100,0.0019909202191350003,0.046736396133986,0.004372252407553,0.0023813321884180003,100,0.0014876478204460001,0.046736396133986,0.003792819915072,0.002305172094625,0.0005032723986880001,0.002305172094625,100,0.018374077684222,0.484260177239455,0.027679449591103,0.009305371906881,100,0.017214809889077,0.484260177239455,0.029119179767544003,0.011904369878466001,0.001159267795145,0.011904369878467,100,0.001895534287723,0.108303913238266,0.002493387256695,0.0005978529689710001,100,0.001550973227645,0.06896437999877801,0.0020850336270480004,0.0005340603994030001,0.00034456106007800004,0.0005340603994030001,0.1,0.11,0,0.12,0.07,0,-0.088586374705081,0.09,-0.02,0,0.34163939087738104,0.5569328336696451,0.244522788854063,2.3144,189.5,,,,,,1.6625999999999994,1.3900000000000001,-0.0211447141693115,0.24439102564102502,0.673089032218076,0.09642782052119632,-0.030806732232784167,0.15737393002657382,0.18678025772160814,0.39826511175759927,e2
e2_diverse_4f67e699be_s2,e2_diverse,2,meta-llama/Llama-3.1-8B-Instruct,100,30,prompt,2026-08-02 22:11:31,0.5,0.5,0.5,0.5,0.5,0.25,independent,barabasi_albert,meta-llama/Llama-3.1-8B-Instruct,2.1251,1.47,0.7057214206297091,5.561039161322472,,-0.027581599541897,-0.144927536231884,0.789099999999999,1.19,0.515676620105259,4.815289818368282,,-0.010088128607804002,-0.696969696969697,0.16260162601626002,,100,0.093386638062752,1.032164722364082,0.09343371095909701,4.707289634502829e-05,100,0.09260506310416401,1.03114156315168,0.09267271607503101,6.765297086844351e-05,0.0007815749585870001,6.765297086740175e-05,100,2.194399167592965,125.8058868082177,3.06480295241018,0.870403784817212,100,2.452270295343719,119.43163897898931,3.203483492326384,0.7512131969826601,-0.257871127750754,0.7512131969826641,100,0.030610573565336002,0.401507680898575,0.05874266276962901,0.028132089204292002,100,0.024929677207685002,0.332654582240889,0.05697570651384801,0.032046029306161,0.00568089635765,0.032046029306162,100,0.0012548371066720002,0.040116509996028005,0.0032069020296730004,0.0019520649230010002,100,0.0013390061988710002,0.040116509996028005,0.003758451637455,0.0024194454385830003,-8.416909219957028e-05,0.0024194454385830003,100,0.019134778469153003,0.484260177239455,0.029798760271288003,0.010663981802135,100,0.017970845381,0.484260177239455,0.027399785533784003,0.009428940152783,0.001163933088152,0.009428940152783,100,0.0024376826833250004,0.108303913238266,0.003027952395917,0.000590269712591,100,0.001891527193887,0.09519073549177001,0.0025162426698890003,0.000624715476002,0.000546155489438,0.000624715476002,0.12,0.16,0,0.13,0.06,0,-0.041630456158187,0.11,-0.015,0,0.36205692104513804,0.626098535286285,0.23464575025375,2.1075,194.3,,,,,,1.4570999999999996,1.33,-0.0188348640748505,0.4209486166007905,0.610699020367484,-0.006679481709354081,-0.1196898022769357,0.13263333005450956,0.1685075851655917,0.21877223964300102,e2
e2_diverse_4f67e699be_s3,e2_diverse,3,meta-llama/Llama-3.1-8B-Instruct,100,30,prompt,2026-08-02 22:14:54,0.5,0.5,0.5,0.5,0.5,0.25,independent,barabasi_albert,meta-llama/Llama-3.1-8B-Instruct,1.6596000000000002,1.52,0.741719040060805,5.572284809202654,,-0.005328644126502,-0.5268817204301071,1.1675,1.11,0.5138060217042151,4.086763300659628,,0.001250237598686,-0.46368715083798806,0.138067061143984,,100,0.09314240700623101,1.031092841284423,0.093185243880123,4.283687389299491e-05,100,0.093732019637645,1.031336450620709,0.09376525230799501,3.32326703514756e-05,-0.000589612631413,3.3232670349936384e-05,100,2.6646572297669433,123.48319100176336,3.314995498919523,0.6503382691525801,100,2.127793090942493,116.79781834643175,2.868097831822481,0.7403047408799931,0.536864138824449,0.7403047408799881,100,0.034735716462316005,0.41210046530745004,0.056637188070496,0.02190147160818,100,0.021180682127144003,0.337950974445327,0.05926667100487001,0.038085988877726004,0.013555034335171,0.038085988877726004,100,0.00180362943962,0.046736396133986,0.003959887273534001,0.0021562578339140003,100,0.0012444064137120002,0.046736396133986,0.0031777446227160004,0.0019333382090040002,0.000559223025907,0.0019333382090040002,100,0.017517754503927,0.484260177239455,0.025347950815273003,0.007830196311346,100,0.017867763864713,0.484260177239455,0.025030121225965003,0.007162357361252001,-0.00035000936078500005,0.007162357361252001,100,0.0016674208001510001,0.06896437999877801,0.0022926699664650003,0.000625249166314,100,0.001755384012696,0.09519073549177001,0.002341588969377,0.0005862049566800001,-8.796321254552755e-05,0.0005862049566800001,0.15,0.12,0,0.08,0.12,0,0.09165846849679701,0.12,0.005,0,0.34589067453926103,0.5272412085190681,0.34531099634425005,1.77,202.9,,,,,,1.41355,1.315,-0.0020392032639080003,0.49528443563404756,0.6277625308825101,0.0963414068317971,-0.14224928138336906,0.13135097715916777,0.3000288564315692,0.6423526851601133,e2
e2_diverse_4f67e699be_s4,e2_diverse,4,meta-llama/Llama-3.1-8B-Instruct,100,30,prompt,2026-08-02 22:18:00,0.5,0.5,0.5,0.5,0.5,0.25,independent,barabasi_albert,meta-llama/Llama-3.1-8B-Instruct,1.8876,1.52,0.748267403569679,6.087628660904766,,0.07739328536840501,-0.257731958762886,1.0139,1.17,0.581538657973797,5.206612389795836,,0.066317612597872,-0.38709677419354804,0.181451612903225,,100,0.093146931535954,1.027158550503404,0.093183119040059,3.6187504106004496e-05,100,0.09206994851156901,1.025952684288789,0.092143675627974,7.372711640319659e-05,0.0010769830243840001,7.372711640472873e-05,100,2.313348966765698,120.70593420216042,3.106350826700157,0.793001859934459,100,2.5848675515475312,122.09594845864832,3.211023916635247,0.626156365087714,-0.271518584781832,0.626156365087716,100,0.035199340256266004,0.42798964192076205,0.065879114139455,0.030679773883188002,100,0.023571411354193002,0.41210046530745004,0.06506514739336,0.041493736039166,0.011627928902073,0.041493736039166,100,0.001844403984182,0.046736396133986,0.004295259199055,0.002450855214872,100,0.0018865381590010002,0.046736396133986,0.003983597474626,0.002097059315624,-4.213417481895281e-05,0.002097059315624,100,0.014512500005698,0.484260177239455,0.024579382886085,0.010066882880386001,100,0.011164707304901001,0.484260177239455,0.022598419751158002,0.011433712446256001,0.0033477927007960003,0.011433712446256001,100,0.0016795550158430002,0.09519073549177001,0.002166310294148,0.00048675527830400003,100,0.0020070320121490003,0.101747324365018,0.002652028350929,0.00064499633878,-0.00032747699630500003,0.00064499633878,0.12,0.1,0,0.18,0.16,0,-0.042639248554283006,0.13,-0.019999999999999,0,0.357372057449557,0.559316956261234,0.37320599174741903,1.6400000000000001,186.1,,,,,,1.45075,1.345,0.0718554489831385,0.32241436647821703,0.6649030307717381,-0.14920817653287685,-0.19340311319088976,0.11364993272399053,0.6630745604118699,-0.09163520981434664,e2
e2_diverse_4f67e699be_s5,e2_diverse,5,meta-llama/Llama-3.1-8B-Instruct,100,30,prompt,2026-08-02 22:21:14,0.5,0.5,0.5,0.5,0.5,0.25,independent,barabasi_albert,meta-llama/Llama-3.1-8B-Instruct,2.1955999999999998,1.52,0.726972231234823,5.910414928728061,,-0.000124359829513,-0.006944444444444001,0.9475000000000001,1.37,0.6048244552392871,4.8186028946472,,0.05802754119239,-0.7019607843137251,0.155361050328227,,100,0.09231962984699901,1.030776149147251,0.092386845503669,6.721565666861869e-05,100,0.09282270848609701,1.031823669293281,0.09287591322074201,5.320473464517309e-05,-0.000503078639097,5.320473464542897e-05,100,2.029591164735099,116.48877230535817,2.783721286470688,0.75413012173559,100,1.870800314173518,102.93925148214566,2.733212444477644,0.8624121303041261,0.15879085056158102,0.8624121303041251,100,0.020132979155372002,0.31676540562757705,0.054643235020882,0.034510255865509,100,0.032802457129704005,0.42798964192076205,0.06695467449831001,0.034152217368605,-0.012669477974331001,0.034152217368605,100,0.001587349863061,0.046736396133986,0.003597971813837,0.0020106219507760002,100,0.0013604123916740002,0.040116509996028005,0.0036493589973290003,0.002288946605655,0.00022693747138600003,0.002288946605655,100,0.013208662199925001,0.484260177239455,0.025232505907184,0.012023843707259,100,0.015917199962128002,0.484260177239455,0.024542107804318,0.008624907842189,-0.0027085377622020003,0.00862490784219,100,0.002012614929964,0.101747324365018,0.0026073195385280003,0.0005947046085630001,100,0.0017376113792410002,0.06896437999877801,0.0024018293776020003,0.000664217998361,0.00027500355072300004,0.000664217998361,0.11,0.16,0,0.19,0.17,0,0.023901949534676004,0.165,0.015000000000000001,0,0.361153459382204,0.648444578677136,0.18812081246054702,1.6275,193.3,,,,,,1.57155,1.445,0.028951590681438502,0.35445261437908454,0.6658983432370551,0.10991146272239748,0.0384484320739783,0.15136593747559687,0.6483725429182587,1.0539793266556345,e2
e2_diverse_4f67e699be_s6,e2_diverse,6,meta-llama/Llama-3.1-8B-Instruct,100,30,prompt,2026-08-02 22:24:29,0.5,0.5,0.5,0.5,0.5,0.25,independent,barabasi_albert,meta-llama/Llama-3.1-8B-Instruct,2.2275,1.53,0.7401927686908311,5.739003807836609,,-0.025597812405314002,-0.279151943462897,0.8691000000000001,1.21,0.530601764557538,4.699105699258304,,-0.10140249849068801,-0.45748987854251005,0.151832460732984,,100,0.09315109779979601,1.026452083428175,0.09318705263973001,3.595483993459401e-05,100,0.09345077766576801,1.032055098162753,0.093494376022905,4.359835713947641e-05,-0.000299679865972,4.359835713740879e-05,100,1.8915791489147682,116.79781834643175,2.768669766592826,0.8770906176780621,100,1.9249563704870751,97.4429438637698,2.709858796353471,0.784902425866399,-0.033377221572307006,0.784902425866395,100,0.028798177208246,0.41210046530745004,0.06128595640047001,0.032487779192223,100,0.043073512888749006,0.438582426329637,0.072992011492958,0.029918498604209004,-0.014275335680502,0.029918498604209004,100,0.001609043446299,0.046736396133986,0.0038696339105690003,0.0022605904642700003,100,0.0010807872549900002,0.040116509996028005,0.0030277167635810003,0.0019469295085900002,0.000528256191308,0.0019469295085900002,100,0.015308725792176,0.484260177239455,0.025618770319283002,0.010310044527107001,100,0.017239793526441,0.484260177239455,0.027245974979198003,0.010006181452757001,-0.0019310677342650002,0.010006181452757001,100,0.001605686714428,0.06896437999877801,0.0022306003602840002,0.0006249136458550001,100,0.001596825961155,0.06896437999877801,0.0021681523665550003,0.0005713264054000001,8.86075327305425e-06,0.0005713264054000001,0.11,0.15,0,0.15,0.06,0,-0.00822436465141,0.105,-0.025,0,0.373124591679917,0.513937282229965,0.34866174433685704,1.38,195.1,,,,,,1.5483,1.37,-0.063500155448001,0.36832091100270353,0.6353972666241845,0.16541698500526902,0.053776068927392694,0.13789816003241576,-0.051723922172477246,0.749558631181009,e2
e2_diverse_4f67e699be_s7,e2_diverse,7,meta-llama/Llama-3.1-8B-Instruct,100,30,prompt,2026-08-02 22:27:28,0.5,0.5,0.5,0.5,0.5,0.25,independent,barabasi_albert,meta-llama/Llama-3.1-8B-Instruct,2.3891,1.53,0.7319975179243541,6.085363058374803,,-0.045308683366061,-0.09027777777777701,1.009899999999999,1.23,0.563315708686384,4.104638906009005,,-0.009815220557504,-0.5675675675675671,0.176119402985074,,100,0.09373055003545201,1.03218908329771,0.09376262510376401,3.2075068311232044e-05,100,0.093305449911756,1.032164722364082,0.09334926001446801,4.381010271178138e-05,0.00042510012369600004,4.3810102712663064e-05,100,1.75254555474933,97.4429438637698,2.570728606917201,0.818183052167873,100,1.505626823438324,16.503369949593328,2.398776254815062,0.8931494313767401,0.24691873131100503,0.8931494313767371,100,0.030666856748468002,0.337950974445327,0.05449384378973501,0.023826987041266002,100,0.032106491991887004,0.401507680898575,0.05796836552980301,0.025861873537915,-0.001439635243419,0.025861873537915,100,0.001710245563247,0.043426453065007004,0.003981835341174,0.002271589777926,100,0.001029313378732,0.040116509996028005,0.0029008641639180002,0.0018715507851850002,0.0006809321845140001,0.0018715507851850002,100,0.013768376390218,0.41468548143135503,0.021629367820201,0.007860991429983,100,0.015032315961731001,0.484260177239455,0.024776418581534003,0.009744102619802,-0.001263939571513,0.009744102619802,100,0.0015738231456060001,0.063063450012855,0.002148718225511,0.000574895079904,100,0.001762141919595,0.09519073549177001,0.002336184469498,0.0005740425499030001,-0.000188318773988,0.0005740425499030001,0.09,0.15,0,0.15,0.13,0,0.040855478338382004,0.14,0.02,0,0.325640551251269,0.5612788632326821,0.29919764257214504,1.67,178.8,,,,,,1.6994999999999996,1.38,-0.027561951961782502,0.32892267267267206,0.647656613305369,0.23121806342739712,0.1824417428394023,0.15520746849537614,0.23367586094996648,1.2531811927532894,e2
e2_diverse_4f67e699be_s8,e2_diverse,8,meta-llama/Llama-3.1-8B-Instruct,100,30,prompt,2026-08-02 22:30:37,0.5,0.5,0.5,0.5,0.5,0.25,independent,barabasi_albert,meta-llama/Llama-3.1-8B-Instruct,1.8875000000000002,1.53,0.7451128738057701,5.895954340059901,,-0.018018998200610002,-0.305555555555555,1.811599999999999,1.28,0.6159641259477541,5.478593054224342,,-0.053320063531448005,0.045296167247386006,0.230547550432276,,100,0.093655932136915,1.03253013636851,0.093703564174115,4.7632037201668064e-05,100,0.093214955471544,1.032213444231339,0.09326003971398,4.508424243683863e-05,0.00044097666537,4.5084242435974864e-05,100,2.159032957625696,116.79781834643175,2.981105833615267,0.822072875989572,100,1.775414630787911,120.81680273707471,2.772348674266151,0.9969340434782351,0.383618326837784,0.9969340434782391,100,0.028841799996361002,0.40680407310301303,0.06278857441433801,0.033946774417977,100,0.025680931455824,0.348543758854201,0.058383866914021004,0.032702935458197004,0.0031608685405360003,0.032702935458197004,100,0.0011662192072970001,0.040116509996028005,0.0031722808745900002,0.0020060616672930003,100,0.0009167676234110001,0.040116509996028005,0.002746484745313,0.0018297171219010002,0.000249451583885,0.0018297171219010002,100,0.013367397147545002,0.39149391616198903,0.022900483328485002,0.009533086180939001,100,0.011995291855875001,0.484260177239455,0.023972207562947,0.011976915707072001,0.0013721052916700002,0.011976915707072001,100,0.0020274732166520003,0.09519073549177001,0.0027463319796130004,0.0007188587629610001,100,0.0016512154787070002,0.06896437999877801,0.002201123861197,0.000549908382489,0.00037625773794500004,0.000549908382489,0.1,0.13,0,0.12,0.14,0,0.064869664442865,0.135,0.025,0,0.35310922217842705,0.584327086882453,0.302361544255286,2.4544,189.1,,,,,,1.8495499999999996,1.405,-0.035669530866029,0.1301296941540845,0.6805384998767621,0.2370898141472723,-0.007154870093020402,0.17400643406505514,0.10802495715672805,1.231951610044605,e2
e2_human_norm_2952099184_s1,e2_human_norm,1,meta-llama/Llama-3.1-8B-Instruct,100,30,prompt,2026-08-02 22:34:03,0.6069,0.6844,0.6056,0.6794,0.44380000000000003,,independent,barabasi_albert,meta-llama/Llama-3.1-8B-Instruct,0.019599999999999,1.98,0.9980650112491711,2.0,,-0.022847100175771,-1.0,0.7424000000000001,1.38,0.5462841675518331,6.368877185163086,,-0.041461002369068,-0.8247011952191231,0.0070796460176990005,,100,0.09332750204313901,1.031092841284423,0.093373523281722,4.602123858186262e-05,100,0.092464307851037,1.03080051008088,0.09254494674800101,8.063889696604168e-05,0.0008631941921010001,8.063889696366401e-05,100,1.756890158882044,116.79781834643175,2.7405528877953422,0.9836627289132951,100,2.47381024945772,122.89558776671763,3.12457396180927,0.6507637123515521,-0.7169200905756751,0.6507637123515491,100,0.030973432822013,0.41739685751188704,0.063758365866953,0.032784933044939,100,0.033365927829958,0.40680407310301303,0.061480048936537,0.028114121106579,-0.0023924950079450003,0.028114121106579,100,0.002263130696781,0.05335628227194401,0.004414852477282001,0.0021517217805000002,100,0.003224764172754,0.129484972858466,0.005406538806393001,0.002181774633638,-0.0009616334759730001,0.002181774633638,100,0.018246788321504,0.484260177239455,0.027377285714467,0.009130497392962001,100,0.016021237323926,0.484260177239455,0.026784837703667002,0.010763600379741,0.002225550997578,0.010763600379741,100,0.001773759795383,0.09519073549177001,0.0024094215130640003,0.0006356617176810001,100,0.0018434500457010002,0.09519073549177001,0.0023820679692350003,0.0005386179235340001,-6.969025031713623e-05,0.0005386179235340001,0.07,0.13,0,0.05,0.08,0,-0.11954252735337101,0.10500000000000001,0.045000000000000005,0,0.30179132863157404,0.49101796407185605,0.39786016650822403,2.2531,206.1,0.1288,0.1463,0.14750000000000002,0.12560000000000002,0.1663,0.3809999999999995,1.68,-0.0321540512724195,0.9123505976095616,0.7721745894005021,-0.3665968909154877,-0.5406976749898506,0.11540707754866836,0.5394059936575478,-1.0172072572229425,e2
e2_human_norm_2952099184_s2,e2_human_norm,2,meta-llama/Llama-3.1-8B-Instruct,100,30,prompt,2026-08-02 22:37:26,0.6069,0.6844,0.6056,0.6794,0.44380000000000003,,independent,barabasi_albert,meta-llama/Llama-3.1-8B-Instruct,0.0291,1.97,0.997040467015419,13.928388277184121,,-0.05626134301271601,-1.0,0.8979,1.07,0.438663432897865,5.188919653412262,,0.022383686862768003,-0.753846153846153,0.009433962264150001,,100,0.093082801665333,1.031982015361867,0.093146662235476,6.386057014252244e-05,100,0.09395559686264501,1.032116000496824,0.093990567879582,3.4971016937438324e-05,-0.0008727951973120001,3.497101693686333e-05,100,2.156917172938562,120.11971682380113,2.889928893618797,0.733011720680234,100,2.311956388131558,124.00427311586051,3.150096979505384,0.838140591373824,-0.15503921519299502,0.838140591373826,100,0.037226038466260006,0.41210046530745004,0.05974370960250801,0.022517671136247003,100,0.023391554460575,0.343247366649764,0.057623235361284005,0.034231680900709,0.013834484005685,0.034231680900709,100,0.0020714151888050003,0.05335628227194401,0.004250367147730001,0.0021789519589240003,100,0.0024194585150320003,0.046736396133986,0.0049759081852890005,0.002556449670257,-0.000348043326226,0.002556449670257,100,0.020545502999865,0.484260177239455,0.027694616396325002,0.007149113396460001,100,0.014780725832454001,0.484260177239455,0.025045823694213,0.010265097861758,0.0057647771674110004,0.010265097861758,100,0.0018298438163910002,0.09519073549177001,0.002444249610037,0.0006144057936460001,100,0.0015493362922000002,0.055851202252282,0.002142885219328,0.000593548927127,0.00028050752419000004,0.000593548927127,0.09,0.14,0,0.12,0.15,0,-0.022730047503207,0.14500000000000002,0.04,0,0.293318380968964,0.5600735125201011,0.279812604570508,2.1624,202.9,0.1288,0.1463,0.14750000000000002,0.12560000000000002,0.1663,0.4635,1.52,-0.016938828074974002,0.8769230769230765,0.717851949956642,-0.11925064005793451,0.013428148357791722,0.1476370566251021,0.39150476283314994,0.13003810221117307,e2
e2_human_norm_2952099184_s3,e2_human_norm,3,meta-llama/Llama-3.1-8B-Instruct,100,30,prompt,2026-08-02 22:40:56,0.6069,0.6844,0.6056,0.6794,0.44380000000000003,,independent,barabasi_albert,meta-llama/Llama-3.1-8B-Instruct,0.098399999999999,1.98,0.952699416540373,2.82842712474619,,-0.012259788741349,-0.9725085910652921,0.8675,1.3900000000000001,0.579234625709599,6.345768370374549,,0.017153802965752002,-0.663636363636363,0.024590163934426004,,100,0.092813780188141,1.032286527032225,0.09287460557409201,6.082538595133218e-05,100,0.09301873686669501,1.03218908329771,0.09307827832281301,5.9541456118534995e-05,-0.00020495667855400002,5.9541456118056286e-05,100,1.6891921844111222,118.87660337607466,2.782113316677335,1.0929211322662131,100,2.230094030765065,125.1129584650034,3.039269505804218,0.8091754750391551,-0.540901846353942,0.8091754750391531,100,0.031098223452476002,0.40680407310301303,0.062568897112554,0.031470673660078004,100,0.035307811944366004,0.41739685751188704,0.0609968992802,0.025689087335833003,-0.00420958849189,0.025689087335833003,100,0.002025546903532,0.046736396133986,0.004306233304539,0.0022806864010070003,100,0.0032700175348820003,0.15265457434132101,0.005540383330161,0.002270365795279,-0.0012444706313500002,0.002270365795279,100,0.013360783308584001,0.34511078562325603,0.025412088716199002,0.012051305407614002,100,0.016751518411835,0.484260177239455,0.027850873003056,0.011099354591221001,-0.0033907351032500003,0.011099354591221001,100,0.001539279956816,0.055851202252282,0.002152320660439,0.0006130407036230001,100,0.0017070482450860002,0.06896437999877801,0.002345314034714,0.000638265789627,-0.00016776828827000002,0.000638265789627,0.12,0.09,0,0.12,0.12,0,-0.09168656092454301,0.105,-0.015,0,0.28888193494484904,0.47464057507987206,0.389557089960472,1.2984,210.5,0.1288,0.1463,0.14750000000000002,0.12560000000000002,0.1663,0.48294999999999955,1.685,0.002447007112201501,0.8180724773508276,0.765967021124986,-0.31056407757679844,-0.5347032290681403,0.14148868166787226,0.7277724911721772,-0.8311277812567035,e2
e2_human_norm_2952099184_s4,e2_human_norm,4,meta-llama/Llama-3.1-8B-Instruct,100,30,prompt,2026-08-02 22:44:19,0.6069,0.6844,0.6056,0.6794,0.44380000000000003,,independent,barabasi_albert,meta-llama/Llama-3.1-8B-Instruct,0.0584,1.96,0.9174872064259451,4.131156395312338,,-0.017126878713745002,-1.0,0.972399999999999,1.44,0.649262610927226,5.357959084740638,,-0.091240079635639,-0.7238493723849371,0.048832271762208,,100,0.093626512283766,1.03218908329771,0.09366062574761001,3.4113463842756064e-05,100,0.093068542035888,1.028169529248991,0.09311875198291801,5.0209947031795086e-05,0.000557970247877,5.0209947029991604e-05,100,1.96571682816431,126.49881515143201,2.9385790484470373,0.9728622202827281,100,2.6842318381642203,128.9933571870035,3.423890168855632,0.7396583306914111,-0.718515009999909,0.7396583306914111,100,0.032155184928108003,0.401507680898575,0.06016316933680001,0.028007984408692004,100,0.035726751935325006,0.42798964192076205,0.06354129253575201,0.027814540600426003,-0.0035715670072170003,0.027814540600426003,100,0.00329521044775,0.13941480206540402,0.0053657886237030005,0.0020705781759520004,100,0.0032894458689370003,0.1559645174103,0.0056172396100630006,0.0023277937411250002,5.76457881276823e-06,0.0023277937411250002,100,0.021085775770143002,0.484260177239455,0.027926037953200002,0.006840262183056001,100,0.021631236022287,0.484260177239455,0.029828096699424003,0.008196860677137001,-0.000545460252144,0.008196860677137001,100,0.001754235821233,0.09519073549177001,0.002307007243954,0.000552771422721,100,0.0016828782878050002,0.09519073549177001,0.002282297914496,0.000599419626691,7.1357533428573e-05,0.000599419626691,0.08,0.16,0,0.12,0.1,0,-0.120332824149858,0.13,0.03,0,0.284248733605297,0.40089267599918804,0.48562645609379,2.3899,203.2,0.1288,0.1463,0.14750000000000002,0.12560000000000002,0.1663,0.5153999999999995,1.7,-0.054183479174692004,0.8619246861924685,0.7833749086765855,-0.39103638526351564,-0.6795302376548968,0.12977452588063695,0.45562049549856654,-0.8947229663125674,e2
e2_human_norm_2952099184_s5,e2_human_norm,5,meta-llama/Llama-3.1-8B-Instruct,100,30,prompt,2026-08-02 22:47:43,0.6069,0.6844,0.6056,0.6794,0.44380000000000003,,independent,barabasi_albert,meta-llama/Llama-3.1-8B-Instruct,0.019599999999999,1.98,0.9980650112491711,2.0,,-0.013937282229919001,-1.0,0.8056000000000001,1.02,0.47373164707292004,3.753250218951328,,0.050845358270886,-0.748148148148148,0.008771929824561,,100,0.093218643817981,1.032737204304354,0.09326958889823701,5.094508025726701e-05,100,0.09381190421653501,1.032712843370725,0.093847420194947,3.551597841123033e-05,-0.000593260398553,3.551597841158771e-05,100,2.181505613140676,116.79781834643175,2.946697367972204,0.765191754831526,100,2.365871890501891,121.82224176307867,3.018300554556385,0.6524286640544931,-0.18436627736121503,0.6524286640544931,100,0.031939134841128,0.41739685751188704,0.061222765531098004,0.029283630689970003,100,0.035935502521239004,0.43328603412520006,0.069021442527742,0.033085940006502,-0.003996367680111,0.033085940006502,100,0.003031193162422,0.08645571296173701,0.005322498493816,0.0022913053313940003,100,0.0028541180628160003,0.08976565603071601,0.0057229106384730005,0.002868792575656,0.000177075099605,0.002868792575656,100,0.021881760125366002,0.5074517425088211,0.028683426025767,0.006801665900401,100,0.020691077709528,0.484260177239455,0.027345947430567,0.006654869721038001,0.001190682415837,0.006654869721038001,100,0.002217257699632,0.108303913238266,0.002898809993398,0.000681552293765,100,0.0020130245850840003,0.09519073549177001,0.0026672185507340004,0.0006541939656490001,0.00020423311454800003,0.0006541939656490001,0.12,0.06,0,0.11,0.14,0,-0.031230652468314003,0.1,-0.014999999999999002,0,0.293619552871249,0.5410958904109591,0.304590412074492,2.089899999999999,203.4,0.1288,0.1463,0.14750000000000002,0.12560000000000002,0.1663,0.4125999999999995,1.5,0.0184540380204835,0.874074074074074,0.7358983291610456,-0.31870219132706673,-0.36201763653760116,0.11595466271695822,0.5523117478301058,-0.8988827494248806,e2
e2_human_norm_2952099184_s6,e2_human_norm,6,meta-llama/Llama-3.1-8B-Instruct,100,30,prompt,2026-08-02 22:51:13,0.6069,0.6844,0.6056,0.6794,0.44380000000000003,,independent,barabasi_albert,meta-llama/Llama-3.1-8B-Instruct,0.019599999999999,1.98,0.9980650112491711,2.0,,-0.022847100175771,-1.0,0.8344,1.34,0.567351333460659,7.051885114303739,,-0.131724541933804,-0.82375478927203,0.005145797598627,,100,0.09414277098605801,1.032591038702582,0.094174571438462,3.180045240542723e-05,100,0.093582638477161,1.032030737229124,0.09362095178348101,3.8313306320762095e-05,0.000560132508897,3.831330631973162e-05,100,2.009628872631338,116.5580651396796,2.782755806815029,0.773126934183685,100,2.229332400506657,118.7380177074318,3.011190795228198,0.7818583947215351,-0.21970352787531902,0.7818583947215401,100,0.034853676568534005,0.41739685751188704,0.063446897055722,0.028593220487188,100,0.030039579117315002,0.332654582240889,0.056763450256052006,0.026723871138737,0.004814097451218,0.026723871138737,100,0.0031348593625590004,0.109625314444591,0.005617727685930001,0.00248286832337,100,0.0025469481979740003,0.06659605454786101,0.0046671644859010005,0.0021202162879270002,0.000587911164585,0.0021202162879270002,100,0.017719748175432003,0.484260177239455,0.026940189845095,0.009220441669663001,100,0.014727405081949,0.484260177239455,0.024683979843754002,0.009956574761804001,0.002992343093483,0.009956574761804001,100,0.0016752112190020001,0.06896437999877801,0.0023306445161720003,0.0006554332971690001,100,0.0017472920480970002,0.09519073549177001,0.002264583018916,0.0005172909708190001,-7.208082909433246e-05,0.0005172909708190001,0.14,0.08,0,0.11,0.15,0,-0.035136854081038005,0.114999999999999,-0.01,0,0.293573943349966,0.46994764397905703,0.42323472355253605,1.7275,210.0,0.1288,0.1463,0.14750000000000002,0.12560000000000002,0.1663,0.4269999999999995,1.6600000000000001,-0.0772858210547875,0.911877394636015,0.7827081723549151,-0.1750533022738038,-0.23736587959179448,0.13686911019785714,0.24793888952351206,-0.299651609242642,e2
e2_human_norm_2952099184_s7,e2_human_norm,7,meta-llama/Llama-3.1-8B-Instruct,100,30,prompt,2026-08-02 22:54:36,0.6069,0.6844,0.6056,0.6794,0.44380000000000003,,independent,barabasi_albert,meta-llama/Llama-3.1-8B-Instruct,0.22189999999999901,1.9500000000000002,0.8778812129633161,4.1383936438748155,,-0.021343198634034003,-0.9790940766550521,0.8164,1.04,0.430243069576952,3.605036618380548,,-0.051266387444679005,-0.8536585365853651,0.019607843137254003,,100,0.093730020367429,1.032712843370725,0.09376614190759101,3.6121540162662424e-05,100,0.09340961994345101,1.032067278629567,0.09345575276995001,4.6132826498706156e-05,0.00032040042397700003,4.6132826498665465e-05,100,2.244734697885713,119.91599589089611,2.9976797496248,0.7529450517390871,100,2.624686625212905,127.05315782600346,3.3115902976167693,0.68690367240386,-0.379951927327192,0.6869036724038631,100,0.028991293481026,0.40680407310301303,0.057580640799277,0.028589347318250004,100,0.030726922530518,0.42798964192076205,0.068268492173214,0.037541569642695005,-0.001735629049491,0.037541569642695005,100,0.003640716287567,0.14603468820336202,0.006087122519699,0.002446406232132,100,0.0031913383401050003,0.14603468820336202,0.005421709786673,0.002230371446567,0.00044937794746100005,0.002230371446567,100,0.021142139795465,0.484260177239455,0.029290271259573,0.008148131464108001,100,0.017357414590921,0.484260177239455,0.025781777509747,0.008424362918825,0.0037847252045430002,0.008424362918825,100,0.0016817297545800001,0.09519073549177001,0.002278827214006,0.0005970974594260001,100,0.0021138200895490004,0.09519073549177001,0.002733283527199,0.00061946343765,-0.000432090334969,0.00061946343765,0.15,0.11,0,0.14,0.13,0,-0.06292752385594401,0.12,-0.025,0,0.29940764805298703,0.49604166666666605,0.312168773840161,2.1844,203.6,0.1288,0.1463,0.14750000000000002,0.12560000000000002,0.1663,0.5191499999999996,1.495,-0.036304793039356506,0.9163763066202086,0.6540621412701341,-0.4374646168680297,-0.630607674576703,0.12262759544601594,0.29889392756578814,-1.1303647501984357,e2
e2_human_norm_2952099184_s8,e2_human_norm,8,meta-llama/Llama-3.1-8B-Instruct,100,30,prompt,2026-08-02 22:57:55,0.6069,0.6844,0.6056,0.6794,0.44380000000000003,,independent,barabasi_albert,meta-llama/Llama-3.1-8B-Instruct,0.33,1.98,0.9617864485513341,39.80420832022664,,-0.054825555052107004,-0.9037800687285221,0.9850999999999991,1.27,0.630854732861031,5.8217027286590675,,0.012537846695433001,-0.44086021505376305,0.078571428571428,,100,0.094175891598717,1.032201263764524,0.094204225374586,2.833377586867957e-05,100,0.09287179164629901,1.032517955901696,0.092944521389775,7.272974347739808e-05,0.001304099952417,7.272974347623251e-05,100,2.205458046062223,118.18367503286035,2.925755905678389,0.7202978596161671,100,1.9200190618904451,116.79781834643175,2.844036466261673,0.924017404371228,0.28543898417177704,0.924017404371227,100,0.033357401255429,0.41739685751188704,0.062788365873021,0.029430964617592002,100,0.0367939191521,0.42798964192076205,0.06676693541937301,0.029973016267272,-0.003436517896671,0.029973016267272,100,0.0031353493958940003,0.106315371375612,0.005397023905483,0.0022616745095880002,100,0.0032541626597490003,0.162584403548259,0.005624754712815001,0.0023705920530660003,-0.00011881326385400001,0.0023705920530660003,100,0.018570837626018,0.484260177239455,0.027452171154044,0.008881333528025,100,0.020511483200513003,0.5074517425088211,0.030515253428643002,0.010003770228129,-0.001940645574494,0.010003770228129,100,0.0017639243764030002,0.09519073549177001,0.002390158167262,0.000626233790859,100,0.001379108877441,0.06896437999877801,0.0018944270280390001,0.000515318150597,0.000384815498962,0.000515318150597,0.15,0.11,0,0.1,0.1,0,0.046938653814689,0.10500000000000001,-0.019999999999999,0,0.288530862418163,0.43644346871569706,0.441860532285888,1.8384,198.4,0.1288,0.1463,0.14750000000000002,0.12560000000000002,0.1663,0.6575499999999995,1.625,-0.021143854178337,0.6723201418911426,0.7963205907061826,-0.19416724848225564,-0.5627409309785089,0.16115880513562825,0.43537015272111473,-0.4445853310119401,e2
e5_norm_baseline__ws_e9fb616103_s1,e5_norm_baseline__ws,1,meta-llama/Llama-3.1-8B-Instruct,100,30,prompt,2026-08-02 23:22:23,0.5,0.5,0.5,0.5,0.5,0.15,independent,watts_strogatz,meta-llama/Llama-3.1-8B-Instruct,1.3851,1.31,0.6337950768504651,4.101442443701821,,0.057017412143453,-0.36111111111111105,0.7139,0.91,0.43605399575386805,4.217100335875274,,0.048270714107987,-0.6021505376344081,0.178666666666666,,100,0.09316677930550701,1.032140361430453,0.09321899401630301,5.2214710798160116e-05,100,0.09294886218564201,1.032688482437096,0.09301211744615401,6.325526051128011e-05,0.00021791711986400003,6.325526051229047e-05,100,1.4607843625856352,116.79781834643175,2.593802216083203,1.133017853497568,100,2.121574047395811,120.95538840571757,2.935447305476527,0.8138732580807111,-0.6607896848101751,0.8138732580807151,100,0.043716281564364,0.438582426329637,0.071291891334178,0.027575609769814,100,0.033189025456175004,0.41210046530745004,0.061402359553416004,0.028213334097241003,0.010527256108188,0.028213334097241003,100,0.0014698926575570002,0.046736396133986,0.003513119272446,0.002043226614889,100,0.0017355255743150002,0.046736396133986,0.003962312034499,0.0022267864601830003,-0.00026563291675800005,0.0022267864601830003,100,0.012358852135947,0.34511078562325603,0.021896454782731,0.009537602646784,100,0.012747345507421001,0.34511078562325603,0.022186449349646,0.009439103842225,-0.00038849337147300005,0.009439103842225,100,0.0019009157302590002,0.09519073549177001,0.002520904260838,0.0006199885305780001,100,0.002035344706199,0.09519073549177001,0.002641481226196,0.000606136519996,-0.00013442897594,0.000606136519996,0.13,0.2,0,0.07,0.1,0,-0.10847217780771601,0.15000000000000002,0.05,0,0.340775528340356,0.5661417322834641,0.27949075229248305,1.689099999999999,196.2,,,,,,1.0495,1.11,0.05264406312572,0.48163082437275956,0.5349245363021666,-0.06084332085226681,-0.12092393146500739,0.14240364571014458,0.10870646009329375,0.3647321700072672,e5
e5_norm_baseline__ws_e9fb616103_s2,e5_norm_baseline__ws,2,meta-llama/Llama-3.1-8B-Instruct,100,30,prompt,2026-08-02 23:25:30,0.5,0.5,0.5,0.5,0.5,0.15,independent,watts_strogatz,meta-llama/Llama-3.1-8B-Instruct,1.7131,1.4100000000000001,0.6844199941988031,4.466882183049713,,0.1354853550069,-0.43829787234042505,0.991599999999999,1.1400000000000001,0.54998944124256,4.801864065019729,,-0.069565217391304,-0.36842105263157804,0.22879177377892002,,100,0.093034499220875,1.03201855676231,0.09308892963941501,5.4430418540608644e-05,100,0.092941170973837,1.030837051481323,0.09299813868297001,5.69677091325757e-05,9.332824703787991e-05,5.696770913246608e-05,100,1.809376377398642,114.02610497357453,2.75748398657658,0.9481076091779391,100,2.131579593102484,120.67821706843185,3.069505667183467,0.937926074080985,-0.32220321570384103,0.937926074080983,100,0.04370996687195,0.438582426329637,0.065915207013008,0.022205240141058003,100,0.032795726516162,0.42798964192076205,0.06168463456775101,0.028888908051589002,0.010914240355787001,0.028888908051589002,100,0.0019187929731820002,0.046736396133986,0.004455305525102001,0.0025365125519190004,100,0.001808478701716,0.046736396133986,0.004029461526055001,0.002220982824339,0.000110314271466,0.002220982824339,100,0.012819801576783,0.41468548143135503,0.025726261016281,0.012906459439497002,100,0.011599434407192001,0.30104681161146,0.021777464717456,0.010178030310263,0.00122036716959,0.010178030310263,100,0.001803210568519,0.09519073549177001,0.002418935280417,0.0006157247118980001,100,0.0019065823932800001,0.09519073549177001,0.00256328034651,0.000656697953229,-0.00010337182476100001,0.000656697953229,0.11,0.13,0,0.1,0.14,0,-0.051661389580786005,0.135,0.03,0,0.341563345560129,0.629741119807344,0.206151289398145,1.3331,187.8,,,,,,1.3523499999999995,1.2750000000000001,0.032960068807798004,0.4033594624860015,0.6172047177206815,-0.05044392924865628,-0.10758699633253654,0.16332127682158962,0.33344572340308265,0.27708025689086,e5
e5_norm_baseline__ws_e9fb616103_s3,e5_norm_baseline__ws,3,meta-llama/Llama-3.1-8B-Instruct,100,30,prompt,2026-08-02 23:28:50,0.5,0.5,0.5,0.5,0.5,0.15,independent,watts_strogatz,meta-llama/Llama-3.1-8B-Instruct,1.365099999999999,1.4100000000000001,0.7034065591971701,5.853297925592386,,0.040272277382583,-0.46666666666666606,1.2419,1.01,0.520215584820209,3.820681104135903,,-0.007623140895053001,-0.10659898477157301,0.278728606356968,,100,0.093598356315111,1.031640962291067,0.093635039019287,3.668270417409992e-05,100,0.09334274677962001,1.031190285018938,0.093380487260228,3.774048060838645e-05,0.000255609535491,3.774048060833923e-05,100,1.942722041449315,118.18367503286035,2.930634736848337,0.987912695399024,100,1.621401655678858,116.79781834643175,2.762322861883787,1.140921206204929,0.321320385770457,1.140921206204929,100,0.04133761415006,0.42269324971632505,0.06290637220547901,0.021568758055419003,100,0.039236863950303,0.42798964192076205,0.064056382537389,0.024819518587086004,0.002100750199757,0.024819518587086004,100,0.001729338337387,0.046736396133986,0.003957041951506,0.002227703614119,100,0.0014557078909010002,0.046736396133986,0.0033433233752810003,0.0018876154843800001,0.000273630446486,0.0018876154843800001,100,0.017443359973656,0.484260177239455,0.026100360584603,0.008657000610947001,100,0.015910241642119002,0.484260177239455,0.024032215756507002,0.008121974114387,0.001533118331536,0.008121974114387,100,0.0018971512252820002,0.09519073549177001,0.0025448890784310002,0.0006477378531480001,100,0.0014345280247710002,0.042738024505786,0.0020662903477490003,0.000631762322978,0.00046262320051100006,0.000631762322978,0.14,0.12,0,0.13,0.13,0,0.054324352914039004,0.125,-0.01,0,0.34903347924197203,0.5883844788232311,0.273802964152321,2.0379,199.3,,,,,,1.3034999999999997,1.21,0.016324568243765,0.2866328257191195,0.6118110720086896,0.1842397298730821,0.08600414247653605,0.19606996953239475,-0.015660598387082697,0.9749834834623111,e5
e5_norm_baseline__er_819b9853b0_s1,e5_norm_baseline__er,1,meta-llama/Llama-3.1-8B-Instruct,100,30,prompt,2026-08-02 23:32:07,0.5,0.5,0.5,0.5,0.5,0.15,independent,erdos_renyi,meta-llama/Llama-3.1-8B-Instruct,1.4100000000000001,1.48,0.711011845971226,5.066333491069755,,0.069029917077098,-0.530864197530864,0.9144,1.06,0.469016602524628,3.836510277161492,,-0.060631700956244004,-0.477777777777777,0.150943396226415,,100,0.09393113202205901,1.032700662903911,0.09397108506519401,3.9953043135814706e-05,100,0.093864135557017,1.032213444231339,0.09389924574349301,3.511018647623247e-05,6.699646504186586e-05,3.511018647647801e-05,100,1.892287272480708,116.79781834643175,2.778711160930243,0.88642388844953,100,1.609079029032091,116.23031003333924,2.688478776363882,1.0793997473317871,0.283208243448617,1.07939974733179,100,0.026938169921415,0.36443293546751404,0.058899502644159,0.031961332722744006,100,0.045678630926698,0.42798964192076205,0.066537561960747,0.020858931034048,-0.018740461005283003,0.020858931034048,100,0.001612665478935,0.046736396133986,0.003428163460524,0.0018154979815880002,100,0.001578002152726,0.046736396133986,0.0035998969176060003,0.0020218947648800003,3.4663326209682195e-05,0.0020218947648800003,100,0.011808691989264,0.484260177239455,0.022565792822025,0.01075710083276,100,0.020781545926643,0.484260177239455,0.029859900457371004,0.009078354530727,-0.008972853937379,0.009078354530728,100,0.0017037273738920002,0.09519073549177001,0.002333333212647,0.000629605838754,100,0.0018988499528870002,0.101747324365018,0.002491246829426,0.000592396876539,-0.000195122578994,0.000592396876539,0.17,0.2,0,0.13,0.08,0,0.042566910953035005,0.14,-0.01,0,0.36139492054493205,0.526439176868976,0.35807280146039605,1.5136,197.5,,,,,,1.1622000000000001,1.27,0.004199108060427,0.5043209876543205,0.590014224247927,0.06219759265921323,-0.1801292408683494,0.18533107245407618,0.14061953541816516,0.6918807911831548,e5
e5_norm_baseline__er_819b9853b0_s2,e5_norm_baseline__er,2,meta-llama/Llama-3.1-8B-Instruct,100,30,prompt,2026-08-02 23:35:22,0.5,0.5,0.5,0.5,0.5,0.15,independent,erdos_renyi,meta-llama/Llama-3.1-8B-Instruct,1.4604,1.3,0.620498650329892,4.157071357102406,,-0.086702853649572,-0.342465753424657,0.9796,1.22,0.534805655604191,5.096437629717495,,-0.07216901575152601,-0.594713656387665,0.16666666666666602,,100,0.09369395774161901,1.032164722364082,0.09373148200186601,3.752426024591945e-05,100,0.09368917027446601,1.032761565237982,0.093732365817824,4.319554335793341e-05,4.787467153044567e-06,4.319554335760479e-05,100,1.88435275742387,120.60892423411042,2.822742371435845,0.9383896140119731,100,2.237490829275557,116.5580651396796,2.953459010981404,0.7159681817058461,-0.35313807185168705,0.7159681817058471,100,0.038572248613925005,0.42798964192076205,0.06965268221084,0.031080433596915,100,0.045156647862816,0.438582426329637,0.06837694994924401,0.023220302086428002,-0.00658439924889,0.023220302086428002,100,0.002114317217534,0.046736396133986,0.004325880582848001,0.002211563365313,100,0.001695619363902,0.046736396133986,0.003778140887924,0.002082521524021,0.000418697853631,0.002082521524021,100,0.011234042576991001,0.484260177239455,0.027439087289583,0.016205044712591002,100,0.013200611349740002,0.484260177239455,0.025591485308702002,0.012390873958961001,-0.0019665687727480003,0.012390873958962,100,0.001617492668946,0.06896437999877801,0.0022179362389640003,0.0006004435700170001,100,0.0018011371170600001,0.082077557745274,0.002462466237807,0.000661329120746,-0.00018364444811300003,0.000661329120746,0.11,0.09,0,0.12,0.11,0,-0.060241533166775,0.1,-0.014999999999999002,0,0.350980547571822,0.6260744985673351,0.22528276392191202,1.3411,195.3,,,,,,1.22,1.26,-0.07943593470054901,0.46858970490616103,0.5776521529670415,-0.045209963238287465,-0.0933371480597812,0.12572773398989334,-0.40577824397303086,0.009358108944798799,e5
e5_norm_baseline__er_819b9853b0_s3,e5_norm_baseline__er,3,meta-llama/Llama-3.1-8B-Instruct,100,30,prompt,2026-08-02 23:38:42,0.5,0.5,0.5,0.5,0.5,0.15,independent,erdos_renyi,meta-llama/Llama-3.1-8B-Instruct,1.3819,1.47,0.7097727050104851,4.925304716152558,,-0.02176021287339,-0.47292418772563105,1.5256,1.1400000000000001,0.6691264885786801,5.272963807453249,,0.024468843623393,-0.081850533807829,0.295081967213114,,100,0.09307614674648601,1.032201263764524,0.093128908110818,5.276136433155887e-05,100,0.092770887866836,1.030435096076451,0.092826935405575,5.604753873947027e-05,0.000305258879649,5.6047538739181786e-05,100,2.736939550122789,126.49881515143201,3.306743040380725,0.5698034902579331,100,1.6553565749635402,74.29844427206882,2.6389878213877243,0.9836312464241841,1.081582975159248,0.9836312464241831,100,0.055296020090951005,0.491546348374011,0.073622939546913,0.018326919455962,100,0.039568949757615005,0.42798964192076205,0.06329041817056001,0.023721468412944,0.015727070333335,0.023721468412944,100,0.0022718010355100003,0.046736396133986,0.004566747699255001,0.0022949466637440003,100,0.001967501239226,0.046736396133986,0.004320447625337001,0.0023529463861110002,0.000304299796284,0.0023529463861110002,100,0.015182124921057001,0.484260177239455,0.024448475433265,0.009266350512208001,100,0.016113402402401,0.484260177239455,0.022677437232710002,0.006564034830309,-0.0009312774813430001,0.006564034830309,100,0.001727099077204,0.082077557745274,0.002330088745834,0.0006029896686300001,100,0.0018203091551080002,0.09519073549177001,0.0024093551649730003,0.0005890460098650001,-9.3210077903844e-05,0.0005890460098650001,0.14,0.16,0,0.12,0.05,0,0.18281585276821102,0.10500000000000001,-0.024999999999999002,0,0.34749539960883,0.6208923323537271,0.256877335570532,1.3675,199.6,,,,,,1.4537499999999999,1.3050000000000002,0.0013543153750015004,0.27738736076673004,0.6894495967945826,0.007956540084595898,-0.023425012145062412,0.16948579826702545,0.11299100450261784,0.22664794134743838,e5
e5_norm_baseline__rho_lo_77b52d9cef_s1,e5_norm_baseline__rho_lo,1,meta-llama/Llama-3.1-8B-Instruct,100,30,prompt,2026-08-02 23:41:03,0.5,0.5,0.5,0.5,0.5,0.15,independent,barabasi_albert,meta-llama/Llama-3.1-8B-Instruct,1.569099999999999,1.45,0.7042837148355171,5.017362057258444,,-0.030625890928328004,-0.37349397590361405,1.0563999999999991,1.24,0.5687497619808031,4.500390954098562,,-0.044949000978063,-0.63716814159292,0.151658767772511,,100,0.09319579980825801,1.03105629988398,0.09325168896813801,5.5889159880175884e-05,100,0.09318414337528501,1.032481414501253,0.09324226868450601,5.812530922146611e-05,1.165643297248997e-05,5.812530922079395e-05,100,2.507541666964587,116.79781834643175,3.131773836970938,0.624232170006347,100,2.078174542938998,121.50973108028901,2.927905824037134,0.8497312810981331,0.429367124025588,0.8497312810981361,100,0.035614883632194005,0.401507680898575,0.05331693139241701,0.017702047760222002,100,0.032846028205563,0.41739685751188704,0.060398870178588006,0.027552841973024003,0.0027688554266310002,0.027552841973024003,100,0.0016234573806260001,0.046736396133986,0.003986743893565001,0.0023632865129380003,100,0.0016430176741550001,0.046736396133986,0.003850981810708,0.002207964136553,-1.9560293529142462e-05,0.002207964136553,100,0.014368128310526002,0.484260177239455,0.023815147462539002,0.009447019152013,100,0.016417070763476,0.484260177239455,0.024285477413742002,0.007868406650265001,-0.002048942452949,0.007868406650265001,100,0.0015458096673800002,0.058473837801581004,0.002132170819047,0.000586361151667,100,0.0019217455880910003,0.09519073549177001,0.0025355883610560003,0.000613842772965,-0.00037593592071100005,0.000613842772965,0.1,0.14,0,0.13,0.1,0,0.07161719953633301,0.12000000000000001,0.005,0,0.293643216378326,0.508223684210526,0.371306062286457,1.4291,140.9,,,,,,1.312749999999999,1.345,-0.037787445953195505,0.505331058748267,0.63651673840816,-0.015715076384299014,-0.16530888136060448,0.14800541032336026,0.07767422834240348,0.2702240977655298,e5
e5_norm_baseline__rho_lo_77b52d9cef_s2,e5_norm_baseline__rho_lo,2,meta-llama/Llama-3.1-8B-Instruct,100,30,prompt,2026-08-02 23:43:24,0.5,0.5,0.5,0.5,0.5,0.15,independent,barabasi_albert,meta-llama/Llama-3.1-8B-Instruct,1.4419,1.31,0.623891483578448,4.230294678680197,,0.013559322033898001,-0.421052631578947,1.6339000000000001,1.21,0.618024616788596,5.105991720007109,,-0.06009489292716601,-0.0076335877862590005,0.20238095238095202,,100,0.093142130341803,1.031519157622924,0.09320137392521001,5.9243583405636655e-05,100,0.09360140651555801,1.03253013636851,0.093640824397287,3.9417881729177266e-05,-0.000459276173754,3.941788172992511e-05,100,2.090729349896984,118.7380177074318,2.969270301819538,0.8785409519225541,100,1.667039458165434,46.61110646225486,2.546916286149049,0.8798768279836131,0.42368989173154903,0.8798768279836141,100,0.028669837585074003,0.41739685751188704,0.059246640759689,0.030576803174615003,100,0.028792476458991002,0.42269324971632505,0.06161488132397701,0.032822404864986006,-0.00012263887391700002,0.032822404864986006,100,0.002039184886654,0.046736396133986,0.004168138879959001,0.002128953993304,100,0.0018341851037360002,0.043426453065007004,0.004017551881740001,0.002183366778004,0.00020499978291800002,0.002183366778004,100,0.01267157443257,0.484260177239455,0.027199913861978002,0.014528339429408002,100,0.017240144992559003,0.484260177239455,0.027733890161085004,0.010493745168526001,-0.004568570559989001,0.010493745168526001,100,0.0018641569234120001,0.09519073549177001,0.002432779652615,0.000568622729203,100,0.001573033680898,0.082077557745274,0.002078294081726,0.0005052604008270001,0.00029112324251300004,0.0005052604008270001,0.11,0.17,0,0.14,0.12,0,0.06983925485822001,0.14500000000000002,0.02,0,0.277108419024925,0.597803347280334,0.282122534717817,1.307599999999999,140.9,,,,,,1.5379,1.26,-0.023267785446634003,0.214343109682603,0.620958050183522,0.09061262348766662,0.13391750729959687,0.15432017051294755,-0.12980303319612876,0.8269734116893116,e5
e5_norm_baseline__rho_lo_77b52d9cef_s3,e5_norm_baseline__rho_lo,3,meta-llama/Llama-3.1-8B-Instruct,100,30,prompt,2026-08-02 23:45:46,0.5,0.5,0.5,0.5,0.5,0.15,independent,barabasi_albert,meta-llama/Llama-3.1-8B-Instruct,1.4579,1.4100000000000001,0.6980293589310601,5.627825505174878,,-0.010599830173737002,-0.46341463414634104,1.493599999999999,1.12,0.596582287265199,4.885147045293042,,-0.00483741564019,-0.034220532319391005,0.226415094339622,,100,0.093240349038232,1.031031938950352,0.093289125336646,4.8776298414770794e-05,100,0.09353375872613301,1.031969834895053,0.093567386149924,3.3627423791432714e-05,-0.000293409687901,3.3627423791093853e-05,100,2.222845152406874,116.79781834643175,3.051335324989455,0.8284901725825731,100,2.304774487368828,116.79781834643175,2.965266673510118,0.660492186141286,-0.08192933496195301,0.66049218614129,100,0.0273599093137,0.35384015105863903,0.05620355711507,0.028843647801369002,100,0.022627573835785002,0.337950974445327,0.05840182939739601,0.03577425556161,0.004732335477914001,0.03577425556161,100,0.0017000804010730002,0.046736396133986,0.003635330668589,0.0019352502675160001,100,0.0019257211816170001,0.046736396133986,0.004197490096388,0.00227176891477,-0.000225640780543,0.00227176891477,100,0.009893311293537,0.29872765508452304,0.023703801555778004,0.01381049026224,100,0.015735786378255002,0.484260177239455,0.024244599336713003,0.008508812958457,-0.005842475084718001,0.008508812958457,100,0.0018595923402470003,0.09519073549177001,0.002502114931473,0.0006425225912260001,100,0.001615006690382,0.06896437999877801,0.00225459636179,0.000639589671408,0.00024458564986400003,0.000639589671408,0.08,0.09,0,0.09,0.08,0,-0.013885656564556,0.084999999999999,0.0,0,0.270492976377304,0.596370143149284,0.28529075518935804,1.900399999999999,142.1,,,,,,1.4757499999999995,1.2650000000000001,-0.0077186229069635005,0.248817583232866,0.6473058230981296,-0.036219380714951684,-0.023678978055793592,0.11795337344522039,-0.023728745375939705,-0.08297232091517956,e5
e5_norm_baseline__rho_hi_bd7539e6f4_s1,e5_norm_baseline__rho_hi,1,meta-llama/Llama-3.1-8B-Instruct,100,30,prompt,2026-08-02 23:50:09,0.5,0.5,0.5,0.5,0.5,0.15,independent,barabasi_albert,meta-llama/Llama-3.1-8B-Instruct,1.3675,1.29,0.6404515193246311,5.225216560685172,,-0.05441242112080601,-0.273381294964028,0.9275999999999991,1.06,0.475034204746251,3.895505960134303,,-0.028496442318908,-0.416666666666666,0.238161559888579,,100,0.09382157886961001,1.032432692633996,0.093858281930373,3.6703060765015995e-05,100,0.093131365404335,1.032164722364082,0.09318817176023701,5.6806355900320436e-05,0.000690213465275,5.6806355901870005e-05,100,1.9965994652571941,118.7380177074318,2.952471541868488,0.955872076611291,100,2.282934298926835,116.79781834643175,3.157706055669285,0.8747717567424501,-0.28633483366964,0.8747717567424501,100,0.029361790802717003,0.42798964192076205,0.06467836004255101,0.035316569239833,100,0.021860913731354,0.35384015105863903,0.057894246570555,0.036033332839201,0.007500877071363001,0.036033332839201,100,0.0015939002580540001,0.040116509996028005,0.0039649907986680005,0.0023710905406130003,100,0.002293956567444,0.05335628227194401,0.004610330493318,0.0023163739258730003,-0.0007000563093900001,0.0023163739258730003,100,0.013371129057778002,0.333515002988573,0.024501072506952003,0.011129943449173,100,0.011891353488308,0.484260177239455,0.027982392536777003,0.016091039048468002,0.00147977556947,0.016091039048468002,100,0.001474851452908,0.06240779112553001,0.002051784447924,0.000576932995015,100,0.002117870838648,0.108303913238266,0.002685847050759,0.0005679762121110001,-0.0006430193857390001,0.0005679762121110001,0.2,0.13,0,0.14,0.11,0,-0.046334507209777005,0.12,-0.05,0,0.37203803037025,0.5219948849104861,0.325650870526123,1.4691,263.3,,,,,,1.1475499999999994,1.175,-0.04145443171985701,0.345023980815347,0.557742862035441,-0.19531765864131315,-0.23355049491202143,0.15497288085400057,-0.4621294797391026,-0.32621845789484455,e5
e5_norm_baseline__rho_hi_bd7539e6f4_s2,e5_norm_baseline__rho_hi,2,meta-llama/Llama-3.1-8B-Instruct,100,30,prompt,2026-08-02 23:54:38,0.5,0.5,0.5,0.5,0.5,0.15,independent,barabasi_albert,meta-llama/Llama-3.1-8B-Instruct,1.5851000000000002,1.43,0.6926518237446491,4.853193094854337,,-0.072122362398124,-0.304,1.3476,1.3,0.6274983669072971,4.907888260573611,,0.045272519660978006,-0.31578947368421,0.20780711825487902,,100,0.093029461921475,1.031409533421595,0.093088273297905,5.881137642960699e-05,100,0.093146454543561,1.032128180963639,0.09319132684323,4.487229966885936e-05,-0.000116992622085,4.487229966887441e-05,100,2.586008301820981,127.05315782600346,3.350723835145455,0.7647155333244721,100,2.044017415104919,116.10489000321745,2.835481288724789,0.791463873619871,0.541990886716062,0.79146387361987,100,0.029383385203453002,0.396211288694138,0.058425190811455,0.029041805608002003,100,0.022763703909924,0.32206179783201505,0.056231168778648005,0.033467464868724005,0.006619681293528,0.033467464868724005,100,0.0017991738506120002,0.046736396133986,0.004137808576544001,0.0023386347259310002,100,0.00163365664793,0.046736396133986,0.0036352175268330005,0.002001560878903,0.00016551720268200002,0.002001560878903,100,0.01292779163216,0.34511078562325603,0.025075542995718,0.012147751363558001,100,0.01195551061173,0.484260177239455,0.024767768438765003,0.012812257827034,0.000972281020429,0.012812257827034,100,0.0017692648485560002,0.09519073549177001,0.0023519519804490003,0.000582687131893,100,0.0020574865600590003,0.09519073549177001,0.0027012781744030004,0.000643791614344,-0.000288221711502,0.000643791614344,0.08,0.11,0,0.1,0.13,0,0.091557191983185,0.12,0.03,0,0.38413392063259205,0.634312126155519,0.18244561686010902,1.3224,268.8,,,,,,1.46635,1.365,-0.013424921368572998,0.309894736842105,0.6600750953259731,-0.019019935414969307,-0.13882959108137502,0.14007230351809083,0.15382115908748537,0.25924898514977956,e5
e5_norm_baseline__rho_hi_bd7539e6f4_s3,e5_norm_baseline__rho_hi,3,meta-llama/Llama-3.1-8B-Instruct,100,30,prompt,2026-08-02 23:58:51,0.5,0.5,0.5,0.5,0.5,0.15,independent,barabasi_albert,meta-llama/Llama-3.1-8B-Instruct,1.5384,1.48,0.7300181183994441,5.868993315408202,,-0.080785785472005,-0.461538461538461,1.5211000000000001,1.15,0.5784569958029231,4.969017250686495,,-0.025927286081527,-0.024,0.24547803617571,,100,0.094104720131891,1.032615399636211,0.094125305374292,2.0585242402622582e-05,100,0.09295359646501501,1.030690885879551,0.093008408882502,5.4812417487210855e-05,0.0011511236668760002,5.4812417486879705e-05,100,1.767544396291915,73.56255437157523,2.6004583356041833,0.8329139393122661,100,1.811096753140613,116.23031003333924,2.7764561382750492,0.9653593851344371,-0.043552356848697,0.9653593851344361,100,0.028652530753786,0.41210046530745004,0.056901173294580006,0.028248642540794,100,0.031751027223938,0.40680407310301303,0.059741357208716005,0.027990329984777,-0.0030984964701520003,0.027990329984777,100,0.001918438174996,0.046736396133986,0.0044189195142620005,0.0025004813392650004,100,0.0019481381444080002,0.046736396133986,0.004027344814553,0.0020792066701450004,-2.9699969411844423e-05,0.0020792066701450004,100,0.014445159206816001,0.484260177239455,0.024317715523199,0.009872556316383,100,0.010738804303039001,0.30568512466533304,0.022172088830137,0.011433284527097002,0.0037063549037760005,0.011433284527097002,100,0.001589152086599,0.06896437999877801,0.0022017907403880004,0.0006126386537880001,100,0.0019791136992580003,0.09519073549177001,0.002627341593678,0.000648227894419,-0.000389961612659,0.000648227894419,0.16,0.1,0,0.12,0.12,0,-0.007035506055044,0.11,-0.030000000000000002,0,0.37493974656136103,0.649297423887587,0.19110326441302902,2.1330999999999998,253.2,,,,,,1.52975,1.315,-0.053356535776766,0.24276923076923052,0.6542375571011836,-0.033631977129260526,-0.09330799862941287,0.16792754110472707,-0.20858091668261247,0.12926564654363748,e5
e5_norm_baseline__mem_da27b9243b_s1,e5_norm_baseline__mem,1,meta-llama/Llama-3.1-8B-Instruct,100,30,prompt,2026-08-03 00:02:04,0.5,0.5,0.5,0.5,0.5,0.15,independent,barabasi_albert,meta-llama/Llama-3.1-8B-Instruct,1.6536,1.44,0.6989741319603161,4.765135386397235,,-0.004988488104374,-0.352697095435684,1.090399999999999,1.1,0.576989451166923,4.933586068288734,,0.010773956281593,-0.316239316239316,0.17632850241545803,,100,0.093404773155386,1.032773745704797,0.09344794535122601,4.317219583833947e-05,100,0.09334709152117801,1.032152541897267,0.09339103972802301,4.394820684545165e-05,5.76816342087172e-05,4.394820684534839e-05,100,2.038622679186903,125.1129584650034,2.914642840851032,0.8760201616641261,100,2.5292611615040093,126.77598648871773,3.261297942924874,0.732036781420865,-0.49063848231710505,0.732036781420864,100,0.039637895288663,0.42798964192076205,0.066310659514006,0.026672764225342004,100,0.033004528813959,0.41210046530745004,0.061650754063301005,0.028646225249342003,0.006633366474704001,0.028646225249342003,100,0.001296998138211,0.040116509996028005,0.0033830020123820003,0.0020860038741710002,100,0.0016511344490590001,0.046736396133986,0.0037319404210930003,0.002080805972034,-0.000354136310848,0.002080805972034,100,0.015713924004789,0.484260177239455,0.024931649997268,0.009217725992479001,100,0.016333131158242,0.484260177239455,0.029541601817337,0.013208470659094002,-0.000619207153452,0.013208470659094002,100,0.0017521844054310001,0.06896437999877801,0.002371318713499,0.0006191343080680001,100,0.001567233499729,0.06896437999877801,0.002090880278237,0.000523646778508,0.00018495090570200002,0.000523646778508,0.18,0.15,0,0.13,0.12,0,-0.080789304461131,0.135,-0.019999999999999,0,0.37352433783583705,0.585415089578602,0.165229849178018,1.6275,193.1,,,,,,1.3719999999999994,1.27,0.0028927340886095,0.33446820583750003,0.6379817915636196,-0.027348858488622303,-0.061616437953526414,0.12942331304778143,0.07903888992516915,0.3537767211296636,e5
e5_norm_baseline__mem_da27b9243b_s2,e5_norm_baseline__mem,2,meta-llama/Llama-3.1-8B-Instruct,100,30,prompt,2026-08-03 00:05:17,0.5,0.5,0.5,0.5,0.5,0.15,independent,barabasi_albert,meta-llama/Llama-3.1-8B-Instruct,1.3676,1.34,0.670362545056695,5.517229146572587,,-0.085565961443142,-0.35740072202166,1.1939,1.17,0.5760171444602761,4.781923623730199,,-0.048658875850012,-0.27346938775510204,0.197478991596638,,100,0.093213109558581,1.030142764872908,0.093264738236356,5.1628677775762165e-05,100,0.09288384331678601,1.03218908329771,0.09294973773357801,6.589441679374195e-05,0.000329266241795,6.589441679184793e-05,100,2.111517211835424,118.69644200683894,3.071205852461993,0.9596886406265711,100,1.732775386876884,102.51656519278494,2.699886431130862,0.9671110442539781,0.37874182495853903,0.9671110442539771,100,0.023294981155939,0.40680407310301303,0.058557864724933004,0.035262883568993,100,0.032767175951489,0.42269324971632505,0.06298335596726601,0.030216180015777003,-0.009472194795549001,0.030216180015777003,100,0.0016338285844160001,0.040116509996028005,0.004270946262072001,0.0026371176776550003,100,0.001959356222701,0.05335628227194401,0.004305399513943001,0.002346043291241,-0.000325527638284,0.002346043291241,100,0.011318500660272,0.33583415951550905,0.023359149600013,0.012040648939741001,100,0.013034209657821,0.484260177239455,0.02238930342618,0.009355093768359002,-0.001715708997549,0.009355093768359002,100,0.001572642328486,0.06896437999877801,0.0020852396292320003,0.000512597300745,100,0.0017379196264610001,0.09519073549177001,0.002261053098231,0.000523133471769,-0.000165277297975,0.000523133471769,0.18,0.13,0,0.09,0.11,0,0.061232063745162005,0.12,-0.015000000000000001,0,0.351753809924896,0.6174771304766491,0.22225955739576403,1.2944,192.9,,,,,,1.2807499999999998,1.255,-0.06711241864657701,0.31543505488838103,0.6231898447584856,0.022023412475445148,-0.13841241396454845,0.16826956486965297,-0.45381991700294133,0.3955499169124719,e5
e5_norm_baseline__mem_da27b9243b_s3,e5_norm_baseline__mem,3,meta-llama/Llama-3.1-8B-Instruct,100,30,prompt,2026-08-03 00:08:38,0.5,0.5,0.5,0.5,0.5,0.15,independent,barabasi_albert,meta-llama/Llama-3.1-8B-Instruct,1.5058999999999991,1.5899999999999999,0.778786462789215,5.130438597479794,,-0.100377041027584,-0.551401869158878,1.341899999999999,1.09,0.6617784830291501,5.729426272440771,,0.009644096786102,-0.07526881720430101,0.18095238095238,,100,0.093262514765599,1.031726225558767,0.09331169884749901,4.9184081899760745e-05,100,0.09298095602242601,1.03045945701008,0.093043605387799,6.264936537214198e-05,0.00028155874317300003,6.264936537259125e-05,100,1.8869617819493851,44.376412555388725,2.598506676991785,0.711544895042397,100,2.373569246232972,121.40648475715008,3.064377708327194,0.6908084620942221,-0.48660746428358603,0.6908084620942221,100,0.035093612791954006,0.41739685751188704,0.06058316124603601,0.025489548454081003,100,0.043838297837760005,0.42798964192076205,0.065622627525126,0.021784329687365003,-0.008744685045805,0.021784329687365003,100,0.001550021775655,0.046736396133986,0.0037372567234760005,0.00218723494782,100,0.001478327878508,0.046736396133986,0.003542414227121,0.002064086348612,7.169389714719622e-05,0.002064086348612,100,0.013399963136257001,0.484260177239455,0.022794798405331003,0.009394835269073,100,0.013555418640625,0.484260177239455,0.024745315159784002,0.011189896519159,-0.000155455504368,0.011189896519159,100,0.0016470321262370001,0.06896437999877801,0.002279090130273,0.0006320580040360001,100,0.0021599768508690003,0.09519073549177001,0.0028388966165430003,0.0006789197656740001,-0.000512944724632,0.0006789197656740001,0.09,0.05,0,0.09,0.09,0,-0.08261121615301201,0.07,-0.019999999999999,0,0.32325616977174104,0.6088621444201311,0.29325783109788,1.7996,200.5,,,,,,1.423899999999999,1.3399999999999999,-0.045366472120741005,0.3133353431815895,0.7202824729091826,-0.09410168562689407,-0.165241300118923,0.12109805729673405,-0.10659977228316184,-0.397381049344416,e5
e5_norm_baseline__feed_9a4d37f63b_s1,e5_norm_baseline__feed,1,meta-llama/Llama-3.1-8B-Instruct,100,30,prompt,2026-08-03 00:12:19,0.5,0.5,0.5,0.5,0.5,0.15,independent,barabasi_albert,meta-llama/Llama-3.1-8B-Instruct,1.2691,1.37,0.64499984086369,4.644803343154681,,-0.033155650583044004,-0.448275862068965,1.19,1.02,0.5640004481892591,4.000076524674433,,-0.08311652238322201,0.005347593582887,0.16576086956521702,,100,0.092901438981557,1.03201855676231,0.09295600915151801,5.4570169960263705e-05,100,0.09326040932007801,1.031969834895053,0.093295719246533,3.5309926455348646e-05,-0.00035897033852,3.530992645520148e-05,100,1.8641955556576,104.32510816857427,2.934582303951005,1.070386748293399,100,2.000651596980432,116.79781834643175,2.887154862499684,0.8865032655192521,-0.136456041322831,0.8865032655192521,100,0.044745064704131005,0.438582426329637,0.06975100303432101,0.025005938330189003,100,0.033294278757407,0.41739685751188704,0.06383672901029501,0.030542450252887002,0.011450785946723,0.030542450252887002,100,0.0023249468146380003,0.05335628227194401,0.004732246969728,0.00240730015509,100,0.002104855229828,0.059976168409903004,0.004084425595115001,0.001979570365286,0.000220091584809,0.001979570365286,100,0.013929029017204001,0.484260177239455,0.028743781804157,0.014814752786952,100,0.013605930312441,0.484260177239455,0.027057766295617004,0.013451835983175,0.00032309870476300004,0.013451835983175,100,0.0017309874636660001,0.09519073549177001,0.002275320395891,0.000544332932224,100,0.0019659308462470003,0.09519073549177001,0.0026207518927550003,0.0006548210465070001,-0.00023494338258,0.0006548210465070001,0.2,0.17,0,0.06,0.1,0,-0.020842663134606,0.135,0.005,0,0.32835334300438,0.39296794208893404,0.489174033246409,1.7530999999999999,220.9,,,,,,1.22955,1.195,-0.05813608648313301,0.221464134243039,0.6045001445264746,-0.09734297443457836,-0.21059357957904687,0.15552787551559374,-0.612586621714521,0.12133312888635556,e5
e5_norm_baseline__feed_9a4d37f63b_s2,e5_norm_baseline__feed,2,meta-llama/Llama-3.1-8B-Instruct,100,30,prompt,2026-08-03 00:16:11,0.5,0.5,0.5,0.5,0.5,0.15,independent,barabasi_albert,meta-llama/Llama-3.1-8B-Instruct,1.6539000000000001,1.37,0.6847221068834941,5.552625326127313,,-0.008289295723587001,-0.292418772563176,0.98,1.28,0.5797694800309251,4.894278602037039,,0.005572121977232,-0.45238095238095205,0.18061674008810502,,100,0.09285320339769,1.031945473961424,0.092913532563881,6.032916618983536e-05,100,0.09349168046559701,1.032091639563196,0.09353534597728701,4.366551168755814e-05,-0.0006384770679060001,4.366551168966116e-05,100,1.653463037659006,109.1756065710744,2.672681363225357,1.019218325566354,100,2.659758364974662,126.15027219479522,3.33236827647954,0.672609911504878,-1.006295327315655,0.672609911504877,100,0.028752599495377004,0.40680407310301303,0.06330817920933,0.034555579713953004,100,0.029371443992075003,0.40680407310301303,0.059622493869773,0.030251049877697004,-0.000618844496698,0.030251049877697004,100,0.0023000243919090004,0.05335628227194401,0.004654804733864,0.002354780341954,100,0.0010785197874980002,0.040116509996028005,0.0030768607356110003,0.0019983409481130004,0.0012215046044100001,0.0019983409481130004,100,0.013619369186742001,0.484260177239455,0.026944472238526,0.013325103051784,100,0.012812810914302001,0.34511078562325603,0.020828472685629002,0.008015661771327,0.0008065582724400001,0.008015661771327,100,0.0018011763914170002,0.09519073549177001,0.002296572395587,0.00049539600417,100,0.0019474747865170002,0.09519073549177001,0.002624787082594,0.0006773122960770001,-0.000146298395099,0.0006773122960770001,0.15,0.13,0,0.13,0.1,0,-0.167611814066418,0.115,-0.025,0,0.382059412395911,0.424322379467498,0.423912859026888,1.345899999999999,232.3,,,,,,1.31695,1.3250000000000002,-0.0013585868731775005,0.372399862472064,0.6322457934572097,-0.00910190564423737,-0.10590003802626996,0.11893265698496326,0.14691013757662452,0.25145669820644495,e5
e5_norm_baseline__feed_9a4d37f63b_s3,e5_norm_baseline__feed,3,meta-llama/Llama-3.1-8B-Instruct,100,30,prompt,2026-08-03 00:20:08,0.5,0.5,0.5,0.5,0.5,0.15,independent,barabasi_albert,meta-llama/Llama-3.1-8B-Instruct,1.3579,1.49,0.71445687555016,5.156659996144445,,-0.052423546806513004,-0.36363636363636304,1.2256,1.0,0.557581367705658,4.47057231320223,,-0.059693548838903,0.020746887966804,0.270983213429256,,100,0.09332388171276601,1.032055098162753,0.093375761432612,5.1879719847017534e-05,100,0.09332705260470801,1.031665323224695,0.09337170329137601,4.4650686666769385e-05,-3.170891942252951e-06,4.465068666767435e-05,100,2.170490146180094,115.41196166000314,2.934823017101903,0.764332870921807,100,2.136856360148019,126.49881515143201,3.107339478557224,0.9704831184092011,0.033633786032074,0.9704831184092041,100,0.031161600340446002,0.42269324971632505,0.06363591925834701,0.0324743189179,100,0.041770011123996004,0.438582426329637,0.06851916237245201,0.026749151248455002,-0.010608410783549,0.026749151248456,100,0.001686530818172,0.043426453065007004,0.0038712466999550003,0.002184715881782,100,0.001155740748137,0.046736396133986,0.0030526965511830004,0.0018969558030460002,0.000530790070035,0.0018969558030460002,100,0.008343309118403001,0.18276982873769101,0.022692427517131002,0.014349118398727,100,0.012352661194698002,0.484260177239455,0.025655143209972003,0.013302482015274002,-0.0040093520762940005,0.013302482015274002,100,0.0019042390819400002,0.09519073549177001,0.0025572008376,0.0006529617556590001,100,0.0017619170788990002,0.09519073549177001,0.002443983293321,0.0006820662144210001,0.000142322003041,0.0006820662144210001,0.11,0.11,0,0.07,0.09,0,0.003280994058894,0.1,0.01,0,0.327610074534955,0.543518275046016,0.386119836002559,2.05,237.0,,,,,,1.29175,1.245,-0.056058547822708,0.1714447378347795,0.636019121627909,0.08703755607223329,-0.18220914051341,0.16885973739617732,-0.5357381308771929,0.44853914635569725,e5
e5_norm_baseline__temp_0bee6ecb86_s1,e5_norm_baseline__temp,1,meta-llama/Llama-3.1-8B-Instruct,100,30,prompt,2026-08-03 00:23:20,0.5,0.5,0.5,0.5,0.5,0.15,independent,barabasi_albert,meta-llama/Llama-3.1-8B-Instruct,1.4675,1.55,0.7510825517032551,5.441558968783034,,-0.099110429747385,-0.39607843137254906,1.0656,1.22,0.580356961050513,4.81990820986408,,-0.10731071058985801,-0.330434782608695,0.17985611510791302,,100,0.093898095509287,1.033139159709225,0.093944383913954,4.628840466905264e-05,100,0.09357132007237001,1.032164722364082,0.093605364252972,3.404418060165412e-05,0.00032677543691600003,3.404418060212744e-05,100,2.108620892826049,118.46084637014607,2.944109180765675,0.835488287939623,100,1.886605425335615,115.8651367964653,2.9924522316906312,1.105846806355011,0.22201546749043402,1.105846806355015,100,0.034836208711134,0.41739685751188704,0.062005064143585004,0.027168855432451,100,0.038285926863035,0.41739685751188704,0.063813806168126,0.02552787930509,-0.0034497181519000004,0.02552787930509,100,0.0014479684875000002,0.046736396133986,0.0032975151231520003,0.001849546635652,100,0.0014235934674480001,0.046736396133986,0.003252418949981,0.001828825482532,2.4375020051753104e-05,0.001828825482532,100,0.013015690479996001,0.331195846461636,0.021591864214025,0.008576173734028001,100,0.012414499836278,0.484260177239455,0.025926263369975003,0.013511763533696002,0.0006011906437180001,0.013511763533696002,100,0.0018399719674990001,0.09519073549177001,0.0024369916808360003,0.000597019713336,100,0.0020069920736710003,0.09519073549177001,0.002623777837288,0.000616785763617,-0.000167020106171,0.000616785763617,0.19,0.11,0,0.14,0.1,0,0.036558511722174,0.10500000000000001,-0.06,0,0.375164464724201,0.653875671527244,0.16717006958396002,1.5818999999999992,192.4,,,,,,1.26655,1.385,-0.10321057016862151,0.363256606990622,0.6657197563768841,0.03653995736211605,-0.14818046399974086,0.19122768410342464,-0.43576963253270967,0.3215706659334053,e5
e5_norm_baseline__temp_0bee6ecb86_s2,e5_norm_baseline__temp,2,meta-llama/Llama-3.1-8B-Instruct,100,30,prompt,2026-08-03 00:26:37,0.5,0.5,0.5,0.5,0.5,0.15,independent,barabasi_albert,meta-llama/Llama-3.1-8B-Instruct,1.399999999999999,1.34,0.661828022832469,5.515839117833068,,-0.015596413368354002,-0.36842105263157804,1.069999999999999,1.16,0.6085122175598641,6.025490242570855,,0.004430018860476,-0.291512915129151,0.16465863453815202,,100,0.09285764496267701,1.030581261678223,0.09291962080892001,6.197584624536282e-05,100,0.09333010412197301,1.032116000496824,0.09338366514905301,5.3561027080625426e-05,-0.00047245915929600005,5.356102707997079e-05,100,2.264267695388499,116.79781834643175,2.975873417614188,0.7116057222256831,100,2.081355962139234,118.5301392044675,2.900485074082684,0.8191291119434551,0.18291173324926502,0.8191291119434501,100,0.036531923693792004,0.42798964192076205,0.065292405607604,0.028760481913811003,100,0.027606506525618003,0.37502571987638805,0.06299255334275701,0.035386046817139,0.008925417168174,0.035386046817139,100,0.0016785982682520002,0.046736396133986,0.003892100030019,0.002213501761766,100,0.001505800592344,0.046736396133986,0.003978427800787001,0.002472627208442,0.00017279767590700003,0.002472627208442,100,0.010640805055803,0.484260177239455,0.025449572308456,0.014808767252653001,100,0.013859376254812001,0.484260177239455,0.024542044526279002,0.010682668271467001,-0.003218571199008,0.010682668271467001,100,0.0019993499564230004,0.108303913238266,0.0025968658004410002,0.000597515844017,100,0.0017651533971940001,0.06896437999877801,0.0024160224394080003,0.000650869042213,0.00023419655922800003,0.000650869042213,0.11,0.13,0,0.11,0.14,0,0.031425519049045,0.135,0.025,0,0.36966943966875404,0.6998732572877061,0.102233580175749,1.2259,196.2,,,,,,1.234999999999999,1.25,-0.005583197253939001,0.3299669838803645,0.6351701201961666,0.04752063625619172,-0.032867819517133356,0.14472914738496612,-0.0847413167809151,0.6024109680621231,e5
e5_norm_baseline__temp_0bee6ecb86_s3,e5_norm_baseline__temp,3,meta-llama/Llama-3.1-8B-Instruct,100,30,prompt,2026-08-03 00:29:50,0.5,0.5,0.5,0.5,0.5,0.15,independent,barabasi_albert,meta-llama/Llama-3.1-8B-Instruct,1.399999999999999,1.6,0.7738987690566841,5.965354391535101,,-0.12936610608020602,-0.5422535211267601,1.219999999999999,1.0,0.516087774890383,3.843123062925832,,-0.10248980165986701,-0.025380710659898,0.169329073482428,,100,0.093217418398693,1.032006376295496,0.09326740485979601,4.998646110339751e-05,100,0.093101741378454,1.032030737229124,0.09314997594160701,4.823456315322854e-05,0.00011567702023900001,4.823456315287966e-05,100,2.14801800803977,115.8651367964653,2.927544424246544,0.7795264162067741,100,2.247244696762721,123.16790860560084,2.9884585589402772,0.741213862177555,-0.09922668872295001,0.741213862177555,100,0.036881035187557004,0.42798964192076205,0.067871902679426,0.030990867491868003,100,0.024292786029054003,0.35913654326307604,0.056923009733039,0.032630223703985,0.012588249158503002,0.032630223703985,100,0.001413879367774,0.046736396133986,0.003383042233887,0.0019691628661120003,100,0.0013953508668860001,0.040116509996028005,0.0034618252003290003,0.002066474333443,1.8528500887714843e-05,0.002066474333443,100,0.012908010884050001,0.484260177239455,0.025913973806203004,0.013005962922152002,100,0.011844982997512,0.484260177239455,0.024424210710177002,0.012579227712664,0.001063027886537,0.012579227712664,100,0.001545208143682,0.055851202252282,0.002190545159998,0.000645337016316,100,0.0017465179253670002,0.09519073549177001,0.002355165872667,0.0006086479473000001,-0.00020130978168400002,0.0006086479473000001,0.07,0.14,0,0.08,0.09,0,-0.014273752656411001,0.115,0.039999999999999,0,0.340537877746661,0.715617715617715,0.09989374412734,1.9364000000000001,193.4,,,,,,1.3099999999999992,1.3,-0.11592795387003652,0.28381711589332903,0.6449932719735336,0.0489185630464856,-0.1341148027530292,0.13152444507301672,-0.7051810217925665,0.4441369825967104,e5
e5_openness_high__ws_ae3fcaa678_s1,e5_openness_high__ws,1,meta-llama/Llama-3.1-8B-Instruct,100,30,prompt,2026-08-03 00:33:11,0.8,0.5,0.5,0.5,0.5,0.15,independent,watts_strogatz,meta-llama/Llama-3.1-8B-Instruct,0.717599999999999,1.82,0.8604165329887681,7.9144360425958595,,0.026344120068392003,-0.8050541516245481,1.5258999999999991,1.09,0.533219523896591,3.857670219080281,,-0.000903289722894,0.029411764705882002,0.046808510638297,,100,0.091398660903688,1.027158550503404,0.09149670651618301,9.804561249641151e-05,100,0.092256872194464,1.031080660817609,0.092330274698405,7.340250393900741e-05,-0.0008582112907760001,7.340250394016756e-05,100,2.065733860923543,121.23255974300329,2.9012369949406662,0.8355031340171221,100,1.9293945178175091,116.72852551211032,2.748057632633616,0.8186631148161031,0.13633934310603402,0.8186631148161071,100,0.026550096850590003,0.40680407310301303,0.058133405052809006,0.031583308202218004,100,0.019226780867642002,0.327358190036452,0.052369567827109005,0.033142786959467,0.007323315982948,0.033142786959467,100,0.0023039614001270003,0.05335628227194401,0.0047675239558580005,0.002463562555731,100,0.003051258041638,0.059976168409903004,0.00570903495647,0.002657776914831,-0.0007472966415110001,0.002657776914831,100,0.01516144651547,0.484260177239455,0.024496106892083,0.009334660376613001,100,0.017817030049176,0.484260177239455,0.024985004066902003,0.007167974017725001,-0.0026555835337060004,0.007167974017725001,100,0.001595262815009,0.09519073549177001,0.0020721793878040002,0.00047691657279400003,100,0.0016086358576050002,0.06896437999877801,0.00225525924099,0.000646623383384,-1.3373042596189062e-05,0.000646623383384,0.12,0.15,0,0.09,0.08,0,0.023231365763398,0.114999999999999,0.009999999999999001,0,0.305889471807746,0.417407483977672,0.43808504078953003,1.817899999999999,200.7,,,,,,1.1217499999999991,1.455,0.012720415172749001,0.387821193459333,0.6968180284426795,-0.17669387200985456,-0.08165832614186341,0.14372527976590818,0.3509778125699169,-0.3050997803870241,e5
e5_openness_high__ws_ae3fcaa678_s2,e5_openness_high__ws,2,meta-llama/Llama-3.1-8B-Instruct,100,30,prompt,2026-08-03 00:36:32,0.8,0.5,0.5,0.5,0.5,0.15,independent,watts_strogatz,meta-llama/Llama-3.1-8B-Instruct,0.743599999999999,1.7000000000000002,0.7988667801066761,5.816968956929753,,-0.063627304992331,-0.776923076923076,1.3899,1.15,0.6265276421482721,4.809678373857022,,-0.025425797872877003,-0.24390243902439002,0.080428954423592,,100,0.093044293144558,1.029070883793249,0.09309043662157301,4.614347701538718e-05,100,0.09251202735698301,1.025989225689232,0.09258523261631,7.320525932639566e-05,0.0005322657875750001,7.320525932642818e-05,100,1.686192407511239,108.48267822786009,2.571018946950238,0.884826539438999,100,1.65872931346395,116.79781834643175,2.705105314202846,1.046376000738897,0.027463094047288004,1.046376000738895,100,0.030667974083528,0.396211288694138,0.05801023354477101,0.027342259461242004,100,0.027406875621173003,0.332654582240889,0.062429400221963006,0.035022524600789,0.003261098462354,0.035022524600789,100,0.002141215337275,0.050046339202965,0.004071667697813,0.0019304523605370002,100,0.0014739724745330002,0.046736396133986,0.003291940838074,0.0018179683635410001,0.0006672428627420001,0.0018179683635410001,100,0.019292804166079,0.484260177239455,0.025342105878038004,0.006049301711958,100,0.018507971504852002,0.484260177239455,0.027452426713393003,0.008944455208541001,0.0007848326612270001,0.008944455208541001,100,0.0018834484327860002,0.09519073549177001,0.002493142436799,0.000609694004013,100,0.001588414329552,0.06896437999877801,0.002110572359063,0.00052215802951,0.000295034103233,0.00052215802951,0.1,0.1,0,0.04,0.09,0,0.0055005946540700006,0.095,0.024999999999999002,0,0.270422186481244,0.45364166846768905,0.419205991920837,2.3876,201.8,,,,,,1.0667499999999994,1.425,-0.044526551432604006,0.510412757973733,0.7126972111274741,0.1602195228389798,-0.02053451028997553,0.18212605203343404,0.03366835012757599,0.6508401876310119,e5
e5_openness_high__ws_ae3fcaa678_s3,e5_openness_high__ws,3,meta-llama/Llama-3.1-8B-Instruct,100,30,prompt,2026-08-03 00:39:59,0.8,0.5,0.5,0.5,0.5,0.15,independent,watts_strogatz,meta-llama/Llama-3.1-8B-Instruct,0.7211000000000001,1.81,0.8782821196505161,7.206044579273104,,-0.08408678594079501,-0.7246376811594201,0.9356000000000001,1.04,0.6536605489878811,5.418499503471317,,-0.069161568909679,-0.37959183673469304,0.125907990314769,,100,0.094279474928684,1.03253013636851,0.094301486290079,2.2011361394373943e-05,100,0.09295897478322401,1.0276579496427911,0.09301127091502201,5.229613179688658e-05,0.00132050014546,5.2296131797482936e-05,100,1.6887942222845531,114.02610497357453,2.639151064601645,0.9503568423170871,100,2.31859927482745,123.21017723453691,3.1109335747307982,0.792334299903347,-0.6298050525428971,0.792334299903347,100,0.031785992328818,0.42269324971632505,0.062772651968361,0.030986659639543,100,0.03630448794951,0.41739685751188704,0.07018499019415,0.03388050224464,-0.004518495620691,0.03388050224464,100,0.0026263407906180003,0.06659605454786101,0.0051265795448410005,0.002500238754222,100,0.002156575631694,0.050046339202965,0.004684717421255,0.00252814178956,0.000469765158924,0.00252814178956,100,0.016304457659976002,0.484260177239455,0.026450019566534002,0.010145561906557,100,0.017589035084666003,0.484260177239455,0.027086802910100002,0.009497767825434001,-0.0012845774246890002,0.009497767825434001,100,0.0017853806747000001,0.09519073549177001,0.0023158942957970004,0.000530513621097,100,0.0015586832927150002,0.06896437999877801,0.0020637645268880003,0.000505081234173,0.00022669738198500002,0.000505081234173,0.14,0.15,0,0.16,0.12,0,-0.105598527150318,0.135,-0.015000000000000001,0,0.29340361351919503,0.439456075976688,0.404686531206677,1.9291,206.5,,,,,,0.8283500000000001,1.425,-0.076624177425237,0.5521147589470565,0.7659713343191985,-0.08877631625825262,-0.0644204447015526,0.13979968152149183,-0.25670035096036337,0.14978216025298008,e5
e5_openness_high__er_ba04ff935b_s1,e5_openness_high__er,1,meta-llama/Llama-3.1-8B-Instruct,100,30,prompt,2026-08-03 00:43:19,0.8,0.5,0.5,0.5,0.5,0.15,independent,erdos_renyi,meta-llama/Llama-3.1-8B-Instruct,0.8903999999999991,1.8399999999999999,0.8892492895309081,7.539286494147891,,-0.05698947160407,-0.6438356164383561,1.5139,1.15,0.628853379853595,5.174671903567523,,0.11707486538127401,-0.107692307692307,0.132867132867132,,100,0.092551841788511,1.02680531696579,0.09262737034212001,7.55285536103914e-05,100,0.09324470769470901,1.032457053567625,0.093301045357535,5.633766282627237e-05,-0.0006928659061980001,5.6337662826103085e-05,100,1.89315201461416,116.79781834643175,2.846233398557461,0.9530813839433001,100,1.8566189968587152,115.41196166000314,2.78910016065972,0.9324811638010041,0.036533017755445006,0.9324811638010041,100,0.032690516691485004,0.36972932767195105,0.059972928045169,0.027282411353684,100,0.029096039550773,0.332654582240889,0.056674182487105006,0.027578142936331002,0.003594477140711,0.027578142936331002,100,0.0026719489167550004,0.059976168409903004,0.005111870110451,0.002439921193696,100,0.002903645267732,0.06659605454786101,0.005251975237404,0.0023483299696720004,-0.00023169635097700003,0.0023483299696720004,100,0.017524353281191,0.484260177239455,0.02505746677336,0.007533113492169001,100,0.012992177702528002,0.484260177239455,0.025634470054932003,0.012642292352404001,0.0045321755786620005,0.012642292352404001,100,0.001645319334544,0.06896437999877801,0.002267730247603,0.000622410913059,100,0.0020445677302100003,0.108303913238266,0.002661955552046,0.000617387821836,-0.000399248395666,0.000617387821836,0.07,0.09,0,0.11,0.06,0,0.007222643303662001,0.075,-0.015,0,0.29951172974148904,0.47084664536741205,0.35348915794352204,2.4275,200.0,,,,,,1.2021499999999996,1.4949999999999999,0.030042696888602005,0.3757639620653315,0.7590513346922516,-0.23256263118883513,-0.2869601022460894,0.1626206090906789,0.5551988997535866,-0.8164671749666159,e5
e5_openness_high__er_ba04ff935b_s2,e5_openness_high__er,2,meta-llama/Llama-3.1-8B-Instruct,100,30,prompt,2026-08-03 00:46:42,0.8,0.5,0.5,0.5,0.5,0.15,independent,erdos_renyi,meta-llama/Llama-3.1-8B-Instruct,1.2496,1.78,0.871900780532277,6.529375256377762,,-0.014126181158728001,-0.57090909090909,1.3296000000000001,1.18,0.7132747119535231,5.892287923587894,,-0.048472876462543,-0.20962199312714702,0.14386792452830102,,100,0.075145288505935,1.029192688461393,0.165652374515007,0.09050708600907101,100,0.09280265219141601,1.032164722364082,0.092856925956421,5.4273765004344845e-05,-0.01765736368548,5.427376500546922e-05,100,2.102179360827142,125.70471927010841,2.867672602138252,0.7654932413111121,100,1.8970310282221292,116.79781834643175,2.88602718213342,0.988996153911287,0.20514833260501203,0.988996153911291,100,0.033365679306063004,0.41739685751188704,0.061251058102424004,0.027885378796361004,100,0.028508937434057004,0.41739685751188704,0.063557781787312,0.035048844353255004,0.004856741872006001,0.035048844353255004,100,0.0016697531279510002,0.046736396133986,0.0037520664508080004,0.0020823133228560003,100,0.0024196691388010004,0.05335628227194401,0.00460780526055,0.002188136121749,-0.0007499160108490001,0.002188136121749,100,0.015617230561246,0.484260177239455,0.027580730367466003,0.011963499806220001,100,0.018259968256984,0.484260177239455,0.027688378553051,0.009428410296066001,-0.002642737695737,0.009428410296066001,100,0.002027309551408,0.09519073549177001,0.002682194522603,0.000654884971194,100,0.0019494603397250002,0.108303913238266,0.0025521124693050003,0.000602652129579,7.784921168296116e-05,0.000602652129579,0.09,0.1,0,0.09,0.12,0,0.031505484382772,0.11,0.02,0,0.311820152624363,0.46441947565543,0.398703587131003,2.2011,202.5,,,,,,1.2896,1.48,-0.0312995288106355,0.3902655420181185,0.7925877462429001,-0.1308416295597699,-0.2402550181495977,0.17271974509615673,0.2067658460216295,-0.1935580723689306,e5
e5_openness_high__er_ba04ff935b_s3,e5_openness_high__er,3,meta-llama/Llama-3.1-8B-Instruct,100,30,prompt,2026-08-03 00:50:06,0.8,0.5,0.5,0.5,0.5,0.15,independent,erdos_renyi,meta-llama/Llama-3.1-8B-Instruct,1.0419,1.85,0.9001463081250811,7.78742472631887,,-0.040419399496176005,-0.704918032786885,1.2418999999999991,1.17,0.684312883380218,5.452129335013457,,-0.010576346373646002,-0.38144329896907203,0.115566037735849,,100,0.09377829072176401,1.029972238337508,0.093804441619226,2.6150897461619786e-05,100,0.094139864672308,1.032688482437096,0.094165944604404,2.6079932093305004e-05,-0.000361573950544,2.6079932095079975e-05,100,2.15343103047202,116.79781834643175,2.908446782372841,0.755015751900817,100,1.8139218687539111,116.79781834643175,2.767999743048033,0.954077874294121,0.339509161718109,0.954077874294122,100,0.033496883622503006,0.42798964192076205,0.064639919170189,0.031143035547686004,100,0.025075495050451,0.396211288694138,0.059396411027553005,0.034320915977102004,0.008421388572051,0.034320915977102004,100,0.0017285149989850002,0.046736396133986,0.0038283169877750003,0.00209980198879,100,0.001855562669409,0.046736396133986,0.0039748932691040005,0.0021193305996950003,-0.000127047670423,0.0021193305996950003,100,0.017830860799852,0.484260177239455,0.027864956566069,0.010034095766216,100,0.016542851865196002,0.484260177239455,0.027583183724898003,0.011040331859701,0.001288008934655,0.011040331859701,100,0.002137883108076,0.101747324365018,0.002751996398698,0.000614113290622,100,0.0017809253985690001,0.09519073549177001,0.002320403086817,0.0005394776882470001,0.00035695770950600004,0.0005394776882470001,0.14,0.14,0,0.11,0.09,0,0.058181149218892,0.115,-0.009999999999999001,0,0.301085055237284,0.458588957055214,0.491751326452514,2.3251,204.0,,,,,,1.1418999999999997,1.51,-0.025497872934911004,0.5431806658779785,0.7922295957526495,0.025243031533519904,-0.1489796545997383,0.16702066839182658,0.36121139451045026,0.3655128651438585,e5
e5_openness_high__rho_lo_846df53005_s1,e5_openness_high__rho_lo,1,meta-llama/Llama-3.1-8B-Instruct,100,30,prompt,2026-08-03 00:52:31,0.8,0.5,0.5,0.5,0.5,0.15,independent,barabasi_albert,meta-llama/Llama-3.1-8B-Instruct,0.8200000000000001,1.74,0.856261344712772,5.991725668497245,,0.022836784558893,-0.818897637795275,1.6784,1.06,0.5326802408741921,3.9983960992223073,,0.023868839373528003,-0.017341040462427,0.09278350515463901,,100,0.09296272791908401,1.030301110941494,0.09302361559590001,6.0887676814142886e-05,100,0.09262676400733301,1.032164722364082,0.09270184621423601,7.508220690410906e-05,0.00033596391175100005,7.508220690272127e-05,100,2.329875257481771,116.79781834643175,3.042047409740212,0.7121721522584391,100,2.090822092885476,116.79781834643175,2.889559160939773,0.7987370680542981,0.23905316459629503,0.7987370680542971,100,0.033649546600735006,0.41210046530745004,0.062663698988105,0.029014152387370002,100,0.029294579555722,0.332654582240889,0.055975302122574004,0.026680722566851,0.004354967045012001,0.026680722566851,100,0.002424315229242,0.050046339202965,0.004818064583519,0.0023937493542770002,100,0.002883094924355,0.06659605454786101,0.005348003801286001,0.00246490887693,-0.000458779695113,0.00246490887693,100,0.013452453520004001,0.41468548143135503,0.023491689454968,0.010039235934963002,100,0.016160502407957,0.484260177239455,0.027580986337354,0.011420483929396002,-0.0027080488879520003,0.011420483929396002,100,0.0017535195335770001,0.09519073549177001,0.002364219529658,0.0006106999960800001,100,0.0016823542441920002,0.06896437999877801,0.0022269766652100002,0.000544622421018,7.116528938559468e-05,0.000544622421018,0.09,0.1,0,0.11,0.13,0,0.040108072043229005,0.115,0.015,0,0.295646436082252,0.50890642615558,0.43404555615295004,2.0036,145.9,,,,,,1.2492,1.4,0.0233528119662105,0.418119339128851,0.6944707927934821,-0.19997178360707535,-0.11273922287921057,0.13998714800923287,0.4296644104373416,-0.3824034411084108,e5
e5_openness_high__rho_lo_846df53005_s2,e5_openness_high__rho_lo,2,meta-llama/Llama-3.1-8B-Instruct,100,30,prompt,2026-08-03 00:54:57,0.8,0.5,0.5,0.5,0.5,0.15,independent,barabasi_albert,meta-llama/Llama-3.1-8B-Instruct,0.8684000000000001,1.72,0.8094205959078391,6.4609728797577155,,-0.051233859747614005,-0.704797047970479,1.5476,1.06,0.537696600417301,3.9523394151624642,,-0.000275323505118,-0.027932960893854,0.160493827160493,,100,0.093769344860417,1.032396151233553,0.09379996528913001,3.0620428711843696e-05,100,0.092454116099993,1.030215847673794,0.09252615964152901,7.204354153581874e-05,0.001315228760423,7.20435415355325e-05,100,2.112718368537087,116.79781834643175,2.9343635794304,0.8216452108933141,100,1.6153747323373562,114.02610497357453,2.642146001844723,1.026771269507364,0.49734363619973104,1.026771269507366,100,0.034561157230203005,0.41739685751188704,0.060199601082877,0.025638443852673002,100,0.034437122768355005,0.41210046530745004,0.056564775122574004,0.022127652354219002,0.000124034461848,0.022127652354219002,100,0.001902765432688,0.046736396133986,0.0040792038931300005,0.0021764384604420002,100,0.0012319579574520002,0.040116509996028005,0.003026756610212,0.0017947986527600001,0.000670807475235,0.0017947986527600001,100,0.018609343596556003,0.484260177239455,0.027310498831182,0.008701155234626001,100,0.012587135624980001,0.34511078562325603,0.023164736961930003,0.010577601336949,0.006022207971575,0.010577601336949,100,0.002167655643943,0.108303913238266,0.002735414086855,0.0005677584429120001,100,0.001747728696232,0.09519073549177001,0.0023254801830860003,0.0005777514868540001,0.00041992694771100005,0.0005777514868540001,0.1,0.12,0,0.12,0.12,0,0.084315973636087,0.12,0.009999999999999001,0,0.259238493486017,0.446181330951317,0.502654227875277,2.2516,145.4,,,,,,1.2080000000000002,1.3900000000000001,-0.025754591626366,0.3663650044321665,0.67355859816257,0.17650313026010964,-0.06915127729722369,0.1769868528132803,0.03128853614580288,0.9085619043533169,e5
e5_openness_high__rho_lo_846df53005_s3,e5_openness_high__rho_lo,3,meta-llama/Llama-3.1-8B-Instruct,100,30,prompt,2026-08-03 00:57:23,0.8,0.5,0.5,0.5,0.5,0.15,independent,barabasi_albert,meta-llama/Llama-3.1-8B-Instruct,0.8059000000000001,1.9100000000000001,0.9284986755037611,8.775792587172736,,-0.045928087883578,-0.697594501718213,1.150399999999999,1.16,0.707358902738729,5.763697573914355,,-0.072693324192922,-0.461847389558232,0.100401606425702,,100,0.094122298582236,1.032798106638425,0.09416008461477901,3.778603254432145e-05,100,0.093107010432896,1.030617803078666,0.09314704045127101,4.003001837369989e-05,0.001015288149339,4.003001837434017e-05,100,1.978228247302989,116.79781834643175,2.851413913303449,0.8731856660004581,100,2.271893333525036,126.49881515143201,3.034676512592284,0.762783179067248,-0.293665086222046,0.762783179067247,100,0.041893063380636,0.42269324971632505,0.063944683041691,0.022051619661055,100,0.020355131216719002,0.327358190036452,0.056651310970674,0.036296179753955,0.021537932163917,0.036296179753955,100,0.0023638578746610003,0.05335628227194401,0.004906576881740001,0.0025427190070780002,100,0.001439966866689,0.046736396133986,0.0035329122911220002,0.002092945424433,0.000923891007972,0.002092945424433,100,0.012458066407261001,0.32191922035389,0.023673158774494003,0.011215092367233,100,0.013111853103768,0.34511078562325603,0.021614103205209,0.00850225010144,-0.0006537866965060001,0.00850225010144,100,0.0018537565867760002,0.082077557745274,0.0024817781988640004,0.0006280216120880001,100,0.0017935858032940002,0.06896437999877801,0.002408996263512,0.000615410460218,6.017078348232071e-05,0.000615410460218,0.15,0.1,0,0.13,0.16,0,-0.04513026513564,0.13,-0.01,0,0.26163741235703303,0.438245315161839,0.453380008590947,1.8464,145.8,,,,,,0.9781499999999995,1.5350000000000001,-0.059310706038250005,0.5797209456382225,0.817928789121245,0.03163404693952967,-0.008932099708132983,0.1350549991376113,0.13505709407661462,0.5089240727066275,e5
e5_openness_high__rho_hi_e496e85dd0_s1,e5_openness_high__rho_hi,1,meta-llama/Llama-3.1-8B-Instruct,100,30,prompt,2026-08-03 01:01:55,0.8,0.5,0.5,0.5,0.5,0.15,independent,barabasi_albert,meta-llama/Llama-3.1-8B-Instruct,0.7503999999999991,1.78,0.835111470755954,7.505553499465137,,0.029749612803305004,-0.8805970149253731,1.5016,1.16,0.628140238368843,5.130677987664261,,0.019936673420144,-0.104477611940298,0.161157024793388,,100,0.093820301187787,1.032249985631782,0.093850468464148,3.0167276360606574e-05,100,0.09245344670202,1.030910134282209,0.09252724796398101,7.380126196002083e-05,0.0013668544857660002,7.380126196109006e-05,100,1.860307192080991,116.79781834643175,2.716786197835114,0.8564790057541221,100,1.791793779708241,115.41196166000314,2.672972888616415,0.8811791089081761,0.06851341237275001,0.8811791089081741,100,0.024365651139447,0.337950974445327,0.059189118683963,0.034823467544515,100,0.035769738396567004,0.41210046530745004,0.056933949141767005,0.021164210745199002,-0.011404087257120001,0.021164210745199002,100,0.0018466820625810002,0.050046339202965,0.0041222929448590006,0.002275610882277,100,0.0022484604969410004,0.05335628227194401,0.004626741389946,0.002378280893004,-0.00040177843435900004,0.002378280893004,100,0.017381869578724,0.484260177239455,0.026698529226698003,0.009316659647973001,100,0.020706146499000003,0.484260177239455,0.027592160227235003,0.006886013728234001,-0.0033242769202750004,0.006886013728235001,100,0.0017299750883120002,0.09519073549177001,0.002296965136236,0.0005669900479230001,100,0.0018927532169070002,0.108303913238266,0.002396396435157,0.000503643218249,-0.00016277812859500002,0.000503643218249,0.14,0.2,0,0.14,0.12,0,0.009097891019694,0.16,0.019999999999999,0,0.337387028137624,0.453398888413852,0.36758423140613,2.1131,272.2,,,,,,1.1259999999999994,1.47,0.024843143111724503,0.4925373134328356,0.7316258545623986,-0.07930342124799918,-0.23498213900341258,0.1520308431258037,0.5564187927760622,0.3848861692276433,e5
e5_openness_high__rho_hi_e496e85dd0_s2,e5_openness_high__rho_hi,2,meta-llama/Llama-3.1-8B-Instruct,100,30,prompt,2026-08-03 01:06:25,0.8,0.5,0.5,0.5,0.5,0.15,independent,barabasi_albert,meta-llama/Llama-3.1-8B-Instruct,1.049899999999999,1.69,0.8175055204572791,6.107786309193774,,0.009477874935350001,-0.7972350230414741,1.512399999999999,1.12,0.5500565948371441,4.247951836775902,,-0.05331060429698901,0.008771929824561,0.066787003610108,,100,0.09373770516630801,1.031982015361867,0.093772185213016,3.448004670991009e-05,100,0.09238576398015201,1.031494796689295,0.09246446098885501,7.86970087023318e-05,0.001351941186156,7.869700870295761e-05,100,1.958342476334278,116.79781834643175,2.872757020187657,0.9144145438533771,100,1.9291459469916101,115.41196166000314,2.736859859053234,0.807713912061624,0.029196529342668004,0.807713912061623,100,0.030829027993646,0.385618504285263,0.05549649395648001,0.024667465962833,100,0.031277084747985004,0.396211288694138,0.063317947646717,0.032040862898732,-0.00044805675433800006,0.032040862898732,100,0.0021911394877610004,0.05335628227194401,0.004370828566485001,0.0021796890787240003,100,0.001752814433859,0.046736396133986,0.0038314628853180002,0.002078648451458,0.000438325053901,0.002078648451458,100,0.017957703119536,0.484260177239455,0.026776111425328004,0.008818408305791,100,0.016689288687190003,0.484260177239455,0.024955768631268003,0.008266479944078,0.0012684144323460002,0.008266479944078,100,0.0016144427800350001,0.09519073549177001,0.002109253998897,0.0004948112188620001,100,0.001815090907228,0.082077557745274,0.00243788887886,0.0006227979716310001,-0.00020064812719300002,0.0006227979716310001,0.08,0.11,0,0.07,0.09,0,0.005267750855590001,0.1,0.024999999999999002,0,0.30886909064551704,0.465777777777777,0.37794514945100505,2.0704,270.3,,,,,,1.281149999999999,1.405,-0.021916364680819502,0.39423154660845655,0.6837810576472116,0.013256745089690066,-0.0848697415801003,0.14180023305603756,0.14630632228861365,0.20352031139178908,e5
e5_openness_high__rho_hi_e496e85dd0_s3,e5_openness_high__rho_hi,3,meta-llama/Llama-3.1-8B-Instruct,100,30,prompt,2026-08-03 01:10:53,0.8,0.5,0.5,0.5,0.5,0.15,independent,barabasi_albert,meta-llama/Llama-3.1-8B-Instruct,0.9731000000000001,1.87,0.916563195478682,8.202698762267536,,-0.006894317371866,-0.664335664335664,1.1016,0.8200000000000001,0.466141546326568,4.695295680435637,,-0.08957350695108501,-0.239669421487603,0.10752688172043001,,100,0.09310553894149401,1.032164722364082,0.09315805042832001,5.251148682682317e-05,100,0.093661856511164,1.0321038200300099,0.093685146969776,2.3290458611155026e-05,-0.00055631756967,2.329045861153289e-05,100,1.736952626280489,108.0662282935883,2.663271792784135,0.9263191665036451,100,2.504111618972534,123.35777097164157,3.228600349844655,0.72448873087212,-0.767158992692045,0.7244887308721201,100,0.024985577003951,0.401507680898575,0.061264352954819,0.036278775950868,100,0.031517542242424,0.332654582240889,0.056745665746455,0.025228123504030003,-0.006531965238473001,0.025228123504031003,100,0.0013820236683150001,0.046736396133986,0.0035619428929080004,0.002179919224592,100,0.002006334823837,0.046736396133986,0.004347798970913,0.0023414641470760004,-0.0006243111555210001,0.0023414641470760004,100,0.017697804174426002,0.484260177239455,0.026715200171357003,0.009017395996930001,100,0.018124198524817,0.484260177239455,0.026986911647159002,0.008862713122342,-0.00042639435039,0.008862713122341001,100,0.0018976055024000002,0.09519073549177001,0.002480070818634,0.000582465316234,100,0.0016664588903500001,0.09519073549177001,0.002248398036953,0.0005819391466030001,0.00023114661204900002,0.0005819391466030001,0.14,0.14,0,0.14,0.16,0,-0.129177805732341,0.15000000000000002,0.01,0,0.310341911146057,0.44690999585234303,0.423382979925678,2.187499999999999,267.8,,,,,,1.03735,1.3450000000000002,-0.0482339121614755,0.45200254291163355,0.691352370902625,-0.10865049122449343,-0.1617692755636475,0.12692104354179704,-0.18987941804012942,0.20596924735119176,e5
e5_openness_high__mem_37d411a96d_s1,e5_openness_high__mem,1,meta-llama/Llama-3.1-8B-Instruct,100,30,prompt,2026-08-03 01:14:13,0.8,0.5,0.5,0.5,0.5,0.15,independent,barabasi_albert,meta-llama/Llama-3.1-8B-Instruct,0.8956000000000001,1.82,0.866873397462927,8.837157439417862,,0.049934485745751,-0.8444444444444441,1.4171,1.13,0.683620872209727,5.394017938620317,,-0.09113404268125401,-0.07142857142857101,0.09388646288209601,,100,0.09310871031864701,1.030471637476894,0.09315045394311901,4.1743624471896716e-05,100,0.093909042272417,1.032591038702582,0.09394479311426,3.5750841845145916e-05,-0.000800331953769,3.5750841843706915e-05,100,1.926895938806474,115.8651367964653,2.870968383952767,0.9440724451462971,100,2.321935849534392,127.05315782600346,3.279905528721973,0.957969679187577,-0.39503991072791705,0.957969679187581,100,0.023747303578599003,0.332654582240889,0.054783711350958005,0.031036407772358002,100,0.025296158536248003,0.332654582240889,0.054002947133996004,0.028706788597747,-0.001548854957648,0.028706788597748,100,0.001915022305994,0.05335628227194401,0.004076512862441001,0.0021614905564470003,100,0.002005814114546,0.046736396133986,0.004400274057983,0.0023944599434370002,-9.079180855197626e-05,0.0023944599434370002,100,0.014694983507173002,0.484260177239455,0.022613273500895002,0.007918289993721,100,0.016814148556281,0.484260177239455,0.026613736775565004,0.009799588219283001,-0.0021191650491080003,0.009799588219283001,100,0.002194993125044,0.108303913238266,0.002841179909894,0.000646186784849,100,0.001564092350818,0.06896437999877801,0.0020748778983090002,0.0005107855474910001,0.000630900774226,0.0005107855474910001,0.1,0.16,0,0.09,0.1,0,-0.06649469228712801,0.13,0.035,0,0.32896836829014703,0.5393675027262811,0.312688095956336,1.759999999999999,199.8,,,,,,1.15635,1.475,-0.020599778467751503,0.45793650793650753,0.775247134836327,-0.04912158695360256,-0.054259718833439885,0.1665695087228967,0.26056027251206454,0.24074253512568738,e5
e5_openness_high__mem_37d411a96d_s2,e5_openness_high__mem,2,meta-llama/Llama-3.1-8B-Instruct,100,30,prompt,2026-08-03 01:17:34,0.8,0.5,0.5,0.5,0.5,0.15,independent,barabasi_albert,meta-llama/Llama-3.1-8B-Instruct,1.4064,1.8,0.8873510347793141,6.857638331236615,,-0.038862002606713006,-0.558823529411764,1.517599999999999,1.1400000000000001,0.568873158773174,4.432778059345014,,-0.071818827737715,0.012875536480686001,0.13133640552995302,,100,0.093496287460974,1.0321038200300099,0.09353150240915101,3.5214948177546446e-05,100,0.09322229909720901,1.030167125806536,0.093268492190272,4.619309306409663e-05,0.000273988363764,4.6193093062807396e-05,100,2.125299041561671,115.98986389824387,2.976323569476866,0.8510245279151971,100,2.072049008539381,116.79781834643175,2.813418505362309,0.7413694968229321,0.053250033022290005,0.7413694968229281,100,0.034995884860201006,0.42798964192076205,0.06609178704530601,0.031095902185104003,100,0.036325020044812,0.41739685751188704,0.065059697542777,0.028734677497964004,-0.001329135184611,0.028734677497964004,100,0.0017100962914860002,0.046736396133986,0.004040076922462,0.0023299806309750003,100,0.0015088440929,0.040116509996028005,0.00378458626321,0.0022757421703090003,0.00020125219858500002,0.0022757421703100003,100,0.016514232125215002,0.484260177239455,0.024976027800849003,0.008461795675634001,100,0.018218351533136,0.484260177239455,0.02623509139272,0.008016739859584001,-0.0017041194079200001,0.008016739859584001,100,0.0017661162954100001,0.09519073549177001,0.0023541873682830002,0.0005880710728730001,100,0.0016146330929310002,0.06896437999877801,0.002206614542767,0.0005919814498350001,0.00015148320247800002,0.0005919814498350001,0.11,0.09,0,0.15,0.07,0,0.008473917032431,0.08,-0.05,0,0.31179480552507405,0.417825537294563,0.457893632083579,2.1844,201.6,,,,,,1.4619999999999995,1.4700000000000002,-0.055340415172214004,0.27297399646553905,0.728112096776244,0.0644561067410553,-0.0014353203858165978,0.13017247181561467,0.01758461151461682,0.21063200530143458,e5
e5_openness_high__mem_37d411a96d_s3,e5_openness_high__mem,3,meta-llama/Llama-3.1-8B-Instruct,100,30,prompt,2026-08-03 01:21:01,0.8,0.5,0.5,0.5,0.5,0.15,independent,barabasi_albert,meta-llama/Llama-3.1-8B-Instruct,0.9556000000000001,1.8399999999999999,0.8842527297843881,10.186075602688685,,-0.056010405623312005,-0.747292418772563,1.1979,1.15,0.677816384525184,5.344367516455376,,-0.128300710634584,-0.39442231075697204,0.119205298013245,,100,0.093295312986753,1.032323068432667,0.09333561600928601,4.030302253318426e-05,100,0.093427260274934,1.030824871014509,0.09346653095448401,3.927067955088347e-05,-0.00013194728818100002,3.92706795497022e-05,100,2.003377037033524,123.31134477264621,2.851949819668744,0.8485727826352161,100,2.240668561119185,115.53738169012493,2.968461326164781,0.7277927650455941,-0.237291524085661,0.7277927650455951,100,0.020515369932990003,0.343247366649764,0.057247146261808005,0.036731776328817,100,0.027960647871124,0.390914896489701,0.06382074630461601,0.035860098433492006,-0.007445277938133,0.035860098433492006,100,0.0018433313942250002,0.046736396133986,0.004094020096825001,0.0022506887026,100,0.001471163041829,0.046736396133986,0.0037276630935660004,0.0022565000517360003,0.00037216835239500004,0.0022565000517360003,100,0.014568082397015,0.41468548143135503,0.023344840279152002,0.008776757882137,100,0.016667854473869002,0.484260177239455,0.025719050829314003,0.009051196355445,-0.0020997720768530003,0.009051196355445,100,0.001753723488561,0.082077557745274,0.0023835560352020004,0.000629832546641,100,0.0020138783020190003,0.101747324365018,0.002642788719668,0.000628910417648,-0.00026015481345800003,0.000628910417648,0.15,0.16,0,0.11,0.14,0,-0.041142751308315004,0.15000000000000002,0.02,0,0.29106743682692204,0.46194808076325705,0.414268730832126,1.9684,206.7,,,,,,1.07675,1.4949999999999999,-0.092155558128948,0.5708573647647676,0.7810345571547861,-0.02341264937685104,-0.17353204025745317,0.1292714568305777,-0.09046546949825313,0.48903575781945735,e5
e5_openness_high__feed_d7ecec0360_s1,e5_openness_high__feed,1,meta-llama/Llama-3.1-8B-Instruct,100,30,prompt,2026-08-03 01:25:09,0.8,0.5,0.5,0.5,0.5,0.15,independent,barabasi_albert,meta-llama/Llama-3.1-8B-Instruct,0.6644000000000001,1.76,0.831606043241453,6.037006599016232,,0.037424071599921005,-0.866666666666666,1.6739000000000002,1.19,0.606238108500004,4.799484388333136,,0.054416062196051,-0.08016877637130801,0.080438756855575,,100,0.093035828329613,1.032164722364082,0.093089356245626,5.352791601362629e-05,100,0.09285709976414101,1.032335248899482,0.092918471298209,6.137153406765847e-05,0.00017872856547200002,6.137153406859941e-05,100,2.042192126418082,114.71903331678884,2.807045406272914,0.7648532798548311,100,2.148170090193268,120.85422086760829,2.9358325512468832,0.787662461053612,-0.10597796377518501,0.787662461053615,100,0.030194075576759002,0.396211288694138,0.058861483446360004,0.028667407869600002,100,0.031567166548444,0.337950974445327,0.057430428663335004,0.025863262114891,-0.0013730909716840002,0.025863262114891,100,0.001922174658237,0.050046339202965,0.0038974093609170004,0.0019752347026790002,100,0.0023310673629310004,0.05335628227194401,0.0047033923764660006,0.002372325013534,-0.00040889270469400004,0.002372325013534,100,0.015389039033799002,0.41468548143135503,0.022257879812099,0.0068688407783,100,0.019093380785458,0.484260177239455,0.025511116416618,0.006417735631159001,-0.003704341751659,0.006417735631159001,100,0.001663400512827,0.082077557745274,0.0022177904081010003,0.000554389895273,100,0.0017228064988740002,0.09519073549177001,0.0023360834165130004,0.000613276917638,-5.940598604690386e-05,0.000613276917638,0.1,0.16,0,0.11,0.1,0,-0.018557494437299,0.13,0.024999999999999002,0,0.32623342563961605,0.47185301016419,0.367800261528544,2.13,247.7,,,,,,1.1691500000000001,1.475,0.045920066897986,0.47341772151898703,0.7189220758707285,-0.11828834137514659,-0.18473669707075788,0.1371650720441503,0.7016699108035456,0.011046529336171007,e5
e5_openness_high__feed_d7ecec0360_s2,e5_openness_high__feed,2,meta-llama/Llama-3.1-8B-Instruct,100,30,prompt,2026-08-03 01:29:08,0.8,0.5,0.5,0.5,0.5,0.15,independent,barabasi_albert,meta-llama/Llama-3.1-8B-Instruct,1.07,1.7000000000000002,0.817687217699641,6.753284410941889,,-0.07390871519502801,-0.7008547008547,1.5258999999999991,1.09,0.533219523896591,3.857670219080281,,-0.042120463370022,0.087248322147651,0.09322033898305,,100,0.09177345863948301,1.026841858366233,0.09186712655286201,9.366791337809874e-05,100,0.09364837091822001,1.032164722364082,0.09367427022303601,2.5899304814834842e-05,-0.0018749122787370001,2.5899304815418803e-05,100,1.657668988665702,94.624111363574,2.555308775442219,0.8976397867765191,100,1.861407347294608,114.71903331678884,2.742857622592777,0.8814502752981721,-0.20373835862890502,0.8814502752981691,100,0.021582572262754,0.332654582240889,0.052024674703833006,0.030442102441078003,100,0.029737072227576003,0.332654582240889,0.05650873724455201,0.026771665016975,-0.008154499964821,0.026771665016975,100,0.0019495661113980002,0.046736396133986,0.004148914948090001,0.0021993488366920002,100,0.0014122410023240002,0.046736396133986,0.003477941792965,0.0020657007906400003,0.000537325109073,0.0020657007906400003,100,0.014575612463745,0.484260177239455,0.024330550267069,0.009754937803323,100,0.016029379279534,0.484260177239455,0.023839324202998002,0.007809944923464001,-0.001453766815788,0.007809944923464001,100,0.001488524933703,0.06568608556215401,0.002080130388912,0.0005916054552090001,100,0.001519131772712,0.056506861139606006,0.0021515591679700003,0.000632427395258,-3.0606839009351e-05,0.000632427395258,0.11,0.1,0,0.14,0.11,0,-0.035785803236364,0.10500000000000001,-0.019999999999999,0,0.304086802222141,0.414755517092167,0.443994655203972,2.4476,239.4,,,,,,1.2979499999999997,1.395,-0.05801458928252501,0.3068031893535245,0.6754533707981161,0.14627254040486193,0.039504051823199875,0.15312598545488731,-0.1737886665472034,0.685981808839863,e5
e5_openness_high__feed_d7ecec0360_s3,e5_openness_high__feed,3,meta-llama/Llama-3.1-8B-Instruct,100,30,prompt,2026-08-03 01:33:14,0.8,0.5,0.5,0.5,0.5,0.15,independent,barabasi_albert,meta-llama/Llama-3.1-8B-Instruct,0.8331000000000001,1.79,0.8637149786743721,6.903960975904309,,-0.065078761772034,-0.7089552238805971,1.06,1.1,0.6522843539701221,5.21642566439743,,-0.07648537214383101,-0.44032921810699505,0.106382978723404,,100,0.09330176536336601,1.032408331700367,0.093356207905467,5.4442542101036896e-05,100,0.09314193294153401,1.027024565368447,0.09319469881184801,5.276587031515728e-05,0.000159832421831,5.2765870313636894e-05,100,2.02150380378754,116.79781834643175,2.87772444079528,0.8562206370077431,100,2.3960531460181898,125.70471927010841,3.192144874918583,0.796091728900387,-0.37454934223065,0.796091728900393,100,0.039110953049078,0.42798964192076205,0.06987020965342901,0.030759256604351002,100,0.031104931828143,0.36443293546751404,0.058357101541185,0.027252169713042004,0.008006021220934,0.027252169713041,100,0.0018467682868220001,0.046736396133986,0.003956560038256,0.002109791751433,100,0.0016201221154370001,0.046736396133986,0.00392163207604,0.002301509960602,0.00022664617138500002,0.002301509960602,100,0.019281853737659,0.484260177239455,0.028697961345706003,0.009416107608047002,100,0.017239575232113002,0.484260177239455,0.027009672604764,0.009770097372650001,0.002042278505545,0.009770097372650001,100,0.0015456050196,0.06896437999877801,0.002169054873514,0.000623449853914,100,0.0012101245186990001,0.055851202252282,0.0016770225281930002,0.000466898009493,0.0003354805009,0.000466898009493,0.1,0.09,0,0.14,0.12,0,-0.06062984723500801,0.105,-0.015000000000000001,0,0.27770251921085803,0.25157488315383003,0.7081318446989171,2.1044,245.6,,,,,,0.94655,1.445,-0.07078206695793252,0.574642220993796,0.757999666322247,0.07278120542051077,0.008275900379779405,0.13932252830441486,-0.10196673593473324,0.4419242952667403,e5
e5_openness_high__temp_2c15195128_s1,e5_openness_high__temp,1,meta-llama/Llama-3.1-8B-Instruct,100,30,prompt,2026-08-03 01:36:34,0.8,0.5,0.5,0.5,0.5,0.15,independent,barabasi_albert,meta-llama/Llama-3.1-8B-Instruct,0.7011000000000001,1.81,0.8327665328263341,9.879307902767337,,-0.005105871752516001,-0.8781362007168451,1.460399999999999,1.1400000000000001,0.6083091289758861,5.581439941510194,,0.041866058469832004,-0.048327137546468,0.096153846153846,,100,0.092969480290291,1.0318114888264671,0.09302695134290101,5.747105260964733e-05,100,0.093654240861475,1.032639760569839,0.09369910335756301,4.4862496088721906e-05,-0.0006847605711830001,4.4862496088773907e-05,100,1.8778235330977142,116.79781834643175,2.8621429420892652,0.9843194089915501,100,2.305056235920577,125.8058868082177,3.157909990389888,0.8528537544693081,-0.427232702822863,0.8528537544693101,100,0.026229827470452,0.35384015105863903,0.056049287725589,0.029819460255136,100,0.027514426112269,0.37502571987638805,0.061059495085565005,0.033545068973296004,-0.001284598641817,0.033545068973296004,100,0.002529595113105,0.050046339202965,0.004856064251149,0.002326469138044,100,0.0016451082593140001,0.046736396133986,0.003963373880916,0.0023182656216020003,0.0008844868537910001,0.0023182656216020003,100,0.018416809403016002,0.484260177239455,0.027438159736173,0.009021350333156,100,0.015988002178369,0.484260177239455,0.024285739844261002,0.008297737665891,0.002428807224646,0.008297737665891,100,0.0018483246494500002,0.082077557745274,0.0025320803555370004,0.0006837557060860001,100,0.001852168113747,0.09519073549177001,0.002425267373531,0.000573099259783,-3.843464296538401e-06,0.000573099259783,0.11,0.17,0,0.15,0.09,0,-0.07098210190362,0.13,0.0,0,0.314713144954302,0.6438689685701631,0.170331057057165,1.9464000000000001,200.1,,,,,,1.0807499999999997,1.475,0.018380093358658003,0.46323166913165653,0.7205378309011101,-0.03569938859767203,-0.1738400524114215,0.14960546474766148,0.4702794786493864,0.2853163390732029,e5
e5_openness_high__temp_2c15195128_s2,e5_openness_high__temp,2,meta-llama/Llama-3.1-8B-Instruct,100,30,prompt,2026-08-03 01:39:52,0.8,0.5,0.5,0.5,0.5,0.15,independent,barabasi_albert,meta-llama/Llama-3.1-8B-Instruct,1.1496,1.76,0.8567656640613801,7.241204333750814,,-0.055325667497852005,-0.6941176470588231,1.4264000000000001,1.22,0.61269626396799,5.126641885144759,,-0.055055641688953,-0.15625,0.08169014084507001,,100,0.093264463902719,1.031860210693724,0.093315474136844,5.1010234125249245e-05,100,0.09294941535704301,1.031543518556552,0.093000753891295,5.1338534251383064e-05,0.00031504854567500004,5.1338534251293984e-05,100,2.185922496776808,126.08305814550343,3.016470990794259,0.83054849401745,100,2.402262708623326,127.05315782600346,3.264780304277943,0.862517595654615,-0.21634021184651803,0.862517595654616,100,0.024635636723122002,0.396211288694138,0.066476480760344,0.041840844037222005,100,0.017381851002545003,0.327358190036452,0.05782983826490801,0.040447987262362005,0.007253785720576,0.040447987262363004,100,0.0017908307885020002,0.043426453065007004,0.004185110061323,0.00239427927282,100,0.0012430065242960001,0.040116509996028005,0.0032957390740620002,0.0020527325497660003,0.000547824264206,0.0020527325497660003,100,0.021043219744511003,0.484260177239455,0.026986281026633002,0.005943061282122001,100,0.01831196077898,0.484260177239455,0.026806727988554,0.008494767209573,0.00273125896553,0.008494767209573,100,0.0016882452121640002,0.082077557745274,0.0022511354452480004,0.0005628902330830001,100,0.001925219368078,0.09519073549177001,0.0025806152818920003,0.000655395913813,-0.00023697415591300002,0.000655395913813,0.12,0.18,0,0.12,0.11,0,-0.03428821141774,0.145,0.024999999999999002,0,0.33045716382171303,0.6448723690103001,0.186259681602842,2.327499999999999,198.0,,,,,,1.288,1.49,-0.0551906545934025,0.42518382352941153,0.7347309640146851,0.02252770145273932,-0.14224735934849914,0.1523699695207301,0.10563292600027731,0.6008700651219574,e5
e5_openness_high__temp_2c15195128_s3,e5_openness_high__temp,3,meta-llama/Llama-3.1-8B-Instruct,100,30,prompt,2026-08-03 01:43:15,0.8,0.5,0.5,0.5,0.5,0.15,independent,barabasi_albert,meta-llama/Llama-3.1-8B-Instruct,0.9131,1.85,0.8953379936349871,7.7747663555585,,-0.10141546119147501,-0.680555555555555,1.1084,1.04,0.675568735839845,4.992166157978164,,-0.018110216257785,-0.297520661157024,0.073267326732673,,100,0.09336922186181401,1.032286527032225,0.093419220954244,4.999909242995061e-05,100,0.093588914537931,1.032067278629567,0.093620123369863,3.1208831930685985e-05,-0.00021969267611700002,3.120883193270807e-05,100,2.057197376267165,120.63664136783899,2.906928113082648,0.8497307368154801,100,2.049716611602865,109.1756065710744,2.749641825669171,0.699925214066306,0.0074807646643,0.699925214066305,100,0.027531288718233002,0.332654582240889,0.052640464692294005,0.025109175974061003,100,0.021963970082621003,0.332654582240889,0.061459518712599005,0.039495548629978006,0.0055673186356120005,0.039495548629978006,100,0.0024250841998480002,0.05335628227194401,0.004810765798045001,0.0023856815981960003,100,0.00194516959308,0.046736396133986,0.004224484650985,0.0022793150579050003,0.00047991460676800006,0.0022793150579050003,100,0.0162724258073,0.484260177239455,0.023999344990493002,0.007726919183192,100,0.017757492700171,0.484260177239455,0.030011462713392,0.012253970013221,-0.00148506689287,0.012253970013221,100,0.001388678211804,0.055851202252282,0.001963416440186,0.0005747382283810001,100,0.001694770565557,0.082077557745274,0.0022557659977010002,0.000560995432143,-0.000306092353752,0.000560995432143,0.13,0.11,0,0.08,0.1,0,0.0019195243306560001,0.10500000000000001,0.0,0,0.305437663102807,0.5578512396694211,0.330440200274833,2.0075,203.3,,,,,,1.01075,1.445,-0.05976283872463001,0.4890381083562895,0.785453364737416,-0.011373208234567056,-0.059639908911446715,0.12575770867191396,-0.08197546799116615,0.16245574353563258,e5
e5_neuroticism_high__ws_1cdd6b596d_s1,e5_neuroticism_high__ws,1,meta-llama/Llama-3.1-8B-Instruct,100,30,prompt,2026-08-03 01:46:31,0.5,0.5,0.5,0.5,0.8,0.15,independent,watts_strogatz,meta-llama/Llama-3.1-8B-Instruct,3.009899999999999,1.67,0.7649007264251111,7.294336390847187,,-0.025317569747997003,0.013333333333333001,0.2836,1.42,0.520518858958822,7.8928002823013514,,-0.032280640363924,-1.0,0.21728971962616803,,100,0.092366398308726,1.030727427279994,0.09244463806624001,7.823975751439884e-05,100,0.09270628560102301,1.026342459226846,0.09275595887126101,4.9673270239441824e-05,-0.00033988729229600005,4.9673270238040364e-05,100,1.869011027175679,118.46084637014607,2.835623391756003,0.9666123645803161,100,2.178747459321032,116.79781834643175,2.998661182650216,0.8199137233291851,-0.309736432145352,0.8199137233291831,100,0.022820221735912003,0.31676540562757705,0.052026809438459005,0.029206587702545004,100,0.028402667594615003,0.396211288694138,0.058616774261551007,0.030214106666935,-0.005582445858702,0.030214106666935,100,0.0018745601455620001,0.046736396133986,0.004153807658053,0.00227924751249,100,0.001242856298733,0.040116509996028005,0.0034277183444180004,0.002184862045684,0.000631703846829,0.002184862045684,100,0.012869281521947001,0.32191922035389,0.022081450175208003,0.009212168653260001,100,0.013964663370995,0.484260177239455,0.025262199500685003,0.01129753612969,-0.0010953818490470001,0.01129753612969,100,0.002175535946915,0.11486050211151401,0.002811768386805,0.00063623243989,100,0.0015623922655930002,0.06896437999877801,0.002114439101148,0.0005520468355540001,0.0006131436813210001,0.0005520468355540001,0.15,0.15,0,0.06,0.1,0,-0.052584883269541007,0.125,0.02,0,0.35881319335527,0.44080474593758,0.45551981729260305,0.5531,196.1,,,,,,1.6467499999999995,1.545,-0.028799105055960502,0.4933333333333335,0.6427097926919665,0.11944575874567674,0.00245314157677725,0.14403532471288125,0.6205494887107644,0.7598090619981961,e5
e5_neuroticism_high__ws_1cdd6b596d_s2,e5_neuroticism_high__ws,2,meta-llama/Llama-3.1-8B-Instruct,100,30,prompt,2026-08-03 01:49:50,0.5,0.5,0.5,0.5,0.8,0.15,independent,watts_strogatz,meta-llama/Llama-3.1-8B-Instruct,2.939599999999999,1.6400000000000001,0.7523989945793791,6.823166276461397,,-0.062831421701043,0.050847457627118,0.26839999999999903,1.54,0.6577970956655641,9.80723295235808,,0.045186146823569,-1.0,0.227926078028747,,100,0.09296676170446001,1.031275548286638,0.093026122931378,5.936122691735973e-05,100,0.09253946716719301,1.032128180963639,0.09263183272783301,9.236556064147186e-05,0.00042729453726700003,9.236556064010083e-05,100,2.093210161766761,125.8058868082177,2.9951020290759933,0.9018918673092311,100,2.245832041380004,126.49881515143201,3.023555264683186,0.7777232233031781,-0.152621879613243,0.7777232233031811,100,0.036207349787742,0.42798964192076205,0.066540769431693,0.030333419643951004,100,0.033056616714003,0.348543758854201,0.057910637066503005,0.024854020352499003,0.0031507330737390003,0.024854020352499003,100,0.0019231567265560001,0.05335628227194401,0.003888579016098,0.001965422289541,100,0.000979195549276,0.040116509996028005,0.002589334061121,0.001610138511844,0.0009439611772790001,0.001610138511844,100,0.015697538334220003,0.41468548143135503,0.024232201076844002,0.008534662742623001,100,0.017105643880441,0.484260177239455,0.027131498583897,0.010025854703455002,-0.001408105546221,0.010025854703455002,100,0.0019148645690760001,0.09519073549177001,0.002497833978083,0.0005829694090060001,100,0.001991414398228,0.108303913238266,0.0026036558369730003,0.0006122414387450001,-7.654982915180862e-05,0.0006122414387450001,0.13,0.14,0,0.15,0.13,0,-0.024930757700055,0.135,-0.005,0,0.36736830041684804,0.48482742645355503,0.35842123723388103,0.49310000000000004,199.4,,,,,,1.603999999999999,1.59,-0.008822637438737,0.474576271186441,0.7050980451224715,0.06768068535288628,-0.20248836328540812,0.13581964064506044,0.7760582761140878,0.6693605132989735,e5
e5_neuroticism_high__ws_1cdd6b596d_s3,e5_neuroticism_high__ws,3,meta-llama/Llama-3.1-8B-Instruct,100,30,prompt,2026-08-03 01:53:19,0.5,0.5,0.5,0.5,0.8,0.15,independent,watts_strogatz,meta-llama/Llama-3.1-8B-Instruct,2.367499999999999,1.55,0.7414311555224781,6.071834516032736,,0.109156740354131,-0.21768707482993102,0.29,1.5,0.5666294871001291,7.372097807744856,,-0.028418829723766,-1.0,0.214545454545454,,100,0.093022001425433,1.032116000496824,0.093084849001661,6.284757622884867e-05,100,0.09321624177656601,1.032396151233553,0.09326899407892,5.275230235535824e-05,-0.00019424035113300002,5.2752302354172616e-05,100,1.629115103267286,116.79781834643175,2.753854727769533,1.124739624502244,100,1.658386788679255,85.63960246545734,2.550465450914246,0.8920786622349891,-0.029271685411969003,0.8920786622349901,100,0.023247742749862,0.348543758854201,0.06192450444616401,0.038676761696301,100,0.024583187622074003,0.348543758854201,0.058977764281372004,0.034394576659298,-0.0013354448722110001,0.034394576659298,100,0.001439842906869,0.040116509996028005,0.0035479705981790004,0.00210812769131,100,0.001218133662722,0.046736396133986,0.0033061808474420004,0.002088047184719,0.00022170924414600002,0.002088047184719,100,0.017148366267868,0.484260177239455,0.026829147099977003,0.009680780832108,100,0.012499440757574,0.484260177239455,0.024493905013697,0.011994464256122,0.0046489255102930005,0.011994464256122,100,0.002200658803377,0.108303913238266,0.002783229037293,0.0005825702339160001,100,0.0021316795943390004,0.108303913238266,0.0027532350287610002,0.000621555434421,6.897920903815467e-05,0.000621555434421,0.17,0.13,0,0.08,0.06,0,-0.004310292778639,0.095,-0.03,0,0.341926394967248,0.499574286930608,0.34155158266364805,0.7864,208.3,,,,,,1.3287499999999994,1.525,0.0403689553151825,0.6088435374149656,0.6540303213113036,0.10900751173811873,-0.10945373635340562,0.15687167634531743,0.965705463634716,0.48077012294900956,e5
e5_neuroticism_high__er_470a62dce3_s1,e5_neuroticism_high__er,1,meta-llama/Llama-3.1-8B-Instruct,100,30,prompt,2026-08-03 01:56:45,0.5,0.5,0.5,0.5,0.8,0.15,independent,erdos_renyi,meta-llama/Llama-3.1-8B-Instruct,2.7276,1.58,0.725362631554295,6.169144110235093,,0.027419623589688,-0.033783783783783,0.24909999999999902,1.53,0.9159414916314391,10.295630140987,,-0.050167224080267005,-1.0,0.160852713178294,,100,0.092747178242107,1.030861412414952,0.09281250601108901,6.532776898200929e-05,100,0.09297735814474001,1.029119605660507,0.09303688545496201,5.9527310219843846e-05,-0.00023017990263200002,5.952731022222658e-05,100,2.104652353344902,126.15027219479522,3.080006815656497,0.9753544623115951,100,2.164417304363891,116.79781834643175,2.878848297026963,0.7144309926630691,-0.059764951018989,0.7144309926630711,100,0.025917240335718003,0.36443293546751404,0.060592381521049,0.03467514118533,100,0.023131544948945003,0.332654582240889,0.05675433485000601,0.033622789901061004,0.0027856953867730003,0.033622789901061004,100,0.0009822494992680001,0.040116509996028005,0.0027682602717290002,0.001786010772461,100,0.0012299403856030002,0.040116509996028005,0.0033290812622130002,0.00209914087661,-0.00024769088633500003,0.00209914087661,100,0.015293497560503001,0.356706568257939,0.025264071941523,0.009970574381020001,100,0.017289355867333,0.484260177239455,0.028229384985773,0.010940029118440001,-0.0019958583068290002,0.010940029118440001,100,0.001836579474165,0.09519073549177001,0.0024598578577790004,0.000623278383614,100,0.0022159404724200003,0.09519073549177001,0.0028528836028860003,0.0006369431304650001,-0.00037936099825400005,0.0006369431304650001,0.18,0.11,0,0.08,0.09,0,-0.009972057621044,0.1,-0.03,0,0.358624092085287,0.498484192291035,0.344937785649562,0.606399999999999,205.8,,,,,,1.4883499999999994,1.5550000000000002,-0.011373800245289502,0.5168918918918916,0.8206520615928671,0.003079213312465301,-0.1108872049060648,0.12696490383331085,0.6834469602303396,0.1697217268322648,e5
e5_neuroticism_high__er_470a62dce3_s2,e5_neuroticism_high__er,2,meta-llama/Llama-3.1-8B-Instruct,100,30,prompt,2026-08-03 02:00:11,0.5,0.5,0.5,0.5,0.8,0.15,independent,erdos_renyi,meta-llama/Llama-3.1-8B-Instruct,2.68,1.56,0.7232194372058981,6.047805711169801,,0.061899732525329,-0.101123595505617,0.30360000000000004,1.44,0.29375307345323304,5.530083017624435,,-0.033007574865575005,-0.9428571428571421,0.167259786476868,,100,0.092495465011936,1.031689684158324,0.092575038688506,7.95736765709024e-05,100,0.09339075888982501,1.032298707499039,0.093437062271939,4.630338211417899e-05,-0.0008952938778890001,4.630338211314423e-05,100,2.293107747053322,121.21177189270686,3.057206751434784,0.764099004381464,100,2.347658816836748,118.6361572409793,3.070120993923264,0.7224621770865131,-0.054551069783425006,0.722462177086516,100,0.029621995839052003,0.37502571987638805,0.055994363797948005,0.026372367958895002,100,0.025789526059288,0.31676540562757705,0.056527347089106006,0.030737821029818,0.003832469779764,0.030737821029818,100,0.0016958005139550002,0.046736396133986,0.0039778955836030005,0.002282095069648,100,0.0013031807707810001,0.040116509996028005,0.003506546558529,0.002203365787747,0.000392619743173,0.002203365787747,100,0.017883053632035,0.484260177239455,0.028429196011106002,0.010546142379071,100,0.018294804415599,0.484260177239455,0.028532520015839002,0.010237715600240001,-0.000411750783563,0.010237715600240001,100,0.002200346434112,0.108303913238266,0.002846110689823,0.0006457642557110001,100,0.002236816975951,0.108303913238266,0.0028894821979200003,0.000652665221969,-3.6470541839220445e-05,0.000652665221969,0.08,0.13,0,0.08,0.13,0,-0.008611582577296,0.13,0.05,0,0.33166212512582505,0.468676502031216,0.34795652310862,0.3976,206.5,,,,,,1.4918,1.5,0.014446078829876998,0.5219903691813795,0.5084862553295656,-0.05110796420038227,-0.17554146822418196,0.12772334135140023,0.765770979667962,0.2341459711638202,e5
e5_neuroticism_high__er_470a62dce3_s3,e5_neuroticism_high__er,3,meta-llama/Llama-3.1-8B-Instruct,100,30,prompt,2026-08-03 02:03:37,0.5,0.5,0.5,0.5,0.8,0.15,independent,erdos_renyi,meta-llama/Llama-3.1-8B-Instruct,2.209899999999999,1.49,0.713910178034118,5.956470982501866,,-0.020653350208184002,-0.09032258064516101,0.3275,1.55,0.609804879819119,5.231143743471868,,-0.043212982765126,-1.0,0.198594024604569,,100,0.09228606586724601,1.025660353085246,0.09236674700307901,8.068113583370341e-05,100,0.093725943044901,1.031835849760096,0.093753094144591,2.7151099688337322e-05,-0.001439877177655,2.715109968950968e-05,100,1.980081701259929,116.79781834643175,2.7886577738493923,0.8085760725894641,100,2.053402071355332,123.53031012910193,2.868415655653151,0.815013584297814,-0.073320370095402,0.8150135842978191,100,0.035942274439182,0.42269324971632505,0.062625194216371,0.026682919777188,100,0.027068424035298,0.337950974445327,0.057287820320665005,0.030219396285366,0.008873850403883,0.030219396285366,100,0.001304282576055,0.040116509996028005,0.003175308512791,0.0018710259367350002,100,0.0017975362818700002,0.046736396133986,0.0037841469395070004,0.001986610657637,-0.000493253705814,0.001986610657637,100,0.01931594957215,0.484260177239455,0.026776019831494004,0.007460070259343,100,0.015897485786337002,0.484260177239455,0.029658094095000004,0.013760608308662001,0.003418463785812,0.013760608308662001,100,0.0013860588786670002,0.055851202252282,0.0019293091358590002,0.000543250257192,100,0.0019310907440860002,0.09519073549177001,0.002582610587153,0.0006515198430660001,-0.000545031865419,0.0006515198430660001,0.11,0.08,0,0.08,0.08,0,-0.010584369775765,0.08,-0.015,0,0.36152357049514605,0.47341556784347005,0.36189832433538605,0.8484,205.9,,,,,,1.2686999999999995,1.52,-0.031933166486655,0.5451612903225805,0.6618575289266185,-0.03567531880517729,-0.1627315085629091,0.14360981174870555,0.407221647127772,-0.12189463548620955,e5
e5_neuroticism_high__rho_lo_4de2d1f9d3_s1,e5_neuroticism_high__rho_lo,1,meta-llama/Llama-3.1-8B-Instruct,100,30,prompt,2026-08-03 02:06:05,0.5,0.5,0.5,0.5,0.8,0.15,independent,barabasi_albert,meta-llama/Llama-3.1-8B-Instruct,2.8935999999999993,1.62,0.7429891929854481,6.349557627827675,,0.07705339261010401,-0.13978494623655902,0.289099999999999,1.53,0.5889543610339101,7.167432805632419,,-0.050741664776592005,-1.0,0.115,,100,0.09343240444998001,1.031738406025581,0.09347869153598601,4.6287086004147705e-05,100,0.092103732160873,1.03218908329771,0.092184562489055,8.083032818178167e-05,0.0013286722891070002,8.083032818205495e-05,100,2.580618629087315,126.49881515143201,3.278184075233723,0.697565446146403,100,2.011707662164458,116.5580651396796,2.841544039074183,0.8298363769097221,0.568910966922856,0.8298363769097241,100,0.027876446248032004,0.36443293546751404,0.060170982438529,0.032294536190497006,100,0.027929090490069003,0.337950974445327,0.056031329184494,0.028102238694425002,-5.264424203710663e-05,0.028102238694425002,100,0.001509983517587,0.046736396133986,0.003930273562480001,0.002420290044892,100,0.0015057299885400002,0.046736396133986,0.0035228143406950004,0.002017084352154,4.253529047251388e-06,0.002017084352154,100,0.011727263066117,0.484260177239455,0.024629128182116003,0.012901865115998001,100,0.012555136148536001,0.484260177239455,0.025548691516149,0.012993555367612,-0.000827873082419,0.012993555367612,100,0.002223463879045,0.108303913238266,0.0028247233951880003,0.000601259516143,100,0.002415247145199,0.108303913238266,0.003123743275074,0.0007084961298740001,-0.00019178326615400002,0.0007084961298740001,0.05,0.1,0,0.08,0.1,0,0.094861932025066,0.1,0.035,0,0.347177078297889,0.44117647058823506,0.47520961402813305,0.9084000000000001,147.8,,,,,,1.5913499999999992,1.5750000000000002,0.013155863916756001,0.5698924731182795,0.6659717770096791,-0.0633185097613177,-0.20131828780392383,0.14562309696366146,0.9776117930404028,-0.05077859750875849,e5
e5_neuroticism_high__rho_lo_4de2d1f9d3_s2,e5_neuroticism_high__rho_lo,2,meta-llama/Llama-3.1-8B-Instruct,100,30,prompt,2026-08-03 02:08:29,0.5,0.5,0.5,0.5,0.8,0.15,independent,barabasi_albert,meta-llama/Llama-3.1-8B-Instruct,2.5984,1.52,0.6988049217900001,5.774158077374067,,-0.069382717604166,0.060498220640569006,0.31,1.52,0.365547310615418,5.157106231293966,,-0.13922699124492902,-0.945017182130584,0.22596153846153802,,100,0.09326217514958901,1.03201855676231,0.09330386062763701,4.168547804824855e-05,100,0.09310527005652,1.029728629001222,0.093146333951636,4.106389511645296e-05,0.00015690509306800002,4.106389511635e-05,100,2.066719051118517,116.79781834643175,2.868800921799497,0.802081870680975,100,2.139998127842152,126.49881515143201,3.021977968003213,0.8819798401610631,-0.07327907672363401,0.8819798401610611,100,0.024109279071316003,0.30087622901426503,0.050707209796530005,0.026597930725213003,100,0.02731014961154,0.41739685751188704,0.060510373782982005,0.033200224171441,-0.003200870540223,0.033200224171441,100,0.0013276445901420002,0.046736396133986,0.003225721822438,0.001898077232295,100,0.000991327589341,0.040116509996028005,0.002799982810396,0.0018086552210550002,0.00033631700080100004,0.0018086552210550002,100,0.018727776792706003,0.484260177239455,0.027613055303658002,0.008885278510952001,100,0.015434036101579,0.484260177239455,0.024576080284995003,0.009142044183416001,0.003293740691127,0.009142044183416001,100,0.0020897732960080003,0.09519073549177001,0.002694624606598,0.00060485131059,100,0.0021381053877030003,0.108303913238266,0.0028607742433430002,0.00072266885564,-4.8332091695156565e-05,0.00072266885564,0.08,0.12,0,0.1,0.05,0,-0.012123552761759,0.084999999999999,-0.005,0,0.302687735055854,0.5159953970080551,0.381863623480507,0.3376,143.7,,,,,,1.4542,1.52,-0.10430485442454751,0.44225948074500754,0.532176116202709,0.06257981359226532,-0.20871413400924696,0.1544824160812886,-0.049238717983708546,0.24513011062700976,e5
e5_neuroticism_high__rho_lo_4de2d1f9d3_s3,e5_neuroticism_high__rho_lo,3,meta-llama/Llama-3.1-8B-Instruct,100,30,prompt,2026-08-03 02:10:58,0.5,0.5,0.5,0.5,0.8,0.15,independent,barabasi_albert,meta-llama/Llama-3.1-8B-Instruct,2.685099999999999,1.67,0.790102316478376,6.983281278787841,,0.027867893977628,-0.147766323024054,0.329899999999999,1.53,0.41406410371684405,4.661384642714041,,-0.060346670195117004,-0.9791666666666661,0.12195121951219501,,100,0.09378890268387301,1.03253013636851,0.09382534081106501,3.6438127193102675e-05,100,0.092128900000953,1.02646426389499,0.092208081645578,7.918164462300813e-05,0.001660002682919,7.918164462436539e-05,100,2.034017416838853,120.47033856546756,3.001023496796938,0.9670060799580841,100,1.915320623202788,118.85581552577823,2.809851987789695,0.8945313645869021,0.11869679363606501,0.8945313645869061,100,0.022202019440592,0.332654582240889,0.061187756002588,0.038985736561996005,100,0.041632815346111005,0.42269324971632505,0.063955275886483,0.022322460540371,-0.019430795905518,0.022322460540371,100,0.001013943529816,0.040116509996028005,0.0026696700330990004,0.001655726503283,100,0.001319533679564,0.043426453065007004,0.0034772778372400004,0.0021577441576760004,-0.00030559014974800003,0.0021577441576760004,100,0.017565001655202,0.484260177239455,0.030700294079069,0.013135292423867,100,0.016869729017202,0.484260177239455,0.026385092567237003,0.009515363550034,0.000695272637999,0.009515363550035,100,0.002059048157853,0.108303913238266,0.0027383752284720004,0.000679327070618,100,0.0017970682615050001,0.09519073549177001,0.0024371756700400002,0.0006401074085350001,0.000261979896348,0.0006401074085350001,0.16,0.08,0,0.12,0.14,0,0.016929610466344003,0.11000000000000001,-0.03,0,0.310627782658404,0.474706413730803,0.35915252061067804,0.607499999999999,149.6,,,,,,1.507499999999999,1.6,-0.0162393881087445,0.56346649484536,0.60208321009761,0.08788703913176303,-0.1403547058135139,0.1548743703146902,0.7803274703546874,0.5328183778531502,e5
e5_neuroticism_high__rho_hi_3896d22ac7_s1,e5_neuroticism_high__rho_hi,1,meta-llama/Llama-3.1-8B-Instruct,100,30,prompt,2026-08-03 02:15:36,0.5,0.5,0.5,0.5,0.8,0.15,independent,barabasi_albert,meta-llama/Llama-3.1-8B-Instruct,3.0,1.6600000000000001,0.7626605889723641,7.099392034056971,,0.069113656048503,-0.08833922261484001,0.28750000000000003,1.45,0.5351122126440511,7.701540462154053,,-0.004553800954829,-1.0,0.18742857142857103,,100,0.09387299787542801,1.032079459096381,0.09389355710661801,2.05592311907558e-05,100,0.093097837983119,1.029229229861835,0.093151746842143,5.390885902466488e-05,0.000775159892308,5.3908859023218965e-05,100,2.12599663781333,116.31831193292744,2.849875247231582,0.7238786094182481,100,2.076231974390158,121.09397407436043,2.978772399567318,0.90254042517716,0.049764663423171006,0.90254042517716,100,0.021671276298002,0.332654582240889,0.054614180579114005,0.032942904281112004,100,0.021932519468333002,0.31146901342314004,0.055561439980421005,0.033628920512087004,-0.00026124317033100004,0.033628920512087004,100,0.001264710811168,0.040116509996028005,0.00337743267239,0.002112721861222,100,0.0013303316361210002,0.046736396133986,0.0035775994869100005,0.0022472678507880002,-6.562082495379795e-05,0.0022472678507880002,100,0.015071808716570002,0.484260177239455,0.023882051386902,0.008810242670332001,100,0.014807919161340001,0.484260177239455,0.024828640807783003,0.010020721646443001,0.00026388955522900005,0.010020721646443001,100,0.0015968677409470002,0.06896437999877801,0.002173462566625,0.0005765948256780001,100,0.002197199332335,0.09519073549177001,0.0029088075976610003,0.000711608265325,-0.000600331591388,0.000711608265325,0.15,0.12,0,0.08,0.09,0,0.008312752880672,0.105,-0.009999999999999001,0,0.35297519314576903,0.45079430575613705,0.430422331483346,0.5355999999999991,277.8,,,,,,1.64375,1.5550000000000002,0.032279927546837,0.54416961130742,0.6488864008082076,0.005504571658572728,-0.15147704985404903,0.15820047538513796,1.0694575404538145,0.21850519475639538,e5
e5_neuroticism_high__rho_hi_3896d22ac7_s2,e5_neuroticism_high__rho_hi,2,meta-llama/Llama-3.1-8B-Instruct,100,30,prompt,2026-08-03 02:20:00,0.5,0.5,0.5,0.5,0.8,0.15,independent,barabasi_albert,meta-llama/Llama-3.1-8B-Instruct,2.553599999999999,1.52,0.6993288376077561,6.164414002968978,,-0.091932457786116,0.099656357388316,0.269599999999999,1.48,0.6318386425162621,10.4,,-0.081091063145659,-1.0,0.20053475935828802,,100,0.09236917551851301,1.02697584350119,0.09242664064794401,5.746512942888342e-05,100,0.09298577746700601,1.032310887965853,0.09303946873358301,5.3691266577930145e-05,-0.000616601948492,5.36912665773659e-05,100,2.466006201524539,116.79781834643175,3.183829284397467,0.7178230828729291,100,1.871125901574999,115.17220845325099,2.7614173863424023,0.8902914847674,0.5948802999495401,0.890291484767402,100,0.020460673504812,0.332654582240889,0.053734605349335,0.033273931844523,100,0.035164124492742005,0.42798964192076205,0.06935148357642301,0.034187359083681,-0.014703450987930002,0.034187359083681,100,0.0009518709837600001,0.040116509996028005,0.0026578893168360002,0.0017060183330750002,100,0.000949793267725,0.040116509996028005,0.0027124210363240002,0.001762627768598,2.077716035430018e-06,0.001762627768598,100,0.018940399981836,0.484260177239455,0.028130587085274,0.009190187103437001,100,0.015804567354615003,0.484260177239455,0.028694323300642,0.012889755946026002,0.0031358326272210003,0.012889755946026002,100,0.0024096852601480003,0.11486050211151401,0.003018741435642,0.0006090561754930001,100,0.0016999232448150002,0.082077557745274,0.0022939767310330003,0.0005940534862180001,0.0007097620153320001,0.000594053486217,0.09,0.15,0,0.08,0.15,0,0.097234653228617,0.15,0.065,0,0.384888957461185,0.49354066985645906,0.32231801397950205,0.42360000000000003,263.7,,,,,,1.411599999999999,1.5,-0.0865117604658875,0.450171821305842,0.665583740062009,0.19129598505188938,-0.05800823695566637,0.15662982871975017,0.01581111768594544,1.2020620686425896,e5
e5_neuroticism_high__rho_hi_3896d22ac7_s3,e5_neuroticism_high__rho_hi,3,meta-llama/Llama-3.1-8B-Instruct,100,30,prompt,2026-08-03 02:24:28,0.5,0.5,0.5,0.5,0.8,0.15,independent,barabasi_albert,meta-llama/Llama-3.1-8B-Instruct,2.6099,1.6099999999999999,0.7631422122703121,6.473267645266034,,-0.046702236651276006,-0.08013937282229901,0.3436,1.6,0.525289604345559,4.145295842995022,,-0.158062724104844,-0.9789473684210521,0.180351906158357,,100,0.09259393634511001,1.026927121633933,0.09266018092712201,6.624458201076324e-05,100,0.09306339853423701,1.032700662903911,0.093130118112678,6.671957844377307e-05,-0.00046946218912600004,6.671957844150977e-05,100,2.110806252452518,116.79781834643175,2.905556956879185,0.7947507044266661,100,2.201780314041331,121.09397407436043,3.038490249580781,0.8367099355394431,-0.09097406158881201,0.8367099355394501,100,0.031899215524004,0.41739685751188704,0.05796648535851501,0.026067269834510003,100,0.022530368776215,0.401507680898575,0.05714200679877501,0.034611638022559,0.009368846747789001,0.034611638022559,100,0.0011854535565360002,0.040116509996028005,0.003027813627391,0.001842360070854,100,0.0015082691906910001,0.040116509996028005,0.0037290777285960003,0.0022208085379050004,-0.000322815634155,0.0022208085379050004,100,0.014344983383958001,0.41468548143135503,0.022626378292916003,0.008281394908958,100,0.020877408390501003,0.484260177239455,0.029148364725442,0.00827095633494,-0.006532425006542,0.00827095633494,100,0.0023023484812810004,0.12141709098476201,0.0029236517767550004,0.000621303295474,100,0.00173965913158,0.09519073549177001,0.00228630007862,0.0005466409470400001,0.0005626893497000001,0.0005466409470400001,0.1,0.14,0,0.09,0.09,0,-0.014727871386857001,0.115,0.02,0,0.392518125905005,0.46195652173913004,0.38223826523145804,0.8484,268.3,,,,,,1.47675,1.605,-0.10238248037806001,0.5295433706216756,0.6442159083079355,0.034854705240104665,-0.13263112432402854,0.14707111649338847,0.19568281059676323,0.3974322905646205,e5
e5_neuroticism_high__mem_104ef320a4_s1,e5_neuroticism_high__mem,1,meta-llama/Llama-3.1-8B-Instruct,100,30,prompt,2026-08-03 02:27:48,0.5,0.5,0.5,0.5,0.8,0.15,independent,barabasi_albert,meta-llama/Llama-3.1-8B-Instruct,2.9335999999999993,1.6400000000000001,0.7553213555585011,6.898138085961906,,0.06731563220934801,-0.12195121951219501,0.24000000000000002,1.6,0.9260980905194011,10.954451150103324,,-0.053940506084604004,-1.0,0.20535714285714202,,100,0.092670871370817,1.032055098162753,0.09273188684911801,6.101547830133067e-05,100,0.093216018184957,1.031957654428239,0.093264335741986,4.8317557030153027e-05,-0.00054514681414,4.83175570295813e-05,100,2.214093830493773,115.41196166000314,2.909132467637277,0.695038637143503,100,2.11706279427649,116.79781834643175,2.887087752283434,0.770024958006944,0.09703103621728201,0.770024958006944,100,0.025153400058636,0.35384015105863903,0.057412485440665004,0.032259085382028,100,0.032643636461267,0.41739685751188704,0.062507732694771,0.029864096233503,-0.0074902364026300005,0.029864096233503,100,0.002291242251077,0.046736396133986,0.004673869216644,0.002382626965567,100,0.0017200195428980001,0.046736396133986,0.0038986589624100004,0.0021786394195120002,0.000571222708178,0.0021786394195120002,100,0.013105773539496001,0.484260177239455,0.023776214756703003,0.010670441217206,100,0.017027977242473,0.484260177239455,0.026890656943684,0.009862679701211,-0.003922203702976,0.009862679701211,100,0.002253984812702,0.108303913238266,0.0028430000932400004,0.0005890152805380001,100,0.001809963661439,0.09519073549177001,0.0024508736943570004,0.0006409100329180001,0.000444021151263,0.0006409100329180001,0.13,0.1,0,0.14,0.08,0,0.014348115526162001,0.09,-0.045000000000000005,0,0.34445886054948305,0.5129759883579911,0.33358360903815004,0.5176000000000001,199.6,,,,,,1.5867999999999998,1.62,0.006687563062372004,0.5609756097560975,0.8407097230389511,-0.015500800466025292,-0.1508985171661788,0.1354366001585197,0.9969610892121674,0.026561142281109944,e5
e5_neuroticism_high__mem_104ef320a4_s2,e5_neuroticism_high__mem,2,meta-llama/Llama-3.1-8B-Instruct,100,30,prompt,2026-08-03 02:31:11,0.5,0.5,0.5,0.5,0.8,0.15,independent,barabasi_albert,meta-llama/Llama-3.1-8B-Instruct,2.693599999999999,1.56,0.714979335544991,6.118823416311342,,-0.088410129372351,0.09027777777777701,0.36750000000000005,1.49,0.39484942886812,3.928571428571429,,0.022938298126267003,-0.93127147766323,0.167247386759581,,100,0.093604298370919,1.032164722364082,0.093645724939625,4.142656870644176e-05,100,0.09340909461497701,1.032566677768953,0.093464996789723,5.590217474649075e-05,0.00019520375594200002,5.590217474657489e-05,100,2.562029816733566,125.1129584650034,3.289519968034706,0.727490151301136,100,2.132077299811845,115.17151552490778,2.842962299726862,0.7108849999150201,0.42995251692172104,0.7108849999150171,100,0.031629516175681,0.41210046530745004,0.059124820800114004,0.027495304624433003,100,0.023971975978901,0.37502571987638805,0.061608954969109,0.037636978990207,0.007657540196779,0.037636978990207,100,0.001201236652773,0.046736396133986,0.00310855232772,0.0019073156749470001,100,0.0015987299941840002,0.046736396133986,0.0037470875200730004,0.0021483575258890004,-0.00039749334141000005,0.0021483575258890004,100,0.013483438496317002,0.484260177239455,0.029279401075046,0.015795962578728,100,0.017936511896101,0.484260177239455,0.027667295585097004,0.009730783688995001,-0.004453073399784,0.009730783688995001,100,0.0022287181340030003,0.09519073549177001,0.002846367884585,0.0006176497505810001,100,0.0019325619488050002,0.09519073549177001,0.0025555674147190004,0.000623005465914,0.000296156185198,0.000623005465914,0.09,0.12,0,0.13,0.14,0,0.07220847505307401,0.13,0.02,0,0.37362290723072605,0.48281081081081006,0.365650196240266,0.44,203.2,,,,,,1.5305499999999996,1.525,-0.032735915623042,0.4204968499427265,0.5549143822065555,-0.008448785044870621,-0.14179661460574036,0.12684667129346194,0.42940880202495907,0.3758129200358399,e5
e5_neuroticism_high__mem_104ef320a4_s3,e5_neuroticism_high__mem,3,meta-llama/Llama-3.1-8B-Instruct,100,30,prompt,2026-08-03 02:34:20,0.5,0.5,0.5,0.5,0.8,0.15,independent,barabasi_albert,meta-llama/Llama-3.1-8B-Instruct,2.577899999999999,1.57,0.7341831600126031,6.127303753280853,,-0.035930245781273004,-0.048611111111111,0.46840000000000004,1.56,0.666943249495161,4.627779181010491,,-0.127740141407565,-0.9764705882352941,0.21929824561403502,,100,0.09246731137929301,1.025599450751174,0.092532830322039,6.551894274618749e-05,100,0.092740625686201,1.03253013636851,0.09282317204263801,8.2546356437584e-05,-0.000273314306908,8.254635643714647e-05,100,2.051991141161573,116.79781834643175,2.812469254443279,0.760478113281703,100,2.025791604464385,116.79781834643175,3.010429862498294,0.984638258033907,0.026199536697187,0.984638258033908,100,0.019809580702468,0.31146901342314004,0.05158575857209301,0.031776177869624,100,0.036524309189282005,0.396211288694138,0.05875011518281,0.022225805993527,-0.016714728486814,0.022225805993527,100,0.001720041240419,0.046736396133986,0.003936838596423,0.002216797356003,100,0.001147040349417,0.040116509996028005,0.0030536545216120004,0.0019066141721940002,0.000573000891001,0.0019066141721940002,100,0.015935507549867,0.484260177239455,0.025238239640416,0.009302732090548,100,0.015666025540227002,0.484260177239455,0.023881309900623003,0.008215284360396001,0.00026948200964000004,0.008215284360396001,100,0.001726815919335,0.09519073549177001,0.002365097835865,0.000638281916529,100,0.0019211074923810001,0.09519073549177001,0.002561020476204,0.0006399129838220001,-0.00019429157304500002,0.0006399129838220001,0.14,0.11,0,0.07,0.07,0,0.0016432808718430001,0.09,-0.015000000000000001,0,0.355073068967102,0.376571275742177,0.46953179407849904,0.521099999999999,189.0,,,,,,1.5231499999999996,1.565,-0.08183519359441901,0.5125408496732026,0.7005632047538821,0.08345680428577738,-0.11906629453648314,0.16961807031671391,0.270117751696678,0.35518963936882,e5
e5_neuroticism_high__feed_1676e4df5f_s1,e5_neuroticism_high__feed,1,meta-llama/Llama-3.1-8B-Instruct,100,30,prompt,2026-08-03 02:38:29,0.5,0.5,0.5,0.5,0.8,0.15,independent,barabasi_albert,meta-llama/Llama-3.1-8B-Instruct,2.8874999999999993,1.6099999999999999,0.737157178572939,6.047643563357695,,0.028356302745477003,-0.072992700729927,0.2556,1.62,0.70574156111615,8.9566858950296,,0.0038659948054430003,-1.0,0.153703703703703,,100,0.075460979237567,1.030337652341937,0.16393675185834702,0.088475772620779,100,0.09313294231739801,1.030532539810966,0.093181720084464,4.8777767065012505e-05,-0.017671963079830003,4.8777767066354734e-05,100,2.07964148338648,116.79781834643175,2.901837173023628,0.8221956896371541,100,2.081615547662809,116.79781834643175,2.924261418286946,0.8426458706241301,-0.0019740642763290002,0.8426458706241361,100,0.035211601866061,0.41739685751188704,0.059195888006388,0.023984286140327,100,0.021919289791927,0.327358190036452,0.053954914856944,0.032035625065016005,0.013292312074133,0.032035625065016005,100,0.001195355605202,0.040116509996028005,0.003024913176812,0.001829557571609,100,0.0016734466423930002,0.046736396133986,0.003750791800192,0.0020773451577980003,-0.00047809103719100005,0.0020773451577980003,100,0.013776610807927001,0.484260177239455,0.023510807067537002,0.00973419625961,100,0.013988462075293001,0.484260177239455,0.025875214990261002,0.011886752914967,-0.00021185126736600001,0.011886752914967,100,0.0022088666723270004,0.09519073549177001,0.002747551788144,0.000538685115817,100,0.002346111877427,0.101747324365018,0.00309679055489,0.0007506786774620001,-0.0001372452051,0.0007506786774620001,0.1,0.1,0,0.1,0.11,0,-0.0011968171319470002,0.10500000000000001,0.005,0,0.361676620309597,0.44540942928039706,0.42670608864013804,0.5484,249.6,,,,,,1.5715499999999996,1.615,0.01611114877546,0.5364963503649635,0.7214493698445446,-0.08852648182468849,-0.17049532232273626,0.14824084170107302,1.0160371447402103,-0.09376270889064892,e5
e5_neuroticism_high__feed_1676e4df5f_s2,e5_neuroticism_high__feed,2,meta-llama/Llama-3.1-8B-Instruct,100,30,prompt,2026-08-03 02:42:36,0.5,0.5,0.5,0.5,0.8,0.15,independent,barabasi_albert,meta-llama/Llama-3.1-8B-Instruct,2.2739000000000003,1.43,0.6650413004511391,5.585309004555303,,-0.16071369948458603,0.17073170731707302,0.261899999999999,1.5899999999999999,0.6868311693900171,9.284671679985685,,-0.073180485203945,-1.0,0.215238095238095,,100,0.09270986484181101,1.026927121633933,0.09277243459467001,6.25697528587699e-05,100,0.093127924477423,1.030447276543265,0.09317688701676301,4.8962539339758106e-05,-0.000418059635611,4.896253934005835e-05,100,2.366957665240466,116.79781834643175,3.088399313132206,0.721441647891735,100,2.296275521889249,118.87660337607466,3.074570644111418,0.77829512222217,0.070682143351216,0.778295122222168,100,0.018109628936630002,0.31676540562757705,0.049386853477805005,0.031277224541174,100,0.025058585983721002,0.396211288694138,0.059790269300915,0.034731683317193,-0.006948957047091001,0.034731683317193,100,0.001140164226238,0.046736396133986,0.003050579216864,0.001910414990626,100,0.001427997591123,0.046736396133986,0.0036313538336790003,0.002203356242555,-0.000287833364885,0.002203356242555,100,0.017932943702787002,0.484260177239455,0.026867988983105003,0.008935045280317001,100,0.017529319057566002,0.484260177239455,0.029662919472762003,0.012133600415196,0.00040362464522100005,0.012133600415195001,100,0.002136691411784,0.108303913238266,0.002817019903404,0.0006803284916190001,100,0.0017181650315170002,0.06896437999877801,0.0023692465680090003,0.0006510815364920001,0.00041852638026700003,0.0006510815364920001,0.1,0.12,0,0.11,0.08,0,0.010641574054852,0.1,-0.005,0,0.35529088073966403,0.364500792393026,0.47358765384071805,0.38509999999999905,246.9,,,,,,1.2678999999999996,1.5099999999999998,-0.11694709234426551,0.4146341463414635,0.6759362349205781,0.036014347166030004,-0.03542411109958269,0.13801063437882427,-0.27288296984202987,0.279096075239605,e5
e5_neuroticism_high__feed_1676e4df5f_s3,e5_neuroticism_high__feed,3,meta-llama/Llama-3.1-8B-Instruct,100,30,prompt,2026-08-03 02:46:40,0.5,0.5,0.5,0.5,0.8,0.15,independent,barabasi_albert,meta-llama/Llama-3.1-8B-Instruct,2.4059,1.55,0.7514867677842341,4.84748875634019,,-0.056606486304207004,-0.150442477876106,0.33,1.52,0.40395292515851705,4.703604341917987,,-0.048499221366120004,-0.9791666666666661,0.17073170731707302,,100,0.093065937952873,1.032225624698153,0.09312806667815801,6.212872528394197e-05,100,0.09342717919349401,1.032164722364082,0.093491522266282,6.434307278824383e-05,-0.00036124124062000005,6.434307278772866e-05,100,2.60959991921569,126.49881515143201,3.300994028771082,0.691394109555394,100,2.355017379341073,126.77598648871773,3.219185109689725,0.864167730348652,0.25458253987461604,0.864167730348652,100,0.021711099743272,0.31676540562757705,0.047632562756824,0.025921463013552002,100,0.025240867277478003,0.36443293546751404,0.05771213699725,0.032471269719771004,-0.0035297675342060002,0.032471269719771004,100,0.0012202421528790001,0.043426453065007004,0.003228019746415,0.002007777593536,100,0.000826053906148,0.040116509996028005,0.002398037680117,0.001571983773969,0.000394188246731,0.001571983773969,100,0.019270823443226,0.484260177239455,0.027601221769773,0.008330398326546001,100,0.015664763878979002,0.484260177239455,0.024605700227748002,0.008940936348768,0.0036060595642470003,0.008940936348768,100,0.002013361480591,0.108303913238266,0.0025986257463240002,0.000585264265732,100,0.002050557421895,0.108303913238266,0.002676380419831,0.0006258229979360001,-3.7195941304006386e-05,0.0006258229979360001,0.13,0.16,0,0.05,0.06,0,0.042442430494910005,0.11,0.02,0,0.368424047224196,0.393435812214374,0.500032117375744,0.7484000000000001,243.9,,,,,,1.36795,1.5350000000000001,-0.052552853835163504,0.564804572271386,0.5777198464713755,0.07543466417153077,-0.20501464083967255,0.15130701437698071,0.374263730076993,0.4914652622576636,e5
e5_neuroticism_high__temp_61ae519695_s1,e5_neuroticism_high__temp,1,meta-llama/Llama-3.1-8B-Instruct,100,30,prompt,2026-08-03 02:50:01,0.5,0.5,0.5,0.5,0.8,0.15,independent,barabasi_albert,meta-llama/Llama-3.1-8B-Instruct,3.027499999999999,1.67,0.7650704422573421,7.060569058795716,,0.11979613427832701,-0.125,0.24959999999999902,1.52,0.9153266907982941,10.198039027185569,,-0.12112223312100301,-1.0,0.192468619246861,,100,0.09236210276584901,1.028900357257849,0.09243168700345401,6.958423760483525e-05,100,0.092371809803707,1.029253590795464,0.092434460140353,6.265033664409177e-05,-9.707037858422416e-06,6.265033664515363e-05,100,2.015136534937667,116.79781834643175,2.859941976087053,0.844805441149384,100,1.823567974330389,115.41196166000314,2.729840936964543,0.906272962634155,0.191568560607278,0.906272962634153,100,0.030576731952738002,0.41739685751188704,0.06642899974846,0.035852267795722,100,0.013291164418101001,0.29028344460539,0.050809507571127004,0.037518343153025005,0.017285567534636,0.037518343153025005,100,0.0019426996380920002,0.046736396133986,0.004105164341453,0.0021624647033600002,100,0.001614622913532,0.046736396133986,0.0038801421324210004,0.0022655192188890004,0.00032807672456,0.0022655192188890004,100,0.011455552805216,0.484260177239455,0.024369368550231002,0.012913815745014,100,0.016989603954896,0.484260177239455,0.024707132866392003,0.0077175289114950005,-0.005534051149679,0.0077175289114950005,100,0.002248318102254,0.108303913238266,0.002789861139434,0.000541543037179,100,0.00228817638906,0.108303913238266,0.0028801945491720004,0.000592018160111,-3.9858286805719186e-05,0.000592018160111,0.13,0.07,0,0.11,0.08,0,0.033933098065355,0.07500000000000001,-0.044999999999999006,0,0.37440679529512105,0.650429799426934,0.18177625580276502,0.5496000000000001,200.6,,,,,,1.638549999999999,1.595,-0.0006630494213379981,0.5625,0.8401985665278181,-0.010543599344925806,-0.19157068678366138,0.15907150373571985,0.9405964680389703,-0.07916375151847252,e5
e5_neuroticism_high__temp_61ae519695_s2,e5_neuroticism_high__temp,2,meta-llama/Llama-3.1-8B-Instruct,100,30,prompt,2026-08-03 02:53:23,0.5,0.5,0.5,0.5,0.8,0.15,independent,barabasi_albert,meta-llama/Llama-3.1-8B-Instruct,2.6611000000000002,1.55,0.720509388435405,6.086191000918756,,-0.13117400356032902,0.09293680297397701,0.3275,1.57,0.45507486841146705,4.488792012484348,,0.08390983287990601,-0.9787985865724381,0.19488188976377901,,100,0.09271627748124,1.029801711802107,0.09277302568501601,5.6748203775287754e-05,100,0.09217688614206301,1.032067278629567,0.09225558366556501,7.869752350215224e-05,0.0005393913391760001,7.869752350141147e-05,100,2.112154115059452,116.79781834643175,2.918417900011207,0.8062637849517541,100,1.963302266686683,116.79781834643175,2.8690744003829662,0.9057721336962821,0.14885184837276802,0.9057721336962821,100,0.03641487341321,0.41739685751188704,0.060630114776909,0.024215241363699003,100,0.02464353297904,0.343247366649764,0.057147952787293003,0.032504419808253006,0.01177134043417,0.032504419808253006,100,0.0009967961699180001,0.040116509996028005,0.002858799231246,0.001862003061328,100,0.000830279927116,0.046736396133986,0.0025893546204900004,0.001759074693373,0.00016651624280100003,0.001759074693373,100,0.015122487101190001,0.484260177239455,0.027263962406356004,0.012141475305165001,100,0.014709184052394,0.484260177239455,0.024412636084875,0.009703452032481,0.000413303048796,0.009703452032481,100,0.002162925505908,0.101747324365018,0.002781109504434,0.000618183998525,100,0.002296775749623,0.108303913238266,0.002906052065144,0.0006092763155200001,-0.000133850243715,0.0006092763155200001,0.1,0.1,0,0.1,0.08,0,0.026934758198999,0.09,-0.01,0,0.34962439473898504,0.617021276595744,0.177488073366343,0.34440000000000004,201.8,,,,,,1.4943000000000002,1.56,-0.023632085340211502,0.44293089179923056,0.587792128423436,0.09840338704804263,-0.20254604585189936,0.15840450901156855,0.5446368942652504,0.4048257743791597,e5
e5_neuroticism_high__temp_61ae519695_s3,e5_neuroticism_high__temp,3,meta-llama/Llama-3.1-8B-Instruct,100,30,prompt,2026-08-03 02:56:49,0.5,0.5,0.5,0.5,0.8,0.15,independent,barabasi_albert,meta-llama/Llama-3.1-8B-Instruct,2.2864,1.52,0.722373914291907,5.712157619605078,,-0.027667962813738,-0.077464788732394,0.28640000000000004,1.44,0.529860102867328,7.76580274715321,,-0.029332265492041,-1.0,0.114782608695652,,100,0.09365908382245,1.032164722364082,0.09370150264551301,4.2418823062746606e-05,100,0.09310049712752101,1.031982015361867,0.09315265727553,5.216014801109085e-05,0.000558586694929,5.2160148008920104e-05,100,1.9059336528147361,116.79781834643175,2.9178804703587833,1.011946817544043,100,2.472454707621242,126.77598648871773,3.139556741491242,0.667102033869995,-0.566521054806505,0.667102033869999,100,0.046504676045134,0.42798964192076205,0.066974379112002,0.020469703066868003,100,0.029210822794354004,0.36972932767195105,0.057317988567631005,0.028107165773276002,0.017293853250780002,0.028107165773276002,100,0.001980316780151,0.05335628227194401,0.004060551829048,0.0020802350488960003,100,0.001181618710804,0.043426453065007004,0.0029426015433820004,0.001760982832577,0.0007986980693460001,0.001760982832577,100,0.016602099176313,0.484260177239455,0.025367484210989003,0.008765385034676,100,0.018362594624113,0.484260177239455,0.024941498962362002,0.006578904338248001,-0.001760495447799,0.006578904338248001,100,0.0021621779153580003,0.108303913238266,0.00276128952596,0.000599111610602,100,0.0018923569794610001,0.09519073549177001,0.002485934014053,0.0005935770345910001,0.000269820935896,0.0005935770345910001,0.08,0.1,0,0.08,0.12,0,-0.09156009855055801,0.11,0.03,0,0.38421076724664105,0.65835294117647,0.160600293512271,0.665099999999999,206.6,,,,,,1.2864,1.48,-0.0285001141528895,0.538732394366197,0.6261170085796175,0.01274713644488116,-0.16099472982138144,0.11736580399944968,0.36871412852469565,0.2832861326736107,e5
e5_norm_baseline__qwen_619204b529_s1,e5_norm_baseline__qwen,1,Qwen/Qwen2.5-14B-Instruct-AWQ,100,30,prompt,2026-08-03 07:17:25,0.5,0.5,0.5,0.5,0.5,0.15,independent,barabasi_albert,Qwen/Qwen2.5-14B-Instruct-AWQ,2.0896,1.3599999999999999,0.64765584902406,4.458866000665766,,-0.029131425453311002,-0.15025906735751202,1.4916,1.02,0.52919124416129,4.077686888957081,,-0.044861260250159005,-0.14606741573033702,0.101123595505617,,100,0.243092077002021,0.2245914826017,0.8369681507730521,0.593876073771029,100,0.20489297050479602,0.223617045256556,0.790832850701711,0.585939880196915,0.038199106497225,0.585939880196915,100,0.008927443026242,0.105913635770029,0.23334256597100902,0.224415122944765,100,0.01144763905297,0.12886342249728702,0.23611665407621701,0.22466901502324602,-0.002520196026728,0.22466901502324602,100,0.342491968961791,4.063350947442138,0.41011190186791,0.067619932906119,100,0.314932941594786,4.047461770828826,0.378364094988676,0.06343115339388901,0.027559027367004003,0.06343115339389001,100,2.7471590564411123e-05,0.016946908513173,0.002826209876459,0.002798738285894,100,6.60822608835381e-05,0.0062226929696800005,0.0024528140346600003,0.0023867317737770004,-3.861067031912697e-05,0.0023867317737770004,100,0.5650905557976751,1.6438384407077802,1.19647786380696,0.631387308009284,100,0.801292507214817,1.690221571246513,1.55819438392643,0.756901876711613,-0.236201951417141,0.756901876711613,100,0.00010609659680800001,0.016511669012793002,0.000896037813825,0.000789941217017,100,0.00010689386442600001,0.016511669012793002,0.0010434803955410002,0.0009365865311150001,-7.972676184810587e-07,0.0009365865311150001,0.0,0.01,0,0.0,0.0,0,-0.028833903586262002,0.005,0.005,0,0.233163557399288,0.488600491055769,0.415365450856267,1.9370999999999992,276.2,,,,,,1.7906,1.19,-0.036996342851735003,0.14816324154392452,0.588423546592675,0.048093505296931384,0.33990340183747425,0.2723775406050925,-0.2553245129518085,-0.4546429508003861,e5
e5_norm_baseline__qwen_619204b529_s2,e5_norm_baseline__qwen,2,Qwen/Qwen2.5-14B-Instruct-AWQ,100,30,prompt,2026-08-03 07:21:55,0.5,0.5,0.5,0.5,0.5,0.15,independent,barabasi_albert,Qwen/Qwen2.5-14B-Instruct-AWQ,1.9850999999999992,1.23,0.585844151529328,4.237989431448966,,0.008340737395903,0.033492822966507005,1.2651,0.91,0.46390020574275703,3.542272339055211,,-0.016032850923870003,-0.057971014492753006,0.210526315789473,,100,0.153817660684227,0.22093734255741002,0.541896104977249,0.388078444293022,100,0.216103825407746,0.223982459260985,0.802841586917298,0.58673776150955,-0.06228616472351801,0.586737761509552,100,0.030602459557752003,0.151906061622536,0.190315904571305,0.159713445013552,100,0.035079383138798,0.107043108969469,0.240216627775748,0.20513724463695102,-0.004476923581045,0.20513724463695002,100,0.34631518368052605,4.047461770828826,0.39734817115076604,0.051032987470239,100,0.29893965722499405,3.120593135052284,0.36158201729201606,0.06264236006702101,0.047375526455531,0.06264236006702101,100,2.3135583782461914e-08,0.040116509996028005,0.0034348027288790004,0.003434779593295,100,2.416746305255709e-05,0.0062226929696800005,0.0034982226100150004,0.003474055146963,-2.4144327468774632e-05,0.003474055146963,100,0.583496793938659,1.458305918552848,1.243582728475108,0.660085934536448,100,0.5769451066320991,1.458305918552848,1.211137231905654,0.6341921252735551,0.00655168730656,0.6341921252735551,100,2.6771742256674403e-05,0.016511669012793002,0.0005175488081940001,0.0004907770659370001,100,5.082660635072063e-05,0.016511669012793002,0.0006896123659360001,0.000638785759586,-2.4054864094046214e-05,0.000638785759586,0.0,0.0,0,0.0,0.0,0,-0.0021473456223390004,0.0,0.0,0,0.23689411634479202,0.5067147068457251,0.36469106914215504,1.649099999999999,269.6,,,,,,1.6250999999999995,1.07,-0.003846056763983501,0.012239095763123,0.5248721786360425,0.1693542486341212,0.507997179215511,0.24880372206560433,-0.4601797336995195,-0.09267700933080136,e5
e5_norm_baseline__qwen_619204b529_s3,e5_norm_baseline__qwen,3,Qwen/Qwen2.5-14B-Instruct-AWQ,100,30,prompt,2026-08-03 07:26:33,0.5,0.5,0.5,0.5,0.5,0.15,independent,barabasi_albert,Qwen/Qwen2.5-14B-Instruct-AWQ,2.0811,1.29,0.635658857272095,4.8502349640523885,,-0.035724926049669,-0.081081081081081,1.6056,1.04,0.49647681534734306,3.5930914986777758,,-0.074227497496961,0.06145251396648001,0.27272727272727204,,100,0.33917932188799005,0.22557810041365803,1.23986152240004,0.9006822005120511,100,0.35039119230734705,0.223617045256556,1.192135827619532,0.841744635312183,-0.011211870419356,0.841744635312185,100,0.022912847686830003,0.129447561090617,0.26292904620198704,0.24001619851515602,100,0.028864676851454003,0.10009303768702901,0.275091322455676,0.24622664560422103,-0.005951829164624001,0.24622664560422103,100,0.29074041112221205,4.020979809806639,0.36744167870634203,0.07670126758412901,100,0.289967096386465,4.010387025397764,0.359780208539879,0.069813112153413,0.0007733147357470001,0.069813112153414,100,0.000327345317597,0.15848007414272403,0.0030846236984990003,0.002757278380902,100,0.00032509697438200003,0.15848007414272403,0.0029871287021950004,0.0026620317278120004,2.248343214080741e-06,0.0026620317278120004,100,0.822418582607447,1.6438384407077802,1.6150977297859521,0.7926791471785041,100,0.76741576907144,1.6438384407077802,1.5197062813496371,0.7522905122781961,0.05500281353600701,0.7522905122781961,100,3.489939394573409e-05,0.016511669012793002,0.000620165892554,0.000585266498608,100,4.6911628957115765e-05,0.016511669012793002,0.00043063084572000004,0.00038371921676300005,-1.201223501138166e-05,0.00038371921676300005,0.0,0.0,0,0.0,0.0,0,0.006433777465995,0.0,0.0,0,0.228793309953797,0.5003344481605351,0.37704327820479205,1.5224000000000002,277.8,,,,,,1.84335,1.165,-0.054976211773315006,0.009814283557300497,0.566067836309719,-0.21012833392877098,-0.3284493190924647,0.31885344271543137,-0.5156885645273263,-1.3529014366640058,e5
e5_openness_high__qwen_4e26673b5f_s1,e5_openness_high__qwen,1,Qwen/Qwen2.5-14B-Instruct-AWQ,100,30,prompt,2026-08-03 07:31:10,0.8,0.5,0.5,0.5,0.5,0.15,independent,barabasi_albert,Qwen/Qwen2.5-14B-Instruct-AWQ,2.16,1.28,0.598071438725584,4.05210888098304,,-0.028996790412424003,-0.02,1.3704,0.98,0.46459093853640804,3.548571279820576,,0.008831927141191001,-0.21804511278195401,0.08928571428571401,,100,0.19760826350077002,0.223617045256556,0.72162648049383,0.5240182169930591,100,0.282890846028204,0.223617045256556,1.001784303022273,0.71889345699407,-0.08528258252743401,0.718893456994068,100,0.0058027622907710005,0.107050038252901,0.23399025386413302,0.22818749157336102,100,0.023315325554104,0.129488443862866,0.26539267896225804,0.242077353408153,-0.017512563263332,0.242077353408153,100,0.31651126288165204,4.005090633193326,0.380869376717677,0.06435811383602501,100,0.281623888055409,3.750863807380332,0.34748695017941905,0.06586306212401001,0.034887374826243,0.06586306212401001,100,7.986311711065814e-06,0.040116509996028005,0.0029112801605680003,0.0029032938488570002,100,7.86367646333376e-05,0.0062226929696800005,0.0029145577994540003,0.002835921034821,-7.06504529222718e-05,0.002835921034821,100,0.7221612475837991,1.6438384407077802,1.442273643696331,0.7201123961125321,100,0.7706746792417021,1.6438384407077802,1.5055111221493291,0.7348364429076251,-0.048513431657903006,0.7348364429076261,100,6.428600106428477e-05,0.016511669012793002,0.0008941466909020001,0.0008298606898380001,100,7.836233268625607e-05,0.016511669012793002,0.0008182291670820001,0.000739866834396,-1.4076331621971291e-05,0.000739866834396,0.0,0.0,0,0.0,0.0,0,-0.019417654901161003,0.0,0.0,0,0.24385172718703502,0.5732314845566251,0.351426954748419,1.5051,277.8,,,,,,1.7652,1.13,-0.0100824316356165,0.119022556390977,0.531331188630996,-0.03602070881504412,0.3852716525693691,0.2942076838838458,-0.22335790066034333,-0.7747070945905412,e5
e5_openness_high__qwen_4e26673b5f_s2,e5_openness_high__qwen,2,Qwen/Qwen2.5-14B-Instruct-AWQ,100,30,prompt,2026-08-03 07:35:49,0.8,0.5,0.5,0.5,0.5,0.15,independent,barabasi_albert,Qwen/Qwen2.5-14B-Instruct-AWQ,1.617599999999999,1.12,0.6006100570763421,4.651176250634827,,0.007458501037117001,-0.084745762711864,1.0131000000000001,0.81,0.39523107241395306,3.714478037243898,,0.054187343641061,-0.25,0.18333333333333302,,100,0.293896394008208,0.22339779685389902,1.0157044766520409,0.721808082643831,100,0.38597541737042,0.22556591994684402,1.166450651785859,0.7804752344154381,-0.092079023362212,0.7804752344154381,100,0.032271234922340006,0.151813209224545,0.24227984926402402,0.21000861434168303,100,0.055732684021450006,0.166593370785306,0.305747201291923,0.250014517270472,-0.023461449099109,0.250014517270472,100,0.35400014634882804,4.063350947442138,0.406511039948922,0.052510893600094005,100,0.282423473151867,3.644935963291584,0.34642006097516104,0.06399658782329301,0.07157667319696001,0.06399658782329301,100,0.00011696679312900001,0.0062226929696800005,0.0034688654917010005,0.0033518986985710004,100,0.000224052991411,0.0062226929696800005,0.002833416746777,0.002609363755365,-0.000107086198282,0.002609363755365,100,0.6930302344682561,1.6438384407077802,1.397739009010609,0.704708774542352,100,0.65059966421486,1.6438384407077802,1.334918679567634,0.6843190153527741,0.042430570253396006,0.6843190153527741,100,5.5684104598565985e-05,0.016511669012793002,0.000571642195548,0.0005159580909500001,100,3.267559856960432e-05,0.016511669012793002,0.000384834557906,0.000352158959336,2.3008506028961654e-05,0.000352158959336,0.0,0.0,0,0.0,0.0,0,-0.000269551117203,0.0,0.0,0,0.26470664069410504,0.538261152718984,0.345281684994426,1.429899999999999,278.7,,,,,,1.3153499999999996,0.9650000000000001,0.030822922339089003,0.167372881355932,0.49792056474514756,-0.1928814579410639,0.39549155445543044,0.29696114626277975,-0.42357188888518643,-1.2956262535235705,e5
e5_openness_high__qwen_4e26673b5f_s3,e5_openness_high__qwen,3,Qwen/Qwen2.5-14B-Instruct-AWQ,100,30,prompt,2026-08-03 07:40:27,0.8,0.5,0.5,0.5,0.5,0.15,independent,barabasi_albert,Qwen/Qwen2.5-14B-Instruct-AWQ,2.469099999999999,1.4100000000000001,0.673653429045729,5.400830603520299,,0.0012591366182920002,-0.050691244239631006,1.04,0.84,0.425795025842765,3.569784703852378,,0.011098887932818002,-0.21568627450980302,0.177570093457943,,100,0.244296630094387,0.22386065459284202,0.83679653273284,0.5924999026384531,100,0.21323527736854803,0.223617045256556,0.6834970719923861,0.47026179462383905,0.031061352725839004,0.47026179462383805,100,0.024682275984409002,0.152138885545856,0.251302769278418,0.22662049329400902,100,0.029255746386262,0.154099872757152,0.252819605553941,0.22356385916767801,-0.004573470401853,0.22356385916767801,100,0.30976005738655005,3.364227176456403,0.36896801453611705,0.059207957149566004,100,0.337207582773556,3.936237534535641,0.391800340533962,0.054592757760404,-0.027447525387006,0.054592757760405,100,0.000183096103896,0.0062226929696800005,0.003223343213605,0.0030402471097080003,100,7.525563374616752e-05,0.0062226929696800005,0.0034703893009480004,0.0033951336672010004,0.00010784047015000001,0.0033951336672010004,100,0.983975539147882,1.690221571246513,1.807972902696028,0.823997363548146,100,0.8242883727069881,1.690221571246513,1.582873610769605,0.758585238062617,0.159687166440893,0.758585238062617,100,2.606855530002049e-05,0.016511669012793002,0.000662685275751,0.0006366167204510001,100,3.812064468396189e-05,0.016511669012793002,0.0005007299146230001,0.00046260926993900003,-1.2052089383941401e-05,0.00046260926993900003,0.0,0.0,0,0.0,0.0,0,0.026470551959773003,0.0,0.0,0,0.25807106597684304,0.621785714285714,0.300250248710417,1.2224,278.4,,,,,,1.7545499999999996,1.125,0.006179012275555001,0.13318875937471703,0.549724227444247,0.001625501127133,0.35156035013429165,0.2518102320919463,-0.12070635915682137,-0.6496877246757625,e5
e5_neuroticism_high__qwen_46a861d03a_s1,e5_neuroticism_high__qwen,1,Qwen/Qwen2.5-14B-Instruct-AWQ,100,30,prompt,2026-08-03 07:44:46,0.5,0.5,0.5,0.5,0.8,0.15,independent,barabasi_albert,Qwen/Qwen2.5-14B-Instruct-AWQ,2.4276,1.44,0.6811991989300751,5.302682954015182,,-0.009322069359915001,-0.045801526717557,1.1939,1.01,0.45603313742934404,4.11010478739546,,-0.05677523609289,-0.290780141843971,0.25352112676056304,,100,0.359049707837069,0.2245914826017,1.02311733392014,0.664067626083071,100,0.28158299194630204,0.22569990508180102,0.7631139154236201,0.481530923477317,0.07746671589076701,0.481530923477318,100,0.036091435722538,0.156525121958402,0.23459632075375303,0.19850488503121502,100,0.015250296118985,0.15235161454722201,0.251849739336205,0.236599443217219,0.020841139603552,0.236599443217219,100,0.262460603058258,3.3695235686608402,0.329724504566342,0.067263901508084,100,0.26492038343336904,3.321856038820904,0.342464263361739,0.07754387992837,-0.0024597803751110004,0.07754387992837,100,0.00022777177812900002,0.0062226929696800005,0.0030758580951570002,0.0028480863170280003,100,0.00013897408425700002,0.0062226929696800005,0.0028854844698620002,0.0027465103856040003,8.879769387164925e-05,0.0027465103856040003,100,0.48776143449102005,1.504689049091581,1.0679577165183831,0.5801962820273631,100,0.46156713716857106,1.3423480922060151,1.011840783410984,0.550273646242412,0.026194297322448,0.550273646242412,100,7.000868932451455e-05,0.016511669012793002,0.0007318843708920001,0.000661875681567,100,7.794007599899609e-06,0.016511669012793002,0.00046608921182000006,0.00045829520422,6.221468172461495e-05,0.00045829520422,0.0,0.0,0,0.0,0.0,0,0.020365564136208002,0.0,0.0,0,0.21720225620645803,0.364302364302364,0.604008222732429,1.7771,258.7,,,,,,1.81075,1.225,-0.0330486527264025,0.168290834280764,0.5686161681797095,0.13828497731206976,0.5210931433999235,0.22485878307585702,-0.14426291464644578,-0.19585501132250843,e5
e5_neuroticism_high__qwen_46a861d03a_s2,e5_neuroticism_high__qwen,2,Qwen/Qwen2.5-14B-Instruct-AWQ,100,30,prompt,2026-08-03 07:49:16,0.5,0.5,0.5,0.5,0.8,0.15,independent,barabasi_albert,Qwen/Qwen2.5-14B-Instruct-AWQ,2.485899999999999,1.49,0.6960483543107361,5.780145566419521,,0.004079281817922001,-0.059760956175298,1.0075,0.91,0.450935447218593,3.525464127174,,-0.035826726120870005,-0.38129496402877705,0.325714285714285,,100,0.54781542970313,0.23315435077215302,1.301903636214986,0.754088206511855,100,0.26834627873551903,0.22312982658398403,0.7494631834295281,0.48111690469400903,0.27946915096761005,0.48111690469400903,100,0.027686795203321003,0.15219431981331302,0.330524632022317,0.302837836818994,100,0.014827382141588002,0.15183399707484102,0.294700926793215,0.279873544651627,0.012859413061733,0.279873544651627,100,0.262421548613447,3.004072506554661,0.327184088169228,0.064762539555781,100,0.28788076424180103,3.099407566234534,0.347457539951665,0.05957677570986301,-0.025459215628354,0.05957677570986301,100,0.000148001906776,0.0062226929696800005,0.00298452241462,0.0028365205078430002,100,0.00023785047409700003,0.0062226929696800005,0.0028870872354070003,0.0026492367613090003,-8.984856732125295e-05,0.0026492367613090003,100,0.40461977746532,1.226390265859183,0.8974560887948241,0.49283631132950306,100,0.687469073156416,1.6438384407077802,1.385419610186906,0.697950537030489,-0.282849295691096,0.697950537030489,100,3.224886467087701e-05,0.016511669012793002,0.000508810029904,0.00047656116523300005,100,1.406310030287659e-05,0.016511669012793002,0.000513116725866,0.000499053625563,1.8185764368000423e-05,0.000499053625563,0.0,0.0,0,0.01,0.0,0,-0.0026752683488430002,0.0,-0.005,0,0.240069892041565,0.5507300636465741,0.29325510830309803,1.771599999999999,270.3,,,,,,1.7466999999999997,1.2,-0.015873722151474003,0.2205279601020375,0.5734919007646646,0.005846370824477809,0.4541364029751742,0.25361100874547665,-0.059055859564217106,-0.6356706305017424,e5
e5_neuroticism_high__qwen_46a861d03a_s3,e5_neuroticism_high__qwen,3,Qwen/Qwen2.5-14B-Instruct-AWQ,100,30,prompt,2026-08-03 07:53:51,0.5,0.5,0.5,0.5,0.8,0.15,independent,barabasi_albert,Qwen/Qwen2.5-14B-Instruct-AWQ,2.8224,1.62,0.7760890544933831,8.940105749688223,,-0.05981954476216501,0.09407665505226401,1.0756000000000001,1.62,0.759331775354522,6.300446171478194,,0.048440863633473004,-0.6047430830039521,0.20930232558139503,,100,0.375841289381288,0.23053555040707802,1.034875338966251,0.659034049584961,100,0.262893069542567,0.225590280880473,0.8607242589331001,0.597831189390532,0.11294821983872101,0.597831189390532,100,0.005102852878186,0.096528614289535,0.22553604963179802,0.220433196753612,100,0.018042851735163002,0.152381410465981,0.250648174194502,0.23260532245933802,-0.012939998856976002,0.23260532245933802,100,0.28187510816244904,4.010387025397764,0.35881406945216104,0.076938961289712,100,0.245675210151744,3.041147251985723,0.32256874277131503,0.07689353261957001,0.036199898010705,0.076893532619571,100,0.000545474597311,0.15848007414272403,0.0029417858267660004,0.002396311229455,100,0.000464451619199,0.15848007414272403,0.0030944859623830002,0.002630034343183,8.102297811170523e-05,0.002630034343183,100,0.48381394839696706,1.6438384407077802,1.019342829107446,0.535528880710479,100,0.5008477583004081,1.6438384407077802,1.054117742205742,0.553269983905334,-0.01703380990344,0.553269983905334,100,7.323815098386742e-05,0.016511669012793002,0.000637607283339,0.000564369132355,100,7.118543253138082e-05,0.016511669012793002,0.000803719107388,0.0007325336748570001,2.052718452486603e-06,0.0007325336748570001,0.0,0.0,0,0.0,0.0,0,0.019876230797595002,0.0,0.0,0,0.238229551551969,0.540087219054008,0.235707555885652,1.71,274.1,,,,,,1.949,1.62,-0.0056893405643460015,0.255333213975844,0.7677104149239525,0.10455298056138973,-0.227215881419955,0.24399376606546896,0.8146966378376219,-0.30787566323447346,e5
e1q_norm_baseline_84c6c44a4e_s1,e1q_norm_baseline,1,Qwen/Qwen2.5-14B-Instruct-AWQ,100,30,prompt,2026-08-03 10:44:24,0.5,0.5,0.5,0.5,0.5,0.15,independent,barabasi_albert,Qwen/Qwen2.5-14B-Instruct-AWQ,2.2976,1.56,0.7649310789432281,6.266719062637672,,-0.031287691630850004,-0.25735294117647,1.4876,1.02,0.5016337167936641,3.726166382028968,,-0.034366685437124005,-0.09782608695652101,0.18300653594771202,,100,0.27551016485895,0.22573644648224403,0.991819278753659,0.7163091138947081,100,0.145541457495885,0.17172825662764102,0.530038118639041,0.384496661143154,0.129968707363065,0.384496661143155,100,0.030996137593065003,0.15243684473343802,0.337070261156084,0.306074123563018,100,0.059467434432163006,0.157017101082084,0.29052275143461004,0.23105531700244702,-0.028471296839098003,0.23105531700244702,100,0.317771525256,4.063350947442138,0.38960507368958003,0.071833548433579,100,0.28918139516629304,3.851495259264642,0.36213037162223205,0.07294897645593801,0.028590130089707,0.07294897645593801,100,0.000145945663316,0.0062226929696800005,0.002731819371673,0.0025858737083560004,100,7.895899119152465e-05,0.0062226929696800005,0.0030489856071100004,0.0029700266159190004,6.698667212504393e-05,0.0029700266159190004,100,0.579115065696,1.6438384407077802,1.2035782237179071,0.624463158021906,100,0.7933553557789521,1.6438384407077802,1.5504305092822621,0.757075153503309,-0.214240290082951,0.757075153503309,100,0.000132359653417,0.016511669012793002,0.000846012116088,0.00071365246267,100,0.000177441447514,0.016511669012793002,0.001270557018422,0.001093115570907,-4.508179409721074e-05,0.001093115570907,0.0,0.0,0,0.0,0.0,0,-0.014021807431875002,0.0,0.0,0,0.24516055522570002,0.5489487516425751,0.27916645106666504,1.9475,280.4,,,,,,1.8926,1.29,-0.032827188533987,0.1775895140664955,0.6332823978684461,0.169341273687738,0.3970077644231875,0.24160654171527904,0.01367720259429972,-0.09272009785482538,e1q
e1q_norm_baseline_84c6c44a4e_s2,e1q_norm_baseline,2,Qwen/Qwen2.5-14B-Instruct-AWQ,100,30,prompt,2026-08-03 10:49:03,0.5,0.5,0.5,0.5,0.5,0.15,independent,barabasi_albert,Qwen/Qwen2.5-14B-Instruct-AWQ,2.2331,1.33,0.665584920255413,5.572939377705528,,0.028380634390651003,-0.05990783410138201,1.3384,0.9400000000000001,0.492068760764278,3.705570757648625,,0.004425785174093,-0.062937062937062,0.197080291970802,,100,0.260724267069817,0.223617045256556,0.918625698302688,0.657901431232871,100,0.31560352810506703,0.223617045256556,1.0979399902032,0.782336462098134,-0.05487926103525,0.782336462098132,100,0.05797607227638701,0.15195525953490402,0.336691560021929,0.278715487745542,100,0.017514388671912,0.15184785564170603,0.24898377356533402,0.23146938489342103,0.040461683604474004,0.23146938489342103,100,0.290761850162986,3.110000350643409,0.34577721483747703,0.055015364674491,100,0.30411148476459404,4.031572594215514,0.36495301647973205,0.060841531715137,-0.013349634601607001,0.060841531715138,100,2.5742176165091702e-05,0.0062226929696800005,0.0029773238420730003,0.002951581665908,100,6.582221513946148e-05,0.0062226929696800005,0.0034843101043670003,0.0034184878892280003,-4.008003897436978e-05,0.0034184878892280003,100,0.8089195568630091,1.6438384407077802,1.5918125340599891,0.78289297719698,100,0.6136562319694181,1.6438384407077802,1.279466464438246,0.6658102324688291,0.19526332489359102,0.6658102324688281,100,6.0906292900687045e-05,0.016511669012793002,0.0007890874980820001,0.0007281812051810001,100,2.358636907262374e-05,0.016511669012793002,0.000588438475496,0.0005648521064230001,3.731992382806329e-05,0.0005648521064230001,0.0,0.0,0,0.0,0.0,0,0.02791555879101,0.0,0.0,0,0.24933348837284702,0.49892857142857105,0.339696666546397,1.609099999999999,278.3,,,,,,1.78575,1.135,0.016403209782372002,0.061422448519222,0.5788268405098456,-0.03636041239776048,0.3555927014314963,0.2907401585285287,-0.09414946463856469,-0.7758352168619258,e1q
e1q_norm_baseline_84c6c44a4e_s3,e1q_norm_baseline,3,Qwen/Qwen2.5-14B-Instruct-AWQ,100,30,prompt,2026-08-03 10:53:39,0.5,0.5,0.5,0.5,0.5,0.15,independent,barabasi_albert,Qwen/Qwen2.5-14B-Instruct-AWQ,2.0075,1.23,0.581656133282744,4.042584752364057,,-0.036892047991269,-0.015544041450777,1.4170999999999991,0.99,0.49132281401053,3.8524410239895923,,-0.087067574088556,0.0,0.08849557522123801,,100,0.22231457501543503,0.17172825662764102,0.934750120098599,0.7124355450831631,100,0.282933641978733,0.21488365055070402,1.063231515507391,0.7802978735286581,-0.060619066963298,0.7802978735286571,100,0.0254126007472,0.12944894694730302,0.217165999075267,0.191753398328066,100,0.006874209103724001,0.088474015228012,0.15270245262741,0.145828243523685,0.018538391643476003,0.145828243523685,100,0.304452575318495,4.063350947442138,0.37660199618059204,0.07214942086209701,100,0.320139059529074,4.047461770828826,0.38622105031193404,0.06608199078285901,-0.015686484210578,0.06608199078286,100,0.000331248858747,0.15848007414272403,0.0031392684663690005,0.002808019607622,100,0.00028053011509200003,0.0062226929696800005,0.0029056598282740003,0.0026251297131810003,5.071874365412185e-05,0.0026251297131810003,100,0.885383174417629,1.667030005977146,1.7274536133254532,0.8420704389078231,100,0.8226592617732541,1.6438384407077802,1.611652219899411,0.7889929581261571,0.062723912644375,0.7889929581261571,100,6.434093093976875e-05,0.016511669012793002,0.0007794856065050001,0.0007151446755660001,100,6.969154510938396e-05,0.016511669012793002,0.000888921663231,0.000819230118122,-5.35061416961521e-06,0.000819230118122,0.0,0.0,0,0.0,0.0,0,0.0008336868739090001,0.0,0.0,0,0.24708302140675703,0.6578259245423981,0.18130609567473702,1.5224000000000002,275.9,,,,,,1.7122999999999995,1.1099999999999999,-0.0619798110399125,0.0077720207253885,0.536489473646637,-0.14404354048152354,0.35788328330661595,0.29744090429877706,-0.7200264994891676,-1.1334403209125652,e1q
e1q_norm_baseline_84c6c44a4e_s4,e1q_norm_baseline,4,Qwen/Qwen2.5-14B-Instruct-AWQ,100,30,prompt,2026-08-03 10:58:04,0.5,0.5,0.5,0.5,0.5,0.15,independent,barabasi_albert,Qwen/Qwen2.5-14B-Instruct-AWQ,2.653099999999999,1.63,0.785543176171541,6.135277513915019,,-0.11111772019990401,0.055793991416309,1.629099999999999,1.05,0.49739543379218604,3.5275685687979,,0.0035080777103890003,-0.044585987261146,0.24,,100,0.32033205118832303,0.22557810041365803,1.158009259644339,0.837677208456015,100,0.283999853280407,0.223617045256556,1.063566746017193,0.779566892736785,0.036332197907916,0.779566892736785,100,0.014452539343419002,0.102760811808404,0.18253736641315102,0.16808482706973102,100,0.044812502450403004,0.15212502697899102,0.340087925511178,0.29527542306077503,-0.030359963106984002,0.29527542306077403,100,0.308014742607337,4.020979809806639,0.37199529655306,0.06398055394572301,100,0.257140870123781,3.110000350643409,0.336812502094392,0.07967163197061,0.050873872483555,0.07967163197061,100,0.00030337957014700003,0.15848007414272403,0.0032042989965620004,0.002900919426414,100,0.00047629573843100006,0.15848007414272403,0.0032790596183680004,0.002802763879937,-0.000172916168283,0.002802763879937,100,0.6004876557820551,1.481497483822214,1.257935625063556,0.6574479692815011,100,0.519719221978535,1.481497483822214,1.112685324826385,0.59296610284785,0.080768433803519,0.59296610284785,100,4.6252482646839694e-05,0.016511669012793002,0.000649716958075,0.0006034644754280001,100,1.70687185233933e-05,0.016511669012793002,0.0006005027120820001,0.000583433993559,2.9183764123446394e-05,0.000583433993559,0.0,0.0,0,0.01,0.0,0,0.022911801447307003,0.0,-0.005,0,0.203710418225394,0.547106325706594,0.37885726182483004,1.8131,265.5,,,,,,2.141099999999999,1.3399999999999999,-0.05380482124475751,-0.0056040020775815005,0.6414693049818635,0.045755464600122364,-0.18433695139978326,0.2918110414149193,-0.08468627861081957,-0.5031364453775452,e1q
e1q_norm_baseline_84c6c44a4e_s5,e1q_norm_baseline,5,Qwen/Qwen2.5-14B-Instruct-AWQ,100,30,prompt,2026-08-03 11:02:08,0.5,0.5,0.5,0.5,0.5,0.15,independent,barabasi_albert,Qwen/Qwen2.5-14B-Instruct-AWQ,1.9900000000000002,1.22,0.573027733190702,4.022762349352632,,-0.07029423896603801,0.08571428571428501,1.5699,1.07,0.516941580697289,3.7825348274821673,,0.08042791295318201,-0.07853403141361201,0.413043478260869,,100,0.124041624358768,0.17172825662764102,0.49659915398608906,0.37255752962732,100,0.162844173610378,0.17172825662764102,0.7351757858642961,0.572331612253917,-0.038802549251609,0.572331612253918,100,0.005070880489596001,0.105913635770029,0.24543806093136603,0.24036718044176902,100,0.046544637596296005,0.10649569557832901,0.336213718936131,0.28966908133983404,-0.041473757106699004,0.28966908133983504,100,0.317243259882853,4.031572594215514,0.382733607334977,0.06549034745212401,100,0.35492301234002305,4.063350947442138,0.42262205838557004,0.06769904604554601,-0.037679752457169,0.06769904604554601,100,0.00015458712025300002,0.0062226929696800005,0.0028210129796000004,0.0026664258593470003,100,0.00011523239701100001,0.0062226929696800005,0.002956134415097,0.0028409020180860003,3.935472324193398e-05,0.0028409020180860003,100,0.486106536416317,1.6438384407077802,1.020638241590421,0.5345317051741031,100,0.46480590940382904,1.504689049091581,1.019424914425477,0.5546190050216471,0.021300627012488003,0.5546190050216471,100,7.042655759681966e-05,0.016511669012793002,0.0006042466880140001,0.000533820130418,100,0.000189297927574,0.016511669012793002,0.000987845548384,0.0007985476208090001,-0.00011887136997700001,0.0007985476208090001,0.0,0.0,0,0.0,0.0,0,-0.016122491408287,0.0,0.0,0,0.187396992071846,0.602764641687886,0.23347077802404,1.92,244.2,,,,,,1.7799500000000001,1.145,0.005066836993572001,-0.0035901271503364987,0.5449846569439956,0.20194626214787556,0.41705850561263097,0.2479930323833065,-0.216795378200869,0.015557870090047943,e1q
e1q_openness_high_75a64a74b0_s1,e1q_openness_high,1,Qwen/Qwen2.5-14B-Instruct-AWQ,100,30,prompt,2026-08-03 11:06:48,0.8,0.5,0.5,0.5,0.5,0.15,independent,barabasi_albert,Qwen/Qwen2.5-14B-Instruct-AWQ,2.032399999999999,1.24,0.5813646486593951,3.926403182858542,,-0.034436273034749006,-0.010101010101010001,1.365899999999999,0.99,0.488093072243139,3.573528023059832,,-0.018053844962924,-0.09933774834437001,0.28915662650602403,,100,0.20525788613633303,0.22550501761277303,0.6110230461250701,0.405765159988738,100,0.23164935877338502,0.223617045256556,0.764470922794094,0.532821564020709,-0.026391472637051,0.532821564020709,100,0.014063167058415002,0.107079834171659,0.261225721702374,0.24716255464395903,100,0.016623108430761,0.129480128722748,0.247673528251237,0.23105041982047503,-0.0025599413723450004,0.23105041982047503,100,0.32334576344895205,4.020979809806639,0.38509584973320904,0.061750086284257,100,0.324103213110895,4.010387025397764,0.38145428112643004,0.057351068015535,-0.0007574496619430001,0.057351068015535,100,6.613160881745239e-05,0.040116509996028005,0.0028509097175950003,0.0027847781087770003,100,9.331461047444844e-05,0.0062226929696800005,0.0029437997816800002,0.002850485171206,-2.7183001656996064e-05,0.002850485171206,100,0.6688645590116,1.6438384407077802,1.35742851325681,0.6885639542452101,100,0.836122836145705,1.690221571246513,1.6168128406942142,0.780690004548509,-0.16725827713410502,0.780690004548508,100,6.355993062149258e-05,0.016511669012793002,0.0007865624339080001,0.000723002503287,100,1.968588506080682e-05,0.016511669012793002,0.0007333869874950001,0.000713701102434,4.387404556068576e-05,0.000713701102434,0.0,0.0,0,0.0,0.0,0,-0.032825074960257,0.0,0.0,0,0.222668073132323,0.5473615208128481,0.344762854851553,1.5051,279.4,,,,,,1.699149999999999,1.115,-0.0262450589988365,0.054719379222690004,0.534728860451267,-0.018444734548673125,0.3438125173021627,0.267579540446478,-0.44798958915245934,-0.7163390083530401,e1q
e1q_openness_high_75a64a74b0_s2,e1q_openness_high,2,Qwen/Qwen2.5-14B-Instruct-AWQ,100,30,prompt,2026-08-03 11:11:34,0.8,0.5,0.5,0.5,0.5,0.15,independent,barabasi_albert,Qwen/Qwen2.5-14B-Instruct-AWQ,1.87,1.2,0.5636354711793741,3.975877381172458,,-0.026381003579529,-0.076233183856502,1.197099999999999,0.91,0.479554646075373,3.614570321137972,,0.036408395067382006,-0.112426035502958,0.251798561151079,,100,0.27045900702993203,0.22556591994684402,0.810702572437143,0.5402435654072111,100,0.19504833568052202,0.19608919025624003,0.7199229001160321,0.5248745644355091,0.07541067134941,0.5248745644355101,100,0.038966025696923,0.15231904691509102,0.29908325145062503,0.260117225753702,100,0.057249500093003,0.170071871068242,0.36171711999351003,0.304467619900507,-0.018283474396080003,0.304467619900506,100,0.30861499652760305,4.020979809806639,0.368057999237803,0.059443002710200005,100,0.35300312189111305,4.063350947442138,0.406147788311078,0.05314466641996501,-0.04438812536351,0.053144666419964,100,0.00012984894953000002,0.0062226929696800005,0.0033698343199470003,0.0032399853704160003,100,0.000193607971425,0.0062226929696800005,0.002904066692012,0.0027104587205860004,-6.375902189503956e-05,0.0027104587205860004,100,0.5829583489112401,1.458305918552848,1.23004001688123,0.64708166796999,100,0.7887139931789171,1.6438384407077802,1.5506436855434722,0.7619296923645541,-0.205755644267676,0.7619296923645551,100,9.024079193746537e-05,0.016511669012793002,0.0006131664203310001,0.0005229256283940001,100,4.4851050999654804e-05,0.016511669012793002,0.000559303554873,0.000514452503874,4.538974093781056e-05,0.000514452503874,0.0,0.0,0,0.0,0.0,0,-0.032172490326469,0.0,0.0,0,0.26235715249630204,0.5811603650586701,0.270209206044769,1.469599999999999,286.4,,,,,,1.5335499999999995,1.055,0.005013695743926502,0.09432960967973,0.5215950586273735,0.002944144445344965,0.3640874387572495,0.2746069090574992,-0.39703202090366385,-0.6453086395822457,e1q
e1q_openness_high_75a64a74b0_s3,e1q_openness_high,3,Qwen/Qwen2.5-14B-Instruct-AWQ,100,30,prompt,2026-08-03 11:16:11,0.8,0.5,0.5,0.5,0.5,0.15,independent,barabasi_albert,Qwen/Qwen2.5-14B-Instruct-AWQ,2.0539,1.29,0.651844812038685,5.222944698122894,,0.004328755853386,-0.19431279620853,1.075599999999999,0.86,0.47442697565982606,3.566835573076511,,0.039944743150453,-0.194805194805194,0.176056338028169,,100,0.28363556604940704,0.225590280880473,0.9427014723210051,0.659065906271598,100,0.282918718364746,0.22569990508180102,0.8239442082583891,0.5410254898936401,0.000716847684661,0.5410254898936421,100,0.006842378344043,0.14748933636288802,0.194436922309763,0.18759454396572,100,0.042671610272562006,0.15245832551207703,0.303975234459612,0.26130362418705,-0.035829231928518,0.26130362418705,100,0.321135499336936,4.010387025397764,0.382019411530919,0.060883912193982,100,0.354745166826303,4.031572594215514,0.40682092976099005,0.052075762934685,-0.033609667489367,0.05207576293468601,100,0.00022673890146200003,0.0062226929696800005,0.0029860946058630003,0.0027593557044010004,100,0.00010376099471,0.0062226929696800005,0.003498239205558,0.0033944782108480003,0.00012297790675100002,0.0033944782108480003,100,0.974691872635233,1.690221571246513,1.8257033528566011,0.8510114802213671,100,0.7554208190252191,1.6438384407077802,1.493009852113174,0.7375890330879541,0.219271053610013,0.7375890330879541,100,4.9996579681864685e-05,0.016511669012793002,0.000641441133588,0.000591444553907,100,1.0288032350956372e-05,0.016511669012793002,0.000532077654476,0.000521789622125,3.9708547330908305e-05,0.000521789622125,0.0,0.0,0,0.0,0.0,0,0.025118614721812003,0.0,0.0,0,0.23931847065208503,0.6126844834463501,0.291682066661338,1.217099999999999,276.9,,,,,,1.5647499999999996,1.075,0.0221367495019195,0.194558995506862,0.5631358938492556,-0.11813066925352045,0.3546903250190816,0.26598502965605036,-0.1419776051446989,-1.0473862177615803,e1q
e1q_openness_high_75a64a74b0_s4,e1q_openness_high,4,Qwen/Qwen2.5-14B-Instruct-AWQ,100,30,prompt,2026-08-03 11:20:08,0.8,0.5,0.5,0.5,0.5,0.15,independent,barabasi_albert,Qwen/Qwen2.5-14B-Instruct-AWQ,1.527499999999999,1.01,0.514510918160739,3.837874753033538,,-0.032536951263248,0.011235955056179001,1.477899999999999,1.03,0.48767891776909406,3.423731473846508,,0.017743525405502003,-0.12883435582822,0.162162162162162,,100,0.179329947650365,0.22178997523441102,0.637892793803962,0.45856284615359505,100,0.170368853535309,0.223617045256556,0.564504531494964,0.39413567795965304,0.008961094115056,0.39413567795965504,100,0.025846621798866,0.151840926358273,0.304955308100883,0.279108686302016,100,0.08289643215618,0.155804476481459,0.309417162911492,0.226520730755311,-0.057049810357314004,0.226520730755311,100,0.291890490279381,3.819716906038018,0.361402721882327,0.069512231602946,100,0.26490152666601,3.041147251985723,0.335594699532448,0.070693172866437,0.026988963613370002,0.070693172866437,100,0.000503484860662,0.15848007414272403,0.003269791935908,0.0027663070752450003,100,0.0005881810214750001,0.15848007414272403,0.002978903413837,0.002390722392361,-8.469616081345542e-05,0.002390722392361,100,0.7489212655038161,1.6438384407077802,1.48612649032282,0.7372052248190041,100,0.655231594214824,1.6438384407077802,1.329611334673396,0.6743797404585711,0.09368967128899201,0.6743797404585711,100,4.203645533889656e-05,0.016511669012793002,0.0006281788730560001,0.0005861424177170001,100,4.187710982609562e-05,0.016511669012793002,0.000617007219549,0.000575130109722,1.5934551280094271e-07,0.000575130109722,0.0,0.0,0,0.0,0.0,0,0.012084230307467001,0.0,0.0,0,0.19859144337280102,0.670486111111111,0.244852541366147,1.6416,237.5,,,,,,1.502699999999999,1.02,-0.007396712928872999,0.0587992003860205,0.5010949179649166,0.14683330106181577,-0.22637304363109212,0.22811586242367587,-0.5823447413985879,-0.16746686678784561,e1q
e1q_openness_high_75a64a74b0_s5,e1q_openness_high,5,Qwen/Qwen2.5-14B-Instruct-AWQ,100,30,prompt,2026-08-03 11:24:06,0.8,0.5,0.5,0.5,0.5,0.15,independent,barabasi_albert,Qwen/Qwen2.5-14B-Instruct-AWQ,1.8475000000000001,1.11,0.5183935605092951,3.528240141109989,,0.046578566360757,-0.14084507042253502,1.3970999999999991,1.03,0.5524277526847401,4.066031074112958,,0.064705594439821,-0.09090909090909001,0.17647058823529402,,100,0.23329668348906302,0.223909376460099,0.8262190248738741,0.59292234138481,100,0.24245942277602303,0.22339779685389902,0.8981402045156681,0.6556807817396441,-0.00916273928696,0.6556807817396441,100,0.055625695910606,0.156511263391538,0.28879030763588104,0.23316461172527403,100,0.019137413134902,0.105913635770029,0.23043910327261302,0.21130169013771102,0.036488282775704005,0.21130169013771102,100,0.32916264887072905,3.846198867060205,0.392404197789374,0.063241548918645,100,0.38267502573307505,4.063350947442138,0.43400930574081503,0.051334280007740006,-0.05351237686234601,0.051334280007740006,100,7.483666961422481e-05,0.0062226929696800005,0.0031072786423980005,0.0030324419727840004,100,7.166949981236076e-05,0.0062226929696800005,0.0032202373905750002,0.0031485678907630004,3.167169801864062e-06,0.0031485678907630004,100,0.7560415882007491,1.667030005977146,1.490033309336275,0.733991721135526,100,0.52039257193216,1.6438384407077802,1.092401445255705,0.572008873323544,0.23564901626858803,0.572008873323544,100,9.847172365679192e-05,0.016511669012793002,0.000747681350076,0.0006492096264190001,100,7.180850969381123e-05,0.016511669012793002,0.0006758404951750001,0.0006040319854810001,2.6663213962980683e-05,0.0006040319854810001,0.0,0.0,0,0.0,0.0,0,0.034915335546458,0.0,0.0,0,0.18728901289134,0.646649260226283,0.42497534850933005,1.6504,237.6,,,,,,1.6222999999999996,1.07,0.05564208040028901,0.11587708066581251,0.5354106565970176,0.02969794074720315,0.3524735056588759,0.2490130375141472,0.01491030717166203,-0.5564619067604286,e1q
e1q_openness_low_38b8c7318f_s1,e1q_openness_low,1,Qwen/Qwen2.5-14B-Instruct-AWQ,100,30,prompt,2026-08-03 11:28:43,0.2,0.5,0.5,0.5,0.5,0.15,independent,barabasi_albert,Qwen/Qwen2.5-14B-Instruct-AWQ,2.16,1.32,0.6197713027291191,4.408663366053148,,0.011279897650627,-0.028340080971659003,1.7616,1.16,0.5468518953289261,3.741050578864725,,-0.07537775175102601,0.03125,0.31654676258992803,,100,0.246038074517361,0.225590280880473,0.837588043108153,0.591549968590792,100,0.24647904713159802,0.22556591994684402,0.838508321932651,0.592029274801054,-0.00044097261423700005,0.592029274801052,100,0.020303919731458002,0.15207652199496602,0.23505357881437902,0.21474965908292,100,0.014206375970362001,0.151813209224545,0.205524136541226,0.19131776057086403,0.006097543761095001,0.19131776057086403,100,0.275134578177313,3.840902474855768,0.34834297939562003,0.073208401218307,100,0.314345808239395,3.120593135052284,0.37536003501697,0.061014226777575,-0.039211230062082006,0.061014226777575,100,7.513798521136341e-05,0.0062226929696800005,0.0032671607550190003,0.0031920227698070004,100,7.73995016178755e-05,0.0062226929696800005,0.0032264464198500003,0.0031490469182320004,-2.2615164065120732e-06,0.0031490469182320004,100,0.7053363069730441,1.6438384407077802,1.442986366601297,0.737650059628253,100,0.5180704494754921,1.481497483822214,1.124998855469028,0.606928405993536,0.187265857497552,0.606928405993536,100,2.639656873548316e-05,0.016511669012793002,0.0006838809118380001,0.000657484343102,100,3.99381335211318e-05,0.016511669012793002,0.00046403404861200005,0.00042409591509100003,-1.3541564785648641e-05,0.00042409591509100003,0.0,0.0,0,0.0,0.0,0,0.025615899250189002,0.0,0.0,0,0.24139902718837802,0.580598629642985,0.34284536406731503,2.109099999999999,277.2,,,,,,1.9608,1.24,-0.0320489270501995,-0.0014549595141704983,0.5833115990290225,0.11751887636514856,0.5001366125342782,0.24247713516272532,-0.1998313599514865,-0.26481719529689446,e1q
e1q_openness_low_38b8c7318f_s2,e1q_openness_low,2,Qwen/Qwen2.5-14B-Instruct-AWQ,100,30,prompt,2026-08-03 11:33:17,0.2,0.5,0.5,0.5,0.5,0.15,independent,barabasi_albert,Qwen/Qwen2.5-14B-Instruct-AWQ,2.225899999999999,1.35,0.633431581147472,4.592320767866742,,-0.059755788567144,0.0,1.448399999999999,1.08,0.51467587667351,3.656971181598904,,0.036084122494158,-0.215469613259668,0.14285714285714202,,100,0.24344420587657803,0.22556591994684402,0.7773800046965961,0.5339357988200201,100,0.350916822856197,0.22556591994684402,1.011265439249077,0.66034861639288,-0.107472616979619,0.660348616392879,100,0.005321068404204,0.107050038252901,0.27688325586349904,0.271562187459294,100,0.021782056744573,0.154099872757152,0.27715311855587804,0.25537106181130403,-0.016460988340368,0.25537106181130503,100,0.33593602324486505,4.047461770828826,0.399655603120109,0.063719579875244,100,0.27467516328655,3.396005529683028,0.34868426128620705,0.074009097999656,0.061260859958314005,0.074009097999656,100,2.770483299426586e-06,0.040116509996028005,0.0030825013697320003,0.003079730886433,100,1.2595252144163361e-05,0.040116509996028005,0.003340379033008,0.003327783780863,-9.824768844736777e-06,0.003327783780863,100,0.764428261473715,1.57426374489968,1.5305645774922199,0.7661363160185031,100,0.599248919125499,1.458305918552848,1.277733266499671,0.6784843473741711,0.16517934234821602,0.6784843473741721,100,5.410049720815756e-05,0.016511669012793002,0.0007982503467520001,0.0007441498495440001,100,6.622098902757177e-05,0.016511669012793002,0.000784628739219,0.000718407750191,-1.2120491819414222e-05,0.000718407750191,0.0,0.0,0,0.0,0.0,0,0.017080775287646,0.0,0.0,0,0.25734846752615403,0.420733652312599,0.48029761424250905,1.9,274.0,,,,,,1.837149999999999,1.215,-0.011835833036493,0.107734806629834,0.574053728910491,-0.05506827011477337,0.3253120956469738,0.27870988585151085,-0.07177408601498392,-0.8379621769949284,e1q
e1q_openness_low_38b8c7318f_s3,e1q_openness_low,3,Qwen/Qwen2.5-14B-Instruct-AWQ,100,30,prompt,2026-08-03 11:37:54,0.2,0.5,0.5,0.5,0.5,0.15,independent,barabasi_albert,Qwen/Qwen2.5-14B-Instruct-AWQ,2.0564,1.28,0.640067954390753,5.002361552197674,,-0.07183851799570501,0.046296296296296,1.669899999999999,1.11,0.543758051510409,4.003433235013395,,-0.050173358684710005,0.047619047619047006,0.08661417322834601,,100,0.27689019683180305,0.23070851303584103,0.9325331213713131,0.65564292453951,100,0.404325137653927,0.23092532534513602,1.299928061531721,0.895602923877794,-0.127434940822123,0.895602923877794,100,0.019804588704155003,0.15209038056183102,0.263049918453295,0.24324532974914,100,0.014547504572957,0.15209038056183102,0.24703510245228702,0.23248759787932902,0.005257084131197001,0.23248759787932902,100,0.29291002713783704,3.85679165146908,0.365110654226384,0.07220062708854601,100,0.28748431109426903,3.374819960865278,0.360755684443047,0.07327137334877801,0.0054257160435680005,0.07327137334877801,100,0.000101928587805,0.0062226929696800005,0.002915377813121,0.0028134492253160002,100,3.624212479223486e-05,0.0062226929696800005,0.0033605114824860004,0.003324269357694,6.568646301277342e-05,0.003324269357694,100,0.6135924639537811,1.6438384407077802,1.2705807629970511,0.65698829904327,100,0.7815845577518271,1.6438384407077802,1.516417841617129,0.7348332838653011,-0.167992093798046,0.7348332838653011,100,5.62555043257566e-05,0.016511669012793002,0.0005103217468060001,0.00045406624248000004,100,9.347612394639572e-05,0.016511669012793002,0.000729088778009,0.0006356126540630001,-3.7220619620639126e-05,0.0006356126540630001,0.0,0.0,0,0.0,0.0,0,-0.047452628100335,0.0,0.0,0,0.25667368898354403,0.41858994625355606,0.46134404154308206,1.7364000000000002,276.3,,,,,,1.8631499999999996,1.195,-0.06100593834020751,-0.046957671957671504,0.591913002950581,-0.26433696414206637,0.42171225970459,0.3233591768304932,-0.5512283078391322,-1.5329229794333519,e1q
e1q_openness_low_38b8c7318f_s4,e1q_openness_low,4,Qwen/Qwen2.5-14B-Instruct-AWQ,100,30,prompt,2026-08-03 11:42:09,0.2,0.5,0.5,0.5,0.5,0.15,independent,barabasi_albert,Qwen/Qwen2.5-14B-Instruct-AWQ,2.09,1.3,0.6087298450931701,4.138271281430405,,-0.11100902654743301,-0.012765957446808002,1.4796,1.0,0.49153206742806205,3.649433100508333,,-0.123974879480127,0.17791411042944702,0.21917808219178,,100,0.246127173316663,0.22556591994684402,0.8372281042308061,0.5911009309141431,100,0.188509126826527,0.223617045256556,0.64758192413762,0.459072797311092,0.057618046490135,0.459072797311092,100,0.00989339631933,0.09066921221931501,0.22517763287601303,0.21528423655668302,100,0.014924009788763001,0.129445482305587,0.29263378406879303,0.277709774280029,-0.005030613469433,0.277709774280029,100,0.329176336825977,4.010387025397764,0.39951483411785005,0.070338497291872,100,0.313787918018745,3.930941142331203,0.37668601044862904,0.062898092429883,0.015388418807232001,0.062898092429883,100,0.000288635245316,0.0062226929696800005,0.002842692727008,0.0025540574816920003,100,0.00026647603309200003,0.0062226929696800005,0.002824179638617,0.002557703605525,2.2159212224112313e-05,0.002557703605525,100,0.6021836897621711,1.6438384407077802,1.234495432146129,0.632311742383957,100,0.5921191176097941,1.6438384407077802,1.215106129781657,0.622987012171863,0.010064572152377,0.622987012171863,100,3.939472325261388e-05,0.016511669012793002,0.0008055938698380001,0.000766199146586,100,2.7292441335906333e-05,0.016511669012793002,0.000616041086079,0.000588748644743,1.210228191670754e-05,0.000588748644743,0.0,0.0,0,0.0,0.0,0,0.013012447579075001,0.0,0.0,0,0.22546125405233103,0.616768621806405,0.278730480007359,2.0596,255.4,,,,,,1.7848,1.15,-0.11749195301378001,-0.08257407649131951,0.550130956260616,0.15579001000637452,0.36627563272014835,0.23763568807385582,-1.0558140095279944,-0.13772251508607536,e1q
e1q_openness_low_38b8c7318f_s5,e1q_openness_low,5,Qwen/Qwen2.5-14B-Instruct-AWQ,100,30,prompt,2026-08-03 11:46:33,0.2,0.5,0.5,0.5,0.5,0.15,independent,barabasi_albert,Qwen/Qwen2.5-14B-Instruct-AWQ,1.993599999999999,1.22,0.568065870529823,3.8609462350046293,,-0.011183735441701,0.005347593582887,1.8599999999999999,1.16,0.564509303869115,4.133010082040887,,-0.019414240527419,0.044025157232704004,0.24050632911392403,,100,0.24462182374048602,0.22556591994684402,0.777745077613029,0.533123253872542,100,0.429470338112917,0.23070851303584103,1.262125236554052,0.832654898441132,-0.18484851437243102,0.832654898441134,100,0.010186978830942,0.105913635770029,0.27261455042613303,0.26242757159519103,100,0.0031323826825760005,0.10705211703793001,0.225197358623474,0.22206497594089702,0.007054596148366001,0.22206497594089702,100,0.282078207010445,3.110000350643409,0.35396701637605105,0.071888809365605,100,0.253153946332896,3.152371488278908,0.329530323024793,0.07637637669189601,0.028924260677549003,0.07637637669189701,100,7.148714852672541e-05,0.082351383556202,0.0037385770407860003,0.0036670898922590003,100,0.000146895703274,0.0062226929696800005,0.0033048247347730003,0.0031579290314980002,-7.540855474810056e-05,0.0031579290314980002,100,0.644863417556872,1.6438384407077802,1.306350304290313,0.661486886733441,100,0.676322910896555,1.6438384407077802,1.363675710948832,0.6873528000522761,-0.031459493339683,0.6873528000522761,100,6.329850456380636e-05,0.016511669012793002,0.00067100965802,0.000607711153456,100,5.324328044454293e-05,0.016511669012793002,0.00059030954003,0.000537066259586,1.005522411926342e-05,0.000537066259586,0.0,0.0,0,0.0,0.0,0,-0.030065750702804,0.0,0.0,0,0.211741036721508,0.56339913014386,0.26087968739751805,2.409099999999999,263.9,,,,,,1.9267999999999994,1.19,-0.01529898798456,-0.024686375407795502,0.566287587199469,-0.22722359137511963,0.4454074065912403,0.30369067440288083,-0.21487636839320626,-1.4096731095032142,e1q
e1q_conscientiousness_high_9dadc75c28_s1,e1q_conscientiousness_high,1,Qwen/Qwen2.5-14B-Instruct-AWQ,100,30,prompt,2026-08-03 11:51:09,0.5,0.8,0.5,0.5,0.5,0.15,independent,barabasi_albert,Qwen/Qwen2.5-14B-Instruct-AWQ,2.3539,1.37,0.647466576450032,4.708575171314585,,-0.0077406750432870005,-0.026315789473684,1.7996,1.16,0.545801782490937,3.835120246222739,,-0.10032770355432301,0.026455026455026003,0.26162790697674404,,100,0.153490334465786,0.17172825662764102,0.6613778761487671,0.50788754168298,100,0.161665923198707,0.17172825662764102,0.7343805628912881,0.5727146396925811,-0.008175588732921001,0.5727146396925801,100,0.017902619424643003,0.106980745418579,0.24932861826409503,0.23142599883945103,100,0.010420376416941001,0.099607987846779,0.18860019897323502,0.17817982255629403,0.007482243007702001,0.17817982255629303,100,0.27433794173966203,3.041147251985723,0.347394942056574,0.07305700031691201,100,0.31945491167593504,4.031572594215514,0.37965987408248003,0.06020496240654501,-0.045116969936272004,0.06020496240654501,100,1.7250962939633568e-06,0.040116509996028005,0.002553291584131,0.0025515664878370003,100,8.944481110044617e-06,0.0062226929696800005,0.0031015831273360005,0.003092638646226,-7.219384816081259e-06,0.003092638646226,100,0.7017784914798151,1.690221571246513,1.393340343724315,0.6915618522444991,100,0.647736856508043,1.690221571246513,1.291022718577056,0.6432858620690131,0.054041634971771,0.6432858620690131,100,3.028093784862089e-05,0.016511669012793002,0.0008792673315320001,0.000848986393684,100,1.0330549157855352e-05,0.016511669012793002,0.00043104697317100004,0.000420716424013,1.995038869076553e-05,0.000420716424013,0.0,0.0,0,0.0,0.0,0,0.0013740083856920002,0.0,0.0,0,0.24990744695778902,0.459200528576148,0.37563227034961205,2.0456,276.5,,,,,,2.07675,1.2650000000000001,-0.054034189298805005,-6.961849067100082e-05,0.5966341794704846,0.2238211553799785,0.3641020724645754,0.2429831069657787,-0.23444719648976095,0.08820224446481428,e1q
e1q_conscientiousness_high_9dadc75c28_s2,e1q_conscientiousness_high,2,Qwen/Qwen2.5-14B-Instruct-AWQ,100,30,prompt,2026-08-03 11:55:50,0.5,0.8,0.5,0.5,0.5,0.15,independent,barabasi_albert,Qwen/Qwen2.5-14B-Instruct-AWQ,1.81,1.12,0.532329780068841,3.796485303473407,,-0.071998616628557,0.016949152542372,1.6099,1.07,0.514090746866763,3.728830314055693,,-0.14697939222889903,0.20903954802259803,0.275862068965517,,100,0.193471995305234,0.17172825662764102,0.6594109491569701,0.46593895385173606,100,0.09810838059683401,0.17172825662764102,0.390339444107325,0.292231063510491,0.0953636147084,0.292231063510491,100,0.008412035895525001,0.151813209224545,0.255654208958012,0.24724217306248603,100,0.012293318522089001,0.15181667386626102,0.205220794436924,0.192927475914834,-0.0038812826265630005,0.19292747591483503,100,0.327989718020522,3.925644750126766,0.40020068977146,0.072210971750937,100,0.32355251116994205,4.031572594215514,0.39704685399404704,0.07349434282410401,0.004437206850579,0.07349434282410401,100,0.000246120481014,0.0062226929696800005,0.0029321626050410003,0.002686042124026,100,0.000132787514558,0.0062226929696800005,0.002998981312951,0.002866193798393,0.000113332966456,0.002866193798393,100,0.830950433757463,1.667030005977146,1.6080059586794362,0.777055524921973,100,0.7911503054693081,1.690221571246513,1.535421059588776,0.7442707541194681,0.039800128288155004,0.7442707541194671,100,5.1287796499084745e-05,0.016511669012793002,0.000563883376452,0.000512595579953,100,0.00010000858463900001,0.016511669012793002,0.000824909087092,0.0007249005024530001,-4.8720788140143346e-05,0.0007249005024530001,0.0,0.0,0,0.0,0.0,0,0.022630713233147002,0.0,0.0,0,0.23373445900985002,0.5980204342273301,0.33842493666947004,2.0131,280.2,,,,,,1.70995,1.0950000000000002,-0.10948900442872801,-0.11299435028248501,0.523210263467802,0.22575740095252314,0.3639449126234751,0.21775245511162386,-1.1630901208109976,0.0946323260547437,e1q
e1q_conscientiousness_high_9dadc75c28_s3,e1q_conscientiousness_high,3,Qwen/Qwen2.5-14B-Instruct-AWQ,100,30,prompt,2026-08-03 12:00:21,0.5,0.8,0.5,0.5,0.5,0.15,independent,barabasi_albert,Qwen/Qwen2.5-14B-Instruct-AWQ,2.3676000000000013,1.3599999999999999,0.651075703473581,4.969637344560047,,-0.004592374451635,-0.098591549295774,1.2179,0.87,0.43603353500103503,3.38374076695497,,-0.028195259042033002,0.027397260273972,0.25,,100,0.13225797254757202,0.17172825662764102,0.5682446397990131,0.43598666725144203,100,0.09963725295863501,0.19759956814121302,0.450926116685528,0.35128886372689305,0.032620719588936004,0.35128886372689205,100,0.013143489189544002,0.09366612730371701,0.29863649888612503,0.28549300969658103,100,0.020208165245816003,0.151813209224545,0.302503112166399,0.28229494692058205,-0.007064676056272001,0.28229494692058205,100,0.351388100905874,4.063350947442138,0.41956116342945304,0.068173062523578,100,0.261560150311897,3.364227176456403,0.334859801933789,0.073299651621892,0.08982795059397601,0.073299651621891,100,0.00036880520568000004,0.15848007414272403,0.0030139528082450003,0.002645147602564,100,0.00037535572592300006,0.15848007414272403,0.0031660925724190003,0.0027907368464960003,-6.550520242537169e-06,0.0027907368464960003,100,1.118048471766099,1.690221571246513,1.982506599910148,0.8644581281440481,100,0.838509641879512,1.690221571246513,1.579749203572645,0.7412395616931331,0.279538829886586,0.7412395616931321,100,6.855711204337969e-05,0.016511669012793002,0.000974221005051,0.000905663893008,100,0.00010022816167300001,0.016511669012793002,0.0009868141014770001,0.0008865859398040001,-3.167104962964901e-05,0.0008865859398040001,0.0,0.0,0,0.0,0.0,0,0.065814100407225,0.0,0.0,0,0.20939308805622,0.559389515593895,0.37372565587002005,1.8056,271.1,,,,,,1.7927500000000007,1.115,-0.016393816746834003,0.035597144510901,0.543554619237308,0.23328477278198576,-0.26327587750374387,0.24196672445813336,-0.3540151477284436,0.11962998942322378,e1q
e1q_conscientiousness_high_9dadc75c28_s4,e1q_conscientiousness_high,4,Qwen/Qwen2.5-14B-Instruct-AWQ,100,30,prompt,2026-08-03 12:05:01,0.5,0.8,0.5,0.5,0.5,0.15,independent,barabasi_albert,Qwen/Qwen2.5-14B-Instruct-AWQ,2.2019,1.29,0.6113923086348201,4.430951648664236,,-0.024442088819459,0.023923444976076003,1.6859000000000002,1.11,0.525348140264683,3.685314923298633,,-0.017286156187451003,-0.028571428571428,0.106194690265486,,100,0.19889459844304902,0.225590280880473,0.658915176615096,0.46002057817204506,100,0.18772922545565202,0.22312982658398403,0.7084194086980751,0.520690183242425,0.011165372987397,0.520690183242422,100,0.038068064296662006,0.12916138168486901,0.28357946005557705,0.245511395758915,100,0.058810025790566,0.152416056883141,0.326844952720436,0.26803492692987,-0.020741961493903,0.26803492692987,100,0.332719476578343,4.010387025397764,0.393639581412193,0.060920104833850006,100,0.28312189086183603,4.010387025397764,0.35873660914339905,0.07561471828156201,0.049597585716507006,0.07561471828156201,100,0.000125903767118,0.0062226929696800005,0.0033177197396320004,0.0031918159725130004,100,0.000151415208302,0.0062226929696800005,0.003191865986596,0.003040450778293,-2.5511441183904544e-05,0.003040450778293,100,1.230040514747091,1.690221571246513,2.115649025223359,0.8856085104762671,100,0.8939409291164241,1.690221571246513,1.677703474806925,0.7837625456905001,0.33609958563066705,0.7837625456905001,100,7.197076789519738e-05,0.016511669012793002,0.000672859280169,0.0006008885122740001,100,0.000131212991376,0.016511669012793002,0.000958396001938,0.0008271830105610001,-5.92422234814799e-05,0.0008271830105610001,0.01,0.01,0,0.0,0.0,0,0.06267263819600001,0.005,0.0,0,0.26471981716355103,0.4925068119891,0.36840706583756305,1.7075,280.5,,,,,,1.9439000000000002,1.2000000000000002,-0.020864122503455002,0.002323991797675999,0.5683702244497515,0.047577968319571395,0.3439541273619558,0.27532833465553513,-0.1982340733760483,-0.4563549985251454,e1q
e1q_conscientiousness_high_9dadc75c28_s5,e1q_conscientiousness_high,5,Qwen/Qwen2.5-14B-Instruct-AWQ,100,30,prompt,2026-08-03 12:09:35,0.5,0.8,0.5,0.5,0.5,0.15,independent,barabasi_albert,Qwen/Qwen2.5-14B-Instruct-AWQ,2.0984,1.24,0.59264807778225,4.3410116609041705,,-0.116867843128255,0.10994764397905701,1.776399999999999,1.12,0.529171331410003,3.736105412744839,,0.05669127516778501,-0.029940119760479004,0.314285714285714,,100,0.10582426095781201,0.22326381171894202,0.461882066890103,0.356057805932291,100,0.092662609994134,0.17172825662764102,0.49921854441988206,0.40655593442574905,0.013161650963678,0.40655593442574806,100,0.030551438202454,0.15185478492513801,0.263462280279864,0.23291084207740903,100,0.020348836539333,0.15215274411272,0.20987262123382103,0.18952378469448702,0.010202601663121001,0.18952378469448802,100,0.333850530671332,4.031572594215514,0.397319465189975,0.06346893451864201,100,0.31758084960807803,4.010387025397764,0.380609218062039,0.06302836845396001,0.016269681063254,0.06302836845396001,100,0.00037797942248,0.15848007414272403,0.002905647181027,0.0025276677585470003,100,0.000529513321673,0.15848007414272403,0.002737531482277,0.002208018160604,-0.000151533899193,0.002208018160604,100,0.9808269449270901,1.690221571246513,1.778742341397515,0.7979153964704241,100,0.8743280508094511,1.6438384407077802,1.638606307169535,0.7642782563600831,0.106498894117639,0.7642782563600841,100,7.359571199510438e-05,0.016511669012793002,0.000880967150142,0.0008073714381470001,100,9.65893582726438e-05,0.016511669012793002,0.0009290565368700001,0.000832467178598,-2.2993646277539404e-05,0.000832467178598,0.0,0.0,0,0.0,0.0,0,0.024326383377037002,0.0,0.0,0,0.24387378475721802,0.43896940418679503,0.45810998082805104,2.3184,273.9,,,,,,1.9373999999999993,1.1800000000000002,-0.030088283980234998,-0.04000376210928901,0.5609097045961265,0.12835913488272965,-0.306171556066225,0.23773780487891352,-0.33319093683818674,-0.2288177602498368,e1q
e1q_conscientiousness_low_8685527c45_s1,e1q_conscientiousness_low,1,Qwen/Qwen2.5-14B-Instruct-AWQ,100,30,prompt,2026-08-03 12:14:12,0.5,0.2,0.5,0.5,0.5,0.15,independent,barabasi_albert,Qwen/Qwen2.5-14B-Instruct-AWQ,2.3144,1.38,0.6410634956616801,4.563290213357163,,-0.081694320919936,0.046025104602510004,1.57,1.24,0.62147450826337,4.952081837005439,,0.0011351123557310002,-0.16666666666666602,0.094202898550724,,100,0.5102565516459241,0.23263059069913802,1.269516154106197,0.759259602460275,100,0.325502101274712,0.22580952928313003,0.9276079275633831,0.602105826288672,0.18475445037121102,0.602105826288671,100,0.038140804956653,0.154120660607449,0.269796818004405,0.23165601304775102,100,0.00467376394891,0.105913635770029,0.253328687737702,0.24865492378879203,0.033467041007742004,0.24865492378879203,100,0.29970162221162605,4.020979809806639,0.36963276465417005,0.069931142442543,100,0.28040279709659505,4.010387025397764,0.35299684747528803,0.072594050378693,0.019298825115031,0.072594050378693,100,9.406224416993356e-05,0.040116509996028005,0.0037154229254830005,0.0036213606813130005,100,4.4732945225311174e-05,0.040116509996028005,0.003076818501918,0.003032085556692,4.9329298944622395e-05,0.003032085556692,100,0.527999297714828,1.481497483822214,1.127303386558273,0.599304088843444,100,0.54765280762468,1.6438384407077802,1.159512814239039,0.611860006614357,-0.019653509909851003,0.611860006614358,100,8.577452284753035e-05,0.016511669012793002,0.001163796809394,0.0010780222865460001,100,0.000130728889968,0.016511669012793002,0.001116591009031,0.0009858621190620002,-4.495436712120761e-05,0.0009858621190620002,0.01,0.01,0,0.0,0.0,0,0.036311863585992005,0.005,0.0,0,0.271439850604206,0.59487898982813,0.224420332122913,1.54,276.6,,,,,,1.9422000000000001,1.31,-0.040279604282102505,0.06032078103207801,0.6312690019625251,-0.007007010265857853,0.2042120012377078,0.25653879245771133,-0.09003031083497764,-0.6376263573164734,e1q
e1q_conscientiousness_low_8685527c45_s2,e1q_conscientiousness_low,2,Qwen/Qwen2.5-14B-Instruct-AWQ,100,30,prompt,2026-08-03 12:18:22,0.5,0.2,0.5,0.5,0.5,0.15,independent,barabasi_albert,Qwen/Qwen2.5-14B-Instruct-AWQ,1.9131,1.21,0.5713606442047291,4.066135889569479,,-0.035500581318124,0.025125628140703002,1.4300000000000002,1.0,0.49138526342192,3.669215618428572,,0.074878246753246,-0.144927536231884,0.061224489795918005,,100,0.413177382442648,0.231290739349565,1.069664413113136,0.6564870306704881,100,0.401400200475006,0.23081691919048902,1.059511171431231,0.6581109709562231,0.011777181967642,0.6581109709562251,100,0.019521989438568,0.151813209224545,0.237302392891025,0.21778040345245603,100,0.015325957263036,0.151813209224545,0.20265970092398203,0.18733374366094702,0.004196032175532,0.18733374366094602,100,0.294503858472114,3.099407566234534,0.35966770622578803,0.06516384775367401,100,0.286957671492073,3.623750394473835,0.36029701364048905,0.073339342148415,0.00754618698004,0.073339342148415,100,4.9469757957787703e-05,0.040116509996028005,0.0032862045578010003,0.0032367347998430002,100,4.858823964796892e-05,0.040116509996028005,0.0031257843502690004,0.003077196110621,8.815183098187846e-07,0.003077196110621,100,0.5687821255869231,1.458305918552848,1.226146994407646,0.6573648688207231,100,0.6397693564255891,1.458305918552848,1.3506949764911051,0.7109256200655161,-0.07098723083866601,0.7109256200655161,100,6.884628316956394e-05,0.016511669012793002,0.0007725646971040001,0.000703718413934,100,9.869574707881129e-05,0.016511669012793002,0.0008710109084400001,0.0007723151613610001,-2.9849463909247322e-05,0.0007723151613610001,0.0,0.0,0,0.01,0.0,0,-0.007916132943508,0.0,-0.005,0,0.206120896909281,0.637154150197628,0.29095643247837705,1.397899999999999,250.5,,,,,,1.67155,1.105,0.019688832717561,0.0599009540455905,0.5313729538133245,-0.19445109488416012,0.2990241318010446,0.27225986468384716,-0.18441391494223558,-1.3008388638214534,e1q
e1q_conscientiousness_low_8685527c45_s3,e1q_conscientiousness_low,3,Qwen/Qwen2.5-14B-Instruct-AWQ,100,30,prompt,2026-08-03 12:23:10,0.5,0.2,0.5,0.5,0.5,0.15,independent,barabasi_albert,Qwen/Qwen2.5-14B-Instruct-AWQ,2.105899999999999,1.31,0.6392828310308161,4.850745358422196,,-0.004604541605157,-0.06779661016949101,1.0444,0.84,0.416664024822604,3.9043405689561,,0.020025773119874003,-0.26315789473684204,0.37190082644628103,,100,0.41372882774926806,0.230768197323231,1.249059002811884,0.8353301750626171,100,0.233523642362874,0.223617045256556,0.7651817027198511,0.531658060356977,0.18020518538639402,0.531658060356976,100,0.032449261696420005,0.152416056883141,0.31304970438852403,0.28060044269210405,100,0.007152536934122,0.11785972040704401,0.294372161648195,0.28721962471407203,0.025296724762297003,0.28721962471407203,100,0.32169834193122504,4.010387025397764,0.390947774009585,0.069249432078359,100,0.278136033269332,3.110000350643409,0.349253242472354,0.071117209203022,0.04356230866189301,0.071117209203022,100,1.702511985910947e-05,0.040116509996028005,0.0034976714535950005,0.003480646333736,100,4.204971857436575e-06,0.040116509996028005,0.003461587962856,0.0034573829909990005,1.2820148001672901e-05,0.0034573829909990005,100,1.002594393993634,1.6438384407077802,1.862106756859682,0.859512362866049,100,0.812386404238964,1.481497483822214,1.611072714666031,0.7986863104270661,0.19020798975466902,0.7986863104270661,100,3.3221246209990275e-05,0.016511669012793002,0.000584097529969,0.0005508762837590001,100,6.2037701410616e-05,0.016511669012793002,0.0007006777008540001,0.000638639999443,-2.8816455200625735e-05,0.000638639999443,0.0,0.0,0,0.0,0.0,0,0.07320936870967601,0.0,0.0,0,0.278258365785652,0.5768611021592001,0.254632245052318,1.3739,288.2,,,,,,1.5751499999999996,1.075,0.007710615757358501,0.16547725245316652,0.5279734279267101,0.05898325104243318,0.34939297202200154,0.2821295379485965,-0.2558039043871583,-0.4592082643222675,e1q
e1q_conscientiousness_low_8685527c45_s4,e1q_conscientiousness_low,4,Qwen/Qwen2.5-14B-Instruct-AWQ,100,30,prompt,2026-08-03 12:27:43,0.5,0.2,0.5,0.5,0.5,0.15,independent,barabasi_albert,Qwen/Qwen2.5-14B-Instruct-AWQ,2.061099999999999,1.23,0.609190854269764,4.783840708904572,,-0.007677372763972,-0.17894736842105202,1.5474999999999999,1.05,0.525841390739551,3.898782788757321,,-0.09024607289329101,0.081081081081081,0.184931506849315,,100,0.38636333987042903,0.23214337202656601,0.9853109186286161,0.598947578758186,100,0.364058307115733,0.23263059069913802,0.902352083690888,0.5382937765751561,0.022305032754695003,0.5382937765751551,100,0.03706328890818,0.154126896962537,0.24236929055539,0.20530600164720902,100,0.021707869588628,0.157017101082084,0.22336825906737,0.20166038947874101,0.015355419319552002,0.20166038947874101,100,0.26176550263367604,3.099407566234534,0.33556530876967505,0.073799806135998,100,0.256624621491992,3.26889211677653,0.339740026399719,0.08311540490772701,0.005140881141683,0.08311540490772601,100,8.140324362851538e-06,0.040116509996028005,0.0035389850322780003,0.003530844707916,100,1.023635106210849e-06,0.040116509996028005,0.0036560365299730005,0.0036550128948670004,7.116689256640689e-06,0.0036550128948670004,100,0.5599385758002351,1.57426374489968,1.194223151621464,0.6342845758212281,100,0.5096054249855391,1.458305918552848,1.10741326555421,0.5978078405686701,0.050333150814696005,0.5978078405686711,100,8.682393339579538e-05,0.016511669012793002,0.0008217451421130001,0.0007349212087180001,100,9.78917938789227e-05,0.016511669012793002,0.0009466909816910001,0.000848799187812,-1.1067860483127302e-05,0.000848799187812,0.0,0.0,0,0.0,0.0,0,0.015521755476566002,0.0,0.0,0,0.269069119359685,0.527883880825057,0.32448946820582303,1.6236000000000002,272.4,,,,,,1.8042999999999993,1.1400000000000001,-0.0489617228286315,0.04893314366998551,0.5675161225046575,-0.01717677395746479,0.3356579016547269,0.23756353726882887,-0.500121659927822,-0.712128235623644,e1q
e1q_conscientiousness_low_8685527c45_s5,e1q_conscientiousness_low,5,Qwen/Qwen2.5-14B-Instruct-AWQ,100,30,prompt,2026-08-03 12:32:21,0.5,0.2,0.5,0.5,0.5,0.15,independent,barabasi_albert,Qwen/Qwen2.5-14B-Instruct-AWQ,1.98,1.2,0.560394541464808,3.857777503904161,,-0.109787890058955,0.16,2.0416,1.26,0.589745475990595,3.9482008037846112,,-0.004342757879819001,-0.019801980198019,0.251655629139072,,100,0.32831894733988204,0.23263059069913802,0.868588339948791,0.540269392608907,100,0.52274852523129,0.23316653123896702,1.2811315491551492,0.758383023923859,-0.19442957789140802,0.758383023923858,100,0.008418430958606001,0.151854091996795,0.19586043074082501,0.187441999782218,100,0.027202630005493004,0.151813209224545,0.261659317066718,0.23445668706122402,-0.018784199046887003,0.23445668706122402,100,0.28547267526527803,3.925644750126766,0.361734653227182,0.07626197796190401,100,0.28318560736118104,3.110000350643409,0.352856086340467,0.06967047897928501,0.002287067904096,0.06967047897928501,100,4.433697103379373e-07,0.040116509996028005,0.003067008375069,0.0030665650053590004,100,2.246936798725878e-07,0.040116509996028005,0.003279005068004,0.0032787803743240004,2.186760304653494e-07,0.0032787803743240004,100,0.678229063203855,1.458305918552848,1.404485071507436,0.7262560083035801,100,0.657581709505584,1.481497483822214,1.364641976638765,0.707060267133179,0.02064735369827,0.70706026713318,100,3.891517820518585e-05,0.016511669012793002,0.00061689106017,0.0005779758819640001,100,8.998350795185915e-05,0.016511669012793002,0.0009416402221040001,0.000851656714152,-5.106832974667329e-05,0.000851656714152,0.0,0.0,0,0.0,0.0,0,-0.031721700831607004,0.0,0.0,0,0.267995190935965,0.600837404047452,0.301142187349247,1.4955999999999992,278.6,,,,,,2.0107999999999997,1.23,-0.057065323969387,-0.0700990099009905,0.5750700087277015,-0.4113088724167797,0.3451619785141869,0.2956168156976705,-0.4136558475763789,-2.021002268049642,e1q
e1q_extraversion_high_4499870e93_s1,e1q_extraversion_high,1,Qwen/Qwen2.5-14B-Instruct-AWQ,100,30,prompt,2026-08-03 12:37:13,0.5,0.5,0.8,0.5,0.5,0.15,independent,barabasi_albert,Qwen/Qwen2.5-14B-Instruct-AWQ,2.220399999999999,1.3,0.605634020014818,4.128881311315976,,-0.018420063768913003,-0.033175355450236005,1.7204000000000002,1.1,0.5181268868237441,3.618019206190997,,-0.06934257602862201,-0.017964071856287,0.10476190476190402,,100,0.097562172250895,0.17172825662764102,0.44986940832422806,0.35230723607333203,100,0.12283217887639301,0.157893926029296,0.49670588485737005,0.373873705980977,-0.025270006625497003,0.373873705980977,100,0.007834544221554001,0.15186517885028603,0.215292305900315,0.20745776167876,100,0.031979944452302005,0.106551129845787,0.33487186703800903,0.302891922585707,-0.024145400230747002,0.302891922585707,100,0.343557925667748,4.063350947442138,0.41494456017847603,0.071386634510727,100,0.268900647407437,3.862088043673517,0.347720129784903,0.078819482377465,0.074657278260311,0.07881948237746601,100,5.787129965811374e-05,0.040116509996028005,0.0030128552591420004,0.002954983959484,100,0.000181030653115,0.0062226929696800005,0.002855579434096,0.002674548780981,-0.00012315935345700001,0.002674548780981,100,0.436812773659056,1.226390265859183,0.9631525547103321,0.526339781051275,100,0.817663168833308,1.6438384407077802,1.5957769154905281,0.7781137466572211,-0.380850395174251,0.7781137466572201,100,3.913782316981516e-05,0.016511669012793002,0.000567373079038,0.000528235255868,100,5.6410642869242964e-05,0.016511669012793002,0.0008889953224460001,0.0008325846795770001,-1.72728196994278e-05,0.0008325846795770001,0.0,0.0,0,0.0,0.0,0,-0.059291492657223006,0.0,0.0,0,0.245378444553141,0.531182795698924,0.35892921762515,1.877099999999999,291.9,,,,,,1.9703999999999995,1.2000000000000002,-0.04388131989876751,0.0255697136532615,0.5618804534192811,0.2343472166608146,0.4020236256830015,0.25620099851032135,-0.30596209696958643,0.12315826131314334,e1q
e1q_extraversion_high_4499870e93_s2,e1q_extraversion_high,2,Qwen/Qwen2.5-14B-Instruct-AWQ,100,30,prompt,2026-08-03 12:42:09,0.5,0.5,0.8,0.5,0.5,0.15,independent,barabasi_albert,Qwen/Qwen2.5-14B-Instruct-AWQ,2.6011,1.49,0.723073942408037,6.811720504067038,,-0.034441794414302,0.017094017094017002,1.2736,0.88,0.43124879140291505,3.48217755694861,,0.018070691100476002,-0.065420560747663,0.17213114754098302,,100,0.222917835473415,0.17172825662764102,0.8748209931385761,0.65190315766516,100,0.26289687568290104,0.223617045256556,0.9798469457244071,0.716950070041506,-0.039979040209486005,0.716950070041505,100,0.035979871713721,0.151813209224545,0.28049693074089505,0.24451705902717402,100,0.028733122740339002,0.12945449037404902,0.341667152948667,0.31293403020832805,0.007246748973382001,0.31293403020832805,100,0.34027057115478504,4.020979809806639,0.39485540287644505,0.05458483172166,100,0.320054724201613,4.010387025397764,0.38046016562307505,0.060405441421462,0.020215846953171003,0.060405441421462,100,8.047666408547608e-05,0.0062226929696800005,0.002948422328338,0.0028679456642520004,100,7.683252286715796e-05,0.0062226929696800005,0.0032094267596620004,0.003132594236794,3.6441412183181212e-06,0.003132594236794,100,0.799693418620755,1.6438384407077802,1.578605510222186,0.77891209160143,100,0.6019808427690001,1.504689049091581,1.270486171677976,0.6685053289089751,0.19771257585175503,0.6685053289089751,100,6.16075670896314e-05,0.016511669012793002,0.000675595885666,0.0006139883185760001,100,6.87475658761967e-05,0.016511669012793002,0.0006083327639670001,0.0005395851980910001,-7.139998786565294e-06,0.0005395851980910001,0.0,0.0,0,0.0,0.0,0,0.030865439285209004,0.0,0.0,0,0.259487345972128,0.6236417517286791,0.241575806388154,1.8939,295.7,,,,,,1.9373500000000001,1.185,-0.008185551656912999,0.024163271826823,0.577161366905476,0.032320635329239344,0.4001420227894876,0.29374450833585936,-0.12422643228702268,-0.5477521953544547,e1q
e1q_extraversion_high_4499870e93_s3,e1q_extraversion_high,3,Qwen/Qwen2.5-14B-Instruct-AWQ,100,30,prompt,2026-08-03 12:46:45,0.5,0.5,0.8,0.5,0.5,0.15,independent,barabasi_albert,Qwen/Qwen2.5-14B-Instruct-AWQ,2.2259,1.33,0.627828631167202,4.472701212506948,,-0.021255089398992,-0.09433962264150901,1.1811,0.85,0.41832816387556504,3.373170193387529,,-0.025317619183790004,0.013333333333333001,0.10294117647058801,,100,0.453706771430655,0.225590280880473,1.4636791570572472,1.00997238562659,100,0.284310635202331,0.22386065459284202,1.063580766249842,0.7792701310475091,0.169396136228323,0.7792701310475101,100,0.019571331702763,0.152061970499759,0.259990462552991,0.240419130850227,100,0.019983586610049002,0.151867950563659,0.279692115471256,0.25970852886120604,-0.00041225490728600005,0.25970852886120604,100,0.31925518210588405,3.930941142331203,0.383576753894225,0.06432157178834,100,0.275343085965273,3.110000350643409,0.34524016757896203,0.069897081613688,0.04391209614061,0.069897081613688,100,0.000126584935953,0.0062226929696800005,0.003262515931831,0.003135930995877,100,0.00040153748083800005,0.15848007414272403,0.0032114906028480003,0.002809953122009,-0.00027495254488500004,0.002809953122009,100,0.573379987886183,1.458305918552848,1.202802498665261,0.6294225107790761,100,0.723272325091541,1.5510721796303142,1.456797930542592,0.7335256054510501,-0.14989233720535702,0.7335256054510501,100,5.118195911789498e-05,0.016511669012793002,0.0006014964218480001,0.00055031446273,100,5.0950800918033146e-05,0.016511669012793002,0.0006439975049370001,0.0005930467040190001,2.311581998618188e-07,0.0005930467040190001,0.0,0.0,0,0.0,0.0,0,0.010454819811600001,0.0,0.0,0,0.19323849628172002,0.619172685489166,0.314946750938562,1.757099999999999,276.3,,,,,,1.7035,1.09,-0.023286354291391004,0.040503144654088004,0.5230783975213835,-0.06306770548979361,-0.2055650393294053,0.30763405779991354,-0.4806075576959516,-0.8645275170861382,e1q
e1q_extraversion_high_4499870e93_s4,e1q_extraversion_high,4,Qwen/Qwen2.5-14B-Instruct-AWQ,100,30,prompt,2026-08-03 12:51:28,0.5,0.5,0.8,0.5,0.5,0.15,independent,barabasi_albert,Qwen/Qwen2.5-14B-Instruct-AWQ,2.0964,1.28,0.594510816255567,4.128043106955801,,-0.085703785666636,0.066666666666666,1.3091,0.99,0.46763639112120603,3.60555127546399,,0.023670889779676,-0.131147540983606,0.07228915662650601,,100,0.13948334713486002,0.19608919025624003,0.6392273398114491,0.49974399267659003,100,0.17293841793227402,0.223617045256556,0.745955853764048,0.573017435831773,-0.033455070797414,0.573017435831773,100,0.043349826555538006,0.15190259698082,0.23653385274502903,0.19318402618949002,100,0.013861503107247002,0.105913635770029,0.299525229317868,0.285663726210621,0.029488323448291002,0.285663726210621,100,0.27314783232434403,3.4807478049540252,0.33892612563780905,0.065778293313465,100,0.31993657977534,4.031572594215514,0.38221345243049604,0.062276872655156,-0.046788747450996,0.062276872655155004,100,0.0005955963757270001,0.15848007414272403,0.0029711610653910003,0.002375564689664,100,0.000935215388441,0.15848007414272403,0.003283238097187,0.002348022708745,-0.00033961901271400003,0.002348022708745,100,0.8762242486211681,1.6438384407077802,1.7024948272213951,0.826270578600226,100,0.582226623222591,1.57426374489968,1.225947961270355,0.6437213380477641,0.29399762539857704,0.6437213380477631,100,8.79591019577658e-05,0.016511669012793002,0.001004763912406,0.000916804810449,100,1.600879338449496e-05,0.016511669012793002,0.00042687186057,0.00041086306718500005,7.195030857327084e-05,0.00041086306718500005,0.0,0.0,0,0.0,0.0,0,0.040495743649052,0.0,0.0,0,0.219462368840618,0.5544147843942501,0.23793224430116502,1.7091,283.1,,,,,,1.70275,1.135,-0.031016447943479998,0.032240437158470005,0.5310736036883865,0.057238487628133584,-0.30957814585955373,0.2612397097535407,-0.46650142877326883,-0.465002452450133,e1q
e1q_extraversion_high_4499870e93_s5,e1q_extraversion_high,5,Qwen/Qwen2.5-14B-Instruct-AWQ,100,30,prompt,2026-08-03 12:56:11,0.5,0.5,0.8,0.5,0.5,0.15,independent,barabasi_albert,Qwen/Qwen2.5-14B-Instruct-AWQ,2.047499999999999,1.21,0.58404589569317,4.363279519884436,,0.13697512159299802,-0.2,1.6203999999999992,1.06,0.501384256284323,3.519484759029914,,-1.841603668479498e-06,-0.063829787234042,0.148148148148148,,100,0.20413546100388102,0.17172825662764102,0.8508171722368421,0.646681711232962,100,0.17967437976436101,0.22312982658398403,0.696764046526099,0.5170896667617381,0.024461081239519,0.5170896667617371,100,0.021556980061170003,0.15221510766360902,0.249115387367274,0.22755840730610402,100,0.012969431170426001,0.147572487764073,0.24871170164560802,0.235742270475181,0.008587548890743,0.235742270475181,100,0.290311325377448,4.063350947442138,0.35710859242325904,0.066797267045811,100,0.26993618723247004,3.374819960865278,0.346685652950641,0.076749465718169,0.020375138144978003,0.07674946571817001,100,0.00012228559046600001,0.0062226929696800005,0.003077404180934,0.002955118590468,100,9.133614424748011e-05,0.0062226929696800005,0.003419339078651,0.0033280029344040004,3.094944621867883e-05,0.0033280029344040004,100,0.528308068926116,1.6438384407077802,1.102280565488491,0.573972496562375,100,0.617088776893668,1.6438384407077802,1.254234368485578,0.6371455915919101,-0.08878070796755101,0.6371455915919101,100,7.589386254275551e-05,0.016511669012793002,0.000629819647749,0.0005539257852060001,100,0.00010512937876800001,0.016511669012793002,0.001065664336986,0.0009605349582170001,-2.923551622555853e-05,0.0009605349582170001,0.0,0.0,0,0.0,0.0,0,-0.005892537627052,0.0,0.0,0,0.21577151261358102,0.49475409836065504,0.356946767864585,1.7975999999999992,282.6,,,,,,1.833949999999999,1.135,0.06848663999466477,0.13191489361702102,0.5427150759887465,0.23504830244532335,0.42509629704339763,0.24516925540660317,0.3293476082283673,0.1254864984230707,e1q
e1q_extraversion_low_770306531e_s1,e1q_extraversion_low,1,Qwen/Qwen2.5-14B-Instruct-AWQ,100,30,prompt,2026-08-03 13:00:33,0.5,0.5,0.2,0.5,0.5,0.15,independent,barabasi_albert,Qwen/Qwen2.5-14B-Instruct-AWQ,2.2676,1.38,0.6534843686599641,4.938692435149296,,-0.05573432874243701,0.019762845849802,1.797899999999999,1.17,0.561546774297993,4.084347210038691,,0.018066563292265,-0.004608294930875,0.288557213930348,,100,0.17257570135105801,0.224835091937986,0.509141844379233,0.336566143028173,100,0.17921747813004402,0.21119296910597102,0.6975485510897761,0.518331072959731,-0.006641776778985001,0.518331072959732,100,0.055738395649337004,0.154120660607449,0.29337487929167,0.23763648364233203,100,0.013226774272540001,0.105913635770029,0.280170789457725,0.266944015185184,0.042511621376796004,0.266944015185184,100,0.28680735436730204,4.031572594215514,0.353314532661027,0.066507178293724,100,0.299880438490069,4.010387025397764,0.35926549494292304,0.059385056452854,-0.013073084122766001,0.059385056452854,100,6.1112197891634305e-06,0.040116509996028005,0.003147485042695,0.003141373822906,100,0.0006179799064,0.0062226929696800005,0.04567414418902,0.045056164282620007,-0.0006118686866100001,0.045056164282620007,100,1.197807628128205,1.690221571246513,2.065263089035945,0.8674554609077391,100,0.9302839089267091,1.6438384407077802,1.744328105673035,0.8140441967463261,0.26752371920149604,0.8140441967463261,100,7.951985958450215e-05,0.016511669012793002,0.0009827445124080002,0.0009032246528230001,100,3.6597960951452236e-05,0.016511669012793002,0.0005931662493280001,0.0005565682883760001,4.29218986330499e-05,0.0005565682883760001,0.0,0.0,0,0.0,0.0,0,0.048291922148093004,0.0,0.0,0,0.23867262486943802,0.48840579710144905,0.383936641744865,2.0056,261.5,,,,,,2.032749999999999,1.275,-0.018833882725086,-0.0075772754594635,0.6075155714789786,-0.03762109893628981,0.36333744951981356,0.28405284565251515,-0.02814514327643103,-0.780021833176,e1q
e1q_extraversion_low_770306531e_s2,e1q_extraversion_low,2,Qwen/Qwen2.5-14B-Instruct-AWQ,100,30,prompt,2026-08-03 13:04:48,0.5,0.5,0.2,0.5,0.5,0.15,independent,barabasi_albert,Qwen/Qwen2.5-14B-Instruct-AWQ,2.5416,1.54,0.718137567388145,6.220158555259264,,0.018574432060473,-0.017182130584192,1.3984,0.98,0.48092060788408403,3.5883804897703113,,0.092508045804954,-0.07042253521126701,0.33333333333333304,,100,0.30461397525827505,0.22556591994684402,0.9654990074509521,0.660885032192676,100,0.22290269332593302,0.223617045256556,0.7539856067021551,0.53108291337622,0.081711281932341,0.531082913376222,100,0.051131961404021,0.155804476481459,0.31241023607232205,0.261278274668302,100,0.023174190146547,0.15181667386626102,0.248135921029139,0.22496173088259103,0.027957771257473,0.22496173088259103,100,0.32329847854743204,3.110000350643409,0.38632503090650205,0.06302655235906901,100,0.29072937141659705,3.925644750126766,0.35839953920628603,0.067670167789688,0.032569107130835,0.067670167789688,100,8.958994506200489e-05,0.0062226929696800005,0.0031949469163110003,0.003105356971249,100,9.233917941973487e-05,0.0062226929696800005,0.003302265304427,0.003209926125007,-2.7492343577299564e-06,0.003209926125007,100,1.09920795385063,1.6438384407077802,1.966249679581777,0.867041725731146,100,1.084926731014779,1.6438384407077802,1.9688469448922121,0.883920213877433,0.014281222835851001,0.883920213877433,100,7.107748556808509e-05,0.016511669012793002,0.0008488930294440001,0.0007778155438760001,100,2.9303599474518966e-05,0.016511669012793002,0.00041934513537300003,0.000390041535898,4.1773886093566124e-05,0.000390041535898,0.0,0.0,0,0.0,0.0,0,0.026093067968039,0.0,0.0,0,0.224753700226085,0.607371794871794,0.17623749757749102,1.8970999999999991,255.8,,,,,,1.97,1.26,0.0555412389327135,0.04380233289772951,0.5995290876361146,-0.08030351855012548,0.36676700069158646,0.2852058322644729,0.43301908276456014,-0.9217659613300953,e1q
e1q_extraversion_low_770306531e_s3,e1q_extraversion_low,3,Qwen/Qwen2.5-14B-Instruct-AWQ,100,30,prompt,2026-08-03 13:08:59,0.5,0.5,0.2,0.5,0.5,0.15,independent,barabasi_albert,Qwen/Qwen2.5-14B-Instruct-AWQ,1.7544,1.16,0.577452728515651,4.28035742475911,,-0.066523275464741,0.014634146341463001,1.5504,1.16,0.5671123748097361,4.376195809978118,,-0.048691328059672,-0.030042918454935,0.381578947368421,,100,0.24402526616958703,0.223617045256556,0.8975323488206821,0.653507082651094,100,0.254670543488246,0.22562682228091602,0.8512387995319011,0.596568256043655,-0.010645277318659,0.596568256043655,100,0.01063617164318,0.10651094000188001,0.25351254978982,0.242876378146639,100,0.045475447512477,0.15185478492513801,0.330485002608405,0.285009555095928,-0.034839275869296006,0.285009555095927,100,0.261570934928587,3.099407566234534,0.34217523934536304,0.080604304416776,100,0.29078361856127205,3.930941142331203,0.36281464535808206,0.07203102679681,-0.029212683632684002,0.07203102679681,100,1.5975621428598703e-05,0.0062226929696800005,0.0034012480941840004,0.003385272472756,100,1.7217115235599303e-05,0.0062226929696800005,0.0033935057457380002,0.0033762886305030004,-1.241493807000597e-06,0.0033762886305030004,100,1.069486665361737,1.690221571246513,1.929966534089409,0.860479868727672,100,0.7896220544117311,1.667030005977146,1.546157231674488,0.7565351772627561,0.27986461095000503,0.7565351772627561,100,3.6183567839209866e-05,0.016511669012793002,0.00044739169394600006,0.00041120812610700004,100,2.2407532656193683e-05,0.016511669012793002,0.00037496830366200005,0.000352560771006,1.377603518301618e-05,0.000352560771006,0.0,0.0,0,0.0,0.0,0,0.034196651445123,0.0,0.0,0,0.19967786102113103,0.48691860465116205,0.29321206255007903,1.701899999999999,250.6,,,,,,1.6524,1.16,-0.057607301762206506,0.007704386056736,0.5722825516626935,0.013342609862020738,0.3582980562501265,0.28564547743344304,-0.6457781263582765,-0.6107763560809271,e1q
e1q_extraversion_low_770306531e_s4,e1q_extraversion_low,4,Qwen/Qwen2.5-14B-Instruct-AWQ,100,30,prompt,2026-08-03 13:13:10,0.5,0.5,0.2,0.5,0.5,0.15,independent,barabasi_albert,Qwen/Qwen2.5-14B-Instruct-AWQ,2.427499999999999,1.3900000000000001,0.6494647637776471,4.746540649373973,,-0.05763539949554101,0.004694835680751,1.5604,1.0,0.47393159447609506,3.46652469954011,,-0.046673652609816006,0.028571428571428,0.25806451612903203,,100,0.24423216681060803,0.22562682228091602,0.7784026709970631,0.5341705041864551,100,0.14679094746276902,0.21464004121441801,0.5309596964069361,0.384168748944166,0.097441219347838,0.384168748944166,100,0.019666721406948,0.10671050336472601,0.252091708555481,0.23242498714853302,100,0.02453018715092,0.106551129845787,0.24426866159931201,0.219738474448391,-0.004863465743972,0.219738474448391,100,0.30640323507633604,3.639639571087147,0.36872572776474705,0.062322492688411,100,0.285362320545104,3.930941142331203,0.35745901431578203,0.07209669377067701,0.021040914531232,0.07209669377067701,100,8.547678653268152e-05,0.0062226929696800005,0.002988141439247,0.002902664652715,100,4.6175616705027355e-05,0.0062226929696800005,0.002875174393299,0.002828998776594,3.9301169827654166e-05,0.002828998776594,100,0.865117986768635,1.690221571246513,1.6543844884938341,0.7892665017251981,100,0.7465169016807911,1.6438384407077802,1.4804052673818782,0.7338883657010861,0.118601085087843,0.7338883657010861,100,0.000275695404879,0.016511669012793002,0.001738082170435,0.001462386765555,100,0.00020238957676300002,0.016511669012793002,0.0014884811492500002,0.001286091572486,7.330582811553188e-05,0.001286091572486,0.01,0.01,0,0.0,0.0,0,0.038722060036814006,0.005,0.0,0,0.211452264493823,0.583864118895966,0.31755109094675404,1.8970999999999991,251.0,,,,,,1.9939499999999994,1.195,-0.05215452605267851,-0.016633132126089502,0.561698179126871,0.2016337095384472,0.3702258192483196,0.2356678955355667,-0.3947411580531388,0.05524900433518154,e1q
e1q_extraversion_low_770306531e_s5,e1q_extraversion_low,5,Qwen/Qwen2.5-14B-Instruct-AWQ,100,30,prompt,2026-08-03 13:17:28,0.5,0.5,0.2,0.5,0.5,0.15,independent,barabasi_albert,Qwen/Qwen2.5-14B-Instruct-AWQ,2.721099999999999,1.5899999999999999,0.750498027340412,6.829754973859145,,-0.11084873467827801,0.097472924187725,1.745099999999999,1.15,0.547697382015444,3.959021289943653,,0.008573911974060001,0.025641025641025002,0.27160493827160404,,100,0.15520742646561903,0.19999912010363002,0.60373606916097,0.44852864269535003,100,0.18068748700129802,0.22355614292248502,0.6396022474282871,0.45891476042698803,-0.025480060535678,0.45891476042698803,100,0.006827917149354001,0.12941776517185902,0.164618561144104,0.15779064399475,100,0.05843606281925601,0.15207652199496602,0.245201148830357,0.186765086011101,-0.051608145669901004,0.186765086011101,100,0.270480791453792,4.010387025397764,0.355040426321905,0.08455963486811201,100,0.297287127685389,4.010387025397764,0.372610467506202,0.075323339820812,-0.026806336231596003,0.075323339820812,100,1.0856407617888778e-06,0.0062226929696800005,0.003206829788754,0.003205744147992,100,1.4647107039756193e-05,0.0062226929696800005,0.0032491083300100003,0.00323446122297,-1.356146627796731e-05,0.00323446122297,100,0.9640456365343951,1.6438384407077802,1.820285519503825,0.8562398829694281,100,1.219727628754995,1.690221571246513,2.130995205115823,0.9112675763608291,-0.255681992220599,0.9112675763608281,100,5.795907941408132e-05,0.016511669012793002,0.0008849829852920001,0.0008270239058780001,100,3.0820135481538355e-05,0.016511669012793002,0.000707752977402,0.0006769328419200001,2.7138943932542963e-05,0.0006769328419200001,0.0,0.0,0,0.0,0.0,0,-0.05992715953002001,0.0,0.0,0,0.24643901368630003,0.49238938053097303,0.41877984777569704,2.33,258.0,,,,,,2.233099999999999,1.3699999999999999,-0.051137411352109,-0.06155697491437501,0.649097704677928,-0.06725433902137805,0.3437708286389289,0.27269702611410335,-0.025504633340493355,-0.8784309163124271,e1q
e1q_agreeableness_high_1ab27c5da5_s1,e1q_agreeableness_high,1,Qwen/Qwen2.5-14B-Instruct-AWQ,100,30,prompt,2026-08-03 13:21:55,0.5,0.5,0.5,0.8,0.5,0.15,independent,barabasi_albert,Qwen/Qwen2.5-14B-Instruct-AWQ,1.8175999999999992,1.1400000000000001,0.548081507640738,4.02157642263291,,-0.06625954198473201,0.04,1.7644000000000002,1.16,0.5517565298860461,3.816180386401735,,-0.047642647399805005,0.072847682119205,0.033898305084745,,100,0.29068847364344,0.15786822374612,1.135770835944662,0.845082362301223,100,0.18783647912466703,0.17172825662764102,0.830646592993129,0.6428101138684611,0.10285199451877301,0.6428101138684621,100,0.040208845678084006,0.156713598467756,0.325255412735861,0.28504656705777603,100,0.025635044296658003,0.10314192239717201,0.215112309050934,0.189477264754275,0.014573801381426001,0.189477264754275,100,0.29897822727356704,4.031572594215514,0.367562280404577,0.06858405313101,100,0.326245182818081,4.063350947442138,0.38815027217560405,0.061905089357522,-0.027266955544514002,0.061905089357522,100,8.60382023534528e-05,0.0062226929696800005,0.002932937631446,0.0028468994290930002,100,7.540237856152923e-05,0.0062226929696800005,0.0030020622426670004,0.002926659864105,1.0635823791923571e-05,0.002926659864105,100,0.664409023344618,1.6438384407077802,1.352187258068559,0.6877782347239401,100,0.5899849053502151,1.504689049091581,1.239218937514854,0.649234032164637,0.074424117994402,0.649234032164638,100,0.00010173421172900001,0.016511669012793002,0.0010751956690740001,0.0009734614573450001,100,8.460903121575776e-05,0.016511669012793002,0.0007150683870240001,0.000630459355808,1.712518051342169e-05,0.000630459355808,0.0,0.0,0,0.0,0.0,0,0.027435119892398004,0.0,0.0,0,0.19935079810545503,0.587365591397849,0.251071255524824,1.860399999999999,267.1,,,,,,1.7909999999999997,1.15,-0.05695109469226851,-0.056423841059602506,0.549919018763392,0.1651064330461725,0.4170686012212436,0.25783060322746804,-0.6454424400999312,-0.10678358816397493,e1q
e1q_agreeableness_high_1ab27c5da5_s2,e1q_agreeableness_high,2,Qwen/Qwen2.5-14B-Instruct-AWQ,100,30,prompt,2026-08-03 13:26:28,0.5,0.5,0.5,0.8,0.5,0.15,independent,barabasi_albert,Qwen/Qwen2.5-14B-Instruct-AWQ,1.913599999999999,1.22,0.5909751725808461,4.373672257793887,,-0.028674647312844,0.019230769230769003,1.3024,0.9400000000000001,0.46722625466545903,3.698565845429428,,-0.004044376344015,-0.061224489795918005,0.15384615384615302,,100,0.180335478088121,0.223617045256556,0.697745854371689,0.517410376283567,100,0.180913563923948,0.223909376460099,0.637581308739921,0.45666774481597405,-0.000578085835827,0.45666774481597205,100,0.0032729440564130004,0.10702232111917201,0.250571880591955,0.24729893653554103,100,0.005865045283311001,0.151778562807384,0.16775913852601101,0.16189409324270002,-0.002592101226897,0.16189409324270002,100,0.300564995090975,3.157667880483345,0.359073620723864,0.05850862563288801,100,0.25246288071175,3.099407566234534,0.325561852621636,0.07309897190988601,0.04810211437922501,0.07309897190988601,100,6.9916266809047925e-06,0.040116509996028005,0.0029473413747770003,0.002940349748096,100,1.1361959651206231e-05,0.040116509996028005,0.0029024648437180004,0.002891102884067,-4.370332970301443e-06,0.002891102884067,100,0.727035278103434,1.458305918552848,1.4943021282981221,0.7672668501946871,100,0.6717296309339781,1.458305918552848,1.39832522767734,0.726595596743361,0.055305647169455005,0.726595596743362,100,0.00021336672253300003,0.016511669012793002,0.00158186185196,0.001368495129426,100,0.000115670198678,0.016511669012793002,0.001048521219559,0.00093285102088,9.769652385523403e-05,0.00093285102088,0.0,0.0,0,0.0,0.0,0,0.016721816779473,0.0,0.0,0,0.23365010858521001,0.467474048442906,0.42264513819710003,1.6216,272.8,,,,,,1.6079999999999997,1.08,-0.016359511828429502,0.0209968602825745,0.5291007136231526,0.2436682812991545,0.3573230763808872,0.23701339343614466,-0.5237942381632186,0.1541126025286348,e1q
e1q_agreeableness_high_1ab27c5da5_s3,e1q_agreeableness_high,3,Qwen/Qwen2.5-14B-Instruct-AWQ,100,30,prompt,2026-08-03 13:31:20,0.5,0.5,0.5,0.8,0.5,0.15,independent,barabasi_albert,Qwen/Qwen2.5-14B-Instruct-AWQ,1.637899999999999,1.19,0.657398636976211,5.16223108059354,,-0.09655760267444201,-0.23333333333333303,0.8211,0.91,0.40284054716598305,4.640496668885506,,-0.09255910915357801,-0.421052631578947,0.091463414634146,,100,0.316946878191722,0.22386065459284202,0.978323693159526,0.6613768149678021,100,0.22183614455970302,0.17172825662764102,0.813085442159559,0.591249297599855,0.09511073363201901,0.591249297599856,100,0.011845733192026002,0.105913635770029,0.22128741425401902,0.209441681061993,100,0.020845162579977,0.15243684473343802,0.21929519253278001,0.198450029952804,-0.00899942938795,0.198450029952803,100,0.28982541209504303,3.099407566234534,0.350089904985862,0.060264492890819005,100,0.29699324365122703,4.010387025397764,0.35833241791118703,0.061339174259959,-0.007167831556183,0.061339174259959,100,1.490811600271196e-06,0.040116509996028005,0.003284157724417,0.0032826669128170004,100,8.048517633178948e-06,0.040116509996028005,0.003368728473072,0.003360679955439,-6.557706032907754e-06,0.003360679955439,100,0.8611187713168621,1.6438384407077802,1.6278505192081951,0.766731747891333,100,0.900918787196736,1.690221571246513,1.6907590777745631,0.789840290577826,-0.039800015879874,0.789840290577826,100,2.1396376672970213e-05,0.016511669012793002,0.00042122922979200006,0.000399832853119,100,1.5236095407833461e-05,0.016511669012793002,0.00043560527299300005,0.000420369177585,6.1602812651367495e-06,0.000420369177585,0.01,0.01,0,0.0,0.0,0,0.006523843230540001,0.005,0.0,0,0.232770799358356,0.42577639751552704,0.406423832234094,1.577099999999999,292.0,,,,,,1.2294999999999996,1.05,-0.09455835591401002,0.32719298245614004,0.530119592071097,0.019938953376636093,0.21337200882235463,0.2741099735872447,-0.9678164544846174,-0.548141455609093,e1q
e1q_agreeableness_high_1ab27c5da5_s4,e1q_agreeableness_high,4,Qwen/Qwen2.5-14B-Instruct-AWQ,100,30,prompt,2026-08-03 13:35:45,0.5,0.5,0.5,0.8,0.5,0.15,independent,barabasi_albert,Qwen/Qwen2.5-14B-Instruct-AWQ,1.6864,1.24,0.645754692794273,5.394556825101946,,-0.08176946077687301,-0.38738738738738704,1.5075,1.07,0.513195714397198,3.9836081848648393,,-0.10133178922987801,-0.11258278145695301,0.103448275862068,,100,0.098333001641264,0.17172825662764102,0.45054931162288403,0.35221630998162,100,0.179572518361231,0.17172825662764102,0.7576600131710141,0.578087494809782,-0.081239516719967,0.578087494809782,100,0.05467445681011301,0.15185478492513801,0.27014735939246004,0.21547290258234603,100,0.049472927720349,0.15215274411272,0.334290806676518,0.284817878956169,0.005201529089764001,0.284817878956168,100,0.34036732123873403,4.020979809806639,0.40253552968440304,0.062168208445668005,100,0.33325818516862504,4.047461770828826,0.39126723236737504,0.058009047198750004,0.007109136070108,0.05800904719875,100,0.000178665318553,0.0062226929696800005,0.0030330402468360003,0.002854374928283,100,0.00021700261494100002,0.0062226929696800005,0.0029417223739950002,0.0027247197590540002,-3.833729638784048e-05,0.0027247197590540002,100,0.9666433350808911,1.6438384407077802,1.804224261939493,0.8375809268586011,100,0.8319819750174241,1.6438384407077802,1.6171665967665252,0.7851846217491011,0.13466136006346702,0.7851846217491011,100,2.7426564923772842e-05,0.016511669012793002,0.000472449045803,0.00044502248088000004,100,1.829188763572518e-05,0.016511669012793002,0.000317561198992,0.000299269311356,9.134677288047665e-06,0.000299269311356,0.0,0.01,0,0.0,0.0,0,0.010950550980712001,0.005,0.005,0,0.21949136722041301,0.5414328161109271,0.31897090012697504,1.6075,264.9,,,,,,1.59695,1.155,-0.09155062500337552,0.24998508442217002,0.5794752035957356,0.038243799384998,0.3763501272448881,0.284853838630702,-0.6591978144748789,-0.48735285782282367,e1q
e1q_agreeableness_high_1ab27c5da5_s5,e1q_agreeableness_high,5,Qwen/Qwen2.5-14B-Instruct-AWQ,100,30,prompt,2026-08-03 13:40:29,0.5,0.5,0.5,0.8,0.5,0.15,independent,barabasi_albert,Qwen/Qwen2.5-14B-Instruct-AWQ,2.6731,1.5899999999999999,0.763759732105439,7.084705273717098,,0.041729345059014,-0.190140845070422,1.4904000000000002,1.08,0.518571054749082,3.778532045011929,,0.08059853608820501,-0.192546583850931,0.20779220779220703,,100,0.20823535308371302,0.223617045256556,0.7917040673972681,0.5834687143135541,100,0.31765009078278,0.223617045256556,1.158706223322697,0.8410561325399161,-0.10941473769906701,0.8410561325399161,100,0.020496594014011,0.16065497488395902,0.247370748726277,0.22687415471226602,100,0.012151407880358001,0.09681895126534201,0.256459790691703,0.244308382811345,0.008345186133652,0.244308382811345,100,0.30547364472620303,3.380116353069715,0.375782905377322,0.070309260651119,100,0.310676390091401,3.110000350643409,0.37610517599256305,0.06542878590116201,-0.005202745365197,0.06542878590116201,100,0.000138669762881,0.0062226929696800005,0.0031005703902840004,0.002961900627402,100,0.000190412521255,0.0062226929696800005,0.0030598337785850004,0.0028694212573300002,-5.174275837407716e-05,0.0028694212573300002,100,0.7220466175812821,1.6438384407077802,1.423113975343799,0.701067357762516,100,0.737698847200261,1.6438384407077802,1.435151043216759,0.6974521960164971,-0.015652229618978,0.6974521960164981,100,9.391816299140782e-05,0.016511669012793002,0.000792913198287,0.0006989950352950001,100,8.551425888801937e-05,0.016511669012793002,0.000761281223056,0.0006757669641680001,8.403904103388449e-06,0.0006757669641680001,0.0,0.0,0,0.0,0.0,0,-0.02032797756731,0.0,0.0,0,0.24541752429976002,0.5238406270411491,0.316781113552956,1.7024,284.5,,,,,,2.08175,1.335,0.06116394057360951,0.1913437144606765,0.6411653934272605,-0.14198002717710198,0.4529739377065134,0.30863178091506965,0.7930301346677326,-1.126587595670747,e1q
e1q_agreeableness_low_5c3135eab1_s1,e1q_agreeableness_low,1,Qwen/Qwen2.5-14B-Instruct-AWQ,100,30,prompt,2026-08-03 13:45:11,0.5,0.5,0.5,0.2,0.5,0.15,independent,barabasi_albert,Qwen/Qwen2.5-14B-Instruct-AWQ,3.0171,1.67,0.7690515160192061,6.536451352864599,,-0.07921357971637301,0.033210332103321,1.725099999999999,1.11,0.5620493860308621,4.178355743495535,,-0.030540896637782002,0.07058823529411701,0.14473684210526302,,100,0.363175228250221,0.230523369940264,1.023922368553367,0.6607471403031451,100,0.32799369217509,0.22864757805086203,1.049017050999012,0.7210233588239221,0.035181536075130006,0.7210233588239211,100,0.02969033349942,0.152381410465981,0.19714444616270702,0.16745411266328603,100,0.0037502666570770004,0.102448994053958,0.19476877047723,0.191018503820152,0.025940066842343002,0.191018503820152,100,0.313495061562704,4.063350947442138,0.38728374763404405,0.07378868607134001,100,0.28249832933150204,4.031572594215514,0.36095673827086705,0.07845840893936501,0.030996732231201002,0.07845840893936401,100,0.00011657341176200001,0.040116509996028005,0.0029390698338270004,0.0028224964220640004,100,2.1433178290312763e-05,0.040116509996028005,0.00297620401644,0.00295477083815,9.514023347224531e-05,0.00295477083815,100,0.810392392682121,1.6438384407077802,1.5958299813873449,0.7854375887052231,100,0.627528235885485,1.6438384407077802,1.291287645799759,0.6637594099142731,0.182864156796635,0.6637594099142731,100,7.665840463554658e-05,0.016511669012793002,0.0008912047781790001,0.0008145463735440001,100,8.007107852675228e-05,0.016511669012793002,0.0008560888594760001,0.0007760177809490001,-3.41267389120571e-06,0.0007760177809490001,0.01,0.01,0,0.0,0.0,0,0.045845703250815,0.005,0.0,0,0.293552618480781,0.5619834710743801,0.258110987220305,2.076399999999999,281.5,,,,,,2.3710999999999993,1.3900000000000001,-0.05487723817707751,-0.051899283698719004,0.6655504510250341,-0.03786673479439787,0.20076053961506926,0.2763317450194685,0.06695564213436478,-0.7401084749646384,e1q
e1q_agreeableness_low_5c3135eab1_s2,e1q_agreeableness_low,2,Qwen/Qwen2.5-14B-Instruct-AWQ,100,30,prompt,2026-08-03 13:49:50,0.5,0.5,0.5,0.2,0.5,0.15,independent,barabasi_albert,Qwen/Qwen2.5-14B-Instruct-AWQ,2.3739,1.45,0.6910085991172701,5.566639234359647,,-0.075993692087683,0.027667984189723,1.8900000000000001,1.26,0.6157959007467111,4.357108560680161,,-0.04853621330786,-0.08994708994708901,0.127272727272727,,100,0.20711930273668303,0.23070851303584103,0.6109857821209951,0.403866479384313,100,0.38642370197444603,0.23064273851504402,1.105296928844112,0.718873226869667,-0.179304399237763,0.718873226869666,100,0.019206564106085,0.129320755203809,0.314018069950634,0.294811505844548,100,0.038891104454429004,0.15188596670058202,0.31991230276074,0.281021198306311,-0.019684540348343,0.28102119830631,100,0.27747905404568,3.385412745274153,0.34353682833341304,0.066057774287732,100,0.292895191167076,4.010387025397764,0.35657975428145205,0.06368456311437501,-0.015416137121396,0.06368456311437501,100,2.537218513050791e-06,0.040116509996028005,0.003459117453451,0.0034565802349380004,100,3.1352881991008454e-05,0.040116509996028005,0.002788493358488,0.002757140476497,-2.881566347795766e-05,0.002757140476497,100,0.6684552070063741,1.6438384407077802,1.375697158885326,0.707241951878951,100,0.605024312518058,1.481497483822214,1.268086858566196,0.6630625460481381,0.063430894488315,0.6630625460481371,100,0.000153940426591,0.016511669012793002,0.0012071791598330002,0.001053238733241,100,0.00011231929772100001,0.016511669012793002,0.001064502450951,0.0009521831532300001,4.162112887000695e-05,0.0009521831532300001,0.0,0.0,0,0.0,0.0,0,-0.025160229458965,0.0,0.0,0,0.27748663014033104,0.547819971870604,0.290095638095688,2.0336,279.6,,,,,,2.13195,1.355,-0.062264952697771506,0.031139552878683006,0.6534022499319906,-0.16166519971419066,0.25127219276292373,0.2883918096613697,-0.08300745334906548,-1.1919601224411855,e1q
e1q_agreeableness_low_5c3135eab1_s3,e1q_agreeableness_low,3,Qwen/Qwen2.5-14B-Instruct-AWQ,100,30,prompt,2026-08-03 13:54:34,0.5,0.5,0.5,0.2,0.5,0.15,independent,barabasi_albert,Qwen/Qwen2.5-14B-Instruct-AWQ,2.393599999999999,1.42,0.693261202790669,5.953115761684445,,-0.080343056767727,-0.016,2.080399999999999,1.26,0.5923235954139341,4.187471405856383,,-0.036295173087647,0.036363636363636,0.13245033112582702,,100,0.5094510221400781,0.23119329561505003,1.449626813639505,0.9401757914994271,100,0.31746061959168503,0.223617045256556,1.037184279720695,0.719723660129009,0.191990402548392,0.71972366012901,100,0.019963136455746003,0.15188596670058202,0.29294842216179,0.272985285706043,100,0.020732248022924,0.15184785564170603,0.23031470503699303,0.20958245701406902,-0.0007691115671770001,0.20958245701406902,100,0.319718909468223,4.031572594215514,0.384922151893805,0.06520324242558201,100,0.303506381655722,3.110000350643409,0.356756772720682,0.053250391064959005,0.016212527812501,0.053250391064959005,100,3.802868729481141e-05,0.040116509996028005,0.0033785259526730002,0.0033404972653790005,100,5.4655747991471534e-05,0.040116509996028005,0.0033470487256640003,0.003292392977673,-1.6627060696660123e-05,0.003292392977673,100,0.7415279545262761,1.6438384407077802,1.4687405143834,0.7272125598571241,100,0.9341743693777431,1.690221571246513,1.740357429698496,0.806183060320753,-0.19264641485146702,0.806183060320753,100,6.739695717075819e-06,0.016511669012793002,0.000185576846573,0.00017883715085600002,100,9.617778391951761e-06,0.016511669012793002,0.00043911669158700004,0.00042949891319500003,-2.878082674875942e-06,0.00042949891319500003,0.0,0.0,0,0.0,0.0,0,0.0024613164664790002,0.0,0.0,0,0.304942227359946,0.566898954703832,0.28931253094951104,1.6984,283.7,,,,,,2.236999999999999,1.3399999999999999,-0.058319114927687,-0.010181818181818,0.6427923991023016,-0.1868961780436389,0.2859200532717475,0.2987435767366097,-0.0656309999290351,-1.2757497261735669,e1q
e1q_agreeableness_low_5c3135eab1_s4,e1q_agreeableness_low,4,Qwen/Qwen2.5-14B-Instruct-AWQ,100,30,prompt,2026-08-03 13:59:13,0.5,0.5,0.5,0.2,0.5,0.15,independent,barabasi_albert,Qwen/Qwen2.5-14B-Instruct-AWQ,2.1984,1.34,0.621580086636851,4.500014784221258,,-0.020303621827947,0.015625,1.7474999999999992,1.09,0.519603872923673,3.734015607875237,,-0.012849891430519001,0.0063694267515920005,0.075862068965517,,100,0.31860440115565003,0.230768197323231,0.917498172805672,0.598893771650022,100,0.36524554729205805,0.230768197323231,1.083418045260275,0.718172497968217,-0.046641146136408004,0.718172497968216,100,0.030077569697611002,0.129447561090617,0.24522167286377203,0.215144103166161,100,0.043526919293146005,0.129447561090617,0.24579626939293603,0.20226935009979002,-0.013449349595534002,0.20226935009979002,100,0.310815558815281,4.010387025397764,0.382981151886763,0.072165593071481,100,0.30324624149648305,3.851495259264642,0.37611068862767305,0.072864447131191,0.007569317318798001,0.07286444713119,100,3.750578095230604e-06,0.040116509996028005,0.003172233072572,0.0031684824944760003,100,7.521533571668934e-05,0.0062226929696800005,0.003520401892878,0.0034451865571610003,-7.146475762145875e-05,0.0034451865571610003,100,0.635347870641998,1.6438384407077802,1.27517401617416,0.639826145532161,100,0.576808600605473,1.6438384407077802,1.16528168743974,0.588473086834265,0.058539270036524,0.588473086834266,100,9.784883151409291e-05,0.016511669012793002,0.0009426828170820001,0.0008448339855680001,100,0.00011460954742900001,0.016511669012793002,0.0010102761944140001,0.000895666646984,-1.6760715915222025e-05,0.000895666646984,0.0,0.0,0,0.0,0.0,0,0.000988311024973,0.0,0.0,0,0.301784743196766,0.5167941469903551,0.295324682551796,1.680399999999999,279.3,,,,,,1.9729499999999995,1.215,-0.016576756629233,-0.010997213375796,0.5705919797802621,-0.13239531224126566,0.3715644307622324,0.26435337253960134,-0.14481317453169013,-1.0947576976828346,e1q
e1q_agreeableness_low_5c3135eab1_s5,e1q_agreeableness_low,5,Qwen/Qwen2.5-14B-Instruct-AWQ,100,30,prompt,2026-08-03 14:03:53,0.5,0.5,0.5,0.2,0.5,0.15,independent,barabasi_albert,Qwen/Qwen2.5-14B-Instruct-AWQ,2.6138999999999992,1.51,0.705431305015345,5.22713572360407,,-0.024605883741104003,0.027888446215139,2.3284000000000002,1.46,0.701697391628281,5.01042727153074,,-0.031408702677747,0.012875536480686001,0.18120805369127502,,100,0.19759152796057003,0.223617045256556,0.7197061932367621,0.522114665276191,100,0.30675255389077805,0.22580952928313003,0.90529639191452,0.598543838023741,-0.109161025930207,0.598543838023742,100,0.030812976544829004,0.151882502058866,0.30073003024734,0.269917053702511,100,0.022401842251292003,0.151882502058866,0.252625157637815,0.23022331538652302,0.008411134293536,0.23022331538652302,100,0.26013523818041,3.088814781825659,0.32996098578750804,0.069825747607097,100,0.28641987503431504,3.152371488278908,0.35126074345288005,0.06484086841856501,-0.026284636853904003,0.064840868418564,100,4.135070777458625e-06,0.040116509996028005,0.003236735137134,0.003232600066357,100,7.223538746742725e-07,0.040116509996028005,0.003348099417538,0.003347377063663,3.4127169027843517e-06,0.003347377063663,100,0.871312015561385,1.690221571246513,1.666872470871394,0.7955604553100091,100,0.5485999282375861,1.481497483822214,1.179542142836875,0.630942214599288,0.322712087323799,0.630942214599289,100,5.4306837571452155e-05,0.016511669012793002,0.0006524161885020001,0.0005981093509310001,100,6.061837865748444e-05,0.016511669012793002,0.0007183400694920001,0.0006577216908350001,-6.311541086032277e-06,0.0006577216908350001,0.0,0.0,0,0.0,0.0,0,0.03261244333484,0.0,0.0,0,0.29096399484753105,0.580301990391214,0.258461652361654,1.9875999999999991,280.0,,,,,,2.4711499999999997,1.4849999999999999,-0.0280072932094255,-0.0203819913479125,0.703564348321813,0.037839841188273104,0.3438729381305507,0.25475922253043587,0.47200147159192557,-0.5294234541614853,e1q
e1q_neuroticism_high_af4368ea5e_s1,e1q_neuroticism_high,1,Qwen/Qwen2.5-14B-Instruct-AWQ,100,30,prompt,2026-08-03 14:08:30,0.5,0.5,0.5,0.5,0.8,0.15,independent,barabasi_albert,Qwen/Qwen2.5-14B-Instruct-AWQ,2.4,1.44,0.682018235712739,5.346258843147247,,0.003652754746946,-0.055762081784386006,0.970399999999999,1.58,0.7179746127239811,6.858571279792898,,-0.016366372982612003,-0.628458498023715,0.220095693779904,,100,0.370550790333168,0.225590280880473,1.034008144643315,0.6634573543101471,100,0.46148661830116006,0.23119329561505003,1.174861248345973,0.713374630044811,-0.090935827967991,0.713374630044813,100,0.050116122732761004,0.154530874186631,0.281136441428676,0.23102031869591402,100,0.020741729528343,0.15234676404882,0.20817901480540302,0.18743728527706002,0.029374393204418002,0.18743728527706002,100,0.275854668765246,3.099407566234534,0.346578137140969,0.070723468375723,100,0.339618879136725,4.031572594215514,0.394350192145619,0.05473131300889401,-0.063764210371478,0.05473131300889401,100,0.000178405638491,0.0062226929696800005,0.00317122863329,0.002992822994799,100,0.000308736555637,0.082351383556202,0.0029386414442790004,0.0026299048886410004,-0.00013033091714600002,0.0026299048886410004,100,0.5421692959018141,1.504689049091581,1.159471868608192,0.617302572706378,100,0.513031261809581,1.504689049091581,1.097656994546047,0.584625732736466,0.029138034092233003,0.584625732736466,100,2.969714592479749e-05,0.016511669012793002,0.000557506126867,0.000527808980942,100,4.7858635099970195e-05,0.016511669012793002,0.000707496305739,0.0006596376706390001,-1.81614891751727e-05,0.0006596376706390001,0.0,0.0,0,0.0,0.0,0,-0.016056017241523002,0.0,0.0,0,0.269224542290177,0.45595667870036105,0.44241590842919304,1.7771,276.6,,,,,,1.6851999999999996,1.51,-0.006356809117833002,0.3421102899040505,0.6999964242183601,-0.3523732847062952,0.051346299322657475,0.25724308393775186,0.5784965438761016,-1.8252829631730285,e1q
e1q_neuroticism_high_af4368ea5e_s2,e1q_neuroticism_high,2,Qwen/Qwen2.5-14B-Instruct-AWQ,100,30,prompt,2026-08-03 14:13:10,0.5,0.5,0.5,0.5,0.8,0.15,independent,barabasi_albert,Qwen/Qwen2.5-14B-Instruct-AWQ,2.7776,1.62,0.7663339886513241,7.72693437332984,,0.002959040647874,-0.024734982332155,1.0876,0.78,0.580567268986334,4.4167472268582415,,0.013545080487980001,-0.056603773584905,0.24675324675324603,,100,0.39556034229040105,0.22825780311280403,1.056075194810688,0.6605148525202841,100,0.5471566980679571,0.23092532534513602,1.42268559252774,0.8755288944597811,-0.151596355777555,0.8755288944597821,100,0.031813025626548,0.15233290548195602,0.284091997609899,0.25227897198335103,100,0.01288845220626,0.107010541337338,0.33334730336854,0.32045885116228,0.018924573420288002,0.32045885116228,100,0.292824008655917,3.110000350643409,0.35011099942838003,0.05728699077246201,100,0.290008704027492,3.110000350643409,0.353275954612696,0.06326725058520301,0.002815304628425,0.06326725058520301,100,0.00019497777682800003,0.0062226929696800005,0.0028638904517560002,0.0026689126749270004,100,0.000136550056803,0.0062226929696800005,0.002853050578052,0.0027165005212480002,5.842772002486716e-05,0.0027165005212480002,100,0.528139606008523,1.504689049091581,1.153203235814594,0.625063629806071,100,0.598090383124931,1.504689049091581,1.2617482093846601,0.663657826259728,-0.069950777116408,0.663657826259728,100,1.1139725914898412e-05,0.016511669012793002,0.00039813546789300004,0.00038699574197800004,100,1.6246759423695834e-05,0.016511669012793002,0.00045815147212300005,0.00044190471269900004,-5.107033508797422e-06,0.00044190471269900004,0.0,0.0,0,0.0,0.01,0,-0.033292322359788004,0.005,0.005,0,0.26186906524415005,0.5732130464954891,0.21952464864891003,1.731599999999999,280.4,,,,,,1.9325999999999999,1.2000000000000002,0.008252060567927,0.04066937795853,0.6734506288188291,-0.4455532584591608,0.4920305448422944,0.3210118712834898,0.016735023606989585,-2.0939954237332072,e1q
e1q_neuroticism_high_af4368ea5e_s3,e1q_neuroticism_high,3,Qwen/Qwen2.5-14B-Instruct-AWQ,100,30,prompt,2026-08-03 14:17:48,0.5,0.5,0.5,0.5,0.8,0.15,independent,barabasi_albert,Qwen/Qwen2.5-14B-Instruct-AWQ,2.6404,1.54,0.736906730282966,7.1402443580513975,,-0.048377399644859,0.084507042253521,1.31,0.96,0.5198461138493591,3.868509757647156,,0.025824964131994,-0.051546391752577005,0.28571428571428503,,100,0.33818750617500004,0.230704858895797,0.8807016486818761,0.542514142506874,100,0.224508697754556,0.225590280880473,0.7550461735482701,0.530537475793713,0.113678808420443,0.530537475793713,100,0.005916886538034001,0.105913635770029,0.21072455993653502,0.204807673398501,100,0.015854705313004,0.156164799219931,0.283392083129808,0.26753737781680403,-0.00993781877497,0.26753737781680303,100,0.29706058884151304,3.830309690446893,0.37020905744860205,0.07314846860708901,100,0.279876701778349,4.010387025397764,0.36185190563497405,0.081975203856625,0.017183887063164,0.081975203856625,100,0.000553325518889,0.15848007414272403,0.0031439381828710002,0.0025906126639810003,100,0.00044421283883100003,0.15848007414272403,0.003311097216819,0.0028668843779880004,0.000109112680057,0.0028668843779880004,100,0.566963187052267,1.6438384407077802,1.177160471841738,0.610197284789471,100,0.5555946170198071,1.6438384407077802,1.154726736842196,0.599132119822389,0.011368570032460001,0.599132119822389,100,2.5747325906777635e-05,0.016511669012793002,0.000526435753272,0.000500688427366,100,4.438184576262066e-05,0.016511669012793002,0.000365016654844,0.000320634809082,-1.8634519855843023e-05,0.000320634809082,0.0,0.0,0,0.0,0.0,0,0.022063987483549003,0.0,0.0,0,0.257937950351656,0.547011308562197,0.25302195541158,1.7179000000000002,277.6,,,,,,1.9752,1.25,-0.0112762177564325,-0.016480325250471998,0.6283764220661625,0.1140290473489096,-0.3294712496407258,0.24706161607943353,-0.060129567176140875,-0.27640657508813077,e1q
e1q_neuroticism_high_af4368ea5e_s4,e1q_neuroticism_high,4,Qwen/Qwen2.5-14B-Instruct-AWQ,100,30,prompt,2026-08-03 14:22:10,0.5,0.5,0.5,0.5,0.8,0.15,independent,barabasi_albert,Qwen/Qwen2.5-14B-Instruct-AWQ,2.4899,1.47,0.6837487565253431,5.5078788279986615,,0.002698852366025,-0.026615969581749003,1.467499999999999,0.9500000000000001,0.471459517835257,3.647568857804917,,0.048394556829523004,0.007092198581560001,0.28,,100,0.315734454925701,0.22556591994684402,0.977554946448526,0.6618204915228251,100,0.28132820071200304,0.22557810041365803,0.8219777754423151,0.540649574730312,0.034406254213697,0.540649574730311,100,0.015072714015566,0.10680751333277601,0.25066832751752904,0.235595613501963,100,0.034196221285886,0.151830532433125,0.303806983113793,0.269610761827906,-0.01912350727032,0.269610761827906,100,0.308808190218391,3.63434317888271,0.36671005502262505,0.057901864804234,100,0.265065299155618,3.004072506554661,0.326744793974654,0.06167949481903601,0.043742891062773,0.06167949481903601,100,0.000603912974999,0.15848007414272403,0.0031233008295660004,0.002519387854566,100,0.000634481109601,0.15848007414272403,0.003114033147105,0.0024795520375040002,-3.056813460215973e-05,0.0024795520375040002,100,0.7100148145416161,1.504689049091581,1.426164425538108,0.7161496109964921,100,0.6743662597846991,1.57426374489968,1.382394874684605,0.7080286148999051,0.035648554756916,0.7080286148999051,100,1.3585852042882481e-05,0.016511669012793002,0.00045453880201,0.000440952949967,100,5.357195786854063e-05,0.016511669012793002,0.000883589918608,0.0008300179607400001,-3.9986105825658146e-05,0.0008300179607400001,0.01,0.02,0,0.0,0.0,0,0.015767273087106,0.01,0.005,0,0.226708267956009,0.5909903468001431,0.41045056988361905,1.729099999999999,261.9,,,,,,1.9786999999999995,1.21,0.025546704597774,0.009761885500094502,0.5776041371803,-0.06804249873509538,-0.20217444934022485,0.26387966937923385,0.13609347092587398,-0.7995901358030366,e1q
e1q_neuroticism_high_af4368ea5e_s5,e1q_neuroticism_high,5,Qwen/Qwen2.5-14B-Instruct-AWQ,100,30,prompt,2026-08-03 14:26:47,0.5,0.5,0.5,0.5,0.8,0.15,independent,barabasi_albert,Qwen/Qwen2.5-14B-Instruct-AWQ,2.497599999999999,1.52,0.707876996354137,5.832469383978303,,-0.007943215604933001,-0.021582733812949003,1.7176,1.8,0.890530770968715,7.126121609641693,,0.034427361720016,-0.530249110320284,0.252747252747252,,100,0.26322274832076503,0.22668652289376,0.738696635791504,0.47547388747074004,100,0.28523576521909705,0.23070851303584103,0.762364162611992,0.47712839739289403,-0.022013016898332002,0.47712839739289403,100,0.029120500389091003,0.15185478492513801,0.318988484416504,0.28986798402741204,100,0.062127934677041,0.15233290548195602,0.24580370161508902,0.18367576693804802,-0.033007434287949,0.18367576693804802,100,0.287693094041022,3.110000350643409,0.358559554305845,0.070866460264822,100,0.276092299199078,3.120593135052284,0.34859566148806004,0.072503362288982,0.011600794841944002,0.072503362288982,100,8.685457876442341e-05,0.0062226929696800005,0.003405917810686,0.0033190632319210003,100,0.00013672961913800002,0.0062226929696800005,0.0031511210771260002,0.0030143914579870003,-4.987504037421394e-05,0.0030143914579870003,100,0.6462257795070101,1.6438384407077802,1.316388835490862,0.6701630559838511,100,0.649233438640305,1.6438384407077802,1.348887224693161,0.6996537860528551,-0.0030076591332950002,0.6996537860528551,100,6.725785180990451e-05,0.016511669012793002,0.000900528588757,0.0008332707369470001,100,4.8416754199334996e-05,0.016511669012793002,0.0008136164396610001,0.0007651996854610001,1.88410976105695e-05,0.0007651996854610001,0.0,0.0,0,0.0,0.0,0,-0.007743058236732001,0.0,0.0,0,0.24865579127060602,0.625835189309576,0.32171357463600503,1.8074999999999992,277.2,,,,,,2.1075999999999997,1.6600000000000001,0.0132420730575415,0.27591592206661647,0.799203883661426,0.01258199145279896,0.4486233628926699,0.23945681730270452,1.1035551702122985,-0.6133022951970438,e1q
e1q_neuroticism_low_b91a330eac_s1,e1q_neuroticism_low,1,Qwen/Qwen2.5-14B-Instruct-AWQ,100,30,prompt,2026-08-03 14:31:11,0.5,0.5,0.5,0.5,0.2,0.15,independent,barabasi_albert,Qwen/Qwen2.5-14B-Instruct-AWQ,1.9084,1.34,0.640408999566602,4.543575067328166,,-0.012985592826485001,-0.27710843373493904,1.669999999999999,1.08,0.509032895488815,3.504630245814526,,-0.09224502063665001,0.032679738562091006,0.129870129870129,,100,0.163952872199866,0.223617045256556,0.6751769293571871,0.511224057157321,100,0.17905075499950301,0.2245914826017,0.6376293151091741,0.458578560109671,-0.015097882799636001,0.458578560109671,100,0.013594595787894001,0.106422245173949,0.25795628734083303,0.24436169155293902,100,0.031235299080742,0.105913635770029,0.27202806709736205,0.24079276801661903,-0.017640703292848,0.24079276801662,100,0.304692647443833,4.047461770828826,0.373276685827132,0.068584038383298,100,0.283564277913456,4.047461770828826,0.358131595686599,0.074567317773142,0.021128369530376,0.074567317773142,100,0.000153514087167,0.0062226929696800005,0.003091302707823,0.0029377886206550003,100,5.493318507989606e-05,0.0062226929696800005,0.0032908873358110003,0.0032359541507310003,9.858090208799905e-05,0.0032359541507310003,100,0.656548625847415,1.6438384407077802,1.3417163266063201,0.6851677007589041,100,0.5036810319605171,1.458305918552848,1.081846250542445,0.578165218581927,0.15286759388689702,0.578165218581928,100,3.1690504903767006e-05,0.016511669012793002,0.0006316317359,0.0005999412309960001,100,3.112697425377073e-05,0.016511669012793002,0.0005295826029200001,0.0004984556286660001,5.635306499962761e-07,0.0004984556286660001,0.0,0.0,0,0.0,0.0,0,0.023559420292921,0.0,0.0,0,0.255343057639254,0.6205923836389281,0.271147973065529,1.8624,264.0,,,,,,1.7891999999999997,1.21,-0.0526153067315675,0.12221434758642402,0.5747209475277085,0.2904232655396841,0.40996296654092695,0.225973045710126,-0.3482783579102274,0.30938131826667337,e1q
e1q_neuroticism_low_b91a330eac_s2,e1q_neuroticism_low,2,Qwen/Qwen2.5-14B-Instruct-AWQ,100,30,prompt,2026-08-03 14:35:52,0.5,0.5,0.5,0.5,0.2,0.15,independent,barabasi_albert,Qwen/Qwen2.5-14B-Instruct-AWQ,1.9219,1.19,0.557641032036981,3.870856290299085,,-0.03483123792663,0.032258064516129004,1.4339,0.97,0.477650188889561,3.738540701960156,,0.08950329432293301,-0.203389830508474,0.17355371900826402,,100,0.206754588497244,0.223617045256556,0.8521154092667661,0.6453608207695221,100,0.23418625004634303,0.223617045256556,0.8273461857784331,0.593159935732089,-0.027431661549099002,0.59315993573209,100,0.0022312920455980004,0.09990248239264501,0.17960063877068003,0.177369346725082,100,0.031431610948323,0.151827067791409,0.28918182382692803,0.257750212878605,-0.029200318902724003,0.257750212878605,100,0.27681378756009,3.099407566234534,0.34598918596749,0.0691753984074,100,0.311340101475989,3.63434317888271,0.37977598025040904,0.06843587877442,-0.034526313915898,0.06843587877442,100,4.9703252518426615e-05,0.0062226929696800005,0.002926750878701,0.002877047626183,100,9.97544334989674e-06,0.016946908513173,0.002950469161722,0.002940493718372,3.972780916852988e-05,0.002940493718372,100,0.557000601737609,1.458305918552848,1.20172316200545,0.644722560267841,100,0.592990771165615,1.458305918552848,1.258932124959638,0.6659413537940221,-0.035990169428006,0.6659413537940221,100,0.00012028792646700001,0.016511669012793002,0.000989700247101,0.000869412320633,100,8.846619493033328e-05,0.016511669012793002,0.0007442654051580001,0.000655799210228,3.1821731537322396e-05,0.000655799210228,0.0,0.0,0,0.01,0.01,0,-0.021179485709170002,0.005,0.0,0,0.288657880608915,0.587704644169729,0.23977608866204003,1.7076,281.2,,,,,,1.6779,1.08,0.027336028198151504,0.0855658829961725,0.517645610463271,0.10870549354762588,0.40547672770808413,0.2648139456846227,-0.14718699662375534,-0.2533564841939799,e1q
e1q_neuroticism_low_b91a330eac_s3,e1q_neuroticism_low,3,Qwen/Qwen2.5-14B-Instruct-AWQ,100,30,prompt,2026-08-03 14:40:07,0.5,0.5,0.5,0.5,0.2,0.15,independent,barabasi_albert,Qwen/Qwen2.5-14B-Instruct-AWQ,1.7656,1.16,0.5680941796953031,4.188464402195884,,-0.047128559865771004,0.010101010101010001,1.5131000000000001,1.05,0.49649889513875806,3.484814870901689,,-0.047255273775327004,-0.022222222222222,0.28947368421052605,,100,0.14773938912675602,0.17172825662764102,0.7112133718063941,0.563473982679638,100,0.273701148698827,0.22178997523441102,1.051911382991678,0.7782102342928511,-0.125961759572071,0.7782102342928511,100,0.00450916238659,0.10678672548247901,0.293923196173328,0.289414033786738,100,0.031339798509472,0.15181667386626102,0.20584661790917003,0.174506819399698,-0.026830636122881002,0.174506819399697,100,0.375480333479754,4.063350947442138,0.42765126859101804,0.05217093511126401,100,0.33005302188579805,4.063350947442138,0.393807386013843,0.063754364128045,0.045427311593955,0.063754364128044,100,0.00046148846444500006,0.15848007414272403,0.0030247926819490004,0.002563304217503,100,0.00036880520568000004,0.15848007414272403,0.0030139528082450003,0.002645147602564,9.2683258765012e-05,0.002645147602564,100,0.6004052015200491,1.6438384407077802,1.243292233523032,0.642887032002983,100,0.51036245439883,1.504689049091581,1.077660652887813,0.567298198488983,0.090042747121218,0.567298198488982,100,6.7542325333104e-05,0.016511669012793002,0.00048612073933400004,0.00041857841400100006,100,7.07094016262015e-05,0.016511669012793002,0.0006612060708950001,0.0005904966692690001,-3.167076293097509e-06,0.0005904966692690001,0.0,0.0,0,0.0,0.0,0,-0.002872136799551,0.0,0.0,0,0.21265662336584001,0.572873735481453,0.30198973224382103,1.6536,254.7,,,,,,1.63935,1.105,-0.047191916820549004,0.006060606060606,0.5322965374170305,-0.012763272666517925,-0.2911551040083679,0.2645008767635683,-0.6760490275325249,-0.6974714308255053,e1q
e1q_neuroticism_low_b91a330eac_s4,e1q_neuroticism_low,4,Qwen/Qwen2.5-14B-Instruct-AWQ,100,30,prompt,2026-08-03 14:44:39,0.5,0.5,0.5,0.5,0.2,0.15,independent,barabasi_albert,Qwen/Qwen2.5-14B-Instruct-AWQ,1.7699999999999991,1.1400000000000001,0.537649863730938,3.7101899348420853,,-0.08079563878149601,-0.010526315789473,1.7264,1.16,0.548839443380007,3.746536658578782,,-0.080546349801006,-0.043478260869565,0.073170731707317,,100,0.21650728765450603,0.223617045256556,0.9833244702518471,0.7668171825973411,100,0.23408605557255202,0.17172825662764102,1.005963058433497,0.7718770028609441,-0.017578767918045,0.7718770028609441,100,0.018545465965411,0.105913635770029,0.27451171174660904,0.25596624578119803,100,0.018195898397296,0.08853637877890101,0.228968012934944,0.21077211453764802,0.00034956756811500004,0.21077211453764802,100,0.314192857145138,4.047461770828826,0.38114649504492704,0.066953637899789,100,0.33230001379766905,4.063350947442138,0.39821280002652804,0.065912786228858,-0.018107156652531,0.065912786228858,100,0.00028501826876800004,0.15848007414272403,0.0037981994130160002,0.0035131811442470004,100,0.00036746373024500005,0.15848007414272403,0.0031691817999060005,0.0028017180696610004,-8.244546147631681e-05,0.0028017180696610004,100,0.7806519855921711,1.458305918552848,1.5557535803715652,0.7751015947793931,100,0.795596103608426,1.6438384407077802,1.551486692601885,0.7558905889934591,-0.014944118016254001,0.7558905889934591,100,7.493536825709115e-07,0.016511669012793002,0.000264758725681,0.000264009371998,100,4.57874543360538e-05,0.016511669012793002,0.000516208246419,0.00047042079208300003,-4.5038100653482895e-05,0.00047042079208300003,0.0,0.0,0,0.0,0.0,0,-0.00840132643014,0.0,0.0,0,0.259386640796725,0.56496199032481,0.25130864073906,1.6579000000000002,272.0,,,,,,1.7481999999999995,1.15,-0.080670994291251,0.027002288329519,0.5432446535554725,-0.07126322054073371,-0.311567159252735,0.30128743858044216,-0.735963480315514,-0.891744018544568,e1q
e1q_neuroticism_low_b91a330eac_s5,e1q_neuroticism_low,5,Qwen/Qwen2.5-14B-Instruct-AWQ,100,30,prompt,2026-08-03 14:49:18,0.5,0.5,0.5,0.5,0.2,0.15,independent,barabasi_albert,Qwen/Qwen2.5-14B-Instruct-AWQ,1.6600000000000001,1.02,0.480196931118101,3.425943549137658,,0.140475839290815,-0.16666666666666602,1.8331,1.15,0.5382926431025701,3.6682420857953213,,0.014463636624554,-0.063829787234042,0.11392405063291101,,100,0.17884828854501,0.223617045256556,0.635960244801782,0.45711195625677203,100,0.09217739847555001,0.17172825662764102,0.378751222871752,0.28657382439620205,0.08667089006946001,0.28657382439620205,100,0.011839614612807001,0.129436474237125,0.221429078678745,0.209589464065937,100,0.016841861419099,0.15183399707484102,0.273889598866072,0.257047737446972,-0.005002246806291,0.257047737446972,100,0.279325649403671,3.099407566234534,0.351615725903197,0.072290076499525,100,0.269185394057384,3.120593135052284,0.337234415069858,0.06804902101247401,0.010140255346286,0.06804902101247301,100,7.483666961422481e-05,0.0062226929696800005,0.0031072786423980005,0.0030324419727840004,100,0.000124900926204,0.0062226929696800005,0.00287162450243,0.002746723576226,-5.006425659011425e-05,0.002746723576226,100,0.6593516147703781,1.6438384407077802,1.335277527466069,0.675925912695691,100,0.9027729611996511,1.690221571246513,1.6910081555017582,0.7882351943021071,-0.24342134642927202,0.7882351943021071,100,0.00011715036183700001,0.016511669012793002,0.0010033209411840001,0.0008861705793470001,100,0.00015922404793800002,0.016511669012793002,0.0010961575047270002,0.0009369334567890001,-4.2073686100922355e-05,0.0009369334567890001,0.0,0.0,0,0.0,0.0,0,-0.025284097627084,0.0,0.0,0,0.292070137454411,0.5148238576909661,0.33424376591090205,1.9770999999999992,278.9,,,,,,1.74655,1.085,0.0774697379576845,0.11524822695035401,0.5092447871103356,0.24304457329871085,0.4600430268819966,0.23393157236512838,0.24289576532180307,0.15204132944839543,e1q
e3q_O2_A2_f2a352825d_s1,e3q_O2_A2,1,Qwen/Qwen2.5-14B-Instruct-AWQ,100,30,prompt,2026-08-03 15:16:59,0.2,0.5,0.5,0.2,0.5,0.15,independent,barabasi_albert,Qwen/Qwen2.5-14B-Instruct-AWQ,2.697899999999999,1.53,0.7054767191883781,5.448816950382607,,0.054958071244716,-0.044776119402985,1.7139000000000002,1.35,0.6644542581838461,4.268205835897266,,-0.061283125735784004,-0.39393939393939303,0.18421052631578902,,100,0.383143960919864,0.23114457374779301,0.9834064331843031,0.6002624722644391,100,0.423768396765386,0.230768197323231,1.138682946896544,0.714914550131157,-0.040624435845521,0.714914550131158,100,0.012158627039302,0.106212980814298,0.278645810380724,0.266487183341422,100,0.050248716213556005,0.156303384888574,0.33044484281138703,0.280196126597832,-0.038090089174254,0.280196126597831,100,0.271560125951883,3.809124121629143,0.342754706545604,0.07119458059372101,100,0.285148895500907,4.031572594215514,0.362887334179094,0.077738438678187,-0.013588769549024,0.077738438678186,100,0.0006084679004630001,0.040116509996028005,0.004103158456816,0.0034946905563520004,100,0.0005107927111410001,0.040116509996028005,0.0037921321168940003,0.003281339405753,9.767518932210301e-05,0.003281339405753,100,0.848426683534468,1.6438384407077802,1.636971794191096,0.788545110656627,100,0.5567025640910831,1.57426374489968,1.177661056331305,0.620958492240222,0.291724119443385,0.620958492240222,100,1.9376828295987712e-05,0.016511669012793002,0.0009119025364580001,0.0008925257081620001,100,3.247456513198167e-05,0.016511669012793002,0.0006349968694350001,0.0006025223043030001,-1.3097736835993962e-05,0.0006025223043030001,0.01,0.0,0,0.0,0.0,0,0.033250900387845006,0.0,-0.005,0,0.30751374390143005,0.622861586314152,0.204428477588727,2.0459,278.2,,,,,,2.2058999999999997,1.44,-0.003162527245534001,0.219357756671189,0.6849654886861121,-0.2740756947990513,0.22080509713226448,0.2829485782262423,0.6491911943088113,-1.5652643485213973,e3q
e3q_O2_A2_f2a352825d_s2,e3q_O2_A2,2,Qwen/Qwen2.5-14B-Instruct-AWQ,100,30,prompt,2026-08-03 15:21:33,0.2,0.5,0.5,0.2,0.5,0.15,independent,barabasi_albert,Qwen/Qwen2.5-14B-Instruct-AWQ,2.2476,1.34,0.6416499360332261,4.87824615516817,,-0.01361950951448,-0.02127659574468,1.601899999999999,0.99,0.503429304991956,4.040575142558088,,0.02423305588585,0.006896551724137,0.195402298850574,,100,0.20500756952210702,0.2245914826017,0.5504657474394631,0.345458177917356,100,0.25253065371981703,0.225590280880473,0.671100744095749,0.418570090375931,-0.047523084197709,0.418570090375932,100,0.007176396101729001,0.151813209224545,0.15556619661167,0.14838980050994002,100,0.022538399262082003,0.151896360625731,0.15828493472644,0.135746535464358,-0.015362003160353,0.135746535464358,100,0.263049311407274,3.009368898759099,0.335188240857471,0.07213892945019601,100,0.22329686135607302,3.078221997416785,0.301826641821945,0.078529780465871,0.039752450051200004,0.078529780465871,100,2.7871484259277543e-05,0.040116509996028005,0.0030453495726800004,0.00301747808842,100,5.3450583422571035e-05,0.040116509996028005,0.0035544132426590003,0.0035009626592360002,-2.557909916329349e-05,0.0035009626592360002,100,0.6598810616246611,1.690221571246513,1.34239865899427,0.682517597369608,100,0.9125877341516291,1.690221571246513,1.724673848430321,0.812086114278691,-0.25270667252696805,0.812086114278691,100,2.3383804178800573e-05,0.016511669012793002,0.00046867693967900004,0.00044529313550100005,100,2.343865988142257e-05,0.016511669012793002,0.00036408857219,0.00034064991230900004,-5.4855702622000575e-08,0.00034064991230900004,0.0,0.0,0,0.0,0.0,0,-0.04597749063144901,0.0,0.0,0,0.287174019754298,0.557919621749409,0.346294267888737,1.7091,273.5,,,,,,1.9247499999999995,1.165,0.005306773185685,0.0071900220102715,0.572539620512591,0.042882068580472055,0.28841902689523696,0.241462355526066,-0.09447997258005728,-0.5126787116626261,e3q
e3q_O2_A2_f2a352825d_s3,e3q_O2_A2,3,Qwen/Qwen2.5-14B-Instruct-AWQ,100,30,prompt,2026-08-03 15:26:11,0.2,0.5,0.5,0.2,0.5,0.15,independent,barabasi_albert,Qwen/Qwen2.5-14B-Instruct-AWQ,2.9716000000000014,1.6600000000000001,0.772186453660881,7.487559046860379,,-0.049548453056157,0.049295774647887,1.9704000000000002,1.38,0.713657624830864,5.538659711059735,,-0.078582253285381,0.008695652173913,0.061855670103092,,100,0.285861082466952,0.230827881610622,0.822128432009663,0.536267349542711,100,0.30655696155163104,0.23070851303584103,0.845854132014459,0.539297170462827,-0.020695879084679,0.539297170462827,100,0.016742709313502,0.15183191828981202,0.28746583957152605,0.270723130258024,100,0.014406078847995002,0.10642640274400801,0.22299667629104003,0.208590597443044,0.002336630465506,0.208590597443045,100,0.265706317529502,3.830309690446893,0.345728639482413,0.08002232195291101,100,0.30863030562548405,4.063350947442138,0.38009006776652704,0.07145976214104201,-0.042923988095982,0.07145976214104201,100,1.249812658840141e-05,0.0062226929696800005,0.00304950710648,0.0030370089798910003,100,0.000103933292195,0.0062226929696800005,0.003029912147277,0.002925978855082,-9.143516560718806e-05,0.002925978855082,100,0.7532601142752791,1.6438384407077802,1.492765796252355,0.7395056819770761,100,0.7692500532053541,1.6438384407077802,1.5367255334712682,0.7674754802659131,-0.015989938930075002,0.7674754802659141,100,3.5649881574840035e-05,0.016511669012793002,0.000622773105376,0.000587123223801,100,3.592511312605534e-05,0.016511669012793002,0.00048637862787800006,0.00045045351475200005,-2.75231551215315e-07,0.00045045351475200005,0.0,0.0,0,0.0,0.0,0,-0.012894147673731001,0.0,0.0,0,0.277345609320424,0.45954250597473506,0.431690939724781,1.8475000000000001,278.3,,,,,,2.471000000000001,1.52,-0.064065353170769,-0.0289957134109,0.7429220392458725,-0.10853670469271633,0.34931112372618206,0.26503324044711,0.291828434512846,-1.0155256026765898,e3q
e3q_O2_A2_f2a352825d_s4,e3q_O2_A2,4,Qwen/Qwen2.5-14B-Instruct-AWQ,100,30,prompt,2026-08-03 15:30:39,0.2,0.5,0.5,0.2,0.5,0.15,independent,barabasi_albert,Qwen/Qwen2.5-14B-Instruct-AWQ,2.509099999999999,1.45,0.6673170194751491,4.822242143713286,,-0.068518472135253,0.031496062992125005,1.4296,1.04,0.528470321805469,3.8804788663855563,,-0.032399649430324,0.024390243902439,0.21678321678321602,,100,0.275687833117642,0.22556591994684402,0.931200533199052,0.65551270008141,100,0.26483093645133704,0.223617045256556,0.8008919168288471,0.53606098037751,0.010856896666304001,0.53606098037751,100,0.072780764511509,0.163925596663931,0.406167664773445,0.333386900261937,100,0.03348058419752,0.156303384888574,0.33525127810730004,0.301770693909779,0.039300180313988006,0.30177069390978,100,0.33326952158822604,4.031572594215514,0.40203623976527303,0.06876671817704601,100,0.27163602225445804,3.862088043673517,0.344195193972046,0.07255917171758701,0.061633499333767,0.07255917171758701,100,5.6737274160693994e-05,0.040116509996028005,0.003261432048872,0.0032046947747110003,100,1.111027766894308e-06,0.040116509996028005,0.003216169935553,0.0032150589077870003,5.5626246393799677e-05,0.0032150589077870003,100,0.748744575151089,1.667030005977146,1.481292456247425,0.7325478810963361,100,0.834594679642906,1.690221571246513,1.599890541313127,0.765295861670221,-0.085850104491817,0.76529586167022,100,3.0208866590218302e-05,0.016511669012793002,0.0009287844186870001,0.0008985755520960001,100,3.753806441411464e-05,0.016511669012793002,0.000880634959367,0.000843096894953,-7.329197823896333e-06,0.000843096894953,0.0,0.0,0,0.0,0.0,0,0.0043314614784690005,0.0,0.0,0,0.270812675075362,0.634670487106017,0.194380219249485,1.9795999999999991,267.6,,,,,,1.9693499999999995,1.245,-0.0504590607827885,-0.027943153447282,0.5978936706403091,0.00030182550665351177,0.20656978281923397,0.2799574772463062,-0.329275381035411,-0.6540835215514129,e3q
e3q_O2_A2_f2a352825d_s5,e3q_O2_A2,5,Qwen/Qwen2.5-14B-Instruct-AWQ,100,30,prompt,2026-08-03 15:35:12,0.2,0.5,0.5,0.2,0.5,0.15,independent,barabasi_albert,Qwen/Qwen2.5-14B-Instruct-AWQ,2.5331,1.45,0.6776734825692841,5.151680022440621,,-0.131545685978939,0.107569721115537,1.771599999999999,1.38,0.66863826040239,4.379960202912077,,-0.048830424657892,-0.28229665071770305,0.11111111111111101,,100,0.28498115122899403,0.225590280880473,0.9431518134654261,0.6581706622364291,100,0.417022822990042,0.231097069927218,1.251543107379428,0.8345202843893851,-0.132041671761048,0.8345202843893851,100,0.012671241084125,0.15205573414467002,0.307852672885345,0.29518143180122003,100,0.013379355352587,0.106980745418579,0.210018467710979,0.19663911235839202,-0.0007081142684610001,0.19663911235839202,100,0.297772996297551,3.946830318944515,0.37032129989286805,0.07254830359531701,100,0.28949168829848804,3.750863807380332,0.36245967669468604,0.072967988396198,0.008281307999062001,0.072967988396198,100,6.789811621454017e-06,0.040116509996028005,0.0033433957320000004,0.0033366059203780002,100,1.512245114535193e-05,0.040116509996028005,0.0033893658263770003,0.0033742433752320003,-8.332639523897913e-06,0.0033742433752320003,100,0.780076446313638,1.6438384407077802,1.5222317343012222,0.742155287987583,100,0.7470792960258831,1.6438384407077802,1.4738957716171701,0.726816475591287,0.032997150287755,0.726816475591287,100,3.43547579866811e-05,0.016511669012793002,0.0005764731628870001,0.0005421184049010001,100,5.3753280885200954e-05,0.016511669012793002,0.0005654811422080001,0.0005117278613220001,-1.9398522898519842e-05,0.0005117278613220001,0.0,0.0,0,0.0,0.0,0,-0.015249843150852002,0.0,0.0,0,0.296848529091057,0.45528455284552805,0.416458031528641,1.8491,273.5,,,,,,2.1523499999999993,1.415,-0.0901880553184155,0.08736346480108302,0.673155871485837,-0.2619324217150656,0.22929948767894645,0.3058049719953027,-0.09739776911707904,-1.5249377299323075,e3q
e3q_O2_A5_7bcafe6ba3_s1,e3q_O2_A5,1,Qwen/Qwen2.5-14B-Instruct-AWQ,100,30,prompt,2026-08-03 15:39:39,0.2,0.5,0.5,0.5,0.5,0.15,independent,barabasi_albert,Qwen/Qwen2.5-14B-Instruct-AWQ,2.2171,1.35,0.6372245801324471,4.605322250783928,,0.021673052833247,-0.036144578313253004,1.8891,1.29,0.6188725123248691,4.372795639528967,,-0.078818801843318,-0.033816425120772,0.38345864661654105,,100,0.33091876794956704,0.22565118321454403,1.1109677337111,0.780048965761531,100,0.26606842512029905,0.22434787326541403,0.9215823217529231,0.655513896632622,0.064850342829268,0.655513896632624,100,0.040277139074972004,0.151813209224545,0.342910979733118,0.302633840658146,100,0.033868928322647006,0.152114633053843,0.273882742380189,0.24001381405754102,0.006408210752324,0.24001381405754102,100,0.267184361300602,3.120593135052284,0.34808063799419203,0.08089627669358901,100,0.250433310381385,3.110000350643409,0.32991638876587703,0.079483078384492,0.016751050919217,0.079483078384492,100,7.111799832531738e-05,0.0062226929696800005,0.0033254537903070003,0.0032543357919810004,100,3.5702792943514396e-05,0.040116509996028005,0.003267682567003,0.0032319797740590003,3.541520538180299e-05,0.0032319797740590003,100,0.628704148693298,1.481497483822214,1.320251708982003,0.691547560288704,100,0.45942734832497606,1.458305918552848,1.005388095506697,0.54596074718172,0.16927680036832102,0.545960747181721,100,3.3833461424008128e-06,0.016511669012793002,0.00043052169638300005,0.00042713835024,100,1.3586446447523591e-05,0.016511669012793002,0.00034715773275200004,0.000333571286305,-1.0203100305122771e-05,0.000333571286305,0.0,0.0,0,0.0,0.0,0,0.042885269495701005,0.0,0.0,0,0.215963622944729,0.637726913970007,0.272968438483818,2.109099999999999,266.4,,,,,,2.0530999999999997,1.32,-0.028572874505035505,0.0349805017170125,0.628048546228658,0.20152401900002756,0.3560150570869089,0.2540895145527899,0.03474178598303079,0.014155642020452941,e3q
e3q_O2_A5_7bcafe6ba3_s2,e3q_O2_A5,2,Qwen/Qwen2.5-14B-Instruct-AWQ,100,30,prompt,2026-08-03 15:44:10,0.2,0.5,0.5,0.5,0.5,0.15,independent,barabasi_albert,Qwen/Qwen2.5-14B-Instruct-AWQ,2.2539,1.37,0.644086091370307,4.810240829215054,,-0.056253139126067005,0.012448132780082001,1.412399999999999,0.98,0.47937286982605504,3.530484715156989,,-0.01336966633462,-0.05521472392638001,0.39603960396039606,,100,0.37478396168528305,0.22557810041365803,1.094896103148528,0.7201121414632461,100,0.286198969006632,0.225590280880473,0.9436871309594621,0.657488161952831,0.08858499267865101,0.65748816195283,100,0.01566677210089,0.15181667386626102,0.23387789566244602,0.218211123561555,100,0.051979142354088,0.15843067490224202,0.25536597817071505,0.203386835816626,-0.036312370253198,0.203386835816626,100,0.27587232960889,3.04644364419016,0.339898839814513,0.064026510205623,100,0.302101355090632,3.840902474855768,0.36320951585264905,0.06110816076201701,-0.026229025481742003,0.06110816076201601,100,3.395591782863133e-08,0.016946908513173,0.003175352561745,0.0031753186058270004,100,3.334736312707824e-06,0.0062226929696800005,0.00356836825606,0.003565033519747,-3.3007803948791927e-06,0.003565033519747,100,0.5736887061693411,1.504689049091581,1.21213331538811,0.638444609218768,100,0.50281195252161,1.458305918552848,1.106947763671815,0.6041358111502051,0.07087675364773101,0.6041358111502051,100,0.00014056649528200002,0.016511669012793002,0.00135590003165,0.001215333536368,100,7.235137502455385e-05,0.016511669012793002,0.000815174242655,0.0007428228676310001,6.821512025805706e-05,0.0007428228676310001,0.0,0.0,0,0.0,0.0,0,0.016164210821884,0.0,0.0,0,0.223043644741991,0.477545423380185,0.48293230146554106,1.9299,270.9,,,,,,1.8331499999999994,1.175,-0.0348114027303435,0.021383295573149004,0.5617294805981811,0.0690812787094502,0.4311627417092396,0.2550711376781762,-0.36698966088342855,-0.42567370511294644,e3q
e3q_O2_A5_7bcafe6ba3_s3,e3q_O2_A5,3,Qwen/Qwen2.5-14B-Instruct-AWQ,100,30,prompt,2026-08-03 15:48:46,0.2,0.5,0.5,0.5,0.5,0.15,independent,barabasi_albert,Qwen/Qwen2.5-14B-Instruct-AWQ,1.881899999999999,1.21,0.595489833808255,4.447156698751577,,-0.06661522323635401,0.048076923076923,1.78,1.16,0.5631309003079641,4.085094738779811,,-0.011425048296271001,0.07826086956521701,0.15267175572519,,100,0.34237310580784003,0.230768197323231,1.061263735130666,0.7188906293228231,100,0.307311992473705,0.22411644439594303,1.145637579999295,0.838325587525589,0.035061113334135,0.83832558752559,100,0.021011808438813003,0.151836768788214,0.286854054531332,0.26584224609252,100,0.024575232108979002,0.15209384520354702,0.259745029821553,0.23516979771257301,-0.0035634236701660004,0.23516979771257301,100,0.307537968953615,3.946830318944515,0.36925096238874905,0.061712993435134006,100,0.26933351729396104,3.088814781825659,0.34350830195658705,0.074174784662626,0.038204451659653006,0.074174784662626,100,0.00016600771281000002,0.082351383556202,0.0033378272957970004,0.0031718195829860004,100,0.00010402426131600001,0.0062226929696800005,0.0032831532851360003,0.0031791290238200004,6.198345149381276e-05,0.0031791290238200004,100,0.8754285151212511,1.6438384407077802,1.6838262081387452,0.8083976930174941,100,0.595508584536351,1.6438384407077802,1.227114182273121,0.631605597736769,0.279919930584899,0.631605597736769,100,4.7543888330006656e-05,0.016511669012793002,0.00041966529286100005,0.000372121404531,100,4.973736995662826e-05,0.016511669012793002,0.000733697546003,0.0006839601760460001,-2.1934816266216107e-06,0.0006839601760460001,0.0,0.0,0,0.0,0.0,0,0.05828031031306401,0.0,0.0,0,0.24239813525206902,0.6009272467902991,0.211577864989713,1.7364000000000002,276.2,,,,,,1.8309499999999996,1.185,-0.039020135766312504,-0.06316889632107,0.5793103670581096,0.01882482333289559,0.45482647032147433,0.29718980947290385,-0.46201601282006644,-0.5925704629798738,e3q
e3q_O2_A5_7bcafe6ba3_s4,e3q_O2_A5,4,Qwen/Qwen2.5-14B-Instruct-AWQ,100,30,prompt,2026-08-03 15:52:56,0.2,0.5,0.5,0.5,0.5,0.15,independent,barabasi_albert,Qwen/Qwen2.5-14B-Instruct-AWQ,2.1016,1.32,0.617529120086266,4.319652201427675,,-0.12522295689428,-0.008130081300813,1.6164,1.06,0.503798230798814,3.5787453072721442,,-0.10007328452535501,0.135135135135135,0.30769230769230704,,100,0.29648070961079703,0.223982459260985,0.9558042448444771,0.659323535233681,100,0.316430647218578,0.22312982658398403,1.158422049391294,0.8419914021727161,-0.01994993760778,0.8419914021727161,100,0.023262538958241003,0.10705142410958701,0.20400442318800602,0.180741884229765,100,0.030810344482810004,0.158473636459521,0.22219270558764,0.19138236110483,-0.0075478055245690005,0.19138236110483,100,0.29313274973047704,3.729678238562583,0.361773282858379,0.06864053312790201,100,0.340945728950645,4.063350947442138,0.40529844363243905,0.064352714681794,-0.047812979220168,0.064352714681793,100,0.00033874399656900003,0.15848007414272403,0.0031361792388830004,0.0027974352423130004,100,0.000350794899406,0.15848007414272403,0.003230564062681,0.002879769163274,-1.2050902837291903e-05,0.002879769163274,100,0.6185547016642451,1.6438384407077802,1.2607881177445721,0.642233416080327,100,0.6941874336395141,1.6438384407077802,1.378708640092047,0.684521206452533,-0.075632731975268,0.684521206452533,100,2.1848809338763283e-05,0.016511669012793002,0.000690658374458,0.000668809565119,100,5.435465700901802e-05,0.016511669012793002,0.0009194436188130001,0.000865088961804,-3.2505847670254744e-05,0.000865088961804,0.0,0.0,0,0.0,0.0,0,-0.025164668513049,0.0,0.0,0,0.20017803077743201,0.401433691756272,0.431057764436562,2.0299,250.1,,,,,,1.859,1.19,-0.1126481207098175,-0.063502526917161,0.56066367544254,-0.18562070830581281,-0.33400150812977536,0.2976654237561585,-0.9029206294956001,-1.2715140163049425,e3q
e3q_O2_A5_7bcafe6ba3_s5,e3q_O2_A5,5,Qwen/Qwen2.5-14B-Instruct-AWQ,100,30,prompt,2026-08-03 15:56:58,0.2,0.5,0.5,0.5,0.5,0.15,independent,barabasi_albert,Qwen/Qwen2.5-14B-Instruct-AWQ,2.033599999999999,1.24,0.577554117958414,3.968301936861407,,-0.007510670647932,0.0,1.7424,1.08,0.5284820952700421,3.9610231825241202,,-0.008970717016595001,0.014925373134328,0.157894736842105,,100,0.32986002437613404,0.22557810041365803,1.049296465490645,0.7194364411145081,100,0.33974860961184805,0.225590280880473,1.062436060998412,0.7226874513865631,-0.009888585235713001,0.7226874513865641,100,0.018777469810788,0.12941776517185902,0.308239089740283,0.28946161992949404,100,0.012903463225483,0.10702232111917201,0.21271507740137902,0.19981161417589502,0.005874006585304001,0.19981161417589502,100,0.26543413589907,3.088814781825659,0.33378355597630505,0.068349420077234,100,0.254267240436708,3.099407566234534,0.326583066231496,0.072315825794787,0.011166895462361002,0.072315825794787,100,0.00015687825266000002,0.0062226929696800005,0.0030454051419400003,0.00288852688928,100,0.00022724185418800002,0.15848007414272403,0.0034038919223210004,0.003176650068132,-7.036360152828933e-05,0.003176650068132,100,0.470586034035794,1.458305918552848,0.9967282840955791,0.526142250059784,100,0.55737286622167,1.6438384407077802,1.160988974520915,0.6036161082992441,-0.086786832185875,0.6036161082992451,100,1.187941925141184e-05,0.016511669012793002,0.000442035865671,0.00043015644642000004,100,5.5976137182222634e-05,0.016511669012793002,0.0005459510002410001,0.000489974863059,-4.409671793081078e-05,0.000489974863059,0.0,0.0,0,0.0,0.0,0,-0.013291495948896,0.0,0.0,0,0.20714870531950802,0.489631336405529,0.404270960211622,2.409099999999999,242.3,,,,,,1.8879999999999995,1.1600000000000001,-0.008240693832263501,-0.007462686567164,0.5530181066142281,-0.025409280536718943,-0.23322515336711588,0.2670162707646134,-0.22206417129748363,-0.7394675823185295,e3q
e3q_O2_A8_403d5a853d_s1,e3q_O2_A8,1,Qwen/Qwen2.5-14B-Instruct-AWQ,100,30,prompt,2026-08-03 16:01:29,0.2,0.5,0.5,0.8,0.5,0.15,independent,barabasi_albert,Qwen/Qwen2.5-14B-Instruct-AWQ,2.47,1.44,0.6630110743930371,4.734385313151788,,-0.08332105382902401,0.051383399209486,1.8899,1.15,0.54459662298954,3.869208845931513,,-0.064608734710351,0.0054644808743160005,0.311004784688995,,100,0.33051748374675805,0.228525773382719,1.048885466689638,0.7183679829428781,100,0.27610310922971504,0.23054773087389302,0.872094144643441,0.595991035413723,0.054414374517042,0.595991035413725,100,0.043706895889983007,0.155804476481459,0.27229194303451604,0.228585047144532,100,0.021425931474522,0.152114633053843,0.22840568687509002,0.206979755400568,0.022280964415461003,0.206979755400568,100,0.31544344831447,3.930941142331203,0.37791157294849304,0.062468124634022,100,0.32358747827320905,3.930941142331203,0.37706001622462504,0.053472537951416,-0.008144029958738001,0.053472537951416,100,2.4986871042680313e-05,0.0062226929696800005,0.0033259450279900004,0.003300958156947,100,3.0504558779894507e-06,0.040116509996028005,0.0034715575709290004,0.0034685071150510004,2.1936415164690862e-05,0.0034685071150510004,100,0.44596313641189905,1.458305918552848,0.966405696546026,0.520442560134126,100,0.593188988181513,1.481497483822214,1.244913352909687,0.6517243647281731,-0.147225851769613,0.6517243647281741,100,1.86043055010693e-05,0.016511669012793002,0.0006738346389960001,0.0006552303334950001,100,4.2218267729106254e-05,0.016511669012793002,0.0009584952832830001,0.0009162770155540001,-2.3613962228036944e-05,0.0009162770155540001,0.0,0.0,0,0.0,0.0,0,-0.013112703390485002,0.0,0.0,0,0.216972841450759,0.5817193340129121,0.293212322645765,2.0171,271.0,,,,,,2.17995,1.295,-0.0739648942696875,-0.028423940041901002,0.6038038486912886,0.02807237600049391,0.2596932356796006,0.2520920796040808,-0.28436654256439153,-0.5618602478072807,e3q
e3q_O2_A8_403d5a853d_s2,e3q_O2_A8,2,Qwen/Qwen2.5-14B-Instruct-AWQ,100,30,prompt,2026-08-03 16:05:56,0.2,0.5,0.5,0.8,0.5,0.15,independent,barabasi_albert,Qwen/Qwen2.5-14B-Instruct-AWQ,2.789999999999999,1.62,0.7516380277361691,6.494590094776426,,0.059621299624933004,-0.073170731707317,1.5056,1.0,0.47766048025057706,3.44066131565101,,0.0010751284394510002,-0.033333333333333,0.42285714285714204,,100,0.26132132687135,0.22556591994684402,0.7388978561995471,0.47757652932819705,100,0.23969358768283203,0.17172825662764102,0.835682814145643,0.595989226462812,0.021627739188518003,0.59598922646281,100,0.00875570107652,0.129245918942741,0.27766078502457,0.268905083948049,100,0.047982768983397005,0.157046204072499,0.267364998816681,0.219382229833285,-0.039227067906876,0.219382229833284,100,0.29968118850701403,3.088814781825659,0.357577960930734,0.057896772423719,100,0.28192453758512803,3.099407566234534,0.34289812868157704,0.060973591096449,0.017756650921885,0.060973591096449,100,2.275280705656274e-08,0.040116509996028005,0.0031046640570520003,0.0031046413042450003,100,4.805853868447108e-05,0.0062226929696800005,0.003132530557205,0.00308447201852,-4.8035785877414526e-05,0.00308447201852,100,0.5719868350188511,1.504689049091581,1.213441433418219,0.641454598399368,100,0.515866177080959,1.4351143532834811,1.115284703683339,0.599418526602379,0.056120657937892005,0.599418526602379,100,4.06067397663478e-05,0.016511669012793002,0.00041133220751600003,0.00037072546775000005,100,7.458963304198469e-05,0.016511669012793002,0.0007723109682330001,0.0006977213351910001,-3.398289327563688e-05,0.0006977213351910001,0.0,0.0,0,0.0,0.0,0,0.009365993577044,0.0,0.0,0,0.246424769704452,0.5836363636363631,0.20004799886172703,1.5384,267.1,,,,,,2.1477999999999997,1.31,0.030348214032192,0.053252032520324996,0.614649253993373,0.16582362435748896,0.5397151419769065,0.24659096122477273,0.459289368600687,-0.10440186617956115,e3q
e3q_O2_A8_403d5a853d_s3,e3q_O2_A8,3,Qwen/Qwen2.5-14B-Instruct-AWQ,100,30,prompt,2026-08-03 16:10:37,0.2,0.5,0.5,0.8,0.5,0.15,independent,barabasi_albert,Qwen/Qwen2.5-14B-Instruct-AWQ,1.9811,1.29,0.6537368645017321,5.103574925389081,,0.070385398740072,-0.163346613545816,1.740399999999999,1.12,0.5314393982555901,3.775999752761929,,-0.08215010141987801,0.14619883040935602,0.54,,100,0.23352317805619002,0.22434787326541403,0.8259369074288481,0.592413729372658,100,0.424426265922188,0.22874623983205802,1.199551375578691,0.775125109656505,-0.19090308786599702,0.775125109656503,100,0.026712076226563002,0.129445482305587,0.31721236034161204,0.290500284115048,100,0.039517058809408,0.15209038056183102,0.274406826072609,0.23488976726320002,-0.012804982582844002,0.23488976726320002,100,0.296931934797634,3.110000350643409,0.358161919286659,0.061229984489024,100,0.31215039597222505,4.031572594215514,0.377456367381232,0.065305971409006,-0.015218461174591,0.065305971409006,100,7.397351614388213e-05,0.0062226929696800005,0.0030526129295090003,0.002978639413365,100,0.000109699197289,0.0062226929696800005,0.003444599291229,0.0033349000939390003,-3.572568114564183e-05,0.0033349000939390003,100,0.7278759555764881,1.690221571246513,1.4440706259992782,0.7161946704227891,100,0.747902900715243,1.667030005977146,1.4922389015503241,0.74433600083508,-0.020026945138754002,0.74433600083508,100,1.652602570224791e-05,0.016511669012793002,0.00048621893786300006,0.000469692912161,100,2.156032124911135e-05,0.016511669012793002,0.00033826958539500004,0.00031670926414600003,-5.034295546863443e-06,0.00031670926414600003,0.0,0.0,0,0.0,0.0,0,-0.039832372789813004,0.0,0.0,0,0.230781471743698,0.44130220322262403,0.352216401618726,1.861899999999999,280.5,,,,,,1.8607499999999995,1.205,-0.0058823513399030025,0.008573891568229991,0.5925881313786611,-0.3212571328439279,0.34633315030972156,0.3038847430869794,-0.13488336327704925,-1.7219492755061752,e3q
e3q_O2_A8_403d5a853d_s4,e3q_O2_A8,4,Qwen/Qwen2.5-14B-Instruct-AWQ,100,30,prompt,2026-08-03 16:15:13,0.2,0.5,0.5,0.8,0.5,0.15,independent,barabasi_albert,Qwen/Qwen2.5-14B-Instruct-AWQ,2.1971,1.33,0.6203990670978561,4.272774045973027,,0.030283874743927002,-0.07476635514018601,1.5571000000000002,1.07,0.5106265741459161,3.673522163402949,,-0.026035473642489003,-0.102272727272727,0.31531531531531504,,100,0.31466133238382704,0.22557810041365803,0.9761681593735321,0.6615068269897041,100,0.251559197516991,0.223617045256556,0.787479940745864,0.5359207432288721,0.06310213486683601,0.5359207432288731,100,0.033638368361601,0.152416056883141,0.28399933715817705,0.25036096879657505,100,0.020244015667409,0.15205573414467002,0.295173587729515,0.274929572062106,0.013394352694192,0.274929572062106,100,0.26667961566234,3.099407566234534,0.33155180367365705,0.064872188011317,100,0.255693861552344,3.004072506554661,0.326018805372754,0.07032494382041,0.010985754109996,0.07032494382041,100,0.000170754208267,0.0062226929696800005,0.0029216148178300002,0.0027508606095630003,100,1.738116208463568e-05,0.0062226929696800005,0.0035033752664290004,0.003485994104344,0.00015337304618300002,0.003485994104344,100,0.8105827835954611,1.6438384407077802,1.586057034703925,0.775474251108463,100,0.775763253806744,1.6438384407077802,1.525552159580871,0.749788905774126,0.034819529788717,0.749788905774126,100,1.6398780352677023e-05,0.016511669012793002,0.0005255566623830001,0.000509157882031,100,9.843909846871798e-06,0.016511669012793002,0.000574394179304,0.000564550269457,6.554870505805228e-06,0.000564550269457,0.0,0.0,0,0.0,0.0,0,0.020410283229405003,0.0,0.0,0,0.240985583400695,0.42795196797865204,0.39920605964034706,1.849099999999999,275.8,,,,,,1.8771,1.2000000000000002,0.0021242005507189996,0.0885195412064565,0.565512820621886,0.07764009050070249,0.46398186801144864,0.27250245154321917,-0.0048739822195313365,-0.3972507308213767,e3q
e3q_O2_A8_403d5a853d_s5,e3q_O2_A8,5,Qwen/Qwen2.5-14B-Instruct-AWQ,100,30,prompt,2026-08-03 16:19:42,0.2,0.5,0.5,0.8,0.5,0.15,independent,barabasi_albert,Qwen/Qwen2.5-14B-Instruct-AWQ,2.329099999999999,1.3900000000000001,0.6443086511697781,4.746872578062104,,-0.12433616739613401,0.115384615384615,1.8699000000000001,1.17,0.5556255647464581,3.969836106386657,,0.005766324158866001,0.03883495145631,0.324607329842931,,100,0.40027727029118704,0.22386065459284202,1.238486317325746,0.8382090470345591,100,0.17912629577058,0.223617045256556,0.5772107412052111,0.39808444543463,0.22115097452060703,0.398084445434631,100,0.010441246848657,0.106765937632183,0.199515187999893,0.18907394115123602,100,0.016267047724965,0.15620568199218002,0.195237253214141,0.17897020548917603,-0.005825800876308,0.17897020548917503,100,0.30120514835455203,3.110000350643409,0.36422657969627303,0.063021431341721,100,0.335109717151233,3.936237534535641,0.38408824668572705,0.048978529534493005,-0.033904568796681,0.048978529534493005,100,0.000139134611199,0.0062226929696800005,0.003210439910974,0.0030713052997750003,100,0.000245712545414,0.0062226929696800005,0.002866440252819,0.0026207277074050002,-0.000106577934215,0.0026207277074050002,100,0.609737912026312,1.6438384407077802,1.262832901798387,0.653094989772075,100,0.553364400350277,1.6438384407077802,1.16162472414926,0.6082603237989831,0.05637351167603401,0.6082603237989831,100,1.8035705519952623e-05,0.016511669012793002,0.0005003497588930001,0.00048231405337300005,100,2.3338704637272382e-05,0.016511669012793002,0.0005079637249980001,0.000484625020361,-5.302999117319766e-06,0.000484625020361,0.0,0.0,0,0.0,0.0,0,0.039613705931719,0.0,0.0,0,0.236333228410277,0.500640204865556,0.285354356857946,1.7699,268.9,,,,,,2.0994999999999995,1.28,-0.059284921618634,-0.0771097834204625,0.5999671079581181,0.1682936234487029,0.36563636825427287,0.20623314283084135,-0.307195203412811,-0.09619924151832848,e3q
e3q_O5_A2_66825fc9ac_s1,e3q_O5_A2,1,Qwen/Qwen2.5-14B-Instruct-AWQ,100,30,prompt,2026-08-03 16:24:20,0.5,0.5,0.5,0.2,0.5,0.15,independent,barabasi_albert,Qwen/Qwen2.5-14B-Instruct-AWQ,3.1075,1.71,0.788742773200627,7.30229770781207,,-0.0684015980286,0.032258064516129004,1.7851,1.13,0.5652168950497171,4.2046886278837015,,-0.045950954108184006,0.07058823529411701,0.08196721311475401,,100,0.36512906472522905,0.23070851303584103,1.084569755755266,0.719440691030036,100,0.275403721418347,0.230606197114601,0.8129366963717841,0.537532974953437,0.089725343306882,0.537532974953437,100,0.005258633616353,0.15185132028342202,0.17780933366433502,0.172550700047982,100,0.011221611637999,0.151827067791409,0.21658864546653503,0.20536703382853502,-0.005962978021646001,0.20536703382853502,100,0.27584224947643804,4.020979809806639,0.353881824069528,0.07803957459308901,100,0.325734889439109,4.031572594215514,0.38690488233810805,0.06116999289899901,-0.04989263996267,0.06116999289899901,100,1.572358244831249e-05,0.040116509996028005,0.0030216020468690004,0.0030058784644210004,100,1.8039534556593822e-05,0.040116509996028005,0.0029148426986840004,0.002896803164127,-2.3159521082813287e-06,0.002896803164127,100,0.662062622602631,1.6438384407077802,1.3613288793862441,0.6992662567836131,100,0.7272944127495831,1.6438384407077802,1.4588398201229071,0.7315454073733241,-0.065231790146951,0.7315454073733241,100,5.3640320885268526e-05,0.016511669012793002,0.000725343855155,0.00067170353427,100,2.174779911271203e-05,0.016511669012793002,0.00035617348457600003,0.000334425685463,3.1892521772556495e-05,0.000334425685463,0.0,0.0,0,0.0,0.0,0,-0.005222081375786,0.0,0.0,0,0.26631097500232903,0.44147037830121305,0.377455353659629,2.076399999999999,278.6,,,,,,2.4463,1.42,-0.057176276068392005,-0.051423149905123006,0.676979834125172,-0.03420022773819076,0.1997650781368979,0.25647443965064753,0.14126243000829247,-0.7686614555336597,e3q
e3q_O5_A2_66825fc9ac_s2,e3q_O5_A2,2,Qwen/Qwen2.5-14B-Instruct-AWQ,100,30,prompt,2026-08-03 16:29:09,0.5,0.5,0.5,0.2,0.5,0.15,independent,barabasi_albert,Qwen/Qwen2.5-14B-Instruct-AWQ,2.1379,1.29,0.6195444805170031,4.637571671243169,,-0.09395964933055101,0.06912442396313301,1.7139000000000002,1.11,0.5505658158432081,4.03912729793787,,0.00017443427792100002,-0.017964071856287,0.102272727272727,,100,0.352806304036127,0.228659758517676,1.132027003630557,0.7792206995944321,100,0.32638962999782,0.225590280880473,0.928125665903282,0.6017360359054611,0.026416674038307,0.6017360359054621,100,0.046665382714060004,0.15189982526744703,0.31160547350600304,0.26494009079194203,100,0.036024189431450006,0.152416056883141,0.32864944986793704,0.292625260436486,0.010641193282609,0.292625260436486,100,0.342113450430151,4.031572594215514,0.39912746951282,0.057014019082669,100,0.28262535799666605,3.364227176456403,0.345339641777953,0.062714283781286,0.059488092433484005,0.062714283781286,100,5.907514545761164e-06,0.040116509996028005,0.003476545765835,0.0034706382512900004,100,6.75791914623868e-06,0.040116509996028005,0.0032604228458540004,0.003253664926708,-8.504046004775165e-07,0.003253664926708,100,0.8248061669862811,1.6438384407077802,1.605514912320678,0.780708745334396,100,1.076996359385194,1.690221571246513,1.9522531813285542,0.8752568219433591,-0.252190192398912,0.8752568219433601,100,8.968306143390868e-05,0.016511669012793002,0.0009712485920860001,0.000881565530652,100,0.00011591995998900001,0.016511669012793002,0.001009804404299,0.0008938844443100001,-2.6236898555743423e-05,0.0008938844443100001,0.0,0.0,0,0.0,0.0,0,-0.025945219991277003,0.0,0.0,0,0.29322006278510304,0.6092223524814381,0.225642598661201,1.9700000000000002,288.8,,,,,,1.9259000000000002,1.2000000000000002,-0.046892607526315,-0.025580176053423005,0.5850551481801056,-0.2581988263546842,0.25824710792398253,0.3060799919062684,-0.39936968192769295,-1.5125388260270123,e3q
e3q_O5_A2_66825fc9ac_s3,e3q_O5_A2,3,Qwen/Qwen2.5-14B-Instruct-AWQ,100,30,prompt,2026-08-03 16:33:49,0.5,0.5,0.5,0.2,0.5,0.15,independent,barabasi_albert,Qwen/Qwen2.5-14B-Instruct-AWQ,2.2336,1.34,0.674271936903934,5.695743914769635,,-0.068099063820695,-0.10548523206751001,2.000399999999999,1.22,0.571226588835227,3.950344575872548,,-0.039155578846804005,0.038461538461538006,0.079646017699115,,100,0.40080492845126103,0.22573644648224403,1.239919724191621,0.8391147957403611,100,0.274579125151719,0.22557810041365803,0.870718518182757,0.596139393031037,0.126225803299542,0.596139393031037,100,0.025776450197277003,0.152416056883141,0.26885188926512804,0.24307543906785,100,0.017282831226663003,0.107072211959884,0.175549714708457,0.15826688348179302,0.008493618970613001,0.15826688348179302,100,0.31364049661729604,3.925644750126766,0.37719731964961906,0.063556823032322,100,0.31941269388756305,4.020979809806639,0.381784755201067,0.06237206131350301,-0.005772197270266,0.06237206131350301,100,3.2649818827451066e-05,0.040116509996028005,0.0031020577694770004,0.003069407950649,100,0.00022124887063500003,0.040116509996028005,0.04607850466086601,0.045857255790230006,-0.00018859905180800002,0.045857255790230006,100,0.7115235091748191,1.6438384407077802,1.438951906124259,0.72742839694944,100,0.6266238646941821,1.6438384407077802,1.257467911745112,0.630844047050929,0.08489964448063601,0.630844047050929,100,1.2912815750995002e-05,0.016511669012793002,0.000320091432939,0.000307178617188,100,7.710090207774359e-05,0.016511669012793002,0.000806050468259,0.0007289495661810001,-6.418808632674858e-05,0.0007289495661810001,0.0,0.0,0,0.0,0.0,0,0.035599013723731004,0.0,0.0,0,0.27908976202988,0.5775803144224191,0.271685091207551,1.609099999999999,280.0,,,,,,2.1169999999999995,1.28,-0.053627321333749506,0.033511846802986,0.6227492628695805,-0.026799850007535302,0.20319115298659887,0.24903476503894553,-0.15325392443944552,-0.7440855271084887,e3q
e3q_O5_A2_66825fc9ac_s4,e3q_O5_A2,4,Qwen/Qwen2.5-14B-Instruct-AWQ,100,30,prompt,2026-08-03 16:38:30,0.5,0.5,0.5,0.2,0.5,0.15,independent,barabasi_albert,Qwen/Qwen2.5-14B-Instruct-AWQ,2.527499999999999,1.45,0.679617324897374,5.278693536582278,,5.687554209500322e-05,0.015625,1.8384,1.12,0.5407997610548541,3.967362404634993,,-0.012354311155896,-0.018867924528301,0.092198581560283,,100,0.25461536385672,0.22496907707294403,0.7885781275240481,0.5339627636673261,100,0.27613937513835,0.23087660347787903,0.75318531315436,0.47704593801600903,-0.021524011281630003,0.47704593801600903,100,0.022147120927619002,0.105913635770029,0.29055708819425,0.26840996726663,100,0.031008020597398003,0.106795733550941,0.27048890314857904,0.23948088255118102,-0.008860899669778,0.23948088255118102,100,0.287724763722274,3.078221997416785,0.35760966305865105,0.06988489933637701,100,0.306113037641114,3.920348357922328,0.371912291198262,0.06579925355714701,-0.01838827391884,0.06579925355714701,100,5.807825242607776e-05,0.0062226929696800005,0.0035410392461830004,0.003482960993757,100,1.2796305850624078e-06,0.0062226929696800005,0.0037127739695600004,0.0037114943389750005,5.679862184101535e-05,0.0037114943389750005,100,0.5273109318003061,1.690221571246513,1.07546344611515,0.548152514314843,100,0.5411285065705,1.6438384407077802,1.134991309778312,0.593862803207812,-0.013817574770193,0.593862803207812,100,5.596208564849667e-05,0.016511669012793002,0.000545785480605,0.0004898233949570001,100,7.382689925816748e-05,0.016511669012793002,0.000678699489877,0.000604872590619,-1.7864813609670813e-05,0.000604872590619,0.0,0.0,0,0.0,0.0,0,-0.010425304305368002,0.0,0.0,0,0.294037524348205,0.568816489361702,0.303561252401422,1.680399999999999,281.0,,,,,,2.1829499999999995,1.2850000000000001,-0.006148717806900498,0.0016214622641505007,0.610208542976114,0.06784925061938256,0.3643225141843265,0.2300842073769572,0.15807188561480162,-0.429765149531233,e3q
e3q_O5_A2_66825fc9ac_s5,e3q_O5_A2,5,Qwen/Qwen2.5-14B-Instruct-AWQ,100,30,prompt,2026-08-03 16:43:13,0.5,0.5,0.5,0.2,0.5,0.15,independent,barabasi_albert,Qwen/Qwen2.5-14B-Instruct-AWQ,2.2004,1.32,0.6115618293842391,4.122937674921014,,-0.032829849163681,0.026315789473684,2.1104,1.3,0.612795371238898,4.149684862394468,,-0.08141181960082801,0.057692307692307,0.158620689655172,,100,0.33961258130404404,0.22387283505965702,1.119342272708382,0.779729691404335,100,0.17122278687078402,0.223617045256556,0.5042314121707221,0.333008625299937,0.16838979443325902,0.333008625299937,100,0.013895192732523001,0.105913635770029,0.202065140406665,0.18816994767414102,100,0.014233528458541,0.15062483711593203,0.33277126434722903,0.318537735888687,-0.00033833572601800005,0.318537735888687,100,0.30970312722215404,4.031572594215514,0.36765956363928404,0.057956436417130004,100,0.265989956193185,3.152371488278908,0.340721794763292,0.07473183857010701,0.043713171028968004,0.07473183857010701,100,3.124923206043829e-07,0.040116509996028005,0.003379568346776,0.003379255854456,100,9.513435013973564e-06,0.040116509996028005,0.0032289761931460002,0.003219462758132,-9.20094269336918e-06,0.003219462758132,100,0.52476212120609,1.504689049091581,1.137482718619681,0.6127205974135901,100,0.7768602488372871,1.6438384407077802,1.545966081029969,0.769105832192681,-0.25209812763119605,0.769105832192681,100,3.366687644594279e-05,0.016511669012793002,0.0007275389401550001,0.0006938720637090001,100,7.989316560920009e-05,0.016511669012793002,0.0008473692080570001,0.0007674760424480001,-4.6226289163257284e-05,0.0007674760424480001,0.0,0.0,0,0.0,0.0,0,-0.0067314875211400005,0.0,0.0,0,0.303257181961875,0.5201014125316911,0.31640314696373,1.9875999999999991,282.6,,,,,,2.1554,1.31,-0.0571208343822545,-0.0420040485829955,0.6121786003115686,0.1998365529387696,0.29553640975065354,0.2498951617919987,-0.18117625855071343,0.008551732780848753,e3q
e3q_O5_A5_1012132b30_s1,e3q_O5_A5,1,Qwen/Qwen2.5-14B-Instruct-AWQ,100,30,prompt,2026-08-03 16:47:48,0.5,0.5,0.5,0.5,0.5,0.15,independent,barabasi_albert,Qwen/Qwen2.5-14B-Instruct-AWQ,2.1664,1.38,0.653708897194037,4.5229103350820505,,-0.017868483302906,-0.144329896907216,1.5459,1.05,0.5212397998468951,3.97674937418015,,-0.041976698699573003,-0.17277486910994702,0.14285714285714202,,100,0.133055258122649,0.207319580659024,0.5092496448185231,0.376194386695873,100,0.171030193174179,0.207417024393538,0.6849271187075171,0.513896925533336,-0.037974935051530004,0.513896925533337,100,0.040382609152509005,0.156892373980306,0.317004820395346,0.27662221124283604,100,0.022453900435122003,0.156164799219931,0.298891366288353,0.27643746585323004,0.017928708717387002,0.27643746585323004,100,0.261680933447041,3.85679165146908,0.33806542513806204,0.07638449169102,100,0.302723419061979,4.063350947442138,0.37499914517187105,0.07227572610989101,-0.041042485614938,0.07227572610989201,100,7.137522804701171e-05,0.0062226929696800005,0.0030603552779550004,0.002988980049908,100,6.319253958781384e-06,0.016946908513173,0.0030149406519840004,0.003008621398025,6.50559740882303e-05,0.003008621398025,100,0.686198233518024,1.6438384407077802,1.404518229983489,0.7183199964654651,100,0.7723457617794871,1.6438384407077802,1.5341492615370589,0.7618034997575721,-0.086147528261463,0.7618034997575721,100,0.000167701707228,0.016511669012793002,0.0011415837298750001,0.0009738820226460001,100,0.00013942583658500002,0.016511669012793002,0.000919728337777,0.000780302501191,2.827587064276859e-05,0.000780302501191,0.0,0.01,0,0.0,0.0,0,-0.024523818060968,0.005,0.005,0,0.22602384522482102,0.63075807036634,0.289538506003846,1.9123999999999999,275.9,,,,,,1.85615,1.2149999999999999,-0.0299225910012395,0.15855238300858152,0.5874743485204661,0.1426427445390476,0.3108829003669227,0.27136709019220756,-0.1253927312383095,-0.14065420308509763,e3q
e3q_O5_A5_1012132b30_s2,e3q_O5_A5,2,Qwen/Qwen2.5-14B-Instruct-AWQ,100,30,prompt,2026-08-03 16:52:16,0.5,0.5,0.5,0.5,0.5,0.15,independent,barabasi_albert,Qwen/Qwen2.5-14B-Instruct-AWQ,1.9456,1.22,0.5876186550127961,4.288841760751872,,0.031898709085953006,-0.014778325123152001,1.2619,0.91,0.460561823501391,3.51262273962579,,-0.017923476968796002,-0.09090909090909001,0.173333333333333,,100,0.243046527227598,0.2239946397278,0.8374484904991091,0.5944019632715111,100,0.291348495510488,0.22312982658398403,1.01338968986309,0.722041194352603,-0.048301968282889005,0.7220411943526021,100,0.0028793359380250003,0.088174670183743,0.20971143626256303,0.20683210032453803,100,0.034479175747125,0.129438553022155,0.25942372025987404,0.224944544512748,-0.0315998398091,0.224944544512749,100,0.304443627325551,3.099407566234534,0.36261318798520303,0.058169560659652,100,0.30205367317109505,3.099407566234534,0.36004509187418704,0.057991418703091005,0.002389954154455,0.057991418703091005,100,1.3832779385770812e-05,0.0062226929696800005,0.0033166996220590004,0.0033028668426740002,100,3.516339798911069e-07,0.040116509996028005,0.002993269202347,0.002992917568367,1.3481145405879711e-05,0.002992917568367,100,0.819663832727596,1.6438384407077802,1.6035307300347612,0.7838668973071651,100,0.6652070889410481,1.504689049091581,1.360516669245813,0.6953095803047641,0.154456743786547,0.6953095803047651,100,3.8005315450285325e-05,0.016511669012793002,0.000647333278733,0.000609327963283,100,1.7343698726695382e-05,0.016511669012793002,0.00041763748793600003,0.00040029378920900004,2.0661616723589943e-05,0.00040029378920900004,0.0,0.0,0,0.0,0.0,0,0.012829838768523002,0.0,0.0,0,0.239169538774497,0.548196948682385,0.34412670974542503,1.6184,268.0,,,,,,1.60375,1.065,0.006987616058578502,0.052843708016121003,0.5240902392570935,-0.00317973397279551,0.3436450114845147,0.2839466582051304,-0.37150447858368063,-0.6656454390222575,e3q
e3q_O5_A5_1012132b30_s3,e3q_O5_A5,3,Qwen/Qwen2.5-14B-Instruct-AWQ,100,30,prompt,2026-08-03 16:57:00,0.5,0.5,0.5,0.5,0.5,0.15,independent,barabasi_albert,Qwen/Qwen2.5-14B-Instruct-AWQ,1.8971,1.19,0.559603729584056,3.823160967320676,,-0.026083504576872002,-0.036649214659685,1.4075,0.97,0.47716685191093006,3.814655329908815,,-0.09898936170212701,-0.006060606060606001,0.11111111111111101,,100,0.359416912135188,0.17172825662764102,1.263645292123124,0.904228379987935,100,0.28462693875091405,0.22178997523441102,1.124242428567293,0.839615489816378,0.07478997338427401,0.839615489816379,100,0.016400346548522002,0.12886342249728702,0.269812909754353,0.25341256320583,100,0.033509983293323005,0.10646797844460101,0.23790197282558903,0.204391989532265,-0.0171096367448,0.204391989532266,100,0.311337451290467,4.020979809806639,0.376932099636867,0.065594648346399,100,0.325517870233955,4.063350947442138,0.39131564904001404,0.065797778806059,-0.014180418943487,0.065797778806059,100,0.00033014639434600005,0.15848007414272403,0.0031944722741710004,0.002864325879825,100,0.000381200688226,0.15848007414272403,0.0028550964941850003,0.0024738958059580003,-5.105429388069922e-05,0.0024738958059580003,100,0.7537740140163001,1.6438384407077802,1.507852257770893,0.7540782437545931,100,0.8010202763821,1.667030005977146,1.5696690014280632,0.768648725045962,-0.047246262365800006,0.768648725045962,100,8.91219189577147e-05,0.016511669012793002,0.0008304877019660001,0.0007413657830090001,100,6.849936270367351e-05,0.016511669012793002,0.0009218682462750001,0.000853368883572,2.0622556254041194e-05,0.000853368883572,0.0,0.0,0,0.0,0.0,0,-0.0006294627345730001,0.0,0.0,0,0.26215131604352004,0.44938749194068306,0.425222672976209,1.5316,283.6,,,,,,1.6522999999999999,1.08,-0.0625364331394995,0.0213549103601455,0.5183852907474931,-0.16717592815876844,-0.34030684404717615,0.31363020798169905,-0.7902475334341978,-1.2102607109724284,e3q
e3q_O5_A5_1012132b30_s4,e3q_O5_A5,4,Qwen/Qwen2.5-14B-Instruct-AWQ,100,30,prompt,2026-08-03 17:01:32,0.5,0.5,0.5,0.5,0.5,0.15,independent,barabasi_albert,Qwen/Qwen2.5-14B-Instruct-AWQ,1.9675,1.17,0.549414389586624,3.823595564509363,,-0.10783951438467801,0.13103448275862,1.5075,1.01,0.48193876893553805,3.490341917677669,,-0.08367604676014301,0.057324840764331,0.24509803921568601,,100,0.214132916924579,0.223617045256556,0.6817047589074731,0.46757184198289403,100,0.19024510770772102,0.224615843535329,0.648385268534798,0.45814016082707704,0.023887809216858003,0.45814016082707704,100,0.012129755838046001,0.106225453524476,0.23820248373931802,0.22607272790127103,100,0.021165123817678003,0.10641947346057601,0.28228752950990804,0.26112240569223,-0.009035367979632001,0.26112240569223,100,0.33026908832190305,4.031572594215514,0.39401531644450205,0.063746228122599,100,0.329376155396762,4.031572594215514,0.39106548206768604,0.061689326670924007,0.0008929329251410001,0.061689326670924007,100,0.00036265292273400003,0.15848007414272403,0.0034900222149720004,0.0031273692922370003,100,0.000327065039365,0.15848007414272403,0.0032950355529430004,0.0029679705135770003,3.5587883368809155e-05,0.0029679705135770003,100,0.6240019124989551,1.6438384407077802,1.276236873677973,0.652234961179017,100,0.752824529360761,1.6438384407077802,1.483780896028677,0.7309563666679161,-0.12882261686180502,0.7309563666679161,100,9.364262358269193e-05,0.016511669012793002,0.000946055901953,0.0008524132783700001,100,8.449726222569336e-05,0.016511669012793002,0.0009207935171520001,0.0008362962549260001,9.145361356998572e-06,0.0008362962549260001,0.0,0.0,0,0.0,0.01,0,-0.018838751575785,0.005,0.005,0,0.23891862504766,0.7060998151571161,0.234805185495798,1.7756,271.9,,,,,,1.7375,1.0899999999999999,-0.09575778057241051,-0.0941796617614755,0.515676579261081,0.032670363896603306,-0.331135041461392,0.252618754437775,-1.0510918771791828,-0.5058616902946717,e3q
e3q_O5_A5_1012132b30_s5,e3q_O5_A5,5,Qwen/Qwen2.5-14B-Instruct-AWQ,100,30,prompt,2026-08-03 17:05:53,0.5,0.5,0.5,0.5,0.5,0.15,independent,barabasi_albert,Qwen/Qwen2.5-14B-Instruct-AWQ,1.9584000000000001,1.2,0.569054782198684,4.066825145711279,,-0.07808735513596801,0.09803921568627401,1.5563999999999991,1.04,0.49774803716590604,3.577155443824225,,0.071515018153812,-0.066666666666666,0.404411764705882,,100,0.23561144506947201,0.223617045256556,0.887048368887252,0.6514369238177801,100,0.25530453413930304,0.22411644439594303,0.9693895722013041,0.7140850380620001,-0.019693089069831003,0.7140850380620001,100,0.023131766425442003,0.107010541337338,0.307522847286448,0.284391080861005,100,0.053446388626439,0.157044818215813,0.38634249071161403,0.332896102085175,-0.030314622200996004,0.332896102085174,100,0.322299551099333,4.020979809806639,0.386502852609138,0.06420330150980501,100,0.331817148283368,4.063350947442138,0.405597961854591,0.073780813571222,-0.009517597184035,0.073780813571222,100,0.00014431706464600001,0.0062226929696800005,0.0029922647630660003,0.002847947698419,100,8.110176025172852e-05,0.0062226929696800005,0.0031464596583950003,0.003065357898144,6.321530439501071e-05,0.003065357898144,100,0.43433892042759803,1.504689049091581,0.9316230205287521,0.49728410010115304,100,0.436071430193855,1.57426374489968,0.9226778564534921,0.486606426259636,-0.0017325097662560002,0.486606426259636,100,9.593963542729913e-05,0.016511669012793002,0.000793373792791,0.000697434157364,100,0.00012320776651400002,0.016511669012793002,0.000954667608137,0.000831459841623,-2.7268131086957e-05,0.000831459841623,0.0,0.0,0,0.0,0.0,0,-0.010203645174635,0.0,0.0,0,0.21284658292024503,0.5928825622775801,0.34088855978049504,1.8859,260.6,,,,,,1.7573999999999996,1.12,-0.0032861684910780037,-0.015686274509804005,0.533401409682295,0.09422109600107174,0.37313241275702386,0.26854419961963333,-0.33315183375793045,-0.3421868382437813,e3q
e3q_O5_A8_ed0f6108b8_s1,e3q_O5_A8,1,Qwen/Qwen2.5-14B-Instruct-AWQ,100,30,prompt,2026-08-03 17:10:28,0.5,0.5,0.5,0.8,0.5,0.15,independent,barabasi_albert,Qwen/Qwen2.5-14B-Instruct-AWQ,2.8184,1.6,0.7653652862440601,8.38312836423558,,-0.09489121627402501,0.08333333333333301,1.4299,1.05,0.49535000832023907,3.571567590281527,,-0.020677423826676002,-0.12,0.190082644628099,,100,0.204982980887111,0.17172825662764102,0.9132307105215721,0.70824772963446,100,0.29294950286103705,0.17172825662764102,1.135203908331963,0.8422544054709271,-0.087966521973926,0.8422544054709261,100,0.040629086132264,0.16065497488395902,0.315382298996219,0.27475321286395404,100,0.011719586100993001,0.105913635770029,0.20335678931793003,0.191637203216936,0.02890950003127,0.191637203216937,100,0.30727180015787203,4.063350947442138,0.372158790549515,0.064886990391642,100,0.287121159789256,4.031572594215514,0.355878817973104,0.068757658183848,0.020150640368616003,0.068757658183847,100,8.668794734996847e-05,0.0062226929696800005,0.0027777086397850004,0.002691020692435,100,0.00019885698592300003,0.0062226929696800005,0.002741095351905,0.0025422383659810003,-0.00011216903857300001,0.0025422383659810003,100,0.659520603592878,1.6438384407077802,1.336509129535171,0.6769885259422921,100,0.6034258049687701,1.6438384407077802,1.23667350275544,0.633247697786669,0.056094798624107,0.633247697786669,100,0.00012001806964400001,0.016511669012793002,0.0008123522301850001,0.0006923341605400001,100,9.995436546783721e-05,0.016511669012793002,0.0009852307883460002,0.000885276422878,2.0063704176577872e-05,0.000885276422878,0.0,0.0,0,0.0,0.0,0,0.002849385285945,0.0,0.0,0,0.20719296727472203,0.5,0.365725671937422,1.860399999999999,275.0,,,,,,2.12415,1.3250000000000002,-0.05778432005035051,0.018333333333333493,0.6303576472821496,-0.006955583594134174,0.37816544812922565,0.28988741324120654,-0.11916506091896018,-0.6781846651828131,e3q
e3q_O5_A8_ed0f6108b8_s2,e3q_O5_A8,2,Qwen/Qwen2.5-14B-Instruct-AWQ,100,30,prompt,2026-08-03 17:15:10,0.5,0.5,0.5,0.8,0.5,0.15,independent,barabasi_albert,Qwen/Qwen2.5-14B-Instruct-AWQ,2.0259,1.33,0.723321217329141,6.680890844839595,,-0.07678312834063701,-0.107569721115537,1.1875,0.89,0.44353559980015306,3.6742346141747673,,0.010527420174018,-0.132867132867132,0.23275862068965503,,100,0.16394967474677702,0.223617045256556,0.553522298219118,0.389572623472339,100,0.21583854446580403,0.22556591994684402,0.7423647872268501,0.5265262427610441,-0.051888869719026,0.5265262427610461,100,0.0037918253723950002,0.151833304146498,0.271124505402291,0.267332680029896,100,0.017123319613491002,0.15181667386626102,0.205710360007123,0.18858704039363203,-0.013331494241095001,0.18858704039363203,100,0.29097472989649104,3.602564825656086,0.35407323262172,0.063098502725229,100,0.305632452331354,3.528415334793962,0.362163919457119,0.056531467125764005,-0.014657722434862,0.056531467125765004,100,3.6910609505970804e-05,0.0062226929696800005,0.0029020207758790003,0.002865110166373,100,1.0341351154422082e-05,0.040116509996028005,0.002795232184904,0.0027848908337490003,2.656925835154871e-05,0.0027848908337490003,100,0.5699299513004711,1.481497483822214,1.231623767080706,0.661693815780235,100,0.5707731772377991,1.481497483822214,1.220172415887774,0.6493992386499751,-0.000843225937327,0.6493992386499751,100,5.5432455795687855e-05,0.016511669012793002,0.000621325696316,0.0005658932405210001,100,8.986543638038187e-05,0.016511669012793002,0.0010328815326480002,0.000943016096268,-3.443298058469401e-05,0.000943016096268,0.0,0.0,0,0.0,0.0,0,-0.013454862675757,0.0,0.0,0,0.22597122166895903,0.466117216117216,0.323296201926473,1.6259000000000001,282.4,,,,,,1.6067,1.11,-0.0331278540833095,0.1202184269913345,0.5834284085646471,0.16232085648441366,0.3043100333034154,0.23746198264340534,-0.4849477521397553,-0.11603421464497687,e3q
e3q_O5_A8_ed0f6108b8_s3,e3q_O5_A8,3,Qwen/Qwen2.5-14B-Instruct-AWQ,100,30,prompt,2026-08-03 17:19:42,0.5,0.5,0.5,0.8,0.5,0.15,independent,barabasi_albert,Qwen/Qwen2.5-14B-Instruct-AWQ,1.633899999999999,1.15,0.605208559811744,4.551623301429017,,-0.08532620865925801,-0.14782608695652102,0.8979,0.87,0.388363168318938,4.280126594245462,,-0.06208166268520301,-0.376811594202898,0.09473684210526301,,100,0.263255879845175,0.223312533586199,0.9201599318040561,0.656904051958879,100,0.193666678661353,0.17172825662764102,0.7792558779267971,0.5855891992654421,0.069589201183821,0.5855891992654431,100,0.029306012858291004,0.15234676404882,0.265623841571879,0.23631782871358803,100,0.017271060306319003,0.12946627015588402,0.272695373223312,0.255424312916992,0.012034952551971002,0.255424312916992,100,0.29898102200136,4.031572594215514,0.36338243414423105,0.06440141214287101,100,0.34944981424520205,4.020979809806639,0.40790177890266405,0.058451964657462004,-0.050468792243842,0.058451964657461004,100,1.021650938996457e-06,0.040116509996028005,0.0028720300108110003,0.0028710083598720002,100,1.2342750498157711e-05,0.040116509996028005,0.002989650177719,0.002977307427221,-1.1321099559161251e-05,0.002977307427221,100,0.8348261482604761,1.6438384407077802,1.610631076572648,0.7758049283121711,100,0.8621195787391731,1.6438384407077802,1.641741866921707,0.7796222881825331,-0.027293430478696003,0.7796222881825341,100,1.6954741031944985e-05,0.016511669012793002,0.00032527701184600005,0.000308322270814,100,5.093569281485762e-05,0.016511669012793002,0.00069939584029,0.0006484601474750001,-3.398095178291262e-05,0.0006484601474750001,0.01,0.01,0,0.0,0.0,0,0.0006361048269850001,0.005,0.0,0,0.216604739850899,0.5785330948121641,0.284264435078651,1.557099999999999,272.1,,,,,,1.2658999999999996,1.01,-0.0737039356722305,0.2623188405797095,0.49678586406534103,0.015143920706683097,0.22640609193581526,0.2804522554328542,-0.9439615288037085,-0.5640652886865546,e3q
e3q_O5_A8_ed0f6108b8_s4,e3q_O5_A8,4,Qwen/Qwen2.5-14B-Instruct-AWQ,100,30,prompt,2026-08-03 17:24:08,0.5,0.5,0.5,0.8,0.5,0.15,independent,barabasi_albert,Qwen/Qwen2.5-14B-Instruct-AWQ,1.7731,1.17,0.563594847772067,4.008320774519441,,-0.07209646376145401,-0.14444444444444401,1.4290999999999991,1.03,0.48957031330531703,4.029733778459754,,-0.083059131095499,-0.2,0.16161616161616102,,100,0.19705319511159702,0.22337343592027,0.7801108191232,0.583057624011602,100,0.17080696191639103,0.17172825662764102,0.7462225829199851,0.575415621003594,0.026246233195205002,0.575415621003594,100,0.042285192693107,0.151871415205375,0.22416600906656603,0.18188081637345901,100,0.063231333529458,0.15181667386626102,0.32829528671628305,0.265063953186824,-0.02094614083635,0.265063953186824,100,0.30195118998798104,3.639639571087147,0.35748229362670103,0.05553110363871901,100,0.34346041861742305,4.063350947442138,0.398900215579975,0.055439796962552,-0.041509228629441,0.055439796962552,100,0.00031775522059200004,0.15848007414272403,0.002990217929682,0.002672462709089,100,0.000252964718149,0.0062226929696800005,0.002968546480045,0.002715581761895,6.479050244258548e-05,0.002715581761895,100,1.003913711368285,1.6438384407077802,1.843396267413703,0.8394825560454181,100,0.8360801975429961,1.6438384407077802,1.608730854107198,0.7726506565642011,0.16783351382528902,0.7726506565642011,100,6.651570520379298e-06,0.016511669012793002,0.00038175357814500006,0.000375102007625,100,1.4805975058575993e-05,0.016511669012793002,0.00039192106487800004,0.000377115089819,-8.154404538196698e-06,0.000377115089819,0.01,0.0,0,0.0,0.0,0,0.021946835608767003,0.0,-0.005,0,0.216407758345548,0.5586753059755221,0.38862642552604104,1.6184,265.4,,,,,,1.6010999999999995,1.1,-0.07757779742847651,0.172222222222222,0.526582580538692,0.03068182691941986,0.3746750080822249,0.27861045409481416,-0.7326206693520652,-0.5531945173072187,e3q
e3q_O5_A8_ed0f6108b8_s5,e3q_O5_A8,5,Qwen/Qwen2.5-14B-Instruct-AWQ,100,30,prompt,2026-08-03 17:28:50,0.5,0.5,0.5,0.8,0.5,0.15,independent,barabasi_albert,Qwen/Qwen2.5-14B-Instruct-AWQ,2.0019,1.19,0.559983685942058,3.919308386473075,,0.022504635831041002,-0.11111111111111101,1.4275,1.11,0.549098247989676,4.120738745040512,,0.050783022226151005,-0.223404255319148,0.09677419354838701,,100,0.351233900286315,0.22326381171894202,1.251665790290887,0.90043189000457,100,0.265164448439554,0.22495689660612903,0.98075156073263,0.715587112293075,0.08606945184676,0.715587112293075,100,0.020043995348619,0.107050038252901,0.24683573104556902,0.22679173569694902,100,0.048084750554082005,0.15181667386626102,0.241180225140282,0.19309547458620002,-0.028040755205462002,0.19309547458619902,100,0.358731014248435,4.031572594215514,0.41951091557108605,0.06077990132265101,100,0.28515052631283905,3.110000350643409,0.353221900039532,0.068071373726692,0.073580487935596,0.068071373726692,100,2.615290117847688e-05,0.016946908513173,0.0031701779414160004,0.0031440250402380004,100,0.00013123427602700001,0.0062226929696800005,0.0032594267043440004,0.003128192428317,-0.000105081374848,0.003128192428317,100,0.422437616064234,1.458305918552848,0.9110400821361441,0.48860246607190905,100,0.6111774836504801,1.6438384407077802,1.250579089273337,0.6394016056228561,-0.188739867586246,0.6394016056228561,100,4.63624878615161e-05,0.016511669012793002,0.000609868936583,0.0005635064487220001,100,1.3538052711853762e-05,0.016511669012793002,0.000290630076952,0.00027709202424000003,3.282443514966233e-05,0.00027709202424000003,0.0,0.0,0,0.0,0.0,0,-0.009533823324841,0.0,0.0,0,0.225889299087589,0.42129477489319705,0.45406587400345105,1.7024,282.7,,,,,,1.7147000000000001,1.15,0.036643829028596,0.16725768321512952,0.554540966965867,0.06587389954564515,0.45222908830043695,0.2699268084468967,0.12269692337756563,-0.4363250966541558,e3q
e3q_O8_A2_03bbb15c94_s1,e3q_O8_A2,1,Qwen/Qwen2.5-14B-Instruct-AWQ,100,30,prompt,2026-08-03 17:33:24,0.8,0.5,0.5,0.2,0.5,0.15,independent,barabasi_albert,Qwen/Qwen2.5-14B-Instruct-AWQ,2.633899999999999,1.49,0.6936033846326011,5.210449732953342,,0.043284121958141006,-0.016129032258064002,1.8299,1.11,0.527724949379304,3.793248052938435,,-0.092800020754827,0.08433734939759001,0.093457943925233,,100,0.32596722060585204,0.223982459260985,0.9286186064508781,0.6026513858450271,100,0.26128049536012904,0.225760807415873,0.798798166255642,0.5375176708955121,0.064686725245722,0.5375176708955131,100,0.03319483701049,0.15181667386626102,0.223654785276748,0.190459948266257,100,0.015032999031312002,0.151827067791409,0.22129313398758002,0.20626013495626802,0.018161837979178003,0.20626013495626802,100,0.32056311507726404,4.063350947442138,0.381998613920672,0.06143549884340801,100,0.337256292267659,4.020979809806639,0.394889003047992,0.057632710780333,-0.016693177190395002,0.057632710780333,100,2.3790792766169233e-05,0.040116509996028005,0.0032495829721500002,0.003225792179384,100,0.000221160767061,0.040116509996028005,0.003379000594814,0.003157839827753,-0.00019736997429400002,0.003157839827753,100,0.676072754696422,1.6438384407077802,1.38144887370149,0.705376119005068,100,1.010373974366004,1.667030005977146,1.8636159217704331,0.853241947404428,-0.33430121966958104,0.853241947404429,100,3.8118695739583726e-05,0.016511669012793002,0.00048812427927600005,0.000450005583536,100,7.01137419039965e-05,0.016511669012793002,0.0006936280829460001,0.000623514341042,-3.199504616441277e-05,0.000623514341042,0.0,0.0,0,0.0,0.0,0,-0.044729199775922004,0.0,0.0,0,0.31320585889096303,0.6148890479599141,0.266897806135935,1.8899,273.6,,,,,,2.2318999999999996,1.3,-0.024757949398343,-0.034104158569763,0.6106641670059525,-0.20591811144340888,0.1959362576772704,0.27640563636755605,0.05603853492962524,-1.3389197008364293,e3q
e3q_O8_A2_03bbb15c94_s2,e3q_O8_A2,2,Qwen/Qwen2.5-14B-Instruct-AWQ,100,30,prompt,2026-08-03 17:38:15,0.8,0.5,0.5,0.2,0.5,0.15,independent,barabasi_albert,Qwen/Qwen2.5-14B-Instruct-AWQ,2.4984,1.44,0.674222771298005,5.184379913781924,,0.017123250088707,0.008064516129032001,1.8316000000000001,1.16,0.558073288069606,4.008292657472136,,0.107397754611066,-0.11864406779661,0.18055555555555503,,100,0.258447629523801,0.22355614292248502,0.737438148340094,0.47899051881629306,100,0.519691415313547,0.23119329561505003,1.400057080159129,0.8803656648455801,-0.261243785789745,0.8803656648455821,100,0.0036189844799120003,0.151850627355078,0.24843741541812103,0.24481843093820901,100,0.060257408580351,0.152416056883141,0.297372658412893,0.237115249832541,-0.056638424100439004,0.237115249832541,100,0.30021380919150803,3.936237534535641,0.358888812536089,0.05867500334458001,100,0.33920760147170304,4.031572594215514,0.391069361443218,0.051861759971515,-0.038993792280194006,0.051861759971515,100,1.9144783335944492e-05,0.040116509996028005,0.002707003539549,0.002687858756213,100,1.5970220424436192e-05,0.040116509996028005,0.0026579781867210003,0.0026420079662970004,3.1745629115083027e-06,0.0026420079662970004,100,0.6673967311899951,1.6438384407077802,1.328426131755944,0.661029400565948,100,1.027383352951744,1.667030005977146,1.8798208343364502,0.8524374813847061,-0.359986621761749,0.8524374813847061,100,9.751271929329426e-05,0.016511669012793002,0.001133890236441,0.0010363775171470001,100,8.931089784358364e-05,0.016511669012793002,0.0009573394041910001,0.0008680285063480001,8.201821449710606e-06,0.0008680285063480001,0.0,0.0,0,0.0,0.0,0,-0.11947520792462701,0.0,0.0,0,0.32574940976002004,0.644466868483013,0.20746382978654102,1.8251,291.2,,,,,,2.165,1.2999999999999998,0.062260502349886504,0.055289775833789,0.6161480296838056,-0.6621085141330019,0.19246829053710268,0.33754836541783123,0.6557515988922907,-2.8538832733453647,e3q
e3q_O8_A2_03bbb15c94_s3,e3q_O8_A2,3,Qwen/Qwen2.5-14B-Instruct-AWQ,100,30,prompt,2026-08-03 17:43:10,0.8,0.5,0.5,0.2,0.5,0.15,independent,barabasi_albert,Qwen/Qwen2.5-14B-Instruct-AWQ,2.4299,1.43,0.692219494421979,5.859332702410181,,0.069586099341678,-0.125475285171102,1.7396,1.1,0.519282660697108,3.660118921330443,,-0.092686408527739,0.027027027027027,0.081761006289308,,100,0.42493452419660205,0.23070851303584103,1.199046589482685,0.774112065286084,100,0.222319294265744,0.223617045256556,0.694103564268006,0.47178427000226203,0.202615229930857,0.47178427000226203,100,0.026172551780554002,0.106212980814298,0.252991458179539,0.22681890639898403,100,0.020307257433626002,0.152069592711534,0.239117123694105,0.21880986626047802,0.005865294346927,0.21880986626047802,100,0.33985119963228605,4.031572594215514,0.402076703271785,0.062225503639498005,100,0.28463893509319005,3.380116353069715,0.35193241059749203,0.06729347550430101,0.055212264539095,0.06729347550430101,100,3.076266741849745e-06,0.0062226929696800005,0.003235179228819,0.0032321029620770002,100,3.535406615262822e-05,0.0062226929696800005,0.0029427351110470003,0.002907381044895,-3.2277799410778476e-05,0.002907381044895,100,0.7572541662507961,1.667030005977146,1.482442810412275,0.7251886441614771,100,0.8775090097603001,1.690221571246513,1.653891093186679,0.776382083426379,-0.12025484350950401,0.776382083426378,100,6.923469596105981e-05,0.016511669012793002,0.0007923436576350001,0.0007231089616740001,100,1.7607983096992423e-05,0.016511669012793002,0.000345133861979,0.000327525878882,5.1626712864067394e-05,0.000327525878882,0.0,0.0,0,0.0,0.0,0,0.023909549036804003,0.0,0.0,0,0.30453880925445703,0.5496904529162591,0.27397552210825804,1.669999999999999,294.9,,,,,,2.08475,1.2650000000000001,-0.0115501545930305,0.049224129072037506,0.6057510775595436,0.04059200189477741,0.41023104006086014,0.2562507670195328,0.08594572322787425,-0.5202837984575018,e3q
e3q_O8_A2_03bbb15c94_s4,e3q_O8_A2,4,Qwen/Qwen2.5-14B-Instruct-AWQ,100,30,prompt,2026-08-03 17:47:55,0.8,0.5,0.5,0.2,0.5,0.15,independent,barabasi_albert,Qwen/Qwen2.5-14B-Instruct-AWQ,2.32,1.38,0.6534107397284561,4.825236985631096,,-0.020333137667356,-0.029535864978902003,1.6011000000000002,1.07,0.504554090261159,3.5208421822036,,-0.063046578411007,0.039548022598870004,0.19387755102040802,,100,0.38385439749648304,0.223617045256556,1.2254737482173281,0.841619350720843,100,0.21585424107512502,0.22556591994684402,0.6824952292180481,0.46664098814292204,0.16800015642135702,0.46664098814292204,100,0.047839235667121005,0.156303384888574,0.34245881488265,0.294619579215528,100,0.07062780549471001,0.152270541931066,0.30491991547566,0.23429210998094901,-0.022788569827588003,0.23429210998095001,100,0.312938120702341,4.031572594215514,0.377953459155882,0.065015338453541,100,0.296448062494089,3.110000350643409,0.360582898227064,0.064134835732974,0.016490058208252,0.064134835732974,100,2.917594671818364e-06,0.040116509996028005,0.003302723663639,0.0032998060689670003,100,6.138517059352736e-07,0.040116509996028005,0.003272788053572,0.003272174201866,2.30374296588309e-06,0.003272174201866,100,0.949106353478079,1.6438384407077802,1.766468756662872,0.817362403184791,100,0.8099137598172481,1.6438384407077802,1.564616937242081,0.7547031774248331,0.139192593660831,0.7547031774248331,100,5.2847897225606485e-05,0.016511669012793002,0.0006086018471790001,0.0005557539499540001,100,3.064931066707401e-05,0.016511669012793002,0.0009091397577890001,0.000878490447122,2.219858655853246e-05,0.000878490447122,0.0,0.0,0,0.01,0.01,0,0.05015312346539601,0.005,0.0,0,0.300724506031103,0.6720328282828281,0.234422021723685,1.7676,285.4,,,,,,1.96055,1.225,-0.0416898580391815,-0.005006078809984001,0.5789824149948075,0.06461398551998103,0.2991585286015225,0.253986962655111,-0.2879537264292643,-0.3997800567309018,e3q
e3q_O8_A2_03bbb15c94_s5,e3q_O8_A2,5,Qwen/Qwen2.5-14B-Instruct-AWQ,100,30,prompt,2026-08-03 17:52:37,0.8,0.5,0.5,0.2,0.5,0.15,independent,barabasi_albert,Qwen/Qwen2.5-14B-Instruct-AWQ,2.93,1.62,0.758193616791862,7.262776419120657,,-0.032487358266915005,0.007575757575757001,2.1179,1.29,0.6255695330648231,4.7153453828199865,,-0.035245307934505005,0.0,0.10400000000000001,,100,0.213520360798644,0.22557810041365803,0.5618064253068821,0.348286064508237,100,0.340479895112812,0.225748626949059,1.060322839289268,0.719842944176456,-0.126959534314167,0.719842944176456,100,0.040859127261362004,0.152416056883141,0.26579548363244004,0.224936356371078,100,0.031218367770109,0.154134519174313,0.28480541113017804,0.25358704336006804,0.009640759491253,0.25358704336006804,100,0.31971933876367203,3.936237534535641,0.37815327508727403,0.058433936323601006,100,0.331680836201435,3.830309690446893,0.386678772202094,0.054997936000659005,-0.011961497437762002,0.054997936000659005,100,8.035342574351499e-06,0.040116509996028005,0.0033187158811420004,0.0033106805385680004,100,4.883255805417264e-06,0.040116509996028005,0.00314437487019,0.003139491614384,3.152086768934236e-06,0.003139491614384,100,0.831420266827227,1.690221571246513,1.60789121297561,0.7764709461483831,100,0.7899666617133061,1.690221571246513,1.5416482052673839,0.751681543554078,0.041453605113921,0.751681543554078,100,3.20810325708816e-05,0.016511669012793002,0.000605025380857,0.0005729443482870001,100,9.796775970019413e-05,0.016511669012793002,0.001051448018006,0.0009534802583060001,-6.588672712931253e-05,0.0009534802583060001,0.0,0.0,0,0.0,0.0,0,-0.014648233631185002,0.0,0.0,0,0.31176148099602,0.5325779036827191,0.370173043080808,1.667499999999999,281.4,,,,,,2.52395,1.455,-0.03386633310071001,-0.0037878787878785005,0.6918815749283426,-0.20635858724655431,0.20900696921418083,0.2973670731606585,0.43249962424018945,-1.340382477765542,e3q
e3q_O8_A5_d4a688ac18_s1,e3q_O8_A5,1,Qwen/Qwen2.5-14B-Instruct-AWQ,100,30,prompt,2026-08-03 17:57:07,0.8,0.5,0.5,0.5,0.5,0.15,independent,barabasi_albert,Qwen/Qwen2.5-14B-Instruct-AWQ,2.2659000000000002,1.31,0.6225087218297071,4.500064109015196,,-0.034320502620238,-0.058823529411764004,1.2356,0.9,0.42780674477143205,3.56656882796073,,-0.016010339855511,-0.21951219512195103,0.195121951219512,,100,0.12319160857136001,0.17172825662764102,0.435291108325205,0.31209949975384504,100,0.122948810414802,0.16482193194393302,0.436026056850624,0.313077246435821,0.00024279815655800003,0.313077246435822,100,0.033623474864406006,0.15231558227337502,0.236008109403811,0.20238463453940403,100,0.030822794213943003,0.15243684473343802,0.31535007684495303,0.28452728263101,0.002800680650463,0.28452728263101,100,0.308277896565313,4.010387025397764,0.36680747134263103,0.058529574777317,100,0.300398602126469,3.713789061949271,0.36478002517700603,0.064381423050537,0.007879294438844001,0.064381423050536,100,7.977056429799715e-05,0.0062226929696800005,0.0027286832869570002,0.002648912722659,100,2.8987640736305662e-05,0.0062226929696800005,0.0029566559144670003,0.00292766827373,5.078292356169149e-05,0.00292766827373,100,0.6097373018377811,1.6438384407077802,1.243830818768437,0.6340935169306561,100,1.060581265414456,1.690221571246513,1.911939304759652,0.851358039345195,-0.45084396357667506,0.851358039345195,100,7.961787662027068e-05,0.016511669012793002,0.001105429520057,0.001025811643437,100,7.94715630430115e-05,0.016511669012793002,0.0008842033590770001,0.000804731796034,1.463135772591923e-07,0.000804731796034,0.0,0.0,0,0.0,0.0,0,-0.073311710182278,0.0,0.0,0,0.23551621230935402,0.6219676549865231,0.18357154439765203,1.5051,270.6,,,,,,1.75075,1.105,-0.0251654212378745,0.1391678622668575,0.5251577333005696,0.10261131211476597,0.40045165890361695,0.25284606525538783,-0.3459913755826538,-0.31432375365720544,e3q
e3q_O8_A5_d4a688ac18_s2,e3q_O8_A5,2,Qwen/Qwen2.5-14B-Instruct-AWQ,100,30,prompt,2026-08-03 18:01:50,0.8,0.5,0.5,0.5,0.5,0.15,independent,barabasi_albert,Qwen/Qwen2.5-14B-Instruct-AWQ,1.6491,1.09,0.5178023257616361,3.6832030088527192,,-0.035754018418104,-0.00558659217877,1.2016,0.9,0.44081352867085705,3.434108828834033,,0.053704399239129,-0.197452229299363,0.21978021978021903,,100,0.22365392980989401,0.223617045256556,0.813803419093405,0.5901494892835101,100,0.33824471915235604,0.223617045256556,1.061501139127668,0.7232564199753121,-0.11459078934246202,0.7232564199753121,100,0.036795322931336,0.155804476481459,0.34106989380409003,0.304274570872753,100,0.056178439902794,0.15632417273887,0.34367899342302205,0.287500553520228,-0.019383116971457,0.287500553520227,100,0.366158724459866,4.063350947442138,0.41310877740813,0.046950052948264,100,0.324084753033882,4.010387025397764,0.37762186630041505,0.053537113266533,0.042073971425983,0.053537113266532,100,0.000291609686073,0.0062226929696800005,0.002692116856306,0.002400507170233,100,0.000306447090471,0.15848007414272403,0.003149074243742,0.0028426271532700003,-1.4837404398346751e-05,0.0028426271532700003,100,0.801151524148331,1.6438384407077802,1.5493425303149282,0.7481910061665971,100,0.8332193903465,1.6438384407077802,1.601446297030329,0.7682269066838281,-0.032067866198169,0.7682269066838281,100,2.7945635980632193e-05,0.016511669012793002,0.000354700683287,0.000326755047306,100,7.904005352731698e-05,0.016511669012793002,0.0007430714046290001,0.000664031351102,-5.1094417546684784e-05,0.000664031351102,0.0,0.0,0,0.0,0.0,0,-0.020672288818008002,0.0,0.0,0,0.26536749784580405,0.585374266988616,0.284292392954065,1.469599999999999,282.7,,,,,,1.42535,0.9950000000000001,0.0089751904105125,0.1015194107390665,0.4793079272162466,-0.27056088587392807,-0.3286185874062915,0.30600460865837886,-0.5187675232964668,-1.5535920129034246,e3q
e3q_O8_A5_d4a688ac18_s3,e3q_O8_A5,3,Qwen/Qwen2.5-14B-Instruct-AWQ,100,30,prompt,2026-08-03 18:06:42,0.8,0.5,0.5,0.5,0.5,0.15,independent,barabasi_albert,Qwen/Qwen2.5-14B-Instruct-AWQ,1.9824000000000002,1.24,0.5981917828230401,4.3328330335338965,,-0.004941717532419,-0.129533678756476,1.175599999999999,0.92,0.45786590459603504,3.4383022167411452,,0.042736956830074,-0.2,0.14285714285714202,,100,0.283701370874309,0.2248472724048,0.823165268843277,0.539463897968967,100,0.32620547420724805,0.22573644648224403,0.927557481716704,0.601352007509456,-0.042504103332939004,0.601352007509455,100,0.03764573958001,0.15173005782335902,0.282814604558952,0.24516886497894103,100,0.017915622936712002,0.09148894644933701,0.279005214859924,0.261089591923212,0.019730116643298,0.261089591923212,100,0.330861861612172,4.031572594215514,0.39094016712946306,0.06007830551729001,100,0.290045273429407,3.099407566234534,0.349380926776998,0.05933565334759101,0.040816588182765005,0.05933565334759101,100,0.00012323043389600002,0.0062226929696800005,0.003220245688347,0.003097015254451,100,0.00014406270318800002,0.0062226929696800005,0.0031573380915570002,0.0030132753883690003,-2.083226929245517e-05,0.0030132753883690003,100,1.219458835828983,1.690221571246513,2.093775947274654,0.87431711144567,100,0.9365371189489801,1.690221571246513,1.7600822811252672,0.823545162176287,0.282921716880002,0.823545162176286,100,2.347877351777774e-05,0.016511669012793002,0.000534416589344,0.000510937815826,100,1.5419898864244832e-05,0.016511669012793002,0.00041621863165800004,0.000400798732794,8.058874653532913e-06,0.000400798732794,0.0,0.0,0,0.0,0.0,0,0.050158590829748,0.0,0.0,0,0.280104017865123,0.506903958269407,0.40685834944305704,1.2424,292.2,,,,,,1.5789999999999997,1.08,0.0188976196488275,0.164766839378238,0.5280288437095375,-0.20414921980813475,0.43910870799015495,0.29145608151295155,-0.17603499549921836,-1.3330453852538204,e3q
e3q_O8_A5_d4a688ac18_s4,e3q_O8_A5,4,Qwen/Qwen2.5-14B-Instruct-AWQ,100,30,prompt,2026-08-03 18:11:21,0.8,0.5,0.5,0.5,0.5,0.15,independent,barabasi_albert,Qwen/Qwen2.5-14B-Instruct-AWQ,1.67,1.06,0.49899778473424306,3.485195132554032,,-0.047227837756462006,-0.019354838709677,1.4284000000000001,1.12,0.5376081604113141,3.920495739736295,,-0.031209776096871002,-0.13,0.301587301587301,,100,0.19645004926488902,0.223617045256556,0.6015102421977491,0.40506019293285805,100,0.20638377767138003,0.22557810041365803,0.6711835667875701,0.464799789116188,-0.00993372840649,0.464799789116189,100,0.016045824302850002,0.105913635770029,0.182339233206882,0.16629340890403202,100,0.049363880262365004,0.152395269032845,0.27364856502503704,0.22428468476267102,-0.033318055959514,0.22428468476267102,100,0.266578835475474,3.078221997416785,0.32595077343043405,0.05937193795496001,100,0.30451566061170704,3.475451412749588,0.36182319366903803,0.057307533057331,-0.037936825136232005,0.057307533057331,100,0.00043184521893400004,0.15848007414272403,0.0028313699133930004,0.0023995246944580003,100,0.00037747743451200003,0.15848007414272403,0.0031207331014490003,0.0027432556669360003,5.4367784421931324e-05,0.0027432556669360003,100,0.780627326644008,1.6438384407077802,1.538532533959146,0.7579052073151371,100,1.082201713722492,1.690221571246513,1.9348638656873551,0.8526621519648631,-0.301574387078483,0.8526621519648631,100,4.7705670228996066e-05,0.016511669012793002,0.000653445522631,0.000605739852402,100,4.719107111151788e-05,0.016511669012793002,0.0006180540132160001,0.0005708629421040001,5.145991174781918e-07,0.0005708629421040001,0.0,0.0,0,0.0,0.0,0,-0.06378468569953001,0.0,0.0,0,0.25746790875540904,0.5420497105890361,0.34115036312942504,1.5899999999999999,279.1,,,,,,1.5492,1.09,-0.0392188069266665,0.0746774193548385,0.5183029725727786,-0.12834382186524682,-0.28710725602977555,0.2670613795850155,-0.6309809886264255,-1.0813030956178817,e3q
e3q_O8_A5_d4a688ac18_s5,e3q_O8_A5,5,Qwen/Qwen2.5-14B-Instruct-AWQ,100,30,prompt,2026-08-03 18:16:03,0.8,0.5,0.5,0.5,0.5,0.15,independent,barabasi_albert,Qwen/Qwen2.5-14B-Instruct-AWQ,2.5739,1.49,0.695543204549813,5.009995661586195,,0.05739023093935901,-0.11297071129707101,1.15,0.96,0.45607938825451305,3.82583354864275,,0.051407072362733,-0.21428571428571402,0.13095238095238002,,100,0.180102380287846,0.223617045256556,0.6365791194133801,0.45647673912553205,100,0.125001362725621,0.206247699579365,0.43749947215330004,0.31249810942767803,0.055101017562224006,0.31249810942767803,100,0.018608019485494003,0.105913635770029,0.23551096869623903,0.21690294921074402,100,0.060911768975617,0.16411961660003102,0.319061115614727,0.25814934663911004,-0.042303749490122,0.25814934663910905,100,0.33209119149127203,4.031572594215514,0.39479055407527003,0.06269936258399801,100,0.343682015082775,4.063350947442138,0.40521779490380405,0.061535779821028,-0.011590823591503001,0.06153577982102901,100,5.140628657700183e-05,0.0062226929696800005,0.0030242249299870004,0.00297281864341,100,0.00026046921531100003,0.0062226929696800005,0.0029371383867950003,0.002676669171483,-0.000209062928734,0.002676669171483,100,0.8569513108439111,1.6438384407077802,1.6378046179914811,0.7808533071475701,100,0.695904660174651,1.690221571246513,1.398081602152848,0.702176941978196,0.16104665066926002,0.702176941978197,100,5.9394708264903236e-05,0.016511669012793002,0.0006583252697340001,0.000598930561469,100,6.36142641924529e-05,0.016511669012793002,0.000586596370565,0.000522982106373,-4.2195559275496635e-06,0.000522982106373,0.0,0.0,0,0.0,0.0,0,0.027006635444199,0.0,0.0,0,0.26189252711744704,0.575663564288176,0.349385533943667,1.6504,282.0,,,,,,1.86195,1.225,0.054398651651046,0.1636282127913925,0.575811296402163,0.1703232391984514,0.3456308979718781,0.2229266381906447,0.4296488356206215,-0.08945908673004033,e3q
e3q_O8_A8_ee464ddd85_s1,e3q_O8_A8,1,Qwen/Qwen2.5-14B-Instruct-AWQ,100,30,prompt,2026-08-03 18:20:33,0.8,0.5,0.5,0.8,0.5,0.15,independent,barabasi_albert,Qwen/Qwen2.5-14B-Instruct-AWQ,1.637599999999999,1.28,0.6629786475674501,5.971797338809259,,-0.081518062138351,-0.354260089686098,0.7544000000000001,0.96,0.361251042280945,5.282863855810706,,-0.018998325935709,-0.8319327731092431,0.038674033149171005,,100,0.312073098745747,0.2245914826017,0.9159144749493611,0.603841376203614,100,0.25827653751435103,0.197429041605813,0.799319156435431,0.5410426189210791,0.053796561231396006,0.5410426189210801,100,0.025027651019313,0.15653135831349102,0.240973839269525,0.21594618825021103,100,0.01597798471911,0.15235369333225202,0.241329604632555,0.22535161991344502,0.009049666300202,0.22535161991344502,100,0.290810081871535,3.936237534535641,0.35762141970070505,0.06681133782916901,100,0.300350002964319,4.020979809806639,0.367972785595422,0.06762278263110301,-0.009539921092783002,0.06762278263110301,100,0.00017469892446200002,0.0062226929696800005,0.002963885061314,0.002789186136852,100,4.3434801340218294e-05,0.0062226929696800005,0.002878263620786,0.0028348288194450003,0.000131264123122,0.0028348288194450003,100,0.7340710764844791,1.6438384407077802,1.449754347267484,0.7156832707830051,100,0.825301412616508,1.6438384407077802,1.6003967154953,0.775095302878791,-0.09123033613202901,0.775095302878791,100,6.320589854776121e-05,0.016511669012793002,0.000665293311237,0.000602087412689,100,6.52143674183912e-05,0.016511669012793002,0.0009456845364400001,0.000880470169022,-2.008468870629982e-06,0.000880470169022,0.01,0.01,0,0.0,0.0,0,-0.006299129006493,0.005,0.0,0,0.22337911502875402,0.580754716981132,0.38669991490912803,1.3096,269.3,,,,,,1.1959999999999995,1.12,-0.050258194037029996,0.5930964313976705,0.5121148449241976,-0.030635058479798267,0.36803116265993285,0.26880460388881416,-0.3344465101144475,-0.716092787391639,e3q
e3q_O8_A8_ee464ddd85_s2,e3q_O8_A8,2,Qwen/Qwen2.5-14B-Instruct-AWQ,100,30,prompt,2026-08-03 18:25:12,0.8,0.5,0.5,0.8,0.5,0.15,independent,barabasi_albert,Qwen/Qwen2.5-14B-Instruct-AWQ,0.997599999999999,1.04,0.597011289948143,6.469580964442586,,-0.032792063545056004,-0.448648648648648,0.7604000000000001,1.02,0.40574496920859404,5.303576432098832,,-0.022161444717049002,-0.44910179640718506,0.029069767441860003,,100,0.30387304618029004,0.22556591994684402,0.9643211841916751,0.660448138011385,100,0.185082511849389,0.18390872344194,0.646812452435225,0.46172994058583505,0.118790534330901,0.46172994058583605,100,0.051387709508953,0.15632417273887,0.25249265168025004,0.201104942171297,100,0.043944482779966,0.166558724368145,0.326234287641802,0.282289804861836,0.007443226728986001,0.282289804861836,100,0.30638411348377403,3.099407566234534,0.36129551447220004,0.05491140098842501,100,0.33183340910268405,4.063350947442138,0.38763708302641003,0.055803673923726003,-0.025449295618910003,0.055803673923725004,100,0.000162492018369,0.0062226929696800005,0.0030804711318910003,0.002917979113522,100,0.00018156172228900002,0.0062226929696800005,0.002965448954787,0.002783887232498,-1.9069703920031232e-05,0.002783887232498,100,0.727031574466061,1.6438384407077802,1.470141106215775,0.7431095317497121,100,0.5035485716553361,1.504689049091581,1.090448022033387,0.58689945037805,0.22348300281072503,0.586899450378051,100,8.286096335467707e-05,0.016511669012793002,0.000994512214323,0.0009116512509690001,100,0.000114654832431,0.016511669012793002,0.0009528245961540001,0.0008381697637220001,-3.1793869076906725e-05,0.0008381697637220001,0.0,0.0,0,0.0,0.0,0,0.054036100779784005,0.0,0.0,0,0.259695034823108,0.576951130561633,0.2799094015228,1.046399999999999,279.2,,,,,,0.8789999999999996,1.03,-0.0274767541310525,0.44887522252791656,0.5013781295783686,0.17498361330966303,0.41161139389433793,0.2317241544576112,-0.6473483023659414,-0.07398244151540312,e3q
e3q_O8_A8_ee464ddd85_s3,e3q_O8_A8,3,Qwen/Qwen2.5-14B-Instruct-AWQ,100,30,prompt,2026-08-03 18:30:00,0.8,0.5,0.5,0.8,0.5,0.15,independent,barabasi_albert,Qwen/Qwen2.5-14B-Instruct-AWQ,0.9459000000000001,1.01,0.512386718114877,5.722727480011552,,0.062885767957778,-0.6190476190476191,0.7650999999999991,1.13,0.49156638010887205,5.952383625178733,,0.025939540115261003,-0.6050420168067221,0.114285714285714,,100,0.21953701910290102,0.17172825662764102,0.752576554737809,0.533039535634907,100,0.262993092929235,0.22312982658398403,1.039893704816938,0.7769006118877021,-0.04345607382633301,0.7769006118877031,100,0.051446363945947,0.154126896962537,0.342479308507803,0.291032944561855,100,0.020692806713377,0.155868225889035,0.22030450985498,0.199611703141603,0.030753557232569003,0.199611703141603,100,0.284447853205867,3.04644364419016,0.341857836910332,0.057409983704465005,100,0.369022763562719,4.047461770828826,0.41449430874268905,0.045471545179970006,-0.08457491035685201,0.045471545179969,100,4.241035711032508e-05,0.0062226929696800005,0.0033037823406700004,0.0032613719835600003,100,2.4239993328680384e-05,0.016946908513173,0.0032883199203080004,0.003264079926979,1.817036378164469e-05,0.003264079926979,100,0.9197611052960161,1.6438384407077802,1.739479437834902,0.819718332538885,100,0.9363820980884411,1.690221571246513,1.776194997342817,0.8398128992543751,-0.016620992792424003,0.8398128992543761,100,2.6340825558482414e-05,0.016511669012793002,0.00047117035380100003,0.00044482952824300006,100,3.6484007179901745e-05,0.016511669012793002,0.000744112709451,0.000707628702271,-1.0143181621419331e-05,0.000707628702271,0.01,0.01,0,0.0,0.0,0,-0.018981732093480003,0.005,0.0,0,0.24030717737021,0.57919034090909,0.315305149910313,1.1084,287.8,,,,,,0.8554999999999996,1.0699999999999998,0.044412654036519505,0.6120448179271706,0.5019765491118745,-0.1722530422528825,0.291684028826779,0.31096141134881666,0.016586354012365134,-1.186392217987877,e3q
e3q_O8_A8_ee464ddd85_s4,e3q_O8_A8,4,Qwen/Qwen2.5-14B-Instruct-AWQ,100,30,prompt,2026-08-03 18:34:40,0.8,0.5,0.5,0.8,0.5,0.15,independent,barabasi_albert,Qwen/Qwen2.5-14B-Instruct-AWQ,0.9595999999999991,1.24,0.586894999155921,6.935861555324346,,-0.062421986573256004,-0.784,0.7250999999999991,0.75,0.316906958698707,4.778553355295265,,-0.041559919114074,-0.753846153846153,0.02127659574468,,100,0.16240181248388103,0.22355614292248502,0.6130436275527731,0.45064181506889306,100,0.212493873062806,0.223617045256556,0.682084263036822,0.46959038997401703,-0.050092060578925006,0.46959038997401603,100,0.054182519152237006,0.15719033316788802,0.321810598364739,0.26762807921250104,100,0.044572164051243,0.106765937632183,0.27435558605661203,0.22978342200536903,0.009610355100993001,0.22978342200536903,100,0.33107642467374104,4.063350947442138,0.38659181926699604,0.055515394593255,100,0.309672304203851,4.031572594215514,0.377461736853391,0.06778943264954,0.02140412046989,0.06778943264954,100,0.00010220757899900001,0.0062226929696800005,0.003130475426049,0.0030282678470500003,100,0.000825869661569,0.0062226929696800005,0.045865511826421006,0.045039642164852005,-0.00072366208257,0.045039642164852005,100,0.8702240568191081,1.6438384407077802,1.680094820840176,0.8098707640210671,100,0.974825057610574,1.667030005977146,1.8189953052515122,0.8441702476409381,-0.104601000791465,0.8441702476409371,100,4.859046504816693e-05,0.016511669012793002,0.0008167483707500001,0.000768157905702,100,4.886967371106083e-05,0.016511669012793002,0.0007321436751060001,0.0006832740013950001,-2.792086628939044e-07,0.0006832740013950001,0.0,0.0,0,0.0,0.0,0,-0.020733754515123,0.0,0.0,0,0.23522537374844202,0.5871376207930691,0.209503445154676,1.1275,280.1,,,,,,0.842349999999999,0.995,-0.051990952843665006,0.7689230769230766,0.451900978927314,-0.1792875368375169,0.34868722956552584,0.2761760680726852,-0.5622391724465383,-1.2504821751781803,e3q
e3q_O8_A8_ee464ddd85_s5,e3q_O8_A8,5,Qwen/Qwen2.5-14B-Instruct-AWQ,100,30,prompt,2026-08-03 18:39:14,0.8,0.5,0.5,0.8,0.5,0.15,independent,barabasi_albert,Qwen/Qwen2.5-14B-Instruct-AWQ,1.204399999999999,1.6400000000000001,0.7834193467631331,8.110236950683156,,-0.039710895949815,-0.660516605166051,0.36999999999999905,1.1,0.365865212900919,4.320138246635873,,0.066499996234854,-1.0,0.043478260869565,,100,0.18689001881696302,0.22337343592027,0.7081347268219881,0.5212447080050241,100,0.13054698034088302,0.17172825662764102,0.5066798580069041,0.37613287766602205,0.05634303847608001,0.37613287766602105,100,0.020473868879498,0.15242229323823,0.27078843176947404,0.250314562889976,100,0.029808022932071004,0.15246733358053902,0.21818090226632902,0.188372879334257,-0.009334154052573,0.188372879334258,100,0.34010229831819205,4.031572594215514,0.397800747996818,0.057698449678626,100,0.305519374616381,3.099407566234534,0.360337096433538,0.054817721817157,0.03458292370181,0.054817721817157,100,0.000202744233993,0.0062226929696800005,0.0029984515158100002,0.0027957072818170004,100,1.9510371740566323e-05,0.040116509996028005,0.003229996310719,0.0032104859389780003,0.000183233862252,0.0032104859389780003,100,0.9883466977142311,1.690221571246513,1.84669369304015,0.8583469953259171,100,0.809064126805435,1.6438384407077802,1.59322980299896,0.7841656761935251,0.179282570908795,0.7841656761935241,100,5.896462649053106e-05,0.016511669012793002,0.000675174817328,0.0006162101908380001,100,8.449753190281476e-05,0.016511669012793002,0.000863928796778,0.0007794312648750001,-2.5532905412283703e-05,0.0007794312648750001,0.0,0.0,0,0.0,0.0,0,0.043505346665158005,0.0,0.0,0,0.236717926074404,0.486477572559366,0.44787105439200503,1.0896,274.1,,,,,,0.787199999999999,1.37,0.013394550142519501,0.8302583025830255,0.5746422798320261,0.20250220565409172,0.3235524405268924,0.23457984536913568,0.4743730471326607,0.01740410393303271,e3q
e2q_diverse_2ff63f41b0_s1,e2q_diverse,1,Qwen/Qwen2.5-14B-Instruct-AWQ,100,30,prompt,2026-08-03 18:43:49,0.5,0.5,0.5,0.5,0.5,0.25,independent,barabasi_albert,Qwen/Qwen2.5-14B-Instruct-AWQ,2.405599999999999,1.38,0.6374112266168881,4.214677411202524,,-0.038795007956724005,0.031111111111111003,2.0875,1.21,0.5845512241172021,4.484388454524396,,0.034929321715445,-0.08433734939759001,0.12121212121212101,,100,0.26029999557495603,0.225614641814101,0.6785057736823671,0.41820577810741005,100,0.26410528810912404,0.23070851303584103,0.739852304101544,0.47574701599241703,-0.0038052925341680002,0.47574701599241903,100,0.027496867150496002,0.15189774648241702,0.32620451839531,0.298707651244813,100,0.023739766006711002,0.106793654765912,0.252262435723823,0.22852266971711202,0.0037571011437850005,0.22852266971711202,100,0.26227622851466603,3.374819960865278,0.33627792773561205,0.074001699220945,100,0.26032867785519204,3.088814781825659,0.32827817446067203,0.06794949660548001,0.001947550659474,0.06794949660548001,100,1.6955428062364553e-05,0.040116509996028005,0.003029344395315,0.0030123889672520002,100,4.5540534061527696e-05,0.040116509996028005,0.003282577235402,0.0032370367013410005,-2.8585105999163133e-05,0.0032370367013410005,100,0.858828439674276,1.6438384407077802,1.6302117597363641,0.7713833200620861,100,0.9756231147251511,1.6438384407077802,1.802609813694759,0.8269866989696071,-0.11679467505087401,0.8269866989696071,100,6.255977546746732e-05,0.016511669012793002,0.0006224420467000001,0.0005598822712330001,100,6.472815270444864e-05,0.016511669012793002,0.000806779976426,0.000742051823721,-2.168377236981327e-06,0.000742051823721,0.0,0.0,0,0.0,0.0,0,-0.019154344877503,0.0,0.0,0,0.251486105351845,0.621621621621621,0.23235250045628303,1.8264,275.2,,,,,,2.246549999999999,1.295,-0.001932843120639502,0.0266131191432395,0.610981225367045,-0.06267385143764843,0.29930682983109086,0.26719749496827966,0.25953767583759696,-0.8632195664182436,e2q
e2q_diverse_2ff63f41b0_s2,e2q_diverse,2,Qwen/Qwen2.5-14B-Instruct-AWQ,100,30,prompt,2026-08-03 18:48:33,0.5,0.5,0.5,0.5,0.5,0.25,independent,barabasi_albert,Qwen/Qwen2.5-14B-Instruct-AWQ,2.1330999999999998,1.29,0.608863442795435,4.400386832248078,,-0.143731123352975,0.10377358490566001,1.5316,1.02,0.49878441075720203,3.7746587354290133,,-0.051614423756775,-0.033557046979865,0.186046511627906,,100,0.32868544464602,0.23070851303584103,0.9887578124028131,0.660072367756791,100,0.273577217294098,0.22617494328755902,0.8707755138649721,0.5971982965708741,0.055108227351922,0.5971982965708731,100,0.037866836976118,0.156609659216274,0.265218904903583,0.227352067927465,100,0.032844855289709006,0.152156208754436,0.262688020896572,0.22984316560686302,0.005021981686409,0.22984316560686302,100,0.32194146694282605,4.010387025397764,0.37676718884324,0.054825721900413,100,0.29341419578980005,4.031572594215514,0.35723229614116303,0.06381810035136201,0.028527271153025002,0.06381810035136201,100,6.2734376398487e-06,0.040116509996028005,0.0027399978028010002,0.0027337243651610003,100,5.8868627972295325e-05,0.040116509996028005,0.0028024224596790003,0.0027435538317070003,-5.2595190332446615e-05,0.0027435538317070003,100,0.6990923234265011,1.57426374489968,1.4269755301332712,0.7278832067067691,100,0.761078934133234,1.504689049091581,1.531969683352071,0.770890749218836,-0.061986610706733,0.770890749218836,100,7.79659163210683e-05,0.016511669012793002,0.0008993504148590001,0.000821384498538,100,8.366403899115567e-05,0.016511669012793002,0.0008699435156370001,0.0007862794766460001,-5.698122670087371e-06,0.0007862794766460001,0.0,0.0,0,0.0,0.0,0,0.0044354293619360005,0.0,0.0,0,0.283236142429161,0.557809330628803,0.281022181523704,1.6539000000000001,283.7,,,,,,1.83235,1.155,-0.097672773554875,-0.0351082689628975,0.5538239267763185,-0.028577002736662305,0.24392704163046208,0.2775466908427147,-0.8505962537957548,-0.7499872769733236,e2q
e2q_diverse_2ff63f41b0_s3,e2q_diverse,3,Qwen/Qwen2.5-14B-Instruct-AWQ,100,30,prompt,2026-08-03 18:53:17,0.5,0.5,0.5,0.5,0.5,0.25,independent,barabasi_albert,Qwen/Qwen2.5-14B-Instruct-AWQ,2.36,1.42,0.670584268957638,5.130634634621982,,0.014504982640646001,-0.015503875968992002,1.837099999999999,1.19,0.559284835855652,3.8724302434586813,,0.048583961393886,-0.032258064516129004,0.28282828282828204,,100,0.262168582636362,0.22373884992469903,0.800334659163708,0.538166076527343,100,0.20391646246303602,0.223617045256556,0.610531215487309,0.406614753024274,0.058252120173326004,0.406614753024273,100,0.009549784541696001,0.151813209224545,0.22359680959601802,0.21404702505432102,100,0.027365903458436,0.15181667386626102,0.295371257080614,0.26800535362217803,-0.017816118916740002,0.26800535362217803,100,0.31516179631727703,4.063350947442138,0.385500714344688,0.070338918027412,100,0.342107440222849,4.031572594215514,0.398970882373672,0.05686344215082301,-0.026945643905572,0.05686344215082301,100,1.402819990612695e-06,0.040116509996028005,0.0033239086217810004,0.0033225058017910002,100,2.521823196585825e-06,0.040116509996028005,0.0030455007561330004,0.003042978932936,-1.11900320597313e-06,0.003042978932936,100,0.82060927769735,1.667030005977146,1.578090532866046,0.757481255168695,100,0.6802780122727901,1.57426374489968,1.3853560091241142,0.7050779968513241,0.140331265424559,0.7050779968513231,100,3.4575999328821564e-05,0.016511669012793002,0.000426360727627,0.00039178472829800003,100,5.2586555466630294e-05,0.016511669012793002,0.000591823351905,0.000539236796439,-1.8010556137808723e-05,0.000539236796439,0.0,0.0,0,0.0,0.0,0,0.025633748869371004,0.0,0.0,0,0.279139807681402,0.47468770545693606,0.405310090271424,1.4875,283.9,,,,,,2.0985499999999995,1.305,0.031544472017266,0.0238809702425605,0.614934552406645,0.09198014183902432,0.22391045288486586,0.24002396022966235,0.4033053999554074,-0.34962882716583715,e2q
e2q_diverse_2ff63f41b0_s4,e2q_diverse,4,Qwen/Qwen2.5-14B-Instruct-AWQ,100,30,prompt,2026-08-03 18:57:48,0.5,0.5,0.5,0.5,0.5,0.25,independent,barabasi_albert,Qwen/Qwen2.5-14B-Instruct-AWQ,1.9544000000000001,1.22,0.569580505375305,3.866636040725899,,0.007323070260363,-0.004784688995215,1.4275,0.97,0.46707058822506303,3.418988306086563,,-0.04918877156837401,0.059602649006622,0.15686274509803902,,100,0.22371167362503502,0.22387283505965702,0.81424410543886,0.5905324318138241,100,0.284612001760604,0.225590280880473,0.9431400244996321,0.6585280227390291,-0.060900328135568005,0.658528022739027,100,0.011811721054564002,0.15181667386626102,0.177795788435253,0.16598406738068902,100,0.030496321589563002,0.151830532433125,0.27049431857120504,0.239997996981642,-0.018684600534998,0.239997996981642,100,0.25157305414477604,3.051740036394597,0.323228441357143,0.071655387212367,100,0.277797012343939,3.830309690446893,0.34828270384512705,0.07048569150118801,-0.026223958199163,0.07048569150118701,100,1.9432050792107705e-05,0.0062226929696800005,0.0037561114742900004,0.0037366794234980003,100,4.88111760380649e-05,0.0062226929696800005,0.0034982255132430004,0.003449414337205,-2.9379125245957195e-05,0.003449414337205,100,0.613625159270577,1.6438384407077802,1.280940614036721,0.6673154547661441,100,0.7487498775937741,1.5510721796303142,1.499369321359501,0.7506194437657271,-0.135124718323196,0.7506194437657271,100,4.9765502455542303e-05,0.016511669012793002,0.000736218594308,0.000686453091852,100,0.00018141722627,0.016511669012793002,0.001310150176187,0.0011287329499160002,-0.000131651723815,0.0011287329499160002,0.0,0.0,0,0.0,0.0,0,-0.040182439340331,0.0,0.0,0,0.24889548028396902,0.6474336283185841,0.28172039572739804,2.101099999999999,271.8,,,,,,1.69095,1.095,-0.020932850654005502,-0.0274089800057035,0.5183255468001841,-0.03930809418204547,0.40413531600120534,0.2873682170457845,-0.5314715635981362,-0.7856241788835107,e2q
e2q_diverse_2ff63f41b0_s5,e2q_diverse,5,Qwen/Qwen2.5-14B-Instruct-AWQ,100,30,prompt,2026-08-03 19:02:32,0.5,0.5,0.5,0.5,0.5,0.25,independent,barabasi_albert,Qwen/Qwen2.5-14B-Instruct-AWQ,2.1744,1.3,0.6261105571367761,4.669993724766789,,-0.13135502208005,0.151219512195121,1.782399999999999,1.18,0.580503787456046,4.263622625176286,,-0.070718114674578,0.013215859030837001,0.203125,,100,0.253592763905789,0.22557810041365803,0.78889016613749,0.5352974022316981,100,0.318200141838584,0.225590280880473,1.038307239776184,0.7201070979375991,-0.064607377932794,0.7201070979376001,100,0.014662259602727,0.105913635770029,0.21666044088452102,0.201998181281793,100,0.008689550935041,0.106926697007809,0.21862263564018203,0.20993308470514102,0.005972708667686,0.20993308470514102,100,0.289808148637894,3.422487490705214,0.350418486555777,0.060610337917883006,100,0.26287734424646203,3.099407566234534,0.33163818972763603,0.068760845481174,0.026930804391431,0.068760845481174,100,1.2496816138118521e-05,0.040116509996028005,0.003402773428199,0.00339027661206,100,3.6847042511898774e-05,0.0062226929696800005,0.003415177195375,0.003378330152863,-2.4350226373780244e-05,0.003378330152863,100,0.6584886578986731,1.6438384407077802,1.349614396163143,0.6911257382644691,100,0.539059398919547,1.504689049091581,1.139088599233805,0.600029200314257,0.11942925897912501,0.600029200314257,100,3.7230503293966196e-05,0.016511669012793002,0.00074221206966,0.000704981566366,100,2.0602202212173963e-05,0.016511669012793002,0.00044899790619,0.00042839570397800006,1.6628301081792223e-05,0.00042839570397800006,0.0,0.0,0,0.0,0.0,0,0.014619612030026001,0.0,0.0,0,0.288074373671835,0.5339547270306251,0.30404882891031204,1.7544,283.5,,,,,,1.9783999999999995,1.24,-0.101036568377314,-0.082217685612979,0.6033071722964111,0.05506949168176226,0.4954548609151949,0.2671061590491686,-0.7042224685767489,-0.47220547519743084,e2q
e2q_homog_ef73481006_s1,e2q_homog,1,Qwen/Qwen2.5-14B-Instruct-AWQ,100,30,prompt,2026-08-03 19:06:52,0.5,0.5,0.5,0.5,0.5,0.05,independent,barabasi_albert,Qwen/Qwen2.5-14B-Instruct-AWQ,1.5675,1.4100000000000001,0.6868596508882271,5.302470530020699,,-0.012607290784104,-0.294545454545454,1.0979,0.8300000000000001,0.38866214717183806,4.071071777442618,,-0.06308446053892801,-0.291338582677165,0.19696969696969602,,100,0.16945924509290503,0.225590280880473,0.8577549058264761,0.68829566073357,100,0.188341438598211,0.23048682853982103,0.880895196251804,0.6925537576535921,-0.018882193505305,0.6925537576535931,100,0.008558826835238,0.08713527766892201,0.302045316038696,0.29348648920345705,100,0.01563590032818,0.08780048887840701,0.29600885179853303,0.280372951470352,-0.007077073492942,0.280372951470352,100,0.309359251327583,4.031572594215514,0.37877381617864403,0.06941456485106101,100,0.305173315800538,4.063350947442138,0.37984402675968904,0.07467071095915001,0.0041859355270440005,0.07467071095915001,100,0.000898935989568,0.15848007414272403,0.003027407267295,0.002128471277727,100,0.0008111482777620001,0.15848007414272403,0.002861368976231,0.0020502206984690003,8.778771180606807e-05,0.0020502206984690003,100,0.591209897782172,1.458305918552848,1.278546474039484,0.687336576257311,100,0.6956920110321281,1.6438384407077802,1.423116387005535,0.727424375973407,-0.104482113249955,0.727424375973407,100,0.000268454663789,0.016511669012793002,0.0013656191218690001,0.0010971644580790002,100,0.00024586820557400004,0.016511669012793002,0.0012372865833810002,0.000991418377806,2.2586458215380302e-05,0.000991418377806,0.0,0.0,0,0.0,0.0,0,-0.021024178425189003,0.0,0.0,0,0.22404194293197702,0.532585844428871,0.36146143194378105,1.9459,259.9,,,,,,1.3327,1.12,-0.037845875661516,0.29294201861130953,0.5377608990300325,-0.026980675259991,-0.3369696164845302,0.2963439058554627,-0.4774388241649393,-0.7446860300319282,e2q
e2q_homog_ef73481006_s2,e2q_homog,2,Qwen/Qwen2.5-14B-Instruct-AWQ,100,30,prompt,2026-08-03 19:11:09,0.5,0.5,0.5,0.5,0.5,0.05,independent,barabasi_albert,Qwen/Qwen2.5-14B-Instruct-AWQ,1.793899999999999,1.07,0.530833237348297,4.489533952228895,,0.036848957629911,-0.10294117647058801,1.0339,0.77,0.38352698385204403,3.744547270898912,,-0.026856041033913,-0.068493150684931,0.15625,,100,0.23087519851371402,0.22557810041365803,0.9374179546802781,0.70654275616656,100,0.15932115194753502,0.22386065459284202,0.6655038935476391,0.506182741600103,0.071554046566179,0.506182741600104,100,0.019279675041162,0.151813209224545,0.295601103294937,0.27632142825377504,100,0.015024942229051002,0.08784206457900001,0.197530545349957,0.18250560312090602,0.0042547328121100006,0.18250560312090602,100,0.27317071575824403,3.120593135052284,0.35268958002225104,0.079518864264006,100,0.276068553873731,3.099407566234534,0.35142647157968704,0.075357917705955,-0.0028978381154860003,0.07535791770595601,100,0.000896067622143,0.15848007414272403,0.003397722179379,0.002501654557235,100,0.000931678879203,0.15848007414272403,0.003405495102126,0.002473816222922,-3.561125705975961e-05,0.002473816222922,100,0.922657128007991,1.6438384407077802,1.775806733395266,0.853149605387274,100,0.8442821024937821,1.57426374489968,1.667006548127529,0.822724445633746,0.07837502551420801,0.822724445633746,100,3.5140517893032074e-05,0.016511669012793002,0.0005867188870840001,0.0005515783691910001,100,4.454103665440169e-05,0.016511669012793002,0.0006430063649060001,0.0005984653282520001,-9.400518761369619e-06,0.0005984653282520001,0.0,0.0,0,0.0,0.0,0,0.025206825833531003,0.0,0.0,0,0.20067572207204,0.49514563106796106,0.39913381062178804,1.5299,257.3,,,,,,1.4138999999999995,0.92,0.004996458297998999,0.0857171635777595,0.4571801106001705,0.009307083802150506,-0.21129606506820472,0.2649738316019807,-0.6844532130804755,-0.6241779422181388,e2q
e2q_homog_ef73481006_s3,e2q_homog,3,Qwen/Qwen2.5-14B-Instruct-AWQ,100,30,prompt,2026-08-03 19:15:34,0.5,0.5,0.5,0.5,0.5,0.05,independent,barabasi_albert,Qwen/Qwen2.5-14B-Instruct-AWQ,1.4891,1.07,0.519881155894101,4.539623081329649,,-0.082299276853472,-0.135135135135135,1.1556,0.86,0.40893203045374404,4.087079280503307,,-0.118553582232978,-0.12903225806451601,0.06818181818181801,,100,0.14505011792393302,0.223617045256556,0.7621514060298881,0.617101288105954,100,0.097530397764854,0.22355614292248502,0.5042721853208201,0.406741787555965,0.047519720159078,0.406741787555966,100,0.0006548490192590001,0.086511642160029,0.267683122854881,0.267028273835621,100,0.016136489272929003,0.087758913177815,0.282820864434948,0.26668437516201804,-0.015481640253670001,0.26668437516201804,100,0.297615246454695,4.063350947442138,0.37912930745162005,0.081514060996925,100,0.33264549089581,4.063350947442138,0.40196387804786105,0.06931838715205,-0.035030244441115,0.06931838715205,100,0.001259143001986,0.15848007414272403,0.003046028361518,0.0017868853595310002,100,0.0012812639407630002,0.15848007414272403,0.0030253604339110004,0.0017440964931470001,-2.212093877733021e-05,0.0017440964931470001,100,0.7869568549134961,1.6438384407077802,1.582684351735202,0.7957274968217051,100,0.7440836064864571,1.504689049091581,1.507534664442601,0.7634510579561421,0.042873248427039004,0.7634510579561431,100,0.000118252323169,0.016511669012793002,0.0011106920720620002,0.000992439748892,100,0.00013141377130300002,0.016511669012793002,0.001086146012679,0.000954732241376,-1.3161448134072021e-05,0.000954732241376,0.0,0.0,0,0.0,0.0,0,0.006640966917403001,0.0,0.0,0,0.191927653745531,0.46045751633986903,0.330150203593414,1.5011,264.9,,,,,,1.3223500000000001,0.9650000000000001,-0.100426429543225,0.1320836965998255,0.4644065931739225,0.014039976538176754,-0.2917258905371463,0.2514824060934497,-1.2810988186601813,-0.6084604697649739,e2q
e2q_homog_ef73481006_s4,e2q_homog,4,Qwen/Qwen2.5-14B-Instruct-AWQ,100,30,prompt,2026-08-03 19:19:54,0.5,0.5,0.5,0.5,0.5,0.05,independent,barabasi_albert,Qwen/Qwen2.5-14B-Instruct-AWQ,2.5496,1.52,0.725097108474236,5.114762183268268,,-0.10571503156754801,0.089201877934272,1.3076,0.86,0.42738880374921,4.046763177190804,,-0.13664439564547,0.10204081632653,0.07352941176470501,,100,0.149349401446205,0.22312982658398403,0.772070982456388,0.622721581010181,100,0.114079945917296,0.22326381171894202,0.5370119711033,0.42293202518600204,0.035269455528908006,0.42293202518600304,100,0.028337241843293,0.087897498846457,0.28180739362809204,0.25347015178479904,100,0.015442146587497001,0.094183744776098,0.25078087818620903,0.23533873159871102,0.012895095255795,0.23533873159871102,100,0.34852613408631705,4.063350947442138,0.415321724481422,0.066795590395105,100,0.279434712265964,4.010387025397764,0.360346594151683,0.080911881885719,0.06909142182035201,0.080911881885719,100,0.001504782242845,0.15848007414272403,0.0033895051887920004,0.0018847229459470001,100,0.0015243043052050001,0.15848007414272403,0.0034217066179440003,0.001897402312738,-1.952206236013605e-05,0.001897402312738,100,0.686005354013373,1.481497483822214,1.42368850414058,0.7376831501272051,100,0.5859117788160461,1.203198700589816,1.256814290538229,0.6709025117221831,0.100093575197327,0.6709025117221831,100,0.000105837871144,0.016511669012793002,0.0009845616425540001,0.000878723771409,100,0.00010393436433700001,0.016511669012793002,0.0008446070825880001,0.0007406727182500001,1.90350680663599e-06,0.0007406727182500001,0.0,0.0,0,0.0,0.0,0,0.036221988207805006,0.0,0.0,0,0.195405379931223,0.567576564580559,0.35083856830035004,1.8131,260.1,,,,,,1.9285999999999999,1.19,-0.121179713606509,-0.095621347130401,0.576242956111723,0.08706921000711258,-0.19449641561251887,0.23545387090393385,-0.950517196875486,-0.3659375499898094,e2q
e2q_homog_ef73481006_s5,e2q_homog,5,Qwen/Qwen2.5-14B-Instruct-AWQ,100,30,prompt,2026-08-03 19:23:59,0.5,0.5,0.5,0.5,0.5,0.05,independent,barabasi_albert,Qwen/Qwen2.5-14B-Instruct-AWQ,1.3276,0.88,0.41802040424194703,3.489899021742314,,-0.11481486512974601,0.11842105263157801,1.2139,0.89,0.515938790723951,3.7722249305236533,,0.08823216268422801,-0.11111111111111101,0.34020618556701004,,100,0.18518655688559302,0.223617045256556,0.821275519690552,0.6360889628049581,100,0.12379381452511001,0.223617045256556,0.670226271897817,0.5464324573727081,0.061392742360482006,0.5464324573727061,100,0.000348430349583,0.051823649298721006,0.346541975621633,0.34619354527205,100,0.00920205017181,0.06935473638204301,0.34162655837318,0.33242450820136904,-0.008853619822227,0.33242450820136904,100,0.27344735524060104,3.750863807380332,0.35260539462502005,0.07915803938441801,100,0.30198411265762803,4.031572594215514,0.38542279642096006,0.08343868376333101,-0.028536757417026003,0.08343868376333201,100,0.002236575424927,0.15848007414272403,0.045628301173501,0.043391725748574,100,0.000576722745458,0.15848007414272403,0.003087209041055,0.002510486295597,0.0016598526794680002,0.002510486295597,100,0.519777324112919,1.6438384407077802,1.134399583103636,0.6146222589907161,100,0.528468470744357,1.57426374489968,1.1583799912327981,0.62991152048844,-0.008691146631438001,0.62991152048844,100,0.000205354659129,0.016511669012793002,0.0011998832322120002,0.000994528573082,100,0.000212569828076,0.016511669012793002,0.00134290957871,0.001130339750634,-7.215168946995206e-06,0.001130339750634,0.0,0.0,0,0.0,0.0,0,0.0028273093333850002,0.0,0.0,0,0.154571748309802,0.608127721335268,0.448870882296422,1.8744,244.5,,,,,,1.27075,0.885,-0.013291351222758999,-0.0036549707602335016,0.46697959748294904,0.22637606271068034,-0.30946809538219694,0.26597466597867986,-1.0206282617992053,0.09668684105941427,e2q
e2q_human_norm_da14cdc528_s1,e2q_human_norm,1,Qwen/Qwen2.5-14B-Instruct-AWQ,100,30,prompt,2026-08-03 23:35:48,0.6069,0.6844,0.6056,0.6794,0.44380000000000003,,independent,barabasi_albert,Qwen/Qwen2.5-14B-Instruct-AWQ,1.7931,1.15,0.5430108584237511,3.7159244836266243,,0.073047796880417,-0.20779220779220703,0.983599999999999,0.84,0.37243404832807003,4.200817978216643,,0.008464073670911001,-0.5929203539823,0.107692307692307,,100,0.19546618073896802,0.223617045256556,0.7193625061109761,0.523896325372007,100,0.186631608081353,0.22326381171894202,0.707047752491599,0.5204161444102461,0.008834572657614,0.5204161444102451,100,0.020083600314766,0.151852013211765,0.281416471128076,0.26133287081331,100,0.03356406354402,0.106793654765912,0.21638265786343203,0.18281859431941103,-0.013480463229253002,0.18281859431941103,100,0.31718988145689503,4.020979809806639,0.38340397380816404,0.066214092351268,100,0.35372419531602,4.031572594215514,0.411290322764127,0.057566127448106005,-0.036534313859124,0.057566127448107005,100,0.000162492018369,0.0062226929696800005,0.0030804711318910003,0.002917979113522,100,0.000138205692392,0.0062226929696800005,0.0029907008695930003,0.0028524951772010004,2.4286325976868593e-05,0.0028524951772010004,100,1.179192991057688,1.690221571246513,2.054260235221735,0.875067244164047,100,1.2507002296598921,1.690221571246513,2.152739496508698,0.9020392668488061,-0.07150723860220301,0.9020392668488051,100,5.231525698360174e-05,0.016511669012793002,0.0009567426853690001,0.0009044274283850001,100,1.8899181172719744e-05,0.016511669012793002,0.0004952926882940001,0.00047639350712100006,3.3416075810882e-05,0.00047639350712100006,0.0,0.0,0,0.0,0.0,0,-0.018771623438529002,0.0,0.0,0,0.23188268398550302,0.49951814969482805,0.33200708935349305,1.8244,280.2,0.1288,0.1463,0.14750000000000002,0.12560000000000002,0.1663,1.3883499999999995,0.9949999999999999,0.040755935275664,0.4003562808872535,0.45772245337591055,-0.18235865371824153,0.3417986905398045,0.27769483695181524,-0.04469438823101335,-1.2606810530453696,e2q
e2q_human_norm_da14cdc528_s2,e2q_human_norm,2,Qwen/Qwen2.5-14B-Instruct-AWQ,100,30,prompt,2026-08-03 23:40:26,0.6069,0.6844,0.6056,0.6794,0.44380000000000003,,independent,barabasi_albert,Qwen/Qwen2.5-14B-Instruct-AWQ,1.6276000000000002,1.0,0.47549596110859904,3.764780989935157,,-0.036968302802788004,-0.060402684563758004,1.0251,0.85,0.422852835831855,4.402564044109018,,-0.145143401591448,-0.10948905109489,0.204081632653061,,100,0.15475603116865702,0.21474966541574603,0.543112303708671,0.38835627254001404,100,0.12391842896689902,0.17172825662764102,0.49625569838632905,0.37233726941943,0.030837602201757002,0.37233726941943,100,0.010132694843971,0.107050038252901,0.21477991948039601,0.204647224636425,100,0.031128339481429002,0.093962007706269,0.29545918167993,0.2643308421985,-0.020995644637458,0.2643308421985,100,0.346583089962166,4.031572594215514,0.40318656566279104,0.056603475700624004,100,0.338636248204557,4.063350947442138,0.397992813621858,0.059356565417301006,0.007946841757608,0.05935656541730001,100,0.00021646973255400002,0.0062226929696800005,0.003026832742329,0.002810363009775,100,0.000320166366948,0.032702237521514,0.002824134811802,0.002503968444854,-0.00010369663439400001,0.002503968444854,100,0.692167209757597,1.6438384407077802,1.40030897940451,0.708141769646913,100,0.6535377085333971,1.6438384407077802,1.343577184610759,0.690039476077361,0.038629501224199,0.690039476077361,100,0.00010768757318800001,0.016511669012793002,0.000904172517205,0.0007964849440160001,100,3.2872598427584504e-05,0.016511669012793002,0.00045079113618100004,0.00041791853775400005,7.481497476109101e-05,0.00041791853775400005,0.0,0.0,0,0.0,0.0,0,0.009398236481079,0.0,0.0,0,0.23451125214581903,0.5226434082522641,0.29994802651336,1.557099999999999,279.0,0.1288,0.1463,0.14750000000000002,0.12560000000000002,0.1663,1.3263500000000001,0.925,-0.09105585219711801,0.084945867829324,0.449174398470227,0.19874199941908646,0.25546957137975834,0.23149767334920002,-1.3296858798332274,0.004916827923786893,e2q
e2q_human_norm_da14cdc528_s3,e2q_human_norm,3,Qwen/Qwen2.5-14B-Instruct-AWQ,100,30,prompt,2026-08-03 23:45:16,0.6069,0.6844,0.6056,0.6794,0.44380000000000003,,independent,barabasi_albert,Qwen/Qwen2.5-14B-Instruct-AWQ,1.6051000000000002,1.15,0.6301624535529611,5.410027863790431,,-0.072459717916248,-0.32380952380952305,0.7570999999999991,0.8300000000000001,0.476129163657156,3.900773991895589,,-0.08679061459771001,-0.36538461538461503,0.07826086956521701,,100,0.087001514792182,0.17172825662764102,0.368555809789452,0.28155429499726903,100,0.13889037444302102,0.17172825662764102,0.639338295641112,0.500447921198088,-0.051888859650839,0.50044792119809,100,0.05111817125219,0.154515629763081,0.324901948917441,0.273783777665252,100,0.017494342538621,0.12944894694730302,0.207845366163031,0.19035102362441,0.033623828713569004,0.19035102362441,100,0.340431255331947,4.031572594215514,0.39363282360488305,0.053201568272936005,100,0.380389270500318,4.031572594215514,0.420598878259937,0.040209607759619,-0.039958015168371004,0.040209607759618,100,5.140628657699865e-05,0.0062226929696800005,0.0030242249299870004,0.00297281864341,100,3.256088312058996e-05,0.040116509996028005,0.003101053330195,0.003068492447075,1.8845403456408693e-05,0.003068492447075,100,1.006991779067828,1.690221571246513,1.87732995680045,0.8703381777326211,100,1.114785714883658,1.690221571246513,1.976914126497939,0.8621284116142811,-0.10779393581582901,0.8621284116142811,100,1.06646541518587e-05,0.016511669012793002,0.000277860857317,0.000267196203165,100,1.6410974535511863e-05,0.016511669012793002,0.000490253569031,0.00047384259449500003,-5.7463203836531635e-06,0.00047384259449500003,0.0,0.0,0,0.0,0.0,0,-0.027667313806399002,0.0,0.0,0,0.22636219280431902,0.5597584233947871,0.334661711253225,1.340399999999999,289.4,0.1288,0.1463,0.14750000000000002,0.12560000000000002,0.1663,1.1810999999999996,0.99,-0.079625166256979,0.34459706959706904,0.5531458086050586,-0.04170136233128515,0.2112063664654201,0.26611321653966136,-0.9779852462584405,-0.7935719876141802,e2q
e2q_human_norm_da14cdc528_s4,e2q_human_norm,4,Qwen/Qwen2.5-14B-Instruct-AWQ,100,30,prompt,2026-08-03 23:49:57,0.6069,0.6844,0.6056,0.6794,0.44380000000000003,,independent,barabasi_albert,Qwen/Qwen2.5-14B-Instruct-AWQ,2.321600000000001,1.44,0.70021285651274,5.790507576591483,,-0.030610724806220003,-0.0703125,1.0499,0.8300000000000001,0.39049038311905304,3.859653424272983,,0.005110459049436001,-0.27272727272727204,0.138888888888888,,100,0.15914353783312601,0.157893926029296,0.614142087378159,0.45499854954503405,100,0.123040264971568,0.15786822374612,0.49652577791560804,0.37348551294403903,0.036103272861558004,0.37348551294404,100,0.062737207989664,0.17104890003217402,0.29335645562698903,0.23061924763732503,100,0.049210544322576,0.15210770377041102,0.283918667620274,0.23470812329769802,0.013526663667088,0.23470812329769702,100,0.352173423976533,4.063350947442138,0.40582412525468003,0.053650701278146,100,0.34348573008986805,4.031572594215514,0.399033208387771,0.055547478297903005,0.008687693886665,0.055547478297903005,100,0.0005357371225290001,0.15848007414272403,0.0030449002381130004,0.0025091631155830002,100,0.000174955893678,0.0062226929696800005,0.0028256966748610004,0.002650740781182,0.000360781228851,0.002650740781182,100,1.185382362095758,1.690221571246513,2.085343708141489,0.8999613460457301,100,1.213525234608337,1.690221571246513,2.087260513959305,0.8737352793509661,-0.028142872512579003,0.8737352793509671,100,2.6664996233947724e-05,0.016511669012793002,0.0005656706687780001,0.000539005672544,100,3.4569655068783763e-05,0.016511669012793002,0.000595908112387,0.000561338457319,-7.90465883483604e-06,0.000561338457319,0.01,0.0,0,0.0,0.0,0,0.005087939078791,0.0,-0.005,0,0.222112097611795,0.5990990990990991,0.22328827923400701,1.6731,280.7,0.1288,0.1463,0.14750000000000002,0.12560000000000002,0.1663,1.6857500000000005,1.135,-0.012750132878392,0.17151988636363602,0.5453516198158965,-0.04781403440366638,0.3699365170372761,0.2567814121881845,-0.22366212484730086,-0.8138715718793306,e2q
e2q_human_norm_da14cdc528_s5,e2q_human_norm,5,Qwen/Qwen2.5-14B-Instruct-AWQ,100,30,prompt,2026-08-03 23:54:47,0.6069,0.6844,0.6056,0.6794,0.44380000000000003,,independent,barabasi_albert,Qwen/Qwen2.5-14B-Instruct-AWQ,1.7371,1.13,0.6163989806085981,5.357141928896234,,0.005858657990153,-0.14572864321608,1.146399999999999,0.9,0.422815765705692,3.878884082249421,,0.042718441827931004,-0.23728813559322,0.147540983606557,,100,0.117224832030261,0.17172825662764102,0.485432294703441,0.36820746267317905,100,0.11787661078697201,0.17172825662764102,0.42537691624573304,0.307500305458762,-0.0006517787567110001,0.30750030545876,100,0.038505284646481,0.151830532433125,0.29685443030538905,0.25834914565890804,100,0.027085119256276,0.152138885545856,0.20610068820340502,0.179015568947129,0.011420165390205001,0.179015568947128,100,0.33071089182769703,4.063350947442138,0.39910379027963006,0.068392898451933,100,0.35069899615590605,4.063350947442138,0.40246835569285205,0.051769359536945,-0.019988104328209,0.051769359536945,100,0.00020956093201100003,0.0062226929696800005,0.002890145888592,0.0026805849565810004,100,0.00011458253242100001,0.0062226929696800005,0.003011338222898,0.0028967556904770002,9.497839959072455e-05,0.0028967556904770002,100,0.765337715956205,1.6438384407077802,1.5067768674600952,0.7414391515038901,100,0.9690945238110871,1.667030005977146,1.79199138321354,0.822896859402452,-0.203756807854881,0.822896859402452,100,5.9502510946328074e-05,0.016511669012793002,0.0006597131472310001,0.0006002106362850001,100,5.9334436452725786e-05,0.016511669012793002,0.000758708166374,0.000699373729921,1.680744936022953e-07,0.000699373729921,0.0,0.0,0,0.0,0.0,0,-0.035480229845918004,0.0,0.0,0,0.23305676341162102,0.44608472400513405,0.328020418231842,1.712399999999999,290.4,0.1288,0.1463,0.14750000000000002,0.12560000000000002,0.1663,1.4417499999999994,1.015,0.024288549909042,0.19150838940465,0.5196073731571451,0.07880811953306872,0.3676328596141163,0.22746303712761431,-0.29320782921019806,-0.3933718209950519,e2q
e2q_mid_703eb06823_s1,e2q_mid,1,Qwen/Qwen2.5-14B-Instruct-AWQ,100,30,prompt,2026-08-03 23:59:29,0.5,0.5,0.5,0.5,0.5,0.15,independent,barabasi_albert,Qwen/Qwen2.5-14B-Instruct-AWQ,2.081099999999999,1.49,0.7283003205489791,5.670182704849636,,-0.033940450004955006,-0.253012048192771,1.5316,1.02,0.525195332191687,4.185700098927976,,-0.05783212161269,-0.115384615384615,0.16167664670658602,,100,0.19726895017804402,0.22556591994684402,0.7198440143440861,0.522575064166041,100,0.139586294902665,0.214993274752032,0.5197821208876601,0.380195825984994,0.057682655275379004,0.380195825984995,100,0.06921024352407501,0.172607988804406,0.331939660068497,0.262729416544422,100,0.044000189776688,0.15234676404882,0.297630837898442,0.253630648121753,0.025210053747386003,0.253630648121753,100,0.25504058162208604,3.936237534535641,0.33017776800437704,0.07513718638229,100,0.234088863657429,3.041147251985723,0.30983937548323204,0.075750511825802,0.020951717964657002,0.075750511825803,100,6.817052942421667e-05,0.0062226929696800005,0.0028483585850200004,0.0027801880555960003,100,4.144924443757135e-05,0.0062226929696800005,0.0028860059692310002,0.0028445567247940002,2.672128498664531e-05,0.0028445567247940002,100,0.6685694115978761,1.6438384407077802,1.34290191062142,0.6743324990235441,100,0.684387090215765,1.667030005977146,1.3820426623043471,0.6976555720885821,-0.015817678617888003,0.6976555720885821,100,0.00014345897439300002,0.016511669012793002,0.001028393569387,0.0008849345949930001,100,9.922866251666287e-05,0.016511669012793002,0.000845823449283,0.0007465947867660001,4.4230311877021606e-05,0.0007465947867660001,0.0,0.01,0,0.0,0.0,0,0.014682949994399001,0.005,0.005,0,0.23984424549685002,0.554092526690391,0.29317030119090204,1.8816000000000002,282.0,,,,,,1.8063499999999995,1.255,-0.04588628580882251,0.184198331788693,0.626747826370333,0.32787763852108315,0.4567573879693563,0.23513728492211516,-0.16430063187273222,0.4744927072528746,e2q
e2q_mid_703eb06823_s2,e2q_mid,2,Qwen/Qwen2.5-14B-Instruct-AWQ,100,30,prompt,2026-08-04 00:04:12,0.5,0.5,0.5,0.5,0.5,0.15,independent,barabasi_albert,Qwen/Qwen2.5-14B-Instruct-AWQ,2.5211,1.49,0.7022844210011181,5.932230550686047,,-0.025239588259537003,0.047244094488188004,1.273599999999999,0.92,0.46756382156109505,3.556645076912511,,0.014648724934529001,-0.07142857142857101,0.266666666666666,,100,0.254266344455021,0.223617045256556,0.970700907133039,0.7164345626780171,100,0.178674902054272,0.22355614292248502,0.636281156749095,0.457606254694824,0.07559144240074901,0.457606254694823,100,0.011607596168852001,0.15186656470697202,0.19648272358655303,0.1848751274177,100,0.011581568114617,0.15181667386626102,0.22294325688243602,0.21136168876781802,2.6028054234890002e-05,0.21136168876781802,100,0.278464435366164,3.110000350643409,0.34021171914032605,0.061747283774162005,100,0.24829836627835103,3.004072506554661,0.320249812604802,0.07195144632645101,0.030166069087812,0.07195144632645001,100,1.3387862604180731e-06,0.040116509996028005,0.0034043290239000002,0.0034029902376390003,100,6.3300056778852575e-06,0.040116509996028005,0.0033181943817720003,0.003311864376095,-4.9912194174671855e-06,0.003311864376095,100,0.6520285824537181,1.6438384407077802,1.341723569338117,0.689694986884397,100,0.714450079687578,1.6438384407077802,1.4536303784421991,0.7391802987546211,-0.06242149723385901,0.7391802987546211,100,2.8624979043359312e-05,0.016511669012793002,0.0006793241729230001,0.0006506991938800001,100,2.8545288184886794e-05,0.016511669012793002,0.000572288969691,0.000543743681506,7.969085847251472e-08,0.000543743681506,0.0,0.0,0,0.0,0.0,0,0.007226188463396001,0.0,0.0,0,0.23148225942739803,0.604262295081967,0.31484427626890404,1.6184,282.9,,,,,,1.8973499999999994,1.205,-0.005295431662504001,0.012092238470191502,0.5849241212811066,0.24961509107982907,0.31120304115210456,0.24732588276688586,-0.1078841173436294,0.17386137439504346,e2q
e2q_mid_703eb06823_s3,e2q_mid,3,Qwen/Qwen2.5-14B-Instruct-AWQ,100,30,prompt,2026-08-04 00:09:03,0.5,0.5,0.5,0.5,0.5,0.15,independent,barabasi_albert,Qwen/Qwen2.5-14B-Instruct-AWQ,2.097599999999999,1.3,0.637532451276919,4.813302734264575,,-0.047697764367908006,-0.067264573991031,1.627499999999999,1.07,0.5136340477941881,3.720805503204562,,-0.07010843712685301,0.03883495145631,0.18404907975460102,,100,0.223165139428458,0.22326381171894202,0.814948462046535,0.5917833226180781,100,0.24457341188286202,0.22557810041365803,0.8372828662088591,0.5927094543259971,-0.021408272454404003,0.5927094543259961,100,0.010737120088325001,0.15184785564170603,0.184088680134872,0.173351560046547,100,0.019334677447167003,0.129445482305587,0.230183987276763,0.21084930982959602,-0.008597557358841,0.21084930982959502,100,0.300676163206384,4.031572594215514,0.36947517481422104,0.06879901160783601,100,0.359273317800245,4.031572594215514,0.41553592677350903,0.056262608973264,-0.05859715459386,0.056262608973264,100,0.00025878199718600003,0.0062226929696800005,0.002932485265836,0.002673703268649,100,0.00022113158902800002,0.082351383556202,0.0031490659459710003,0.0029279343569420004,3.765040815878603e-05,0.0029279343569420004,100,0.9728176281409661,1.690221571246513,1.8122078002186601,0.8393901720776941,100,0.6859131074726781,1.57426374489968,1.395966425076351,0.7100533176036731,0.28690452066828803,0.7100533176036721,100,4.502073117015837e-05,0.016511669012793002,0.0007337648977560001,0.000688744166586,100,9.806479289848293e-05,0.016511669012793002,0.0009457017332280001,0.000847636940329,-5.3044061728324576e-05,0.000847636940329,0.0,0.0,0,0.0,0.0,0,0.033047690434602005,0.0,0.0,0,0.258233144485974,0.620162932790224,0.22103632817120902,1.5224000000000002,291.5,,,,,,1.862549999999999,1.185,-0.058903100747380505,0.014214811267360499,0.5755832495355535,-0.05585000316631964,0.03271946993455902,0.2622750436716335,-0.49398229438193686,-0.8405582357667405,e2q
e2q_mid_703eb06823_s4,e2q_mid,4,Qwen/Qwen2.5-14B-Instruct-AWQ,100,30,prompt,2026-08-04 00:13:41,0.5,0.5,0.5,0.5,0.5,0.15,independent,barabasi_albert,Qwen/Qwen2.5-14B-Instruct-AWQ,1.9090999999999991,1.15,0.559706742773007,4.170104688058764,,-0.095672740371218,0.102564102564102,1.5316,1.06,0.50888307194378,3.703031932152291,,-0.053979572677699005,0.028248587570621004,0.130434782608695,,100,0.163191501117413,0.22312982658398403,0.6740612481449081,0.510869747027495,100,0.284377843360542,0.223617045256556,1.003221516199147,0.7188436728386041,-0.121186342243129,0.7188436728386041,100,0.016844803821931,0.129369260187834,0.263742675948972,0.24689787212704,100,0.030866330588192003,0.151888738413955,0.359380849202029,0.328514518613836,-0.014021526766261,0.328514518613836,100,0.290552006925758,4.010387025397764,0.36563270951376703,0.075080702588008,100,0.306049703442961,4.020979809806639,0.37627928429643903,0.07022958085347701,-0.015497696517202002,0.07022958085347701,100,0.00046789058548500005,0.15848007414272403,0.0033518630713080004,0.002883972485822,100,0.000332129661498,0.15848007414272403,0.0035023791249190004,0.0031702494634200003,0.000135760923986,0.0031702494634200003,100,0.7543045071458421,1.6438384407077802,1.482084186800782,0.7277796796549391,100,0.768061616216938,1.504689049091581,1.524730824499764,0.756669208282825,-0.013757109071096,0.756669208282825,100,5.861046304745759e-05,0.016511669012793002,0.0008218154859140001,0.000763205022867,100,4.832104321173038e-05,0.016511669012793002,0.00052664959303,0.000478328549818,1.02894198357272e-05,0.000478328549818,0.0,0.0,0,0.0,0.0,0,-0.027386104042311003,0.0,0.0,0,0.236154601965177,0.578472222222222,0.309334293071517,1.7756,278.0,,,,,,1.7203499999999996,1.105,-0.07482615652445851,-0.06540634506736151,0.5342949073583936,-0.11235099238402328,-0.28747558506229665,0.3129842597669967,-0.8764818122307347,-1.028192477896521,e2q
e2q_mid_703eb06823_s5,e2q_mid,5,Qwen/Qwen2.5-14B-Instruct-AWQ,100,30,prompt,2026-08-04 00:17:56,0.5,0.5,0.5,0.5,0.5,0.15,independent,barabasi_albert,Qwen/Qwen2.5-14B-Instruct-AWQ,1.929899999999999,1.17,0.564252408367804,4.131911966928207,,-0.14247549133485102,0.16923076923076902,1.6964000000000001,1.08,0.5082596899867681,3.513452408399317,,0.077240786779129,-0.05590062111801201,0.16666666666666602,,100,0.23445872035422702,0.223617045256556,0.827221102623182,0.5927623822689551,100,0.18955258800261401,0.223617045256556,0.709327957867615,0.5197753698650011,0.044906132351612005,0.5197753698650001,100,0.016413788139021,0.10011521139401201,0.254811817675332,0.238398029536311,100,0.032360927599157,0.10673822049845401,0.28782068330807603,0.25545975570891905,-0.015947139460136,0.25545975570891805,100,0.31675093159254103,4.020979809806639,0.38988949007211704,0.07313855847957601,100,0.276663096591567,3.63434317888271,0.354631308679555,0.077968212087987,0.040087835000973,0.077968212087987,100,3.6343982370630244e-05,0.0062226929696800005,0.002892184424205,0.002855840441834,100,3.2961063726470334e-05,0.0062226929696800005,0.0029458243385340004,0.002912863274808,3.3829186441599098e-06,0.002912863274808,100,0.42198394336108,1.481497483822214,0.91698779155701,0.495003848195929,100,0.49867856790699505,1.6438384407077802,1.054711592299627,0.556033024392632,-0.07669462454591401,0.556033024392632,100,0.00010690562907500001,0.016511669012793002,0.0008215852381740001,0.0007146796090980001,100,0.000230212496879,0.016511669012793002,0.001402584489381,0.0011723719925010002,-0.00012330686780400002,0.0011723719925010002,0.0,0.0,0,0.0,0.0,0,-0.001294620100437,0.0,0.0,0,0.17690442731642603,0.5356026398054881,0.287445073192576,1.9539,254.2,,,,,,1.8131499999999996,1.125,-0.03261735227786101,-0.05666507405637851,0.5362560491772861,0.24805365515386094,0.3976317617739283,0.23555359955364133,-0.5200432104558772,0.16867599887047746,e2q
scale_n200_norm_e6c3e2f23f_s1,scale_n200_norm,1,meta-llama/Llama-3.1-8B-Instruct,200,30,prompt,2026-08-04 10:17:53,0.5,0.5,0.5,0.5,0.5,0.15,independent,barabasi_albert,meta-llama/Llama-3.1-8B-Instruct,1.63,1.3599999999999999,0.7015188698656121,5.536452979084505,,-0.020896635287538,-0.31369150779896005,1.2089750000000001,1.135,0.597941225948569,4.612368064763951,,-0.072181728254936,-0.191208791208791,0.181619256017505,,0,,,,,200,0.09333984427426001,1.030739607746809,0.093379002647446,3.915837318623855e-05,,,0,,,,,200,2.100163543341155,115.41196166000314,2.843583913549014,0.743420370207859,,,0,,,,,200,0.033055627789447005,0.41739685751188704,0.063269967390505,0.030214339601058002,,,200,0.0017069280878400002,0.046736396133986,0.0038709005479410003,0.002163972460101,200,0.001152733604883,0.040116509996028005,0.0031078219331920004,0.001955088328309,0.0005541944829570001,0.001955088328309,200,0.015378167907779001,0.484260177239455,0.025603153600247,0.010224985692467001,200,0.01604988136799,0.484260177239455,0.025650862643392003,0.009600981275401,-0.0006717134602100001,0.009600981275401,200,0.001863806253453,0.09519073549177001,0.0025034989378390003,0.000639692684385,200,0.0019360972746500001,0.09519073549177001,0.002498798842757,0.000562701568106,-7.229102119634671e-05,0.000562701568106,0.17500000000000002,0.1,0,0.11,0.11,0,-6.326999948338507e-05,0.10500000000000001,-0.037499999999999006,0,0.31557244781278904,0.650522041763341,0.182668761219889,1.727774999999999,345.2,,,,,,1.4194875,1.2475,-0.046539181771237004,0.2524501495038755,0.6497300479070905,0.06983061416989374,-0.11635524916327049,0.13096543989231987,-0.3228852939581488,0.4321256711929018,scale
scale_n200_norm_e6c3e2f23f_s2,scale_n200_norm,2,meta-llama/Llama-3.1-8B-Instruct,200,30,prompt,2026-08-04 10:25:45,0.5,0.5,0.5,0.5,0.5,0.15,independent,barabasi_albert,meta-llama/Llama-3.1-8B-Instruct,1.753899999999999,1.4100000000000001,0.725784314444023,5.911876868392236,,0.037470654850409006,-0.306260575296108,1.416974999999999,1.075,0.5550746239963631,3.869416741827135,,0.022830048766777,-0.13917525773195802,0.20646067415730301,,200,0.093904872482508,1.032517955901696,0.093939037759225,3.41652767178161e-05,200,0.09274420606106001,1.031494796689295,0.092803960656768,5.9754595707702883e-05,0.001160666421447,5.975459570808917e-05,200,2.068125805557154,116.79781834643175,2.935472754688865,0.8673469491317111,200,2.112167770366748,116.79781834643175,2.869361854624211,0.757194084257461,-0.04404196480959301,0.757194084257462,200,0.028021608961777,0.41739685751188704,0.06569451529280901,0.037672906331032,200,0.029724659732815004,0.37502571987638805,0.058970726026678,0.029246066293862002,-0.001703050771037,0.029246066293862002,200,0.0016615936634740002,0.046736396133986,0.003953996097407,0.0022924024339320004,200,0.0017034289244000002,0.046736396133986,0.0039011875950150003,0.0021977586706140003,-4.1835260925918074e-05,0.0021977586706140003,200,0.018834008159554,0.484260177239455,0.028423900168036004,0.009589892008482,200,0.015417863464635001,0.484260177239455,0.025777370229804003,0.010359506765169,0.003416144694918,0.010359506765169,200,0.0017192819242600002,0.06896437999877801,0.0022911768114320004,0.0005718948871710001,200,0.002034858577421,0.101747324365018,0.0027316191932050004,0.000696760615784,-0.00031557665316,0.000696760615784,0.105,0.05,0,0.15,0.105,0,-0.006920936063058001,0.0775,-0.05,0,0.33757973583599404,0.592305706170926,0.28650505874758603,1.649899999999999,472.4,,,,,,1.585437499999999,1.2425000000000002,0.030150351808593004,0.222717916514033,0.6404294692201931,-0.04949174667256353,-0.17593975312604151,0.13329232186643294,0.21289587272408217,-0.18814218236410069,scale
scale_n200_norm_e6c3e2f23f_s3,scale_n200_norm,3,meta-llama/Llama-3.1-8B-Instruct,200,30,prompt,2026-08-04 10:33:34,0.5,0.5,0.5,0.5,0.5,0.15,independent,barabasi_albert,meta-llama/Llama-3.1-8B-Instruct,1.574374999999999,1.625,0.8036366570891861,5.882140504225789,,-0.05449843077996001,-0.503787878787878,1.1475,1.05,0.542308970710332,4.237975309108553,,-0.047016885283971,-0.154205607476635,0.17959770114942503,,200,0.09386995253919801,1.032469234034439,0.093896963517478,2.7010978280462813e-05,200,0.09329349414704101,1.032042917695939,0.093343531627259,5.0037480218468014e-05,0.000576458392156,5.0037480218437236e-05,200,1.9285595645479212,115.41196166000314,2.798668256293584,0.8701086917456641,200,2.161973294504994,116.79781834643175,3.002118958890319,0.84014566438532,-0.23341372995707302,0.8401456643853241,200,0.041626908990016004,0.42798964192076205,0.065627292651314,0.024000383661297003,200,0.034741715779844,0.42798964192076205,0.062118043635772,0.027376327855927002,0.006885193210171001,0.027376327855927002,200,0.0017178768945650001,0.046736396133986,0.0038932102303670005,0.002175333335801,200,0.001710110732908,0.046736396133986,0.003990581707859001,0.0022804709749500002,7.766161657175906e-06,0.0022804709749500002,200,0.014270047325811,0.484260177239455,0.023182406122281,0.008912358796469,200,0.014771804663912001,0.484260177239455,0.025895403794944,0.011123599131031002,-0.000501757338101,0.011123599131031002,200,0.002088348493034,0.09519073549177001,0.002721667668726,0.0006333191756910001,200,0.0019412340134980003,0.09519073549177001,0.002522580564518,0.0005813465510200001,0.00014711447953600002,0.0005813465510200001,0.125,0.13,0,0.13,0.14,0,-0.037716492508608,0.135,0.007500000000000001,0,0.35749861065494803,0.609976662777129,0.295637592520952,1.4575,468.6,,,,,,1.3609374999999995,1.3375,-0.050757658031965504,0.3289967431322565,0.672972813899759,-0.048483399026486705,-0.15205280186559586,0.14692624106307775,-0.16324260505547641,0.28359098541973426,scale
