config,seed,realized_sd_mean,real_mu_openness,real_sd_openness,real_mu_conscientiousness,real_sd_conscientiousness,real_mu_extraversion,real_sd_extraversion,real_mu_agreeableness,real_sd_agreeableness,real_mu_neuroticism,real_sd_neuroticism
abex_e1_agreeableness_high,1,0.13079583753972496,0.4844003047994802,0.13286811816831084,0.513042652652841,0.12360684086146308,0.4931667751727579,0.134231654949282,0.7592824051091062,0.13254488023795816,0.5070069482435465,0.13072769348161056
abex_e1_agreeableness_high,2,0.1471763005334074,0.4972478660660035,0.13859726153279775,0.49863033156013264,0.16250943346748678,0.4956748992419221,0.15082093269729355,0.7506008822484924,0.14083297884064017,0.5027040604090305,0.1431208961288187
abex_e1_agreeableness_high,3,0.14463109540957741,0.5083007516675861,0.14120933038364875,0.4971558855512068,0.16283315067406817,0.533114589355544,0.15033884618632237,0.7805425733466405,0.11144304078700547,0.5095556594908937,0.1573311090168423
abex_e1_agreeableness_high,4,0.1426937015277042,0.4678820672604312,0.14515013556823103,0.5153670799792078,0.14241224005884182,0.5050072281305924,0.13932341747974694,0.7830104486185376,0.1263137369811578,0.48276261981264956,0.16026897755054328
abex_e1_agreeableness_high,5,0.1404113489093775,0.49600850753967335,0.14726246553663178,0.4974303150418724,0.14590502901317892,0.4947584081331172,0.13007281058360212,0.7656932001385336,0.13101451085849045,0.5060172174366555,0.14780192855498422
abex_e1_agreeableness_high,6,0.1451559837870302,0.4791702626879536,0.16347974589175354,0.49314948328921304,0.16229277462533356,0.5063552259885274,0.14411766535987358,0.7884082263170724,0.11887120094977296,0.49694833346607736,0.13701853210841727
abex_e1_agreeableness_high,7,0.135061659575094,0.47421053208655634,0.14045137457901827,0.48539010621502093,0.13808510406240943,0.48032328516663797,0.13569032687787588,0.7555542719774677,0.11677880473227048,0.49285019199543206,0.1443026876238958
abex_e1_agreeableness_high,8,0.1459307683260201,0.5188467605965819,0.14370693593966116,0.49638370208954746,0.13502179406182827,0.5146333762113009,0.15237531546465063,0.763048011226747,0.1327133639716382,0.49926871079419155,0.16583643219232205
abex_e1_agreeableness_low,1,0.1354277275392655,0.4961379730939494,0.1372442152422263,0.5135517940168739,0.1274572996960296,0.48120587965254574,0.14373988589538317,0.22590959975657832,0.1318927170387219,0.5005617572041282,0.13680451982396633
abex_e1_agreeableness_low,2,0.14254747921435068,0.4977924748119063,0.13290681430028303,0.49659687509879247,0.16172706714769244,0.49369903452056874,0.15351292155689067,0.20352305304084595,0.12404494125820131,0.49451102453587853,0.1405456518086858
abex_e1_agreeableness_low,3,0.14643861695615784,0.5145778559362393,0.14002255746886105,0.49140398177988337,0.16028293995852297,0.5324905577588446,0.1521637079824266,0.21431825015633593,0.12032316112792112,0.5081855675943959,0.15940071824305757
abex_e1_agreeableness_low,4,0.14204811508376064,0.483619623484039,0.14407758056914954,0.5222021987324544,0.14826012428207275,0.5002725468572684,0.14077242962616784,0.24851086733462957,0.12475498345939762,0.49674629908757884,0.15237545748201545
abex_e1_agreeableness_low,5,0.14085616603602547,0.49828318671956945,0.15362854501176887,0.4967084539625543,0.1498610674747594,0.49379901431330386,0.1301931155502199,0.22595322322444594,0.12881657663991714,0.5044994752281942,0.14178152550346204
abex_e1_agreeableness_low,6,0.14654476623268425,0.47521556758316286,0.1555376153093326,0.4803245022802162,0.16044798095184565,0.5139023131007128,0.1412644730242179,0.2415655404387009,0.12905389274014598,0.4942304675394251,0.14641986913787924
abex_e1_agreeableness_low,7,0.13426415040592957,0.47450339132990527,0.13909294866687305,0.4853263651206045,0.14145406387005038,0.47613106947537887,0.13411069767383477,0.1991162438661744,0.11432982972756907,0.48647385169583046,0.1423332120913204
abex_e1_agreeableness_low,8,0.14405004733052254,0.5105213089304015,0.14870385321492052,0.49084047260247254,0.13299506164346692,0.5291655695777389,0.15204638181342398,0.22704954562867966,0.12907176244487203,0.4958998090961005,0.1574331775359292
abex_e1_norm_baseline,1,0.13597904620390655,0.49617129908359864,0.13652937200913023,0.5014816098045726,0.12261599077862134,0.4819649921928803,0.13278842601865412,0.48360254662612895,0.1586601160026633,0.50997581305622,0.1293013262104638
abex_e1_norm_baseline,2,0.15113407378171836,0.5017158282276885,0.14371001823419027,0.5001794647979323,0.1601793214844164,0.49470969090680234,0.14832692631758243,0.46550011238183453,0.1556928401769579,0.49783120151938975,0.14776126269544473
abex_e1_norm_baseline,3,0.1491072184974031,0.5112912342932551,0.13956114169634742,0.49202638263137777,0.16013005959901672,0.5293981553741473,0.15595464246042276,0.4993449427241227,0.13076786915168215,0.5091854813702956,0.15912237957954653
abex_e1_norm_baseline,4,0.15049829511294638,0.485874984600444,0.14660963592006465,0.5096801136745787,0.14491674385274173,0.510489894613155,0.13989932454384435,0.512957412508073,0.15785290790741582,0.4837701430887498,0.16321286334066534
abex_e1_norm_baseline,5,0.14354491357062188,0.5035609761837806,0.1504212125559987,0.5072642036168413,0.14393983247463524,0.48899195238137383,0.13218769163628336,0.4970879085952823,0.14866480036439164,0.5040748518795657,0.14251103082180042
abex_e1_norm_baseline,6,0.151713101680317,0.4775568220221932,0.1569749945364579,0.4881883429347223,0.1682002163264684,0.5146449352431515,0.14418167366268586,0.5272470648022963,0.14427229681867076,0.49420753884205715,0.14493632705730206
abex_e1_norm_baseline,7,0.14035493364296772,0.4713864587338999,0.14037805195713718,0.4820804200903171,0.14346394454309558,0.48466701097192344,0.13832490625094981,0.47542583194232846,0.13608166870011063,0.4901936386323367,0.14352609676354533
abex_e1_norm_baseline,8,0.15090925027445393,0.5200436282654504,0.1495128616519791,0.48289823735094745,0.13243120861990945,0.519394839353886,0.15529311086578992,0.48957037683507715,0.1532822930858292,0.4984426726077802,0.16402677714876202
abpr_e1_agreeableness_high,1,0.13079583753972496,0.4844003047994802,0.13286811816831084,0.513042652652841,0.12360684086146308,0.4931667751727579,0.134231654949282,0.7592824051091062,0.13254488023795816,0.5070069482435465,0.13072769348161056
abpr_e1_agreeableness_high,2,0.1471763005334074,0.4972478660660035,0.13859726153279775,0.49863033156013264,0.16250943346748678,0.4956748992419221,0.15082093269729355,0.7506008822484924,0.14083297884064017,0.5027040604090305,0.1431208961288187
abpr_e1_agreeableness_high,3,0.14463109540957741,0.5083007516675861,0.14120933038364875,0.4971558855512068,0.16283315067406817,0.533114589355544,0.15033884618632237,0.7805425733466405,0.11144304078700547,0.5095556594908937,0.1573311090168423
abpr_e1_agreeableness_high,4,0.1426937015277042,0.4678820672604312,0.14515013556823103,0.5153670799792078,0.14241224005884182,0.5050072281305924,0.13932341747974694,0.7830104486185376,0.1263137369811578,0.48276261981264956,0.16026897755054328
abpr_e1_agreeableness_high,5,0.1404113489093775,0.49600850753967335,0.14726246553663178,0.4974303150418724,0.14590502901317892,0.4947584081331172,0.13007281058360212,0.7656932001385336,0.13101451085849045,0.5060172174366555,0.14780192855498422
abpr_e1_agreeableness_high,6,0.1451559837870302,0.4791702626879536,0.16347974589175354,0.49314948328921304,0.16229277462533356,0.5063552259885274,0.14411766535987358,0.7884082263170724,0.11887120094977296,0.49694833346607736,0.13701853210841727
abpr_e1_agreeableness_high,7,0.135061659575094,0.47421053208655634,0.14045137457901827,0.48539010621502093,0.13808510406240943,0.48032328516663797,0.13569032687787588,0.7555542719774677,0.11677880473227048,0.49285019199543206,0.1443026876238958
abpr_e1_agreeableness_high,8,0.1459307683260201,0.5188467605965819,0.14370693593966116,0.49638370208954746,0.13502179406182827,0.5146333762113009,0.15237531546465063,0.763048011226747,0.1327133639716382,0.49926871079419155,0.16583643219232205
abpr_e1_agreeableness_low,1,0.1354277275392655,0.4961379730939494,0.1372442152422263,0.5135517940168739,0.1274572996960296,0.48120587965254574,0.14373988589538317,0.22590959975657832,0.1318927170387219,0.5005617572041282,0.13680451982396633
abpr_e1_agreeableness_low,2,0.14254747921435068,0.4977924748119063,0.13290681430028303,0.49659687509879247,0.16172706714769244,0.49369903452056874,0.15351292155689067,0.20352305304084595,0.12404494125820131,0.49451102453587853,0.1405456518086858
abpr_e1_agreeableness_low,3,0.14643861695615784,0.5145778559362393,0.14002255746886105,0.49140398177988337,0.16028293995852297,0.5324905577588446,0.1521637079824266,0.21431825015633593,0.12032316112792112,0.5081855675943959,0.15940071824305757
abpr_e1_agreeableness_low,4,0.14204811508376064,0.483619623484039,0.14407758056914954,0.5222021987324544,0.14826012428207275,0.5002725468572684,0.14077242962616784,0.24851086733462957,0.12475498345939762,0.49674629908757884,0.15237545748201545
abpr_e1_agreeableness_low,5,0.14085616603602547,0.49828318671956945,0.15362854501176887,0.4967084539625543,0.1498610674747594,0.49379901431330386,0.1301931155502199,0.22595322322444594,0.12881657663991714,0.5044994752281942,0.14178152550346204
abpr_e1_agreeableness_low,6,0.14654476623268425,0.47521556758316286,0.1555376153093326,0.4803245022802162,0.16044798095184565,0.5139023131007128,0.1412644730242179,0.2415655404387009,0.12905389274014598,0.4942304675394251,0.14641986913787924
abpr_e1_agreeableness_low,7,0.13426415040592957,0.47450339132990527,0.13909294866687305,0.4853263651206045,0.14145406387005038,0.47613106947537887,0.13411069767383477,0.1991162438661744,0.11432982972756907,0.48647385169583046,0.1423332120913204
abpr_e1_agreeableness_low,8,0.14405004733052254,0.5105213089304015,0.14870385321492052,0.49084047260247254,0.13299506164346692,0.5291655695777389,0.15204638181342398,0.22704954562867966,0.12907176244487203,0.4958998090961005,0.1574331775359292
abpr_e1_neuroticism_high,1,0.13314423386362864,0.4883190267625045,0.1397981580769694,0.5071803481976466,0.12430487734542464,0.48411210298588014,0.13051874965235755,0.482720668690555,0.15828599096447726,0.785443430205778,0.11281339327891439
abpr_e1_neuroticism_high,2,0.14715885008460794,0.4995030331459109,0.1404062650979197,0.49945929679458784,0.16190547675945474,0.4938891195679552,0.15140049879100953,0.47798438540382043,0.15352090278448294,0.7781303154964321,0.12856110699017287
abpr_e1_neuroticism_high,3,0.14133741867827743,0.5142945039441357,0.1381980422634723,0.5088896282454904,0.1584793826723633,0.5220637971598214,0.15685878057447206,0.5059741900688604,0.13502622760637012,0.775077528928474,0.11812466027470936
abpr_e1_neuroticism_high,4,0.14479620543863952,0.47727036954685237,0.1489968658280053,0.5134894066314754,0.14957418521068258,0.5055321695707884,0.13402982963488108,0.5143097948950145,0.14844488935019848,0.7608612293576759,0.14293525716943015
abpr_e1_neuroticism_high,5,0.14370136142806636,0.4873952572474973,0.14815119699107496,0.49428983040107327,0.14433207219502162,0.49021569661359143,0.13473789919675772,0.4937443856914253,0.1570862840432811,0.7712163404714554,0.13419935471419642
abpr_e1_neuroticism_high,6,0.14889004446958315,0.4835813451468225,0.16287311369581275,0.4831154018534348,0.163204661968284,0.509876765832754,0.14184966957152276,0.5234323598745114,0.1452282064003273,0.7787847752550147,0.13129457071196896
abpr_e1_neuroticism_high,7,0.13452906467115125,0.47214613697844066,0.13718704649411123,0.4764148210261074,0.14494233802708764,0.47922616998700895,0.13701971536882954,0.4704116211043667,0.13624753576181992,0.756056277027055,0.1172486877039078
abpr_e1_neuroticism_high,8,0.14418081348661566,0.517078419697374,0.15146398421680277,0.49657846726668253,0.13943502976154384,0.52333640903183,0.147171390141515,0.4992620571446802,0.1551514047551036,0.7570374738443373,0.12768225855811302
abpr_e1_norm_baseline,1,0.13597904620390655,0.49617129908359864,0.13652937200913023,0.5014816098045726,0.12261599077862134,0.4819649921928803,0.13278842601865412,0.48360254662612895,0.1586601160026633,0.50997581305622,0.1293013262104638
abpr_e1_norm_baseline,2,0.15113407378171836,0.5017158282276885,0.14371001823419027,0.5001794647979323,0.1601793214844164,0.49470969090680234,0.14832692631758243,0.46550011238183453,0.1556928401769579,0.49783120151938975,0.14776126269544473
abpr_e1_norm_baseline,3,0.1491072184974031,0.5112912342932551,0.13956114169634742,0.49202638263137777,0.16013005959901672,0.5293981553741473,0.15595464246042276,0.4993449427241227,0.13076786915168215,0.5091854813702956,0.15912237957954653
abpr_e1_norm_baseline,4,0.15049829511294638,0.485874984600444,0.14660963592006465,0.5096801136745787,0.14491674385274173,0.510489894613155,0.13989932454384435,0.512957412508073,0.15785290790741582,0.4837701430887498,0.16321286334066534
abpr_e1_norm_baseline,5,0.14354491357062188,0.5035609761837806,0.1504212125559987,0.5072642036168413,0.14393983247463524,0.48899195238137383,0.13218769163628336,0.4970879085952823,0.14866480036439164,0.5040748518795657,0.14251103082180042
abpr_e1_norm_baseline,6,0.151713101680317,0.4775568220221932,0.1569749945364579,0.4881883429347223,0.1682002163264684,0.5146449352431515,0.14418167366268586,0.5272470648022963,0.14427229681867076,0.49420753884205715,0.14493632705730206
abpr_e1_norm_baseline,7,0.14035493364296772,0.4713864587338999,0.14037805195713718,0.4820804200903171,0.14346394454309558,0.48466701097192344,0.13832490625094981,0.47542583194232846,0.13608166870011063,0.4901936386323367,0.14352609676354533
abpr_e1_norm_baseline,8,0.15090925027445393,0.5200436282654504,0.1495128616519791,0.48289823735094745,0.13243120861990945,0.519394839353886,0.15529311086578992,0.48957037683507715,0.1532822930858292,0.4984426726077802,0.16402677714876202
abpr_e1_openness_high,1,0.13144504305088903,0.773194071747769,0.12103530295856138,0.5096415551029909,0.11764424719341267,0.484011612461818,0.13029012613946853,0.4783648314719408,0.1559344969369151,0.505742487672159,0.13232104202608738
abpr_e1_openness_high,2,0.1440411841705977,0.776640965523156,0.11848165506373912,0.4934323627979602,0.16598791400923565,0.49175903413764255,0.14592947309911422,0.4709843117919028,0.149708167056974,0.4959581109233738,0.1400987116239255
abpr_e1_openness_high,3,0.1424759486398613,0.7855936213493142,0.11995986051831782,0.5057350062443222,0.14976490323341732,0.5309284235014109,0.1529671840532713,0.49944821854271937,0.13332214222967587,0.5119972253565033,0.15636565316462417
abpr_e1_openness_high,4,0.1441526671619575,0.7651638389354093,0.12623139334056488,0.5152885746302514,0.14098565194703588,0.5074706575997892,0.14319344538719783,0.5053000291354794,0.14973085565449157,0.48844582975194506,0.16062198948049736
abpr_e1_openness_high,5,0.13918971916265466,0.7694336451622515,0.12215328743288234,0.49627685308596015,0.14802419541268125,0.4907985421855575,0.13213418777825064,0.4874822080678408,0.15475401049605175,0.5003356571972004,0.13888291469340733
abpr_e1_openness_high,6,0.14515395035943338,0.7497680987667908,0.13092923516770805,0.4805801260659503,0.16367765745154414,0.49647023692688713,0.14720772130131793,0.5214845763240669,0.14262182066713347,0.5012112232229173,0.14133331720946335
abpr_e1_openness_high,7,0.13792987168027313,0.7566290940662541,0.12469523196711665,0.4794369905424448,0.14687008038398106,0.4801940285686882,0.1381707724215473,0.47574360386296377,0.1374697939987181,0.4968389150152571,0.14244347963000265
abpr_e1_openness_high,8,0.14141758734896626,0.7820400286384139,0.12435463972022492,0.4882016449243665,0.13131727105271465,0.5194814044857825,0.1519831067957351,0.4997232361515183,0.14047221835661514,0.49898886344390886,0.15896070081954158
abpr_e2_diverse,1,0.20622248017567038,0.47233895207128707,0.20789111848306668,0.5045568924225852,0.20021448241566073,0.5040791429073455,0.21445039089413248,0.47191616857783325,0.21422738094510912,0.49759041969057544,0.19432902814038291
abpr_e2_diverse,2,0.22128363174811966,0.5080081422811729,0.20920534208804523,0.4666539423795899,0.21192617729953225,0.4701069200326866,0.24040843766265924,0.48168424575374524,0.22663238544955744,0.5002392077756086,0.21824581624080436
abpr_e2_diverse,3,0.2137886705309396,0.5092954648430856,0.20968256092114046,0.5366835196054005,0.21507656404956887,0.5391851954969347,0.22374368073805664,0.5023124772294068,0.2082766925521471,0.5127780735240084,0.21216385439378513
abpr_e2_diverse,4,0.2091129748577189,0.49343336227351314,0.18460668274500874,0.5325850958625569,0.2064299141133254,0.49687821571689716,0.21411490050233148,0.5046770871328924,0.21686350966174014,0.4867917719665478,0.22354986726618864
abpr_e2_diverse,5,0.22164386826110535,0.487742987638804,0.22770165472986326,0.4960739380547571,0.23633916714482156,0.4670903929805382,0.20388527951285745,0.49944548876293104,0.22006130132723759,0.5125810600496948,0.22023193859074688
abpr_e2_diverse,6,0.22088183323565141,0.4556755149616673,0.23164194854927553,0.47198873061152113,0.22278490250509783,0.5171403169007605,0.2216801234221877,0.5174507432815454,0.21139042405748376,0.49609303341574273,0.2169117676442124
abpr_e2_diverse,7,0.21277856645077015,0.44563018868263454,0.20569012716009652,0.4717258134882078,0.2219796015769423,0.482642861667703,0.2148658351281207,0.46588075267811696,0.20773611793644597,0.48138138353916127,0.2136211504522451
abpr_e2_diverse,8,0.22126248033304258,0.5077408405635693,0.22515671188190847,0.4578432487746282,0.2087704221549629,0.5100216258945199,0.23225511396274567,0.5087186086566562,0.22787285014117253,0.49534432592141064,0.21225730352442335
abpr_e2_homog,1,0.04532634873463552,0.4987237663611996,0.04550979066971008,0.5004938699348574,0.04087199692620711,0.49398833073096016,0.044262808672884714,0.49453418220870965,0.052886705334221115,0.50332527101874,0.0431004420701546
abpr_e2_homog,2,0.050378024593906126,0.5005719427425628,0.04790333941139677,0.5000598215993107,0.05339310716147215,0.49823656363560076,0.04944230877252749,0.48850003746061144,0.051897613392319304,0.49927706717312986,0.04925375423181492
abpr_e2_homog,3,0.049702406165801044,0.5037637447644184,0.04652038056544914,0.4973421275437926,0.05337668653300557,0.5097993851247157,0.05198488082014093,0.49978164757470755,0.0435892897172274,0.5030618271234317,0.05304079319318219
abpr_e2_homog,4,0.05016609837098214,0.49529166153348136,0.048869878640021555,0.503226704558193,0.04830558128424725,0.5034966315377184,0.046633108181281455,0.5043191375026911,0.05261763596913862,0.49459004769625,0.05440428778022178
abpr_e2_homog,5,0.04784830452354064,0.5011869920612603,0.0501404041853329,0.5024214012056138,0.04797994415821175,0.49633065079379135,0.044062563878761125,0.499029302865094,0.04955493345479724,0.5013582839598552,0.04750367694060015
abpr_e2_homog,6,0.05057103389343901,0.4925189406740644,0.05232499817881929,0.4960627809782408,0.05606673877548946,0.5048816450810505,0.04806055788756196,0.5090823549340988,0.0480907656062236,0.49806917961401914,0.048312109019100685
abpr_e2_homog,7,0.046784977880989245,0.49046215291129996,0.04679268398571241,0.4940268066967724,0.047821314847698526,0.49488900365730776,0.04610830208364994,0.4918086106474428,0.04536055623337021,0.4967312128774454,0.04784203225451512
abpr_e2_homog,8,0.050303083424817985,0.5066812094218167,0.0498376205506597,0.4942994124503157,0.044143736206636475,0.5064649464512954,0.05176437028859665,0.49652345894502564,0.051094097695276404,0.4994808908692601,0.05467559238292068
abpr_e2_mid,1,0.13597904620390655,0.49617129908359864,0.13652937200913023,0.5014816098045726,0.12261599077862134,0.4819649921928803,0.13278842601865412,0.48360254662612895,0.1586601160026633,0.50997581305622,0.1293013262104638
abpr_e2_mid,2,0.15113407378171836,0.5017158282276885,0.14371001823419027,0.5001794647979323,0.1601793214844164,0.49470969090680234,0.14832692631758243,0.46550011238183453,0.1556928401769579,0.49783120151938975,0.14776126269544473
abpr_e2_mid,3,0.1491072184974031,0.5112912342932551,0.13956114169634742,0.49202638263137777,0.16013005959901672,0.5293981553741473,0.15595464246042276,0.4993449427241227,0.13076786915168215,0.5091854813702956,0.15912237957954653
abpr_e2_mid,4,0.15049829511294638,0.485874984600444,0.14660963592006465,0.5096801136745787,0.14491674385274173,0.510489894613155,0.13989932454384435,0.512957412508073,0.15785290790741582,0.4837701430887498,0.16321286334066534
abpr_e2_mid,5,0.14354491357062188,0.5035609761837806,0.1504212125559987,0.5072642036168413,0.14393983247463524,0.48899195238137383,0.13218769163628336,0.4970879085952823,0.14866480036439164,0.5040748518795657,0.14251103082180042
abpr_e2_mid,6,0.151713101680317,0.4775568220221932,0.1569749945364579,0.4881883429347223,0.1682002163264684,0.5146449352431515,0.14418167366268586,0.5272470648022963,0.14427229681867076,0.49420753884205715,0.14493632705730206
abpr_e2_mid,7,0.14035493364296772,0.4713864587338999,0.14037805195713718,0.4820804200903171,0.14346394454309558,0.48466701097192344,0.13832490625094981,0.47542583194232846,0.13608166870011063,0.4901936386323367,0.14352609676354533
abpr_e2_mid,8,0.15090925027445393,0.5200436282654504,0.1495128616519791,0.48289823735094745,0.13243120861990945,0.519394839353886,0.15529311086578992,0.48957037683507715,0.1532822930858292,0.4984426726077802,0.16402677714876202
abpr_e3_O2_A2,1,0.13410532330497674,0.2184726782309009,0.12414470462207952,0.5069103918872709,0.12405737665033813,0.49271256647089473,0.15798952010336195,0.2257975133527847,0.13084291602313644,0.5043203997036688,0.13349209912596754
abpr_e3_O2_A2,2,0.14221172206366908,0.21902399319937063,0.12061800803556803,0.4939597351334293,0.16139730892151677,0.48756931184675634,0.15534134957066864,0.21019744291405196,0.1268967783429234,0.49385962262472616,0.1468051654476686
abpr_e3_O2_A2,3,0.14096314156626688,0.23555765165409856,0.12166766560227811,0.4963345911309564,0.16266766135218447,0.5336740330559261,0.14918767420438506,0.21791708514461036,0.11790210802736142,0.5035006581966383,0.15339059864512533
abpr_e3_O2_A2,4,0.13858943886278557,0.2057795146627812,0.12232036258746558,0.5233915420765749,0.14748702522984242,0.5002220766186828,0.14513794701747137,0.24427510096039207,0.12654419238758288,0.5002538324694017,0.1514576670915657
abpr_e3_O2_A2,5,0.1380583213421672,0.2185137177918477,0.1390794793838818,0.49651243275529794,0.14398171933294954,0.49191339903980263,0.1267216139619664,0.2218748760634336,0.12387595200165083,0.495523545094931,0.15663284203038735
abpr_e3_O2_A2,6,0.14131308503553647,0.2132550911982198,0.13406452362256882,0.4879370381145934,0.15574461107565515,0.5092230657573908,0.14282285780316512,0.2369436078817564,0.12952033686236572,0.5038899322088913,0.14441309581392775
abpr_e3_O2_A2,7,0.12788862481588206,0.20583245717337795,0.11341222257350342,0.4863167865771701,0.14183016708895543,0.48212699014785004,0.1333673218311865,0.2057810752080858,0.11382585991662396,0.48225000137166135,0.13700755266914105
abpr_e3_O2_A2,8,0.1392707583484057,0.23656522236657818,0.12796150534555392,0.48104256534171363,0.1384736256419252,0.5269489957604885,0.15015018688623863,0.22314518575575637,0.12958477617095712,0.4948418709642264,0.1501836976973536
abpr_e3_O8_A8,1,0.12594942218921862,0.7730506348906069,0.12324237292463651,0.5168552937486829,0.11748541473949159,0.4950239666940472,0.1285480519439355,0.7592067833433838,0.130404477406002,0.5051234502719787,0.13006679393202755
abpr_e3_O8_A8,2,0.14178996124076,0.7780050368672212,0.11995016243164108,0.4919302900482558,0.1644651364139807,0.49058712755792766,0.14976535821752202,0.7562453414676652,0.13694748873494292,0.492690001333667,0.13782166040571334
abpr_e3_O8_A8,3,0.13840903841014446,0.7801436858629641,0.1250708269470797,0.5012740348749496,0.14975703161246984,0.5359622980207206,0.1468461986804697,0.7797736576751062,0.11272863068781905,0.5184748273206743,0.15764250412288414
abpr_e3_O8_A8,4,0.14037329096288437,0.7556776082387202,0.13254614603799056,0.5118233987671776,0.13692495948990077,0.4972341216217662,0.1431683365981605,0.7815483310469454,0.12654151530997998,0.4887494655487414,0.1626854973783901
abpr_e3_O8_A8,5,0.1355430175923176,0.7696635280799136,0.1253198791409233,0.4976193740880304,0.14318646673790236,0.48920263092437877,0.128325434027375,0.763687396896258,0.13012711306679375,0.49772425111987656,0.15075619498859344
abpr_e3_O8_A8,6,0.13734890783990156,0.749311118086234,0.13018132081396755,0.4844511729509941,0.1571452206372776,0.4983391965924238,0.14216210253544034,0.7816792330724047,0.12446607368135514,0.5057460172181716,0.13278982153146723
abpr_e3_O8_A8,7,0.13155001927706397,0.7553904867161176,0.12545894968119978,0.4827145319514288,0.1377044319786704,0.4815246125211277,0.1323770533913518,0.7577602161305986,0.11573157168145927,0.4952132460394049,0.14647808965263856
abpr_e3_O8_A8,8,0.1368540731505466,0.7828764554823434,0.11691664037263562,0.4861736891483973,0.1341857918798536,0.5097062183398811,0.1482877551544509,0.7733260167759026,0.12282050963751218,0.4937292772582404,0.16205966870828065
abwi_e1_agreeableness_high,1,0.13079583753972496,0.4844003047994802,0.13286811816831084,0.513042652652841,0.12360684086146308,0.4931667751727579,0.134231654949282,0.7592824051091062,0.13254488023795816,0.5070069482435465,0.13072769348161056
abwi_e1_agreeableness_high,2,0.1471763005334074,0.4972478660660035,0.13859726153279775,0.49863033156013264,0.16250943346748678,0.4956748992419221,0.15082093269729355,0.7506008822484924,0.14083297884064017,0.5027040604090305,0.1431208961288187
abwi_e1_agreeableness_high,3,0.14463109540957741,0.5083007516675861,0.14120933038364875,0.4971558855512068,0.16283315067406817,0.533114589355544,0.15033884618632237,0.7805425733466405,0.11144304078700547,0.5095556594908937,0.1573311090168423
abwi_e1_agreeableness_high,4,0.1426937015277042,0.4678820672604312,0.14515013556823103,0.5153670799792078,0.14241224005884182,0.5050072281305924,0.13932341747974694,0.7830104486185376,0.1263137369811578,0.48276261981264956,0.16026897755054328
abwi_e1_agreeableness_high,5,0.1404113489093775,0.49600850753967335,0.14726246553663178,0.4974303150418724,0.14590502901317892,0.4947584081331172,0.13007281058360212,0.7656932001385336,0.13101451085849045,0.5060172174366555,0.14780192855498422
abwi_e1_agreeableness_high,6,0.1451559837870302,0.4791702626879536,0.16347974589175354,0.49314948328921304,0.16229277462533356,0.5063552259885274,0.14411766535987358,0.7884082263170724,0.11887120094977296,0.49694833346607736,0.13701853210841727
abwi_e1_agreeableness_high,7,0.135061659575094,0.47421053208655634,0.14045137457901827,0.48539010621502093,0.13808510406240943,0.48032328516663797,0.13569032687787588,0.7555542719774677,0.11677880473227048,0.49285019199543206,0.1443026876238958
abwi_e1_agreeableness_high,8,0.1459307683260201,0.5188467605965819,0.14370693593966116,0.49638370208954746,0.13502179406182827,0.5146333762113009,0.15237531546465063,0.763048011226747,0.1327133639716382,0.49926871079419155,0.16583643219232205
abwi_e1_agreeableness_low,1,0.1354277275392655,0.4961379730939494,0.1372442152422263,0.5135517940168739,0.1274572996960296,0.48120587965254574,0.14373988589538317,0.22590959975657832,0.1318927170387219,0.5005617572041282,0.13680451982396633
abwi_e1_agreeableness_low,2,0.14254747921435068,0.4977924748119063,0.13290681430028303,0.49659687509879247,0.16172706714769244,0.49369903452056874,0.15351292155689067,0.20352305304084595,0.12404494125820131,0.49451102453587853,0.1405456518086858
abwi_e1_agreeableness_low,3,0.14643861695615784,0.5145778559362393,0.14002255746886105,0.49140398177988337,0.16028293995852297,0.5324905577588446,0.1521637079824266,0.21431825015633593,0.12032316112792112,0.5081855675943959,0.15940071824305757
abwi_e1_agreeableness_low,4,0.14204811508376064,0.483619623484039,0.14407758056914954,0.5222021987324544,0.14826012428207275,0.5002725468572684,0.14077242962616784,0.24851086733462957,0.12475498345939762,0.49674629908757884,0.15237545748201545
abwi_e1_agreeableness_low,5,0.14085616603602547,0.49828318671956945,0.15362854501176887,0.4967084539625543,0.1498610674747594,0.49379901431330386,0.1301931155502199,0.22595322322444594,0.12881657663991714,0.5044994752281942,0.14178152550346204
abwi_e1_agreeableness_low,6,0.14654476623268425,0.47521556758316286,0.1555376153093326,0.4803245022802162,0.16044798095184565,0.5139023131007128,0.1412644730242179,0.2415655404387009,0.12905389274014598,0.4942304675394251,0.14641986913787924
abwi_e1_agreeableness_low,7,0.13426415040592957,0.47450339132990527,0.13909294866687305,0.4853263651206045,0.14145406387005038,0.47613106947537887,0.13411069767383477,0.1991162438661744,0.11432982972756907,0.48647385169583046,0.1423332120913204
abwi_e1_agreeableness_low,8,0.14405004733052254,0.5105213089304015,0.14870385321492052,0.49084047260247254,0.13299506164346692,0.5291655695777389,0.15204638181342398,0.22704954562867966,0.12907176244487203,0.4958998090961005,0.1574331775359292
abwi_e1_neuroticism_high,1,0.13314423386362864,0.4883190267625045,0.1397981580769694,0.5071803481976466,0.12430487734542464,0.48411210298588014,0.13051874965235755,0.482720668690555,0.15828599096447726,0.785443430205778,0.11281339327891439
abwi_e1_neuroticism_high,2,0.14715885008460794,0.4995030331459109,0.1404062650979197,0.49945929679458784,0.16190547675945474,0.4938891195679552,0.15140049879100953,0.47798438540382043,0.15352090278448294,0.7781303154964321,0.12856110699017287
abwi_e1_neuroticism_high,3,0.14133741867827743,0.5142945039441357,0.1381980422634723,0.5088896282454904,0.1584793826723633,0.5220637971598214,0.15685878057447206,0.5059741900688604,0.13502622760637012,0.775077528928474,0.11812466027470936
abwi_e1_neuroticism_high,4,0.14479620543863952,0.47727036954685237,0.1489968658280053,0.5134894066314754,0.14957418521068258,0.5055321695707884,0.13402982963488108,0.5143097948950145,0.14844488935019848,0.7608612293576759,0.14293525716943015
abwi_e1_neuroticism_high,5,0.14370136142806636,0.4873952572474973,0.14815119699107496,0.49428983040107327,0.14433207219502162,0.49021569661359143,0.13473789919675772,0.4937443856914253,0.1570862840432811,0.7712163404714554,0.13419935471419642
abwi_e1_neuroticism_high,6,0.14889004446958315,0.4835813451468225,0.16287311369581275,0.4831154018534348,0.163204661968284,0.509876765832754,0.14184966957152276,0.5234323598745114,0.1452282064003273,0.7787847752550147,0.13129457071196896
abwi_e1_neuroticism_high,7,0.13452906467115125,0.47214613697844066,0.13718704649411123,0.4764148210261074,0.14494233802708764,0.47922616998700895,0.13701971536882954,0.4704116211043667,0.13624753576181992,0.756056277027055,0.1172486877039078
abwi_e1_neuroticism_high,8,0.14418081348661566,0.517078419697374,0.15146398421680277,0.49657846726668253,0.13943502976154384,0.52333640903183,0.147171390141515,0.4992620571446802,0.1551514047551036,0.7570374738443373,0.12768225855811302
abwi_e1_norm_baseline,1,0.13597904620390655,0.49617129908359864,0.13652937200913023,0.5014816098045726,0.12261599077862134,0.4819649921928803,0.13278842601865412,0.48360254662612895,0.1586601160026633,0.50997581305622,0.1293013262104638
abwi_e1_norm_baseline,2,0.15113407378171836,0.5017158282276885,0.14371001823419027,0.5001794647979323,0.1601793214844164,0.49470969090680234,0.14832692631758243,0.46550011238183453,0.1556928401769579,0.49783120151938975,0.14776126269544473
abwi_e1_norm_baseline,3,0.1491072184974031,0.5112912342932551,0.13956114169634742,0.49202638263137777,0.16013005959901672,0.5293981553741473,0.15595464246042276,0.4993449427241227,0.13076786915168215,0.5091854813702956,0.15912237957954653
abwi_e1_norm_baseline,4,0.15049829511294638,0.485874984600444,0.14660963592006465,0.5096801136745787,0.14491674385274173,0.510489894613155,0.13989932454384435,0.512957412508073,0.15785290790741582,0.4837701430887498,0.16321286334066534
abwi_e1_norm_baseline,5,0.14354491357062188,0.5035609761837806,0.1504212125559987,0.5072642036168413,0.14393983247463524,0.48899195238137383,0.13218769163628336,0.4970879085952823,0.14866480036439164,0.5040748518795657,0.14251103082180042
abwi_e1_norm_baseline,6,0.151713101680317,0.4775568220221932,0.1569749945364579,0.4881883429347223,0.1682002163264684,0.5146449352431515,0.14418167366268586,0.5272470648022963,0.14427229681867076,0.49420753884205715,0.14493632705730206
abwi_e1_norm_baseline,7,0.14035493364296772,0.4713864587338999,0.14037805195713718,0.4820804200903171,0.14346394454309558,0.48466701097192344,0.13832490625094981,0.47542583194232846,0.13608166870011063,0.4901936386323367,0.14352609676354533
abwi_e1_norm_baseline,8,0.15090925027445393,0.5200436282654504,0.1495128616519791,0.48289823735094745,0.13243120861990945,0.519394839353886,0.15529311086578992,0.48957037683507715,0.1532822930858292,0.4984426726077802,0.16402677714876202
abwi_e1_openness_high,1,0.13144504305088903,0.773194071747769,0.12103530295856138,0.5096415551029909,0.11764424719341267,0.484011612461818,0.13029012613946853,0.4783648314719408,0.1559344969369151,0.505742487672159,0.13232104202608738
abwi_e1_openness_high,2,0.1440411841705977,0.776640965523156,0.11848165506373912,0.4934323627979602,0.16598791400923565,0.49175903413764255,0.14592947309911422,0.4709843117919028,0.149708167056974,0.4959581109233738,0.1400987116239255
abwi_e1_openness_high,3,0.1424759486398613,0.7855936213493142,0.11995986051831782,0.5057350062443222,0.14976490323341732,0.5309284235014109,0.1529671840532713,0.49944821854271937,0.13332214222967587,0.5119972253565033,0.15636565316462417
abwi_e1_openness_high,4,0.1441526671619575,0.7651638389354093,0.12623139334056488,0.5152885746302514,0.14098565194703588,0.5074706575997892,0.14319344538719783,0.5053000291354794,0.14973085565449157,0.48844582975194506,0.16062198948049736
abwi_e1_openness_high,5,0.13918971916265466,0.7694336451622515,0.12215328743288234,0.49627685308596015,0.14802419541268125,0.4907985421855575,0.13213418777825064,0.4874822080678408,0.15475401049605175,0.5003356571972004,0.13888291469340733
abwi_e1_openness_high,6,0.14515395035943338,0.7497680987667908,0.13092923516770805,0.4805801260659503,0.16367765745154414,0.49647023692688713,0.14720772130131793,0.5214845763240669,0.14262182066713347,0.5012112232229173,0.14133331720946335
abwi_e1_openness_high,7,0.13792987168027313,0.7566290940662541,0.12469523196711665,0.4794369905424448,0.14687008038398106,0.4801940285686882,0.1381707724215473,0.47574360386296377,0.1374697939987181,0.4968389150152571,0.14244347963000265
abwi_e1_openness_high,8,0.14141758734896626,0.7820400286384139,0.12435463972022492,0.4882016449243665,0.13131727105271465,0.5194814044857825,0.1519831067957351,0.4997232361515183,0.14047221835661514,0.49898886344390886,0.15896070081954158
abwi_e2_diverse,1,0.20622248017567038,0.47233895207128707,0.20789111848306668,0.5045568924225852,0.20021448241566073,0.5040791429073455,0.21445039089413248,0.47191616857783325,0.21422738094510912,0.49759041969057544,0.19432902814038291
abwi_e2_diverse,2,0.22128363174811966,0.5080081422811729,0.20920534208804523,0.4666539423795899,0.21192617729953225,0.4701069200326866,0.24040843766265924,0.48168424575374524,0.22663238544955744,0.5002392077756086,0.21824581624080436
abwi_e2_diverse,3,0.2137886705309396,0.5092954648430856,0.20968256092114046,0.5366835196054005,0.21507656404956887,0.5391851954969347,0.22374368073805664,0.5023124772294068,0.2082766925521471,0.5127780735240084,0.21216385439378513
abwi_e2_diverse,4,0.2091129748577189,0.49343336227351314,0.18460668274500874,0.5325850958625569,0.2064299141133254,0.49687821571689716,0.21411490050233148,0.5046770871328924,0.21686350966174014,0.4867917719665478,0.22354986726618864
abwi_e2_diverse,5,0.22164386826110535,0.487742987638804,0.22770165472986326,0.4960739380547571,0.23633916714482156,0.4670903929805382,0.20388527951285745,0.49944548876293104,0.22006130132723759,0.5125810600496948,0.22023193859074688
abwi_e2_diverse,6,0.22088183323565141,0.4556755149616673,0.23164194854927553,0.47198873061152113,0.22278490250509783,0.5171403169007605,0.2216801234221877,0.5174507432815454,0.21139042405748376,0.49609303341574273,0.2169117676442124
abwi_e2_diverse,7,0.21277856645077015,0.44563018868263454,0.20569012716009652,0.4717258134882078,0.2219796015769423,0.482642861667703,0.2148658351281207,0.46588075267811696,0.20773611793644597,0.48138138353916127,0.2136211504522451
abwi_e2_diverse,8,0.22126248033304258,0.5077408405635693,0.22515671188190847,0.4578432487746282,0.2087704221549629,0.5100216258945199,0.23225511396274567,0.5087186086566562,0.22787285014117253,0.49534432592141064,0.21225730352442335
abwi_e2_homog,1,0.04532634873463552,0.4987237663611996,0.04550979066971008,0.5004938699348574,0.04087199692620711,0.49398833073096016,0.044262808672884714,0.49453418220870965,0.052886705334221115,0.50332527101874,0.0431004420701546
abwi_e2_homog,2,0.050378024593906126,0.5005719427425628,0.04790333941139677,0.5000598215993107,0.05339310716147215,0.49823656363560076,0.04944230877252749,0.48850003746061144,0.051897613392319304,0.49927706717312986,0.04925375423181492
abwi_e2_homog,3,0.049702406165801044,0.5037637447644184,0.04652038056544914,0.4973421275437926,0.05337668653300557,0.5097993851247157,0.05198488082014093,0.49978164757470755,0.0435892897172274,0.5030618271234317,0.05304079319318219
abwi_e2_homog,4,0.05016609837098214,0.49529166153348136,0.048869878640021555,0.503226704558193,0.04830558128424725,0.5034966315377184,0.046633108181281455,0.5043191375026911,0.05261763596913862,0.49459004769625,0.05440428778022178
abwi_e2_homog,5,0.04784830452354064,0.5011869920612603,0.0501404041853329,0.5024214012056138,0.04797994415821175,0.49633065079379135,0.044062563878761125,0.499029302865094,0.04955493345479724,0.5013582839598552,0.04750367694060015
abwi_e2_homog,6,0.05057103389343901,0.4925189406740644,0.05232499817881929,0.4960627809782408,0.05606673877548946,0.5048816450810505,0.04806055788756196,0.5090823549340988,0.0480907656062236,0.49806917961401914,0.048312109019100685
abwi_e2_homog,7,0.046784977880989245,0.49046215291129996,0.04679268398571241,0.4940268066967724,0.047821314847698526,0.49488900365730776,0.04610830208364994,0.4918086106474428,0.04536055623337021,0.4967312128774454,0.04784203225451512
abwi_e2_homog,8,0.050303083424817985,0.5066812094218167,0.0498376205506597,0.4942994124503157,0.044143736206636475,0.5064649464512954,0.05176437028859665,0.49652345894502564,0.051094097695276404,0.4994808908692601,0.05467559238292068
abwi_e2_mid,1,0.13597904620390655,0.49617129908359864,0.13652937200913023,0.5014816098045726,0.12261599077862134,0.4819649921928803,0.13278842601865412,0.48360254662612895,0.1586601160026633,0.50997581305622,0.1293013262104638
abwi_e2_mid,2,0.15113407378171836,0.5017158282276885,0.14371001823419027,0.5001794647979323,0.1601793214844164,0.49470969090680234,0.14832692631758243,0.46550011238183453,0.1556928401769579,0.49783120151938975,0.14776126269544473
abwi_e2_mid,3,0.1491072184974031,0.5112912342932551,0.13956114169634742,0.49202638263137777,0.16013005959901672,0.5293981553741473,0.15595464246042276,0.4993449427241227,0.13076786915168215,0.5091854813702956,0.15912237957954653
abwi_e2_mid,4,0.15049829511294638,0.485874984600444,0.14660963592006465,0.5096801136745787,0.14491674385274173,0.510489894613155,0.13989932454384435,0.512957412508073,0.15785290790741582,0.4837701430887498,0.16321286334066534
abwi_e2_mid,5,0.14354491357062188,0.5035609761837806,0.1504212125559987,0.5072642036168413,0.14393983247463524,0.48899195238137383,0.13218769163628336,0.4970879085952823,0.14866480036439164,0.5040748518795657,0.14251103082180042
abwi_e2_mid,6,0.151713101680317,0.4775568220221932,0.1569749945364579,0.4881883429347223,0.1682002163264684,0.5146449352431515,0.14418167366268586,0.5272470648022963,0.14427229681867076,0.49420753884205715,0.14493632705730206
abwi_e2_mid,7,0.14035493364296772,0.4713864587338999,0.14037805195713718,0.4820804200903171,0.14346394454309558,0.48466701097192344,0.13832490625094981,0.47542583194232846,0.13608166870011063,0.4901936386323367,0.14352609676354533
abwi_e2_mid,8,0.15090925027445393,0.5200436282654504,0.1495128616519791,0.48289823735094745,0.13243120861990945,0.519394839353886,0.15529311086578992,0.48957037683507715,0.1532822930858292,0.4984426726077802,0.16402677714876202
abwi_e3_O2_A2,1,0.13410532330497674,0.2184726782309009,0.12414470462207952,0.5069103918872709,0.12405737665033813,0.49271256647089473,0.15798952010336195,0.2257975133527847,0.13084291602313644,0.5043203997036688,0.13349209912596754
abwi_e3_O2_A2,2,0.14221172206366908,0.21902399319937063,0.12061800803556803,0.4939597351334293,0.16139730892151677,0.48756931184675634,0.15534134957066864,0.21019744291405196,0.1268967783429234,0.49385962262472616,0.1468051654476686
abwi_e3_O2_A2,3,0.14096314156626688,0.23555765165409856,0.12166766560227811,0.4963345911309564,0.16266766135218447,0.5336740330559261,0.14918767420438506,0.21791708514461036,0.11790210802736142,0.5035006581966383,0.15339059864512533
abwi_e3_O2_A2,4,0.13858943886278557,0.2057795146627812,0.12232036258746558,0.5233915420765749,0.14748702522984242,0.5002220766186828,0.14513794701747137,0.24427510096039207,0.12654419238758288,0.5002538324694017,0.1514576670915657
abwi_e3_O2_A2,5,0.1380583213421672,0.2185137177918477,0.1390794793838818,0.49651243275529794,0.14398171933294954,0.49191339903980263,0.1267216139619664,0.2218748760634336,0.12387595200165083,0.495523545094931,0.15663284203038735
abwi_e3_O2_A2,6,0.14131308503553647,0.2132550911982198,0.13406452362256882,0.4879370381145934,0.15574461107565515,0.5092230657573908,0.14282285780316512,0.2369436078817564,0.12952033686236572,0.5038899322088913,0.14441309581392775
abwi_e3_O2_A2,7,0.12788862481588206,0.20583245717337795,0.11341222257350342,0.4863167865771701,0.14183016708895543,0.48212699014785004,0.1333673218311865,0.2057810752080858,0.11382585991662396,0.48225000137166135,0.13700755266914105
abwi_e3_O2_A2,8,0.1392707583484057,0.23656522236657818,0.12796150534555392,0.48104256534171363,0.1384736256419252,0.5269489957604885,0.15015018688623863,0.22314518575575637,0.12958477617095712,0.4948418709642264,0.1501836976973536
abwi_e3_O8_A8,1,0.12594942218921862,0.7730506348906069,0.12324237292463651,0.5168552937486829,0.11748541473949159,0.4950239666940472,0.1285480519439355,0.7592067833433838,0.130404477406002,0.5051234502719787,0.13006679393202755
abwi_e3_O8_A8,2,0.14178996124076,0.7780050368672212,0.11995016243164108,0.4919302900482558,0.1644651364139807,0.49058712755792766,0.14976535821752202,0.7562453414676652,0.13694748873494292,0.492690001333667,0.13782166040571334
abwi_e3_O8_A8,3,0.13840903841014446,0.7801436858629641,0.1250708269470797,0.5012740348749496,0.14975703161246984,0.5359622980207206,0.1468461986804697,0.7797736576751062,0.11272863068781905,0.5184748273206743,0.15764250412288414
abwi_e3_O8_A8,4,0.14037329096288437,0.7556776082387202,0.13254614603799056,0.5118233987671776,0.13692495948990077,0.4972341216217662,0.1431683365981605,0.7815483310469454,0.12654151530997998,0.4887494655487414,0.1626854973783901
abwi_e3_O8_A8,5,0.1355430175923176,0.7696635280799136,0.1253198791409233,0.4976193740880304,0.14318646673790236,0.48920263092437877,0.128325434027375,0.763687396896258,0.13012711306679375,0.49772425111987656,0.15075619498859344
abwi_e3_O8_A8,6,0.13734890783990156,0.749311118086234,0.13018132081396755,0.4844511729509941,0.1571452206372776,0.4983391965924238,0.14216210253544034,0.7816792330724047,0.12446607368135514,0.5057460172181716,0.13278982153146723
abwi_e3_O8_A8,7,0.13155001927706397,0.7553904867161176,0.12545894968119978,0.4827145319514288,0.1377044319786704,0.4815246125211277,0.1323770533913518,0.7577602161305986,0.11573157168145927,0.4952132460394049,0.14647808965263856
abwi_e3_O8_A8,8,0.1368540731505466,0.7828764554823434,0.11691664037263562,0.4861736891483973,0.1341857918798536,0.5097062183398811,0.1482877551544509,0.7733260167759026,0.12282050963751218,0.4937292772582404,0.16205966870828065
e1_agreeableness_high,1,0.13079583753972496,0.4844003047994802,0.13286811816831084,0.513042652652841,0.12360684086146308,0.4931667751727579,0.134231654949282,0.7592824051091062,0.13254488023795816,0.5070069482435465,0.13072769348161056
e1_agreeableness_high,2,0.1471763005334074,0.4972478660660035,0.13859726153279775,0.49863033156013264,0.16250943346748678,0.4956748992419221,0.15082093269729355,0.7506008822484924,0.14083297884064017,0.5027040604090305,0.1431208961288187
e1_agreeableness_high,3,0.14463109540957741,0.5083007516675861,0.14120933038364875,0.4971558855512068,0.16283315067406817,0.533114589355544,0.15033884618632237,0.7805425733466405,0.11144304078700547,0.5095556594908937,0.1573311090168423
e1_agreeableness_high,4,0.1426937015277042,0.4678820672604312,0.14515013556823103,0.5153670799792078,0.14241224005884182,0.5050072281305924,0.13932341747974694,0.7830104486185376,0.1263137369811578,0.48276261981264956,0.16026897755054328
e1_agreeableness_high,5,0.1404113489093775,0.49600850753967335,0.14726246553663178,0.4974303150418724,0.14590502901317892,0.4947584081331172,0.13007281058360212,0.7656932001385336,0.13101451085849045,0.5060172174366555,0.14780192855498422
e1_agreeableness_high,6,0.1451559837870302,0.4791702626879536,0.16347974589175354,0.49314948328921304,0.16229277462533356,0.5063552259885274,0.14411766535987358,0.7884082263170724,0.11887120094977296,0.49694833346607736,0.13701853210841727
e1_agreeableness_high,7,0.135061659575094,0.47421053208655634,0.14045137457901827,0.48539010621502093,0.13808510406240943,0.48032328516663797,0.13569032687787588,0.7555542719774677,0.11677880473227048,0.49285019199543206,0.1443026876238958
e1_agreeableness_high,8,0.1459307683260201,0.5188467605965819,0.14370693593966116,0.49638370208954746,0.13502179406182827,0.5146333762113009,0.15237531546465063,0.763048011226747,0.1327133639716382,0.49926871079419155,0.16583643219232205
e1_agreeableness_low,1,0.1354277275392655,0.4961379730939494,0.1372442152422263,0.5135517940168739,0.1274572996960296,0.48120587965254574,0.14373988589538317,0.22590959975657832,0.1318927170387219,0.5005617572041282,0.13680451982396633
e1_agreeableness_low,2,0.14254747921435068,0.4977924748119063,0.13290681430028303,0.49659687509879247,0.16172706714769244,0.49369903452056874,0.15351292155689067,0.20352305304084595,0.12404494125820131,0.49451102453587853,0.1405456518086858
e1_agreeableness_low,3,0.14643861695615784,0.5145778559362393,0.14002255746886105,0.49140398177988337,0.16028293995852297,0.5324905577588446,0.1521637079824266,0.21431825015633593,0.12032316112792112,0.5081855675943959,0.15940071824305757
e1_agreeableness_low,4,0.14204811508376064,0.483619623484039,0.14407758056914954,0.5222021987324544,0.14826012428207275,0.5002725468572684,0.14077242962616784,0.24851086733462957,0.12475498345939762,0.49674629908757884,0.15237545748201545
e1_agreeableness_low,5,0.14085616603602547,0.49828318671956945,0.15362854501176887,0.4967084539625543,0.1498610674747594,0.49379901431330386,0.1301931155502199,0.22595322322444594,0.12881657663991714,0.5044994752281942,0.14178152550346204
e1_agreeableness_low,6,0.14654476623268425,0.47521556758316286,0.1555376153093326,0.4803245022802162,0.16044798095184565,0.5139023131007128,0.1412644730242179,0.2415655404387009,0.12905389274014598,0.4942304675394251,0.14641986913787924
e1_agreeableness_low,7,0.13426415040592957,0.47450339132990527,0.13909294866687305,0.4853263651206045,0.14145406387005038,0.47613106947537887,0.13411069767383477,0.1991162438661744,0.11432982972756907,0.48647385169583046,0.1423332120913204
e1_agreeableness_low,8,0.14405004733052254,0.5105213089304015,0.14870385321492052,0.49084047260247254,0.13299506164346692,0.5291655695777389,0.15204638181342398,0.22704954562867966,0.12907176244487203,0.4958998090961005,0.1574331775359292
e1_conscientiousness_high,1,0.13660858930138203,0.4925642823285453,0.13717633995355236,0.7857654280176637,0.10802192427025732,0.4870059299770871,0.13879837056483682,0.4843112793467318,0.1624200070264571,0.5092811680653202,0.13662630469180662
e1_conscientiousness_high,2,0.14224670664596875,0.5058170734248931,0.14266957622089002,0.7578188932054729,0.11993555218136694,0.49434815931181847,0.14865887545098333,0.47320150365510627,0.15392146202053777,0.5034460769844418,0.14604806735606568
e1_conscientiousness_high,3,0.1485588186632473,0.5115350408315779,0.14145938064846653,0.7703717789969065,0.13927173919142208,0.5263100432656503,0.16001664781409786,0.4968054476771174,0.14770037330215224,0.50989666669725,0.15434595236009774
e1_conscientiousness_high,4,0.14478010555560544,0.48388969459808123,0.14338315640833688,0.782263605214083,0.12021492171769343,0.5054866660890842,0.14226104055695735,0.5147976204345703,0.15680275982929795,0.4930053423464921,0.16123864926574172
e1_conscientiousness_high,5,0.14133395444110092,0.49928927145104446,0.14834478871739326,0.7814762844367299,0.13320822185570905,0.4804483368087578,0.1320286599836487,0.49323719255272414,0.15450260162135684,0.5030494496630576,0.1385855000273968
e1_conscientiousness_high,6,0.1425243059891183,0.48299079089476515,0.16014664896089567,0.7541550837852756,0.1323831824297463,0.5200715123325138,0.13735216982231763,0.518037388068127,0.13997343696466635,0.4904184013441896,0.14276609176796562
e1_conscientiousness_high,7,0.137125933470199,0.4748020103021735,0.13642267624593252,0.7662927397009024,0.131843734283469,0.47727910523815553,0.14073217432541466,0.4709719299352323,0.13496788590612832,0.4947767564343266,0.14166319659005053
e1_conscientiousness_high,8,0.14654546327672713,0.5113461685500222,0.1514357168918989,0.7734096448951233,0.12150551664018129,0.5190422491393466,0.15354751731472813,0.499353149337879,0.14950016286334392,0.4968165995003272,0.1567384026734835
e1_conscientiousness_low,1,0.13483507666855482,0.48906425425897326,0.13536012871666886,0.21850673977355978,0.11411617984793236,0.4846855492516032,0.1345340692907996,0.48266781786425683,0.1603658618764176,0.5021838287846703,0.12979914361095582
e1_conscientiousness_low,2,0.14707175737218917,0.5041230095475808,0.1443739133773277,0.22180977379549593,0.14309182035247991,0.49826665248471025,0.14724738656502545,0.47048989621357473,0.15386336519711524,0.49747581656596734,0.14678230136899761
e1_conscientiousness_low,3,0.14016741894724483,0.5026808044690269,0.13442485731823903,0.23313098579777247,0.12420959297236102,0.5222968907664786,0.15818147844884978,0.5009352542516408,0.13614617705197915,0.5119655155714379,0.1478749889447952
e1_conscientiousness_low,4,0.1455972359972042,0.4776016370462213,0.14139439245646085,0.2325746068594275,0.12920574878024996,0.5081939468796061,0.14195695198876282,0.5096451848775875,0.1511748111201672,0.4877197678303489,0.16425427564038014
e1_conscientiousness_low,5,0.14077065455518042,0.4994316710306243,0.15035436111158781,0.2246279065541322,0.12471447172772715,0.4909735697862143,0.1349466206131032,0.49464701738381756,0.15594368208206846,0.5100508541795752,0.13789413724141558
e1_conscientiousness_low,6,0.1471517782777974,0.48546000220342306,0.16140044293329311,0.22351045060097938,0.13849269511981316,0.5103455030389664,0.14885127415233926,0.517506481045448,0.144026726519954,0.49516101480410535,0.1429877526635876
e1_conscientiousness_low,7,0.1331434642010943,0.46663096405666105,0.14223045619966013,0.2116111431329124,0.11787208362216922,0.48611150994282243,0.13831426611424036,0.47562517270977234,0.12663729708674032,0.48384158076085465,0.14066321798266151
e1_conscientiousness_low,8,0.14744597686379163,0.5168871314297695,0.1508678767612312,0.2194676730001916,0.11715589768227863,0.529963258103844,0.15355730649065985,0.49397807454918385,0.15754786300919413,0.5022635029651557,0.1581009403755944
e1_extraversion_high,1,0.13519859900330072,0.4904978682412437,0.13655349294312522,0.5061472887486765,0.1267013224976258,0.7650233787500714,0.12060559008558004,0.4906618490831306,0.15789105442338294,0.5097384186601016,0.13424153506678974
e1_extraversion_high,2,0.1462801901245424,0.49948203273463415,0.14098875778421532,0.49734617295065175,0.15519861697807738,0.7713278099821587,0.1297684216869851,0.46494185421819784,0.1567107383827835,0.4961855790718031,0.1487344157906507
e1_extraversion_high,3,0.14702616397392643,0.5225655245613761,0.139976599874025,0.5022635237434251,0.16284753701217525,0.7922230447932289,0.1334777948022199,0.4919638274272313,0.14028428821429847,0.5066331543053226,0.15854459996691347
e1_extraversion_high,4,0.14504912316305638,0.48130658407645366,0.1468524229300027,0.5097236544453492,0.14644220013660625,0.7799356266004032,0.11777989592789337,0.5158832063193308,0.15221107272654635,0.4840260113979182,0.1619600240942333
e1_extraversion_high,5,0.14246626104055532,0.5038334726890052,0.15020084693787003,0.4994378852747559,0.14397844531846712,0.7708589955379145,0.11822352311004851,0.4944465282787094,0.15818216666141505,0.5011673225757722,0.1417463231749757
e1_extraversion_high,6,0.1491892985780036,0.4791902689285552,0.16157608161919432,0.4857215732532798,0.1666229451107951,0.7814429548904471,0.1302712375507958,0.5106108035241845,0.14576243691650176,0.4880535279870646,0.141713791692731
e1_extraversion_high,7,0.1355630030146679,0.47921066960862924,0.1295377423196995,0.47736457140378713,0.1475300610666625,0.7568521827017364,0.11919044909114401,0.4733173170299376,0.1344733339411547,0.4929235178272067,0.14708342865467866
e1_extraversion_high,8,0.1487331890073543,0.5171909912604764,0.15676882271348822,0.49504595488492426,0.13764576867026693,0.7870759225816607,0.1220357745298016,0.49500018793535555,0.15892669582585553,0.498324964447783,0.16828888329735925
e1_extraversion_low,1,0.13185579258662353,0.48883109421490184,0.1381615671634232,0.5050312191199066,0.12190197152965832,0.20945320267472972,0.11715339610657234,0.4801628419362241,0.15209581304358705,0.5045891611141662,0.12996621508987666
e1_extraversion_low,2,0.14465246555625785,0.5049807117188938,0.14405566526461358,0.502752617750598,0.15575809813347363,0.21886871765623528,0.12680608231645368,0.4663799265744954,0.15323944838890616,0.4925624014626721,0.14340303367784218
e1_extraversion_low,3,0.14230952852358877,0.5120820302733989,0.13623262812683043,0.4929895223416444,0.15879333590383596,0.25117422119560096,0.12705794397399728,0.5028950538074771,0.13137456712622184,0.5051113353292679,0.1580891674870583
e1_extraversion_low,4,0.14632547298174528,0.4905626308737603,0.1457100469703875,0.5165263030715843,0.14793137387720218,0.22672865543606696,0.12878409911471528,0.5117834620199647,0.15301094057967998,0.4874060973559407,0.15619090436674127
e1_extraversion_low,5,0.13976370068889518,0.49310687093429684,0.14358817762224677,0.5035981947185981,0.14726528674200637,0.20762621766741224,0.11762190792240655,0.4914834803171562,0.148476795806561,0.5061931337047237,0.14186633535125528
e1_extraversion_low,6,0.14821430491844045,0.480237595712486,0.16346848688680093,0.48892780725247753,0.1576183803457017,0.22734544870082357,0.1295550228874305,0.5231842309475973,0.14572147418252443,0.4913229074061888,0.14470816028974462
e1_extraversion_low,7,0.133466881948689,0.4639378321922767,0.13603466394776273,0.4879086239002883,0.14259574141983458,0.20365752859312444,0.11480733188780345,0.47104364128532084,0.13027110292746497,0.48317996629059906,0.14362556956057934
e1_extraversion_low,8,0.14643461790473672,0.5174253245937923,0.15118754132959217,0.4884373832619849,0.13603706868782664,0.2449736792314128,0.13402571691868428,0.5018302640947172,0.15324361334698425,0.49490080338625814,0.1576791492405963
e1_neuroticism_high,1,0.13314423386362864,0.4883190267625045,0.1397981580769694,0.5071803481976466,0.12430487734542464,0.48411210298588014,0.13051874965235755,0.482720668690555,0.15828599096447726,0.785443430205778,0.11281339327891439
e1_neuroticism_high,2,0.14715885008460794,0.4995030331459109,0.1404062650979197,0.49945929679458784,0.16190547675945474,0.4938891195679552,0.15140049879100953,0.47798438540382043,0.15352090278448294,0.7781303154964321,0.12856110699017287
e1_neuroticism_high,3,0.14133741867827743,0.5142945039441357,0.1381980422634723,0.5088896282454904,0.1584793826723633,0.5220637971598214,0.15685878057447206,0.5059741900688604,0.13502622760637012,0.775077528928474,0.11812466027470936
e1_neuroticism_high,4,0.14479620543863952,0.47727036954685237,0.1489968658280053,0.5134894066314754,0.14957418521068258,0.5055321695707884,0.13402982963488108,0.5143097948950145,0.14844488935019848,0.7608612293576759,0.14293525716943015
e1_neuroticism_high,5,0.14370136142806636,0.4873952572474973,0.14815119699107496,0.49428983040107327,0.14433207219502162,0.49021569661359143,0.13473789919675772,0.4937443856914253,0.1570862840432811,0.7712163404714554,0.13419935471419642
e1_neuroticism_high,6,0.14889004446958315,0.4835813451468225,0.16287311369581275,0.4831154018534348,0.163204661968284,0.509876765832754,0.14184966957152276,0.5234323598745114,0.1452282064003273,0.7787847752550147,0.13129457071196896
e1_neuroticism_high,7,0.13452906467115125,0.47214613697844066,0.13718704649411123,0.4764148210261074,0.14494233802708764,0.47922616998700895,0.13701971536882954,0.4704116211043667,0.13624753576181992,0.756056277027055,0.1172486877039078
e1_neuroticism_high,8,0.14418081348661566,0.517078419697374,0.15146398421680277,0.49657846726668253,0.13943502976154384,0.52333640903183,0.147171390141515,0.4992620571446802,0.1551514047551036,0.7570374738443373,0.12768225855811302
e1_neuroticism_low,1,0.13397007604728645,0.49254687837973415,0.13509149547431945,0.5073049461000765,0.12543860331681125,0.4833952912575883,0.13552704870905552,0.475292108838091,0.15538796020570197,0.21672000057362073,0.11840527253054403
e1_neuroticism_low,2,0.1447893035614794,0.4989082773713559,0.1396838302678081,0.49471019549245054,0.15268946410886364,0.4964148949360125,0.15149036965249607,0.470442813280725,0.15085295189798845,0.22036489652682578,0.1292299018802408
e1_neuroticism_low,3,0.1432891109922826,0.5139808823123951,0.13633812136634535,0.49598919153037735,0.15404829182019195,0.5311817321766118,0.15345301419574528,0.5011370903162239,0.13267946896928684,0.22611715082763642,0.13992665860984344
e1_neuroticism_low,4,0.1427171731940115,0.4804209387740698,0.14737032674698214,0.5116651666855802,0.1467676189479454,0.5135419081960587,0.14478834881168662,0.5282338392164463,0.14653788883668803,0.2272538995561382,0.12812168262675552
e1_neuroticism_low,5,0.141356036855465,0.4974588953260806,0.15073380616915943,0.5071530597869025,0.13866857084546372,0.4839426015639697,0.1343935800201579,0.4920718188734078,0.15551424960665913,0.21941795394153016,0.12746997763588466
e1_neuroticism_low,6,0.1481276915096371,0.4790953567630726,0.15677723690141343,0.4837222209596061,0.17082225102947854,0.5010310363667788,0.1511869089224526,0.5145761360721187,0.14691815551250273,0.2268126388507118,0.11493390518233815
e1_neuroticism_low,7,0.13621796781772688,0.47163808595904205,0.13797227432274847,0.47882052926690055,0.14251098430731388,0.4799930656639026,0.13698005719134596,0.4765346864215324,0.13642170642548754,0.20856129737599005,0.1272048168417385
e1_neuroticism_low,8,0.14507742039298113,0.5144319786117479,0.1494119833172402,0.49060790634957746,0.13373299175337763,0.5217553407012742,0.15310849787738523,0.49942832478805016,0.15768374404913113,0.22922296997686606,0.1314498849677715
e1_norm_baseline,1,0.13597904620390655,0.49617129908359864,0.13652937200913023,0.5014816098045726,0.12261599077862134,0.4819649921928803,0.13278842601865412,0.48360254662612895,0.1586601160026633,0.50997581305622,0.1293013262104638
e1_norm_baseline,2,0.15113407378171836,0.5017158282276885,0.14371001823419027,0.5001794647979323,0.1601793214844164,0.49470969090680234,0.14832692631758243,0.46550011238183453,0.1556928401769579,0.49783120151938975,0.14776126269544473
e1_norm_baseline,3,0.1491072184974031,0.5112912342932551,0.13956114169634742,0.49202638263137777,0.16013005959901672,0.5293981553741473,0.15595464246042276,0.4993449427241227,0.13076786915168215,0.5091854813702956,0.15912237957954653
e1_norm_baseline,4,0.15049829511294638,0.485874984600444,0.14660963592006465,0.5096801136745787,0.14491674385274173,0.510489894613155,0.13989932454384435,0.512957412508073,0.15785290790741582,0.4837701430887498,0.16321286334066534
e1_norm_baseline,5,0.14354491357062188,0.5035609761837806,0.1504212125559987,0.5072642036168413,0.14393983247463524,0.48899195238137383,0.13218769163628336,0.4970879085952823,0.14866480036439164,0.5040748518795657,0.14251103082180042
e1_norm_baseline,6,0.151713101680317,0.4775568220221932,0.1569749945364579,0.4881883429347223,0.1682002163264684,0.5146449352431515,0.14418167366268586,0.5272470648022963,0.14427229681867076,0.49420753884205715,0.14493632705730206
e1_norm_baseline,7,0.14035493364296772,0.4713864587338999,0.14037805195713718,0.4820804200903171,0.14346394454309558,0.48466701097192344,0.13832490625094981,0.47542583194232846,0.13608166870011063,0.4901936386323367,0.14352609676354533
e1_norm_baseline,8,0.15090925027445393,0.5200436282654504,0.1495128616519791,0.48289823735094745,0.13243120861990945,0.519394839353886,0.15529311086578992,0.48957037683507715,0.1532822930858292,0.4984426726077802,0.16402677714876202
e1_openness_high,1,0.13144504305088903,0.773194071747769,0.12103530295856138,0.5096415551029909,0.11764424719341267,0.484011612461818,0.13029012613946853,0.4783648314719408,0.1559344969369151,0.505742487672159,0.13232104202608738
e1_openness_high,2,0.1440411841705977,0.776640965523156,0.11848165506373912,0.4934323627979602,0.16598791400923565,0.49175903413764255,0.14592947309911422,0.4709843117919028,0.149708167056974,0.4959581109233738,0.1400987116239255
e1_openness_high,3,0.1424759486398613,0.7855936213493142,0.11995986051831782,0.5057350062443222,0.14976490323341732,0.5309284235014109,0.1529671840532713,0.49944821854271937,0.13332214222967587,0.5119972253565033,0.15636565316462417
e1_openness_high,4,0.1441526671619575,0.7651638389354093,0.12623139334056488,0.5152885746302514,0.14098565194703588,0.5074706575997892,0.14319344538719783,0.5053000291354794,0.14973085565449157,0.48844582975194506,0.16062198948049736
e1_openness_high,5,0.13918971916265466,0.7694336451622515,0.12215328743288234,0.49627685308596015,0.14802419541268125,0.4907985421855575,0.13213418777825064,0.4874822080678408,0.15475401049605175,0.5003356571972004,0.13888291469340733
e1_openness_high,6,0.14515395035943338,0.7497680987667908,0.13092923516770805,0.4805801260659503,0.16367765745154414,0.49647023692688713,0.14720772130131793,0.5214845763240669,0.14262182066713347,0.5012112232229173,0.14133331720946335
e1_openness_high,7,0.13792987168027313,0.7566290940662541,0.12469523196711665,0.4794369905424448,0.14687008038398106,0.4801940285686882,0.1381707724215473,0.47574360386296377,0.1374697939987181,0.4968389150152571,0.14244347963000265
e1_openness_high,8,0.14141758734896626,0.7820400286384139,0.12435463972022492,0.4882016449243665,0.13131727105271465,0.5194814044857825,0.1519831067957351,0.4997232361515183,0.14047221835661514,0.49898886344390886,0.15896070081954158
e1_openness_low,1,0.13611151024328946,0.2107817979614307,0.122798809737938,0.4995403708962209,0.12315342621731933,0.49007147908118287,0.14159381386562742,0.4849088315778329,0.15945247647489352,0.5150582119448051,0.13355902492066896
e1_openness_low,2,0.1484735722231074,0.22221510013986984,0.12670732373393534,0.49852516737277136,0.16236674584607916,0.49133083244940706,0.15311308037113788,0.47620626553759743,0.15037091974438033,0.4961426123764525,0.14980979142000425
e1_openness_low,3,0.14305684487212106,0.23220782169199208,0.1200928669925745,0.497914553564739,0.16311996120124983,0.530510978911108,0.14861763802281364,0.5032667365342042,0.13046537762768465,0.5015836341627734,0.15298838051628272
e1_openness_low,4,0.14127199578824728,0.2097872122685013,0.1186016136166598,0.5145703787829154,0.14420050653310879,0.5091890102204457,0.14225916276654055,0.522802555011542,0.1476204001064745,0.4915196804937539,0.1536782959184528
e1_openness_low,5,0.14251816579774815,0.21914371492178802,0.13603706354427947,0.49799827860168727,0.14461634901289655,0.4880797573090352,0.13284123744438836,0.4908350107123234,0.15486815433581957,0.5047465366957673,0.14422802465135684
e1_openness_low,6,0.1465972881011417,0.22250007148349252,0.13774793604786678,0.4967341762397253,0.16143850094367604,0.5101148618888536,0.14381200664008875,0.5257175381165664,0.14851929304998276,0.5009740022558672,0.14146870382409404
e1_openness_low,7,0.13339454479455953,0.19720433011706592,0.11279986685655316,0.47366612122195906,0.14405886766730025,0.475407480870615,0.134072341810119,0.47131129311591174,0.13467273792169995,0.48293813206052827,0.14136890971712518
e1_openness_low,8,0.1467462137100522,0.2381296017179055,0.132958051260384,0.48934234770916585,0.13559491067027743,0.5217549509844616,0.1542872384280604,0.49257043535347783,0.15465326516817274,0.5012759625641631,0.15623760302336656
e1q_agreeableness_high,1,0.13079583753972496,0.4844003047994802,0.13286811816831084,0.513042652652841,0.12360684086146308,0.4931667751727579,0.134231654949282,0.7592824051091062,0.13254488023795816,0.5070069482435465,0.13072769348161056
e1q_agreeableness_high,2,0.1471763005334074,0.4972478660660035,0.13859726153279775,0.49863033156013264,0.16250943346748678,0.4956748992419221,0.15082093269729355,0.7506008822484924,0.14083297884064017,0.5027040604090305,0.1431208961288187
e1q_agreeableness_high,3,0.14463109540957741,0.5083007516675861,0.14120933038364875,0.4971558855512068,0.16283315067406817,0.533114589355544,0.15033884618632237,0.7805425733466405,0.11144304078700547,0.5095556594908937,0.1573311090168423
e1q_agreeableness_high,4,0.1426937015277042,0.4678820672604312,0.14515013556823103,0.5153670799792078,0.14241224005884182,0.5050072281305924,0.13932341747974694,0.7830104486185376,0.1263137369811578,0.48276261981264956,0.16026897755054328
e1q_agreeableness_high,5,0.1404113489093775,0.49600850753967335,0.14726246553663178,0.4974303150418724,0.14590502901317892,0.4947584081331172,0.13007281058360212,0.7656932001385336,0.13101451085849045,0.5060172174366555,0.14780192855498422
e1q_agreeableness_low,1,0.1354277275392655,0.4961379730939494,0.1372442152422263,0.5135517940168739,0.1274572996960296,0.48120587965254574,0.14373988589538317,0.22590959975657832,0.1318927170387219,0.5005617572041282,0.13680451982396633
e1q_agreeableness_low,2,0.14254747921435068,0.4977924748119063,0.13290681430028303,0.49659687509879247,0.16172706714769244,0.49369903452056874,0.15351292155689067,0.20352305304084595,0.12404494125820131,0.49451102453587853,0.1405456518086858
e1q_agreeableness_low,3,0.14643861695615784,0.5145778559362393,0.14002255746886105,0.49140398177988337,0.16028293995852297,0.5324905577588446,0.1521637079824266,0.21431825015633593,0.12032316112792112,0.5081855675943959,0.15940071824305757
e1q_agreeableness_low,4,0.14204811508376064,0.483619623484039,0.14407758056914954,0.5222021987324544,0.14826012428207275,0.5002725468572684,0.14077242962616784,0.24851086733462957,0.12475498345939762,0.49674629908757884,0.15237545748201545
e1q_agreeableness_low,5,0.14085616603602547,0.49828318671956945,0.15362854501176887,0.4967084539625543,0.1498610674747594,0.49379901431330386,0.1301931155502199,0.22595322322444594,0.12881657663991714,0.5044994752281942,0.14178152550346204
e1q_conscientiousness_high,1,0.13660858930138203,0.4925642823285453,0.13717633995355236,0.7857654280176637,0.10802192427025732,0.4870059299770871,0.13879837056483682,0.4843112793467318,0.1624200070264571,0.5092811680653202,0.13662630469180662
e1q_conscientiousness_high,2,0.14224670664596875,0.5058170734248931,0.14266957622089002,0.7578188932054729,0.11993555218136694,0.49434815931181847,0.14865887545098333,0.47320150365510627,0.15392146202053777,0.5034460769844418,0.14604806735606568
e1q_conscientiousness_high,3,0.1485588186632473,0.5115350408315779,0.14145938064846653,0.7703717789969065,0.13927173919142208,0.5263100432656503,0.16001664781409786,0.4968054476771174,0.14770037330215224,0.50989666669725,0.15434595236009774
e1q_conscientiousness_high,4,0.14478010555560544,0.48388969459808123,0.14338315640833688,0.782263605214083,0.12021492171769343,0.5054866660890842,0.14226104055695735,0.5147976204345703,0.15680275982929795,0.4930053423464921,0.16123864926574172
e1q_conscientiousness_high,5,0.14133395444110092,0.49928927145104446,0.14834478871739326,0.7814762844367299,0.13320822185570905,0.4804483368087578,0.1320286599836487,0.49323719255272414,0.15450260162135684,0.5030494496630576,0.1385855000273968
e1q_conscientiousness_low,1,0.13483507666855482,0.48906425425897326,0.13536012871666886,0.21850673977355978,0.11411617984793236,0.4846855492516032,0.1345340692907996,0.48266781786425683,0.1603658618764176,0.5021838287846703,0.12979914361095582
e1q_conscientiousness_low,2,0.14707175737218917,0.5041230095475808,0.1443739133773277,0.22180977379549593,0.14309182035247991,0.49826665248471025,0.14724738656502545,0.47048989621357473,0.15386336519711524,0.49747581656596734,0.14678230136899761
e1q_conscientiousness_low,3,0.14016741894724483,0.5026808044690269,0.13442485731823903,0.23313098579777247,0.12420959297236102,0.5222968907664786,0.15818147844884978,0.5009352542516408,0.13614617705197915,0.5119655155714379,0.1478749889447952
e1q_conscientiousness_low,4,0.1455972359972042,0.4776016370462213,0.14139439245646085,0.2325746068594275,0.12920574878024996,0.5081939468796061,0.14195695198876282,0.5096451848775875,0.1511748111201672,0.4877197678303489,0.16425427564038014
e1q_conscientiousness_low,5,0.14077065455518042,0.4994316710306243,0.15035436111158781,0.2246279065541322,0.12471447172772715,0.4909735697862143,0.1349466206131032,0.49464701738381756,0.15594368208206846,0.5100508541795752,0.13789413724141558
e1q_extraversion_high,1,0.13519859900330072,0.4904978682412437,0.13655349294312522,0.5061472887486765,0.1267013224976258,0.7650233787500714,0.12060559008558004,0.4906618490831306,0.15789105442338294,0.5097384186601016,0.13424153506678974
e1q_extraversion_high,2,0.1462801901245424,0.49948203273463415,0.14098875778421532,0.49734617295065175,0.15519861697807738,0.7713278099821587,0.1297684216869851,0.46494185421819784,0.1567107383827835,0.4961855790718031,0.1487344157906507
e1q_extraversion_high,3,0.14702616397392643,0.5225655245613761,0.139976599874025,0.5022635237434251,0.16284753701217525,0.7922230447932289,0.1334777948022199,0.4919638274272313,0.14028428821429847,0.5066331543053226,0.15854459996691347
e1q_extraversion_high,4,0.14504912316305638,0.48130658407645366,0.1468524229300027,0.5097236544453492,0.14644220013660625,0.7799356266004032,0.11777989592789337,0.5158832063193308,0.15221107272654635,0.4840260113979182,0.1619600240942333
e1q_extraversion_high,5,0.14246626104055532,0.5038334726890052,0.15020084693787003,0.4994378852747559,0.14397844531846712,0.7708589955379145,0.11822352311004851,0.4944465282787094,0.15818216666141505,0.5011673225757722,0.1417463231749757
e1q_extraversion_low,1,0.13185579258662353,0.48883109421490184,0.1381615671634232,0.5050312191199066,0.12190197152965832,0.20945320267472972,0.11715339610657234,0.4801628419362241,0.15209581304358705,0.5045891611141662,0.12996621508987666
e1q_extraversion_low,2,0.14465246555625785,0.5049807117188938,0.14405566526461358,0.502752617750598,0.15575809813347363,0.21886871765623528,0.12680608231645368,0.4663799265744954,0.15323944838890616,0.4925624014626721,0.14340303367784218
e1q_extraversion_low,3,0.14230952852358877,0.5120820302733989,0.13623262812683043,0.4929895223416444,0.15879333590383596,0.25117422119560096,0.12705794397399728,0.5028950538074771,0.13137456712622184,0.5051113353292679,0.1580891674870583
e1q_extraversion_low,4,0.14632547298174528,0.4905626308737603,0.1457100469703875,0.5165263030715843,0.14793137387720218,0.22672865543606696,0.12878409911471528,0.5117834620199647,0.15301094057967998,0.4874060973559407,0.15619090436674127
e1q_extraversion_low,5,0.13976370068889518,0.49310687093429684,0.14358817762224677,0.5035981947185981,0.14726528674200637,0.20762621766741224,0.11762190792240655,0.4914834803171562,0.148476795806561,0.5061931337047237,0.14186633535125528
e1q_neuroticism_high,1,0.13314423386362864,0.4883190267625045,0.1397981580769694,0.5071803481976466,0.12430487734542464,0.48411210298588014,0.13051874965235755,0.482720668690555,0.15828599096447726,0.785443430205778,0.11281339327891439
e1q_neuroticism_high,2,0.14715885008460794,0.4995030331459109,0.1404062650979197,0.49945929679458784,0.16190547675945474,0.4938891195679552,0.15140049879100953,0.47798438540382043,0.15352090278448294,0.7781303154964321,0.12856110699017287
e1q_neuroticism_high,3,0.14133741867827743,0.5142945039441357,0.1381980422634723,0.5088896282454904,0.1584793826723633,0.5220637971598214,0.15685878057447206,0.5059741900688604,0.13502622760637012,0.775077528928474,0.11812466027470936
e1q_neuroticism_high,4,0.14479620543863952,0.47727036954685237,0.1489968658280053,0.5134894066314754,0.14957418521068258,0.5055321695707884,0.13402982963488108,0.5143097948950145,0.14844488935019848,0.7608612293576759,0.14293525716943015
e1q_neuroticism_high,5,0.14370136142806636,0.4873952572474973,0.14815119699107496,0.49428983040107327,0.14433207219502162,0.49021569661359143,0.13473789919675772,0.4937443856914253,0.1570862840432811,0.7712163404714554,0.13419935471419642
e1q_neuroticism_low,1,0.13397007604728645,0.49254687837973415,0.13509149547431945,0.5073049461000765,0.12543860331681125,0.4833952912575883,0.13552704870905552,0.475292108838091,0.15538796020570197,0.21672000057362073,0.11840527253054403
e1q_neuroticism_low,2,0.1447893035614794,0.4989082773713559,0.1396838302678081,0.49471019549245054,0.15268946410886364,0.4964148949360125,0.15149036965249607,0.470442813280725,0.15085295189798845,0.22036489652682578,0.1292299018802408
e1q_neuroticism_low,3,0.1432891109922826,0.5139808823123951,0.13633812136634535,0.49598919153037735,0.15404829182019195,0.5311817321766118,0.15345301419574528,0.5011370903162239,0.13267946896928684,0.22611715082763642,0.13992665860984344
e1q_neuroticism_low,4,0.1427171731940115,0.4804209387740698,0.14737032674698214,0.5116651666855802,0.1467676189479454,0.5135419081960587,0.14478834881168662,0.5282338392164463,0.14653788883668803,0.2272538995561382,0.12812168262675552
e1q_neuroticism_low,5,0.141356036855465,0.4974588953260806,0.15073380616915943,0.5071530597869025,0.13866857084546372,0.4839426015639697,0.1343935800201579,0.4920718188734078,0.15551424960665913,0.21941795394153016,0.12746997763588466
e1q_norm_baseline,1,0.13597904620390655,0.49617129908359864,0.13652937200913023,0.5014816098045726,0.12261599077862134,0.4819649921928803,0.13278842601865412,0.48360254662612895,0.1586601160026633,0.50997581305622,0.1293013262104638
e1q_norm_baseline,2,0.15113407378171836,0.5017158282276885,0.14371001823419027,0.5001794647979323,0.1601793214844164,0.49470969090680234,0.14832692631758243,0.46550011238183453,0.1556928401769579,0.49783120151938975,0.14776126269544473
e1q_norm_baseline,3,0.1491072184974031,0.5112912342932551,0.13956114169634742,0.49202638263137777,0.16013005959901672,0.5293981553741473,0.15595464246042276,0.4993449427241227,0.13076786915168215,0.5091854813702956,0.15912237957954653
e1q_norm_baseline,4,0.15049829511294638,0.485874984600444,0.14660963592006465,0.5096801136745787,0.14491674385274173,0.510489894613155,0.13989932454384435,0.512957412508073,0.15785290790741582,0.4837701430887498,0.16321286334066534
e1q_norm_baseline,5,0.14354491357062188,0.5035609761837806,0.1504212125559987,0.5072642036168413,0.14393983247463524,0.48899195238137383,0.13218769163628336,0.4970879085952823,0.14866480036439164,0.5040748518795657,0.14251103082180042
e1q_openness_high,1,0.13144504305088903,0.773194071747769,0.12103530295856138,0.5096415551029909,0.11764424719341267,0.484011612461818,0.13029012613946853,0.4783648314719408,0.1559344969369151,0.505742487672159,0.13232104202608738
e1q_openness_high,2,0.1440411841705977,0.776640965523156,0.11848165506373912,0.4934323627979602,0.16598791400923565,0.49175903413764255,0.14592947309911422,0.4709843117919028,0.149708167056974,0.4959581109233738,0.1400987116239255
e1q_openness_high,3,0.1424759486398613,0.7855936213493142,0.11995986051831782,0.5057350062443222,0.14976490323341732,0.5309284235014109,0.1529671840532713,0.49944821854271937,0.13332214222967587,0.5119972253565033,0.15636565316462417
e1q_openness_high,4,0.1441526671619575,0.7651638389354093,0.12623139334056488,0.5152885746302514,0.14098565194703588,0.5074706575997892,0.14319344538719783,0.5053000291354794,0.14973085565449157,0.48844582975194506,0.16062198948049736
e1q_openness_high,5,0.13918971916265466,0.7694336451622515,0.12215328743288234,0.49627685308596015,0.14802419541268125,0.4907985421855575,0.13213418777825064,0.4874822080678408,0.15475401049605175,0.5003356571972004,0.13888291469340733
e1q_openness_low,1,0.13611151024328946,0.2107817979614307,0.122798809737938,0.4995403708962209,0.12315342621731933,0.49007147908118287,0.14159381386562742,0.4849088315778329,0.15945247647489352,0.5150582119448051,0.13355902492066896
e1q_openness_low,2,0.1484735722231074,0.22221510013986984,0.12670732373393534,0.49852516737277136,0.16236674584607916,0.49133083244940706,0.15311308037113788,0.47620626553759743,0.15037091974438033,0.4961426123764525,0.14980979142000425
e1q_openness_low,3,0.14305684487212106,0.23220782169199208,0.1200928669925745,0.497914553564739,0.16311996120124983,0.530510978911108,0.14861763802281364,0.5032667365342042,0.13046537762768465,0.5015836341627734,0.15298838051628272
e1q_openness_low,4,0.14127199578824728,0.2097872122685013,0.1186016136166598,0.5145703787829154,0.14420050653310879,0.5091890102204457,0.14225916276654055,0.522802555011542,0.1476204001064745,0.4915196804937539,0.1536782959184528
e1q_openness_low,5,0.14251816579774815,0.21914371492178802,0.13603706354427947,0.49799827860168727,0.14461634901289655,0.4880797573090352,0.13284123744438836,0.4908350107123234,0.15486815433581957,0.5047465366957673,0.14422802465135684
e1qwen7_agreeableness_high,1,0.13079583753972496,0.4844003047994802,0.13286811816831084,0.513042652652841,0.12360684086146308,0.4931667751727579,0.134231654949282,0.7592824051091062,0.13254488023795816,0.5070069482435465,0.13072769348161056
e1qwen7_agreeableness_high,2,0.1471763005334074,0.4972478660660035,0.13859726153279775,0.49863033156013264,0.16250943346748678,0.4956748992419221,0.15082093269729355,0.7506008822484924,0.14083297884064017,0.5027040604090305,0.1431208961288187
e1qwen7_agreeableness_high,3,0.14463109540957741,0.5083007516675861,0.14120933038364875,0.4971558855512068,0.16283315067406817,0.533114589355544,0.15033884618632237,0.7805425733466405,0.11144304078700547,0.5095556594908937,0.1573311090168423
e1qwen7_agreeableness_high,4,0.1426937015277042,0.4678820672604312,0.14515013556823103,0.5153670799792078,0.14241224005884182,0.5050072281305924,0.13932341747974694,0.7830104486185376,0.1263137369811578,0.48276261981264956,0.16026897755054328
e1qwen7_agreeableness_high,5,0.1404113489093775,0.49600850753967335,0.14726246553663178,0.4974303150418724,0.14590502901317892,0.4947584081331172,0.13007281058360212,0.7656932001385336,0.13101451085849045,0.5060172174366555,0.14780192855498422
e1qwen7_agreeableness_high,6,0.1451559837870302,0.4791702626879536,0.16347974589175354,0.49314948328921304,0.16229277462533356,0.5063552259885274,0.14411766535987358,0.7884082263170724,0.11887120094977296,0.49694833346607736,0.13701853210841727
e1qwen7_agreeableness_high,7,0.135061659575094,0.47421053208655634,0.14045137457901827,0.48539010621502093,0.13808510406240943,0.48032328516663797,0.13569032687787588,0.7555542719774677,0.11677880473227048,0.49285019199543206,0.1443026876238958
e1qwen7_agreeableness_high,8,0.1459307683260201,0.5188467605965819,0.14370693593966116,0.49638370208954746,0.13502179406182827,0.5146333762113009,0.15237531546465063,0.763048011226747,0.1327133639716382,0.49926871079419155,0.16583643219232205
e1qwen7_agreeableness_low,1,0.1354277275392655,0.4961379730939494,0.1372442152422263,0.5135517940168739,0.1274572996960296,0.48120587965254574,0.14373988589538317,0.22590959975657832,0.1318927170387219,0.5005617572041282,0.13680451982396633
e1qwen7_agreeableness_low,2,0.14254747921435068,0.4977924748119063,0.13290681430028303,0.49659687509879247,0.16172706714769244,0.49369903452056874,0.15351292155689067,0.20352305304084595,0.12404494125820131,0.49451102453587853,0.1405456518086858
e1qwen7_agreeableness_low,3,0.14643861695615784,0.5145778559362393,0.14002255746886105,0.49140398177988337,0.16028293995852297,0.5324905577588446,0.1521637079824266,0.21431825015633593,0.12032316112792112,0.5081855675943959,0.15940071824305757
e1qwen7_agreeableness_low,4,0.14204811508376064,0.483619623484039,0.14407758056914954,0.5222021987324544,0.14826012428207275,0.5002725468572684,0.14077242962616784,0.24851086733462957,0.12475498345939762,0.49674629908757884,0.15237545748201545
e1qwen7_agreeableness_low,5,0.14085616603602547,0.49828318671956945,0.15362854501176887,0.4967084539625543,0.1498610674747594,0.49379901431330386,0.1301931155502199,0.22595322322444594,0.12881657663991714,0.5044994752281942,0.14178152550346204
e1qwen7_agreeableness_low,6,0.14654476623268425,0.47521556758316286,0.1555376153093326,0.4803245022802162,0.16044798095184565,0.5139023131007128,0.1412644730242179,0.2415655404387009,0.12905389274014598,0.4942304675394251,0.14641986913787924
e1qwen7_agreeableness_low,7,0.13426415040592957,0.47450339132990527,0.13909294866687305,0.4853263651206045,0.14145406387005038,0.47613106947537887,0.13411069767383477,0.1991162438661744,0.11432982972756907,0.48647385169583046,0.1423332120913204
e1qwen7_agreeableness_low,8,0.14405004733052254,0.5105213089304015,0.14870385321492052,0.49084047260247254,0.13299506164346692,0.5291655695777389,0.15204638181342398,0.22704954562867966,0.12907176244487203,0.4958998090961005,0.1574331775359292
e1qwen7_conscientiousness_high,1,0.13660858930138203,0.4925642823285453,0.13717633995355236,0.7857654280176637,0.10802192427025732,0.4870059299770871,0.13879837056483682,0.4843112793467318,0.1624200070264571,0.5092811680653202,0.13662630469180662
e1qwen7_conscientiousness_high,2,0.14224670664596875,0.5058170734248931,0.14266957622089002,0.7578188932054729,0.11993555218136694,0.49434815931181847,0.14865887545098333,0.47320150365510627,0.15392146202053777,0.5034460769844418,0.14604806735606568
e1qwen7_conscientiousness_high,3,0.1485588186632473,0.5115350408315779,0.14145938064846653,0.7703717789969065,0.13927173919142208,0.5263100432656503,0.16001664781409786,0.4968054476771174,0.14770037330215224,0.50989666669725,0.15434595236009774
e1qwen7_conscientiousness_high,4,0.14478010555560544,0.48388969459808123,0.14338315640833688,0.782263605214083,0.12021492171769343,0.5054866660890842,0.14226104055695735,0.5147976204345703,0.15680275982929795,0.4930053423464921,0.16123864926574172
e1qwen7_conscientiousness_high,5,0.14133395444110092,0.49928927145104446,0.14834478871739326,0.7814762844367299,0.13320822185570905,0.4804483368087578,0.1320286599836487,0.49323719255272414,0.15450260162135684,0.5030494496630576,0.1385855000273968
e1qwen7_conscientiousness_high,6,0.1425243059891183,0.48299079089476515,0.16014664896089567,0.7541550837852756,0.1323831824297463,0.5200715123325138,0.13735216982231763,0.518037388068127,0.13997343696466635,0.4904184013441896,0.14276609176796562
e1qwen7_conscientiousness_high,7,0.137125933470199,0.4748020103021735,0.13642267624593252,0.7662927397009024,0.131843734283469,0.47727910523815553,0.14073217432541466,0.4709719299352323,0.13496788590612832,0.4947767564343266,0.14166319659005053
e1qwen7_conscientiousness_high,8,0.14654546327672713,0.5113461685500222,0.1514357168918989,0.7734096448951233,0.12150551664018129,0.5190422491393466,0.15354751731472813,0.499353149337879,0.14950016286334392,0.4968165995003272,0.1567384026734835
e1qwen7_conscientiousness_low,1,0.13483507666855482,0.48906425425897326,0.13536012871666886,0.21850673977355978,0.11411617984793236,0.4846855492516032,0.1345340692907996,0.48266781786425683,0.1603658618764176,0.5021838287846703,0.12979914361095582
e1qwen7_conscientiousness_low,2,0.14707175737218917,0.5041230095475808,0.1443739133773277,0.22180977379549593,0.14309182035247991,0.49826665248471025,0.14724738656502545,0.47048989621357473,0.15386336519711524,0.49747581656596734,0.14678230136899761
e1qwen7_conscientiousness_low,3,0.14016741894724483,0.5026808044690269,0.13442485731823903,0.23313098579777247,0.12420959297236102,0.5222968907664786,0.15818147844884978,0.5009352542516408,0.13614617705197915,0.5119655155714379,0.1478749889447952
e1qwen7_conscientiousness_low,4,0.1455972359972042,0.4776016370462213,0.14139439245646085,0.2325746068594275,0.12920574878024996,0.5081939468796061,0.14195695198876282,0.5096451848775875,0.1511748111201672,0.4877197678303489,0.16425427564038014
e1qwen7_conscientiousness_low,5,0.14077065455518042,0.4994316710306243,0.15035436111158781,0.2246279065541322,0.12471447172772715,0.4909735697862143,0.1349466206131032,0.49464701738381756,0.15594368208206846,0.5100508541795752,0.13789413724141558
e1qwen7_conscientiousness_low,6,0.1471517782777974,0.48546000220342306,0.16140044293329311,0.22351045060097938,0.13849269511981316,0.5103455030389664,0.14885127415233926,0.517506481045448,0.144026726519954,0.49516101480410535,0.1429877526635876
e1qwen7_conscientiousness_low,7,0.1331434642010943,0.46663096405666105,0.14223045619966013,0.2116111431329124,0.11787208362216922,0.48611150994282243,0.13831426611424036,0.47562517270977234,0.12663729708674032,0.48384158076085465,0.14066321798266151
e1qwen7_conscientiousness_low,8,0.14744597686379163,0.5168871314297695,0.1508678767612312,0.2194676730001916,0.11715589768227863,0.529963258103844,0.15355730649065985,0.49397807454918385,0.15754786300919413,0.5022635029651557,0.1581009403755944
e1qwen7_extraversion_high,1,0.13519859900330072,0.4904978682412437,0.13655349294312522,0.5061472887486765,0.1267013224976258,0.7650233787500714,0.12060559008558004,0.4906618490831306,0.15789105442338294,0.5097384186601016,0.13424153506678974
e1qwen7_extraversion_high,2,0.1462801901245424,0.49948203273463415,0.14098875778421532,0.49734617295065175,0.15519861697807738,0.7713278099821587,0.1297684216869851,0.46494185421819784,0.1567107383827835,0.4961855790718031,0.1487344157906507
e1qwen7_extraversion_high,3,0.14702616397392643,0.5225655245613761,0.139976599874025,0.5022635237434251,0.16284753701217525,0.7922230447932289,0.1334777948022199,0.4919638274272313,0.14028428821429847,0.5066331543053226,0.15854459996691347
e1qwen7_extraversion_high,4,0.14504912316305638,0.48130658407645366,0.1468524229300027,0.5097236544453492,0.14644220013660625,0.7799356266004032,0.11777989592789337,0.5158832063193308,0.15221107272654635,0.4840260113979182,0.1619600240942333
e1qwen7_extraversion_high,5,0.14246626104055532,0.5038334726890052,0.15020084693787003,0.4994378852747559,0.14397844531846712,0.7708589955379145,0.11822352311004851,0.4944465282787094,0.15818216666141505,0.5011673225757722,0.1417463231749757
e1qwen7_extraversion_high,6,0.1491892985780036,0.4791902689285552,0.16157608161919432,0.4857215732532798,0.1666229451107951,0.7814429548904471,0.1302712375507958,0.5106108035241845,0.14576243691650176,0.4880535279870646,0.141713791692731
e1qwen7_extraversion_high,7,0.1355630030146679,0.47921066960862924,0.1295377423196995,0.47736457140378713,0.1475300610666625,0.7568521827017364,0.11919044909114401,0.4733173170299376,0.1344733339411547,0.4929235178272067,0.14708342865467866
e1qwen7_extraversion_high,8,0.1487331890073543,0.5171909912604764,0.15676882271348822,0.49504595488492426,0.13764576867026693,0.7870759225816607,0.1220357745298016,0.49500018793535555,0.15892669582585553,0.498324964447783,0.16828888329735925
e1qwen7_extraversion_low,1,0.13185579258662353,0.48883109421490184,0.1381615671634232,0.5050312191199066,0.12190197152965832,0.20945320267472972,0.11715339610657234,0.4801628419362241,0.15209581304358705,0.5045891611141662,0.12996621508987666
e1qwen7_extraversion_low,2,0.14465246555625785,0.5049807117188938,0.14405566526461358,0.502752617750598,0.15575809813347363,0.21886871765623528,0.12680608231645368,0.4663799265744954,0.15323944838890616,0.4925624014626721,0.14340303367784218
e1qwen7_extraversion_low,3,0.14230952852358877,0.5120820302733989,0.13623262812683043,0.4929895223416444,0.15879333590383596,0.25117422119560096,0.12705794397399728,0.5028950538074771,0.13137456712622184,0.5051113353292679,0.1580891674870583
e1qwen7_extraversion_low,4,0.14632547298174528,0.4905626308737603,0.1457100469703875,0.5165263030715843,0.14793137387720218,0.22672865543606696,0.12878409911471528,0.5117834620199647,0.15301094057967998,0.4874060973559407,0.15619090436674127
e1qwen7_extraversion_low,5,0.13976370068889518,0.49310687093429684,0.14358817762224677,0.5035981947185981,0.14726528674200637,0.20762621766741224,0.11762190792240655,0.4914834803171562,0.148476795806561,0.5061931337047237,0.14186633535125528
e1qwen7_extraversion_low,6,0.14821430491844045,0.480237595712486,0.16346848688680093,0.48892780725247753,0.1576183803457017,0.22734544870082357,0.1295550228874305,0.5231842309475973,0.14572147418252443,0.4913229074061888,0.14470816028974462
e1qwen7_extraversion_low,7,0.133466881948689,0.4639378321922767,0.13603466394776273,0.4879086239002883,0.14259574141983458,0.20365752859312444,0.11480733188780345,0.47104364128532084,0.13027110292746497,0.48317996629059906,0.14362556956057934
e1qwen7_extraversion_low,8,0.14643461790473672,0.5174253245937923,0.15118754132959217,0.4884373832619849,0.13603706868782664,0.2449736792314128,0.13402571691868428,0.5018302640947172,0.15324361334698425,0.49490080338625814,0.1576791492405963
e1qwen7_neuroticism_high,1,0.13314423386362864,0.4883190267625045,0.1397981580769694,0.5071803481976466,0.12430487734542464,0.48411210298588014,0.13051874965235755,0.482720668690555,0.15828599096447726,0.785443430205778,0.11281339327891439
e1qwen7_neuroticism_high,2,0.14715885008460794,0.4995030331459109,0.1404062650979197,0.49945929679458784,0.16190547675945474,0.4938891195679552,0.15140049879100953,0.47798438540382043,0.15352090278448294,0.7781303154964321,0.12856110699017287
e1qwen7_neuroticism_high,3,0.14133741867827743,0.5142945039441357,0.1381980422634723,0.5088896282454904,0.1584793826723633,0.5220637971598214,0.15685878057447206,0.5059741900688604,0.13502622760637012,0.775077528928474,0.11812466027470936
e1qwen7_neuroticism_high,4,0.14479620543863952,0.47727036954685237,0.1489968658280053,0.5134894066314754,0.14957418521068258,0.5055321695707884,0.13402982963488108,0.5143097948950145,0.14844488935019848,0.7608612293576759,0.14293525716943015
e1qwen7_neuroticism_high,5,0.14370136142806636,0.4873952572474973,0.14815119699107496,0.49428983040107327,0.14433207219502162,0.49021569661359143,0.13473789919675772,0.4937443856914253,0.1570862840432811,0.7712163404714554,0.13419935471419642
e1qwen7_neuroticism_high,6,0.14889004446958315,0.4835813451468225,0.16287311369581275,0.4831154018534348,0.163204661968284,0.509876765832754,0.14184966957152276,0.5234323598745114,0.1452282064003273,0.7787847752550147,0.13129457071196896
e1qwen7_neuroticism_high,7,0.13452906467115125,0.47214613697844066,0.13718704649411123,0.4764148210261074,0.14494233802708764,0.47922616998700895,0.13701971536882954,0.4704116211043667,0.13624753576181992,0.756056277027055,0.1172486877039078
e1qwen7_neuroticism_high,8,0.14418081348661566,0.517078419697374,0.15146398421680277,0.49657846726668253,0.13943502976154384,0.52333640903183,0.147171390141515,0.4992620571446802,0.1551514047551036,0.7570374738443373,0.12768225855811302
e1qwen7_neuroticism_low,1,0.13397007604728645,0.49254687837973415,0.13509149547431945,0.5073049461000765,0.12543860331681125,0.4833952912575883,0.13552704870905552,0.475292108838091,0.15538796020570197,0.21672000057362073,0.11840527253054403
e1qwen7_neuroticism_low,2,0.1447893035614794,0.4989082773713559,0.1396838302678081,0.49471019549245054,0.15268946410886364,0.4964148949360125,0.15149036965249607,0.470442813280725,0.15085295189798845,0.22036489652682578,0.1292299018802408
e1qwen7_neuroticism_low,3,0.1432891109922826,0.5139808823123951,0.13633812136634535,0.49598919153037735,0.15404829182019195,0.5311817321766118,0.15345301419574528,0.5011370903162239,0.13267946896928684,0.22611715082763642,0.13992665860984344
e1qwen7_neuroticism_low,4,0.1427171731940115,0.4804209387740698,0.14737032674698214,0.5116651666855802,0.1467676189479454,0.5135419081960587,0.14478834881168662,0.5282338392164463,0.14653788883668803,0.2272538995561382,0.12812168262675552
e1qwen7_neuroticism_low,5,0.141356036855465,0.4974588953260806,0.15073380616915943,0.5071530597869025,0.13866857084546372,0.4839426015639697,0.1343935800201579,0.4920718188734078,0.15551424960665913,0.21941795394153016,0.12746997763588466
e1qwen7_neuroticism_low,6,0.1481276915096371,0.4790953567630726,0.15677723690141343,0.4837222209596061,0.17082225102947854,0.5010310363667788,0.1511869089224526,0.5145761360721187,0.14691815551250273,0.2268126388507118,0.11493390518233815
e1qwen7_neuroticism_low,7,0.13621796781772688,0.47163808595904205,0.13797227432274847,0.47882052926690055,0.14251098430731388,0.4799930656639026,0.13698005719134596,0.4765346864215324,0.13642170642548754,0.20856129737599005,0.1272048168417385
e1qwen7_neuroticism_low,8,0.14507742039298113,0.5144319786117479,0.1494119833172402,0.49060790634957746,0.13373299175337763,0.5217553407012742,0.15310849787738523,0.49942832478805016,0.15768374404913113,0.22922296997686606,0.1314498849677715
e1qwen7_norm_baseline,1,0.13597904620390655,0.49617129908359864,0.13652937200913023,0.5014816098045726,0.12261599077862134,0.4819649921928803,0.13278842601865412,0.48360254662612895,0.1586601160026633,0.50997581305622,0.1293013262104638
e1qwen7_norm_baseline,2,0.15113407378171836,0.5017158282276885,0.14371001823419027,0.5001794647979323,0.1601793214844164,0.49470969090680234,0.14832692631758243,0.46550011238183453,0.1556928401769579,0.49783120151938975,0.14776126269544473
e1qwen7_norm_baseline,3,0.1491072184974031,0.5112912342932551,0.13956114169634742,0.49202638263137777,0.16013005959901672,0.5293981553741473,0.15595464246042276,0.4993449427241227,0.13076786915168215,0.5091854813702956,0.15912237957954653
e1qwen7_norm_baseline,4,0.15049829511294638,0.485874984600444,0.14660963592006465,0.5096801136745787,0.14491674385274173,0.510489894613155,0.13989932454384435,0.512957412508073,0.15785290790741582,0.4837701430887498,0.16321286334066534
e1qwen7_norm_baseline,5,0.14354491357062188,0.5035609761837806,0.1504212125559987,0.5072642036168413,0.14393983247463524,0.48899195238137383,0.13218769163628336,0.4970879085952823,0.14866480036439164,0.5040748518795657,0.14251103082180042
e1qwen7_norm_baseline,6,0.151713101680317,0.4775568220221932,0.1569749945364579,0.4881883429347223,0.1682002163264684,0.5146449352431515,0.14418167366268586,0.5272470648022963,0.14427229681867076,0.49420753884205715,0.14493632705730206
e1qwen7_norm_baseline,7,0.14035493364296772,0.4713864587338999,0.14037805195713718,0.4820804200903171,0.14346394454309558,0.48466701097192344,0.13832490625094981,0.47542583194232846,0.13608166870011063,0.4901936386323367,0.14352609676354533
e1qwen7_norm_baseline,8,0.15090925027445393,0.5200436282654504,0.1495128616519791,0.48289823735094745,0.13243120861990945,0.519394839353886,0.15529311086578992,0.48957037683507715,0.1532822930858292,0.4984426726077802,0.16402677714876202
e1qwen7_openness_high,1,0.13144504305088903,0.773194071747769,0.12103530295856138,0.5096415551029909,0.11764424719341267,0.484011612461818,0.13029012613946853,0.4783648314719408,0.1559344969369151,0.505742487672159,0.13232104202608738
e1qwen7_openness_high,2,0.1440411841705977,0.776640965523156,0.11848165506373912,0.4934323627979602,0.16598791400923565,0.49175903413764255,0.14592947309911422,0.4709843117919028,0.149708167056974,0.4959581109233738,0.1400987116239255
e1qwen7_openness_high,3,0.1424759486398613,0.7855936213493142,0.11995986051831782,0.5057350062443222,0.14976490323341732,0.5309284235014109,0.1529671840532713,0.49944821854271937,0.13332214222967587,0.5119972253565033,0.15636565316462417
e1qwen7_openness_high,4,0.1441526671619575,0.7651638389354093,0.12623139334056488,0.5152885746302514,0.14098565194703588,0.5074706575997892,0.14319344538719783,0.5053000291354794,0.14973085565449157,0.48844582975194506,0.16062198948049736
e1qwen7_openness_high,5,0.13918971916265466,0.7694336451622515,0.12215328743288234,0.49627685308596015,0.14802419541268125,0.4907985421855575,0.13213418777825064,0.4874822080678408,0.15475401049605175,0.5003356571972004,0.13888291469340733
e1qwen7_openness_high,6,0.14515395035943338,0.7497680987667908,0.13092923516770805,0.4805801260659503,0.16367765745154414,0.49647023692688713,0.14720772130131793,0.5214845763240669,0.14262182066713347,0.5012112232229173,0.14133331720946335
e1qwen7_openness_high,7,0.13792987168027313,0.7566290940662541,0.12469523196711665,0.4794369905424448,0.14687008038398106,0.4801940285686882,0.1381707724215473,0.47574360386296377,0.1374697939987181,0.4968389150152571,0.14244347963000265
e1qwen7_openness_high,8,0.14141758734896626,0.7820400286384139,0.12435463972022492,0.4882016449243665,0.13131727105271465,0.5194814044857825,0.1519831067957351,0.4997232361515183,0.14047221835661514,0.49898886344390886,0.15896070081954158
e1qwen7_openness_low,1,0.13611151024328946,0.2107817979614307,0.122798809737938,0.4995403708962209,0.12315342621731933,0.49007147908118287,0.14159381386562742,0.4849088315778329,0.15945247647489352,0.5150582119448051,0.13355902492066896
e1qwen7_openness_low,2,0.1484735722231074,0.22221510013986984,0.12670732373393534,0.49852516737277136,0.16236674584607916,0.49133083244940706,0.15311308037113788,0.47620626553759743,0.15037091974438033,0.4961426123764525,0.14980979142000425
e1qwen7_openness_low,3,0.14305684487212106,0.23220782169199208,0.1200928669925745,0.497914553564739,0.16311996120124983,0.530510978911108,0.14861763802281364,0.5032667365342042,0.13046537762768465,0.5015836341627734,0.15298838051628272
e1qwen7_openness_low,4,0.14127199578824728,0.2097872122685013,0.1186016136166598,0.5145703787829154,0.14420050653310879,0.5091890102204457,0.14225916276654055,0.522802555011542,0.1476204001064745,0.4915196804937539,0.1536782959184528
e1qwen7_openness_low,5,0.14251816579774815,0.21914371492178802,0.13603706354427947,0.49799827860168727,0.14461634901289655,0.4880797573090352,0.13284123744438836,0.4908350107123234,0.15486815433581957,0.5047465366957673,0.14422802465135684
e1qwen7_openness_low,6,0.1465972881011417,0.22250007148349252,0.13774793604786678,0.4967341762397253,0.16143850094367604,0.5101148618888536,0.14381200664008875,0.5257175381165664,0.14851929304998276,0.5009740022558672,0.14146870382409404
e1qwen7_openness_low,7,0.13339454479455953,0.19720433011706592,0.11279986685655316,0.47366612122195906,0.14405886766730025,0.475407480870615,0.134072341810119,0.47131129311591174,0.13467273792169995,0.48293813206052827,0.14136890971712518
e1qwen7_openness_low,8,0.1467462137100522,0.2381296017179055,0.132958051260384,0.48934234770916585,0.13559491067027743,0.5217549509844616,0.1542872384280604,0.49257043535347783,0.15465326516817274,0.5012759625641631,0.15623760302336656
e1t_agreeableness_high,1,0.13079583753972496,0.4844003047994802,0.13286811816831084,0.513042652652841,0.12360684086146308,0.4931667751727579,0.134231654949282,0.7592824051091062,0.13254488023795816,0.5070069482435465,0.13072769348161056
e1t_agreeableness_high,2,0.1471763005334074,0.4972478660660035,0.13859726153279775,0.49863033156013264,0.16250943346748678,0.4956748992419221,0.15082093269729355,0.7506008822484924,0.14083297884064017,0.5027040604090305,0.1431208961288187
e1t_agreeableness_high,3,0.14463109540957741,0.5083007516675861,0.14120933038364875,0.4971558855512068,0.16283315067406817,0.533114589355544,0.15033884618632237,0.7805425733466405,0.11144304078700547,0.5095556594908937,0.1573311090168423
e1t_agreeableness_high,4,0.1426937015277042,0.4678820672604312,0.14515013556823103,0.5153670799792078,0.14241224005884182,0.5050072281305924,0.13932341747974694,0.7830104486185376,0.1263137369811578,0.48276261981264956,0.16026897755054328
e1t_agreeableness_high,5,0.1404113489093775,0.49600850753967335,0.14726246553663178,0.4974303150418724,0.14590502901317892,0.4947584081331172,0.13007281058360212,0.7656932001385336,0.13101451085849045,0.5060172174366555,0.14780192855498422
e1t_agreeableness_high,6,0.1451559837870302,0.4791702626879536,0.16347974589175354,0.49314948328921304,0.16229277462533356,0.5063552259885274,0.14411766535987358,0.7884082263170724,0.11887120094977296,0.49694833346607736,0.13701853210841727
e1t_agreeableness_high,7,0.135061659575094,0.47421053208655634,0.14045137457901827,0.48539010621502093,0.13808510406240943,0.48032328516663797,0.13569032687787588,0.7555542719774677,0.11677880473227048,0.49285019199543206,0.1443026876238958
e1t_agreeableness_high,8,0.1459307683260201,0.5188467605965819,0.14370693593966116,0.49638370208954746,0.13502179406182827,0.5146333762113009,0.15237531546465063,0.763048011226747,0.1327133639716382,0.49926871079419155,0.16583643219232205
e1t_agreeableness_low,1,0.1354277275392655,0.4961379730939494,0.1372442152422263,0.5135517940168739,0.1274572996960296,0.48120587965254574,0.14373988589538317,0.22590959975657832,0.1318927170387219,0.5005617572041282,0.13680451982396633
e1t_agreeableness_low,2,0.14254747921435068,0.4977924748119063,0.13290681430028303,0.49659687509879247,0.16172706714769244,0.49369903452056874,0.15351292155689067,0.20352305304084595,0.12404494125820131,0.49451102453587853,0.1405456518086858
e1t_agreeableness_low,3,0.14643861695615784,0.5145778559362393,0.14002255746886105,0.49140398177988337,0.16028293995852297,0.5324905577588446,0.1521637079824266,0.21431825015633593,0.12032316112792112,0.5081855675943959,0.15940071824305757
e1t_agreeableness_low,4,0.14204811508376064,0.483619623484039,0.14407758056914954,0.5222021987324544,0.14826012428207275,0.5002725468572684,0.14077242962616784,0.24851086733462957,0.12475498345939762,0.49674629908757884,0.15237545748201545
e1t_agreeableness_low,5,0.14085616603602547,0.49828318671956945,0.15362854501176887,0.4967084539625543,0.1498610674747594,0.49379901431330386,0.1301931155502199,0.22595322322444594,0.12881657663991714,0.5044994752281942,0.14178152550346204
e1t_agreeableness_low,6,0.14654476623268425,0.47521556758316286,0.1555376153093326,0.4803245022802162,0.16044798095184565,0.5139023131007128,0.1412644730242179,0.2415655404387009,0.12905389274014598,0.4942304675394251,0.14641986913787924
e1t_agreeableness_low,7,0.13426415040592957,0.47450339132990527,0.13909294866687305,0.4853263651206045,0.14145406387005038,0.47613106947537887,0.13411069767383477,0.1991162438661744,0.11432982972756907,0.48647385169583046,0.1423332120913204
e1t_agreeableness_low,8,0.14405004733052254,0.5105213089304015,0.14870385321492052,0.49084047260247254,0.13299506164346692,0.5291655695777389,0.15204638181342398,0.22704954562867966,0.12907176244487203,0.4958998090961005,0.1574331775359292
e1t_conscientiousness_high,1,0.13660858930138203,0.4925642823285453,0.13717633995355236,0.7857654280176637,0.10802192427025732,0.4870059299770871,0.13879837056483682,0.4843112793467318,0.1624200070264571,0.5092811680653202,0.13662630469180662
e1t_conscientiousness_high,2,0.14224670664596875,0.5058170734248931,0.14266957622089002,0.7578188932054729,0.11993555218136694,0.49434815931181847,0.14865887545098333,0.47320150365510627,0.15392146202053777,0.5034460769844418,0.14604806735606568
e1t_conscientiousness_high,3,0.1485588186632473,0.5115350408315779,0.14145938064846653,0.7703717789969065,0.13927173919142208,0.5263100432656503,0.16001664781409786,0.4968054476771174,0.14770037330215224,0.50989666669725,0.15434595236009774
e1t_conscientiousness_high,4,0.14478010555560544,0.48388969459808123,0.14338315640833688,0.782263605214083,0.12021492171769343,0.5054866660890842,0.14226104055695735,0.5147976204345703,0.15680275982929795,0.4930053423464921,0.16123864926574172
e1t_conscientiousness_high,5,0.14133395444110092,0.49928927145104446,0.14834478871739326,0.7814762844367299,0.13320822185570905,0.4804483368087578,0.1320286599836487,0.49323719255272414,0.15450260162135684,0.5030494496630576,0.1385855000273968
e1t_conscientiousness_high,6,0.1425243059891183,0.48299079089476515,0.16014664896089567,0.7541550837852756,0.1323831824297463,0.5200715123325138,0.13735216982231763,0.518037388068127,0.13997343696466635,0.4904184013441896,0.14276609176796562
e1t_conscientiousness_high,7,0.137125933470199,0.4748020103021735,0.13642267624593252,0.7662927397009024,0.131843734283469,0.47727910523815553,0.14073217432541466,0.4709719299352323,0.13496788590612832,0.4947767564343266,0.14166319659005053
e1t_conscientiousness_high,8,0.14654546327672713,0.5113461685500222,0.1514357168918989,0.7734096448951233,0.12150551664018129,0.5190422491393466,0.15354751731472813,0.499353149337879,0.14950016286334392,0.4968165995003272,0.1567384026734835
e1t_conscientiousness_low,1,0.13483507666855482,0.48906425425897326,0.13536012871666886,0.21850673977355978,0.11411617984793236,0.4846855492516032,0.1345340692907996,0.48266781786425683,0.1603658618764176,0.5021838287846703,0.12979914361095582
e1t_conscientiousness_low,2,0.14707175737218917,0.5041230095475808,0.1443739133773277,0.22180977379549593,0.14309182035247991,0.49826665248471025,0.14724738656502545,0.47048989621357473,0.15386336519711524,0.49747581656596734,0.14678230136899761
e1t_conscientiousness_low,3,0.14016741894724483,0.5026808044690269,0.13442485731823903,0.23313098579777247,0.12420959297236102,0.5222968907664786,0.15818147844884978,0.5009352542516408,0.13614617705197915,0.5119655155714379,0.1478749889447952
e1t_conscientiousness_low,4,0.1455972359972042,0.4776016370462213,0.14139439245646085,0.2325746068594275,0.12920574878024996,0.5081939468796061,0.14195695198876282,0.5096451848775875,0.1511748111201672,0.4877197678303489,0.16425427564038014
e1t_conscientiousness_low,5,0.14077065455518042,0.4994316710306243,0.15035436111158781,0.2246279065541322,0.12471447172772715,0.4909735697862143,0.1349466206131032,0.49464701738381756,0.15594368208206846,0.5100508541795752,0.13789413724141558
e1t_conscientiousness_low,6,0.1471517782777974,0.48546000220342306,0.16140044293329311,0.22351045060097938,0.13849269511981316,0.5103455030389664,0.14885127415233926,0.517506481045448,0.144026726519954,0.49516101480410535,0.1429877526635876
e1t_conscientiousness_low,7,0.1331434642010943,0.46663096405666105,0.14223045619966013,0.2116111431329124,0.11787208362216922,0.48611150994282243,0.13831426611424036,0.47562517270977234,0.12663729708674032,0.48384158076085465,0.14066321798266151
e1t_conscientiousness_low,8,0.14744597686379163,0.5168871314297695,0.1508678767612312,0.2194676730001916,0.11715589768227863,0.529963258103844,0.15355730649065985,0.49397807454918385,0.15754786300919413,0.5022635029651557,0.1581009403755944
e1t_extraversion_high,1,0.13519859900330072,0.4904978682412437,0.13655349294312522,0.5061472887486765,0.1267013224976258,0.7650233787500714,0.12060559008558004,0.4906618490831306,0.15789105442338294,0.5097384186601016,0.13424153506678974
e1t_extraversion_high,2,0.1462801901245424,0.49948203273463415,0.14098875778421532,0.49734617295065175,0.15519861697807738,0.7713278099821587,0.1297684216869851,0.46494185421819784,0.1567107383827835,0.4961855790718031,0.1487344157906507
e1t_extraversion_high,3,0.14702616397392643,0.5225655245613761,0.139976599874025,0.5022635237434251,0.16284753701217525,0.7922230447932289,0.1334777948022199,0.4919638274272313,0.14028428821429847,0.5066331543053226,0.15854459996691347
e1t_extraversion_high,4,0.14504912316305638,0.48130658407645366,0.1468524229300027,0.5097236544453492,0.14644220013660625,0.7799356266004032,0.11777989592789337,0.5158832063193308,0.15221107272654635,0.4840260113979182,0.1619600240942333
e1t_extraversion_high,5,0.14246626104055532,0.5038334726890052,0.15020084693787003,0.4994378852747559,0.14397844531846712,0.7708589955379145,0.11822352311004851,0.4944465282787094,0.15818216666141505,0.5011673225757722,0.1417463231749757
e1t_extraversion_high,6,0.1491892985780036,0.4791902689285552,0.16157608161919432,0.4857215732532798,0.1666229451107951,0.7814429548904471,0.1302712375507958,0.5106108035241845,0.14576243691650176,0.4880535279870646,0.141713791692731
e1t_extraversion_high,7,0.1355630030146679,0.47921066960862924,0.1295377423196995,0.47736457140378713,0.1475300610666625,0.7568521827017364,0.11919044909114401,0.4733173170299376,0.1344733339411547,0.4929235178272067,0.14708342865467866
e1t_extraversion_high,8,0.1487331890073543,0.5171909912604764,0.15676882271348822,0.49504595488492426,0.13764576867026693,0.7870759225816607,0.1220357745298016,0.49500018793535555,0.15892669582585553,0.498324964447783,0.16828888329735925
e1t_extraversion_low,1,0.13185579258662353,0.48883109421490184,0.1381615671634232,0.5050312191199066,0.12190197152965832,0.20945320267472972,0.11715339610657234,0.4801628419362241,0.15209581304358705,0.5045891611141662,0.12996621508987666
e1t_extraversion_low,2,0.14465246555625785,0.5049807117188938,0.14405566526461358,0.502752617750598,0.15575809813347363,0.21886871765623528,0.12680608231645368,0.4663799265744954,0.15323944838890616,0.4925624014626721,0.14340303367784218
e1t_extraversion_low,3,0.14230952852358877,0.5120820302733989,0.13623262812683043,0.4929895223416444,0.15879333590383596,0.25117422119560096,0.12705794397399728,0.5028950538074771,0.13137456712622184,0.5051113353292679,0.1580891674870583
e1t_extraversion_low,4,0.14632547298174528,0.4905626308737603,0.1457100469703875,0.5165263030715843,0.14793137387720218,0.22672865543606696,0.12878409911471528,0.5117834620199647,0.15301094057967998,0.4874060973559407,0.15619090436674127
e1t_extraversion_low,5,0.13976370068889518,0.49310687093429684,0.14358817762224677,0.5035981947185981,0.14726528674200637,0.20762621766741224,0.11762190792240655,0.4914834803171562,0.148476795806561,0.5061931337047237,0.14186633535125528
e1t_extraversion_low,6,0.14821430491844045,0.480237595712486,0.16346848688680093,0.48892780725247753,0.1576183803457017,0.22734544870082357,0.1295550228874305,0.5231842309475973,0.14572147418252443,0.4913229074061888,0.14470816028974462
e1t_extraversion_low,7,0.133466881948689,0.4639378321922767,0.13603466394776273,0.4879086239002883,0.14259574141983458,0.20365752859312444,0.11480733188780345,0.47104364128532084,0.13027110292746497,0.48317996629059906,0.14362556956057934
e1t_extraversion_low,8,0.14643461790473672,0.5174253245937923,0.15118754132959217,0.4884373832619849,0.13603706868782664,0.2449736792314128,0.13402571691868428,0.5018302640947172,0.15324361334698425,0.49490080338625814,0.1576791492405963
e1t_neuroticism_high,1,0.13314423386362864,0.4883190267625045,0.1397981580769694,0.5071803481976466,0.12430487734542464,0.48411210298588014,0.13051874965235755,0.482720668690555,0.15828599096447726,0.785443430205778,0.11281339327891439
e1t_neuroticism_high,2,0.14715885008460794,0.4995030331459109,0.1404062650979197,0.49945929679458784,0.16190547675945474,0.4938891195679552,0.15140049879100953,0.47798438540382043,0.15352090278448294,0.7781303154964321,0.12856110699017287
e1t_neuroticism_high,3,0.14133741867827743,0.5142945039441357,0.1381980422634723,0.5088896282454904,0.1584793826723633,0.5220637971598214,0.15685878057447206,0.5059741900688604,0.13502622760637012,0.775077528928474,0.11812466027470936
e1t_neuroticism_high,4,0.14479620543863952,0.47727036954685237,0.1489968658280053,0.5134894066314754,0.14957418521068258,0.5055321695707884,0.13402982963488108,0.5143097948950145,0.14844488935019848,0.7608612293576759,0.14293525716943015
e1t_neuroticism_high,5,0.14370136142806636,0.4873952572474973,0.14815119699107496,0.49428983040107327,0.14433207219502162,0.49021569661359143,0.13473789919675772,0.4937443856914253,0.1570862840432811,0.7712163404714554,0.13419935471419642
e1t_neuroticism_high,6,0.14889004446958315,0.4835813451468225,0.16287311369581275,0.4831154018534348,0.163204661968284,0.509876765832754,0.14184966957152276,0.5234323598745114,0.1452282064003273,0.7787847752550147,0.13129457071196896
e1t_neuroticism_high,7,0.13452906467115125,0.47214613697844066,0.13718704649411123,0.4764148210261074,0.14494233802708764,0.47922616998700895,0.13701971536882954,0.4704116211043667,0.13624753576181992,0.756056277027055,0.1172486877039078
e1t_neuroticism_high,8,0.14418081348661566,0.517078419697374,0.15146398421680277,0.49657846726668253,0.13943502976154384,0.52333640903183,0.147171390141515,0.4992620571446802,0.1551514047551036,0.7570374738443373,0.12768225855811302
e1t_neuroticism_low,1,0.13397007604728645,0.49254687837973415,0.13509149547431945,0.5073049461000765,0.12543860331681125,0.4833952912575883,0.13552704870905552,0.475292108838091,0.15538796020570197,0.21672000057362073,0.11840527253054403
e1t_neuroticism_low,2,0.1447893035614794,0.4989082773713559,0.1396838302678081,0.49471019549245054,0.15268946410886364,0.4964148949360125,0.15149036965249607,0.470442813280725,0.15085295189798845,0.22036489652682578,0.1292299018802408
e1t_neuroticism_low,3,0.1432891109922826,0.5139808823123951,0.13633812136634535,0.49598919153037735,0.15404829182019195,0.5311817321766118,0.15345301419574528,0.5011370903162239,0.13267946896928684,0.22611715082763642,0.13992665860984344
e1t_neuroticism_low,4,0.1427171731940115,0.4804209387740698,0.14737032674698214,0.5116651666855802,0.1467676189479454,0.5135419081960587,0.14478834881168662,0.5282338392164463,0.14653788883668803,0.2272538995561382,0.12812168262675552
e1t_neuroticism_low,5,0.141356036855465,0.4974588953260806,0.15073380616915943,0.5071530597869025,0.13866857084546372,0.4839426015639697,0.1343935800201579,0.4920718188734078,0.15551424960665913,0.21941795394153016,0.12746997763588466
e1t_neuroticism_low,6,0.1481276915096371,0.4790953567630726,0.15677723690141343,0.4837222209596061,0.17082225102947854,0.5010310363667788,0.1511869089224526,0.5145761360721187,0.14691815551250273,0.2268126388507118,0.11493390518233815
e1t_neuroticism_low,7,0.13621796781772688,0.47163808595904205,0.13797227432274847,0.47882052926690055,0.14251098430731388,0.4799930656639026,0.13698005719134596,0.4765346864215324,0.13642170642548754,0.20856129737599005,0.1272048168417385
e1t_neuroticism_low,8,0.14507742039298113,0.5144319786117479,0.1494119833172402,0.49060790634957746,0.13373299175337763,0.5217553407012742,0.15310849787738523,0.49942832478805016,0.15768374404913113,0.22922296997686606,0.1314498849677715
e1t_norm_baseline,1,0.13597904620390655,0.49617129908359864,0.13652937200913023,0.5014816098045726,0.12261599077862134,0.4819649921928803,0.13278842601865412,0.48360254662612895,0.1586601160026633,0.50997581305622,0.1293013262104638
e1t_norm_baseline,2,0.15113407378171836,0.5017158282276885,0.14371001823419027,0.5001794647979323,0.1601793214844164,0.49470969090680234,0.14832692631758243,0.46550011238183453,0.1556928401769579,0.49783120151938975,0.14776126269544473
e1t_norm_baseline,3,0.1491072184974031,0.5112912342932551,0.13956114169634742,0.49202638263137777,0.16013005959901672,0.5293981553741473,0.15595464246042276,0.4993449427241227,0.13076786915168215,0.5091854813702956,0.15912237957954653
e1t_norm_baseline,4,0.15049829511294638,0.485874984600444,0.14660963592006465,0.5096801136745787,0.14491674385274173,0.510489894613155,0.13989932454384435,0.512957412508073,0.15785290790741582,0.4837701430887498,0.16321286334066534
e1t_norm_baseline,5,0.14354491357062188,0.5035609761837806,0.1504212125559987,0.5072642036168413,0.14393983247463524,0.48899195238137383,0.13218769163628336,0.4970879085952823,0.14866480036439164,0.5040748518795657,0.14251103082180042
e1t_norm_baseline,6,0.151713101680317,0.4775568220221932,0.1569749945364579,0.4881883429347223,0.1682002163264684,0.5146449352431515,0.14418167366268586,0.5272470648022963,0.14427229681867076,0.49420753884205715,0.14493632705730206
e1t_norm_baseline,7,0.14035493364296772,0.4713864587338999,0.14037805195713718,0.4820804200903171,0.14346394454309558,0.48466701097192344,0.13832490625094981,0.47542583194232846,0.13608166870011063,0.4901936386323367,0.14352609676354533
e1t_norm_baseline,8,0.15090925027445393,0.5200436282654504,0.1495128616519791,0.48289823735094745,0.13243120861990945,0.519394839353886,0.15529311086578992,0.48957037683507715,0.1532822930858292,0.4984426726077802,0.16402677714876202
e1t_openness_high,1,0.13144504305088903,0.773194071747769,0.12103530295856138,0.5096415551029909,0.11764424719341267,0.484011612461818,0.13029012613946853,0.4783648314719408,0.1559344969369151,0.505742487672159,0.13232104202608738
e1t_openness_high,2,0.1440411841705977,0.776640965523156,0.11848165506373912,0.4934323627979602,0.16598791400923565,0.49175903413764255,0.14592947309911422,0.4709843117919028,0.149708167056974,0.4959581109233738,0.1400987116239255
e1t_openness_high,3,0.1424759486398613,0.7855936213493142,0.11995986051831782,0.5057350062443222,0.14976490323341732,0.5309284235014109,0.1529671840532713,0.49944821854271937,0.13332214222967587,0.5119972253565033,0.15636565316462417
e1t_openness_high,4,0.1441526671619575,0.7651638389354093,0.12623139334056488,0.5152885746302514,0.14098565194703588,0.5074706575997892,0.14319344538719783,0.5053000291354794,0.14973085565449157,0.48844582975194506,0.16062198948049736
e1t_openness_high,5,0.13918971916265466,0.7694336451622515,0.12215328743288234,0.49627685308596015,0.14802419541268125,0.4907985421855575,0.13213418777825064,0.4874822080678408,0.15475401049605175,0.5003356571972004,0.13888291469340733
e1t_openness_high,6,0.14515395035943338,0.7497680987667908,0.13092923516770805,0.4805801260659503,0.16367765745154414,0.49647023692688713,0.14720772130131793,0.5214845763240669,0.14262182066713347,0.5012112232229173,0.14133331720946335
e1t_openness_high,7,0.13792987168027313,0.7566290940662541,0.12469523196711665,0.4794369905424448,0.14687008038398106,0.4801940285686882,0.1381707724215473,0.47574360386296377,0.1374697939987181,0.4968389150152571,0.14244347963000265
e1t_openness_high,8,0.14141758734896626,0.7820400286384139,0.12435463972022492,0.4882016449243665,0.13131727105271465,0.5194814044857825,0.1519831067957351,0.4997232361515183,0.14047221835661514,0.49898886344390886,0.15896070081954158
e1t_openness_low,1,0.13611151024328946,0.2107817979614307,0.122798809737938,0.4995403708962209,0.12315342621731933,0.49007147908118287,0.14159381386562742,0.4849088315778329,0.15945247647489352,0.5150582119448051,0.13355902492066896
e1t_openness_low,2,0.1484735722231074,0.22221510013986984,0.12670732373393534,0.49852516737277136,0.16236674584607916,0.49133083244940706,0.15311308037113788,0.47620626553759743,0.15037091974438033,0.4961426123764525,0.14980979142000425
e1t_openness_low,3,0.14305684487212106,0.23220782169199208,0.1200928669925745,0.497914553564739,0.16311996120124983,0.530510978911108,0.14861763802281364,0.5032667365342042,0.13046537762768465,0.5015836341627734,0.15298838051628272
e1t_openness_low,4,0.14127199578824728,0.2097872122685013,0.1186016136166598,0.5145703787829154,0.14420050653310879,0.5091890102204457,0.14225916276654055,0.522802555011542,0.1476204001064745,0.4915196804937539,0.1536782959184528
e1t_openness_low,5,0.14251816579774815,0.21914371492178802,0.13603706354427947,0.49799827860168727,0.14461634901289655,0.4880797573090352,0.13284123744438836,0.4908350107123234,0.15486815433581957,0.5047465366957673,0.14422802465135684
e1t_openness_low,6,0.1465972881011417,0.22250007148349252,0.13774793604786678,0.4967341762397253,0.16143850094367604,0.5101148618888536,0.14381200664008875,0.5257175381165664,0.14851929304998276,0.5009740022558672,0.14146870382409404
e1t_openness_low,7,0.13339454479455953,0.19720433011706592,0.11279986685655316,0.47366612122195906,0.14405886766730025,0.475407480870615,0.134072341810119,0.47131129311591174,0.13467273792169995,0.48293813206052827,0.14136890971712518
e1t_openness_low,8,0.1467462137100522,0.2381296017179055,0.132958051260384,0.48934234770916585,0.13559491067027743,0.5217549509844616,0.1542872384280604,0.49257043535347783,0.15465326516817274,0.5012759625641631,0.15623760302336656
e2_diverse,1,0.20622248017567038,0.47233895207128707,0.20789111848306668,0.5045568924225852,0.20021448241566073,0.5040791429073455,0.21445039089413248,0.47191616857783325,0.21422738094510912,0.49759041969057544,0.19432902814038291
e2_diverse,2,0.22128363174811966,0.5080081422811729,0.20920534208804523,0.4666539423795899,0.21192617729953225,0.4701069200326866,0.24040843766265924,0.48168424575374524,0.22663238544955744,0.5002392077756086,0.21824581624080436
e2_diverse,3,0.2137886705309396,0.5092954648430856,0.20968256092114046,0.5366835196054005,0.21507656404956887,0.5391851954969347,0.22374368073805664,0.5023124772294068,0.2082766925521471,0.5127780735240084,0.21216385439378513
e2_diverse,4,0.2091129748577189,0.49343336227351314,0.18460668274500874,0.5325850958625569,0.2064299141133254,0.49687821571689716,0.21411490050233148,0.5046770871328924,0.21686350966174014,0.4867917719665478,0.22354986726618864
e2_diverse,5,0.22164386826110535,0.487742987638804,0.22770165472986326,0.4960739380547571,0.23633916714482156,0.4670903929805382,0.20388527951285745,0.49944548876293104,0.22006130132723759,0.5125810600496948,0.22023193859074688
e2_diverse,6,0.22088183323565141,0.4556755149616673,0.23164194854927553,0.47198873061152113,0.22278490250509783,0.5171403169007605,0.2216801234221877,0.5174507432815454,0.21139042405748376,0.49609303341574273,0.2169117676442124
e2_diverse,7,0.21277856645077015,0.44563018868263454,0.20569012716009652,0.4717258134882078,0.2219796015769423,0.482642861667703,0.2148658351281207,0.46588075267811696,0.20773611793644597,0.48138138353916127,0.2136211504522451
e2_diverse,8,0.22126248033304258,0.5077408405635693,0.22515671188190847,0.4578432487746282,0.2087704221549629,0.5100216258945199,0.23225511396274567,0.5087186086566562,0.22787285014117253,0.49534432592141064,0.21225730352442335
e2_homog,1,0.04532634873463552,0.4987237663611996,0.04550979066971008,0.5004938699348574,0.04087199692620711,0.49398833073096016,0.044262808672884714,0.49453418220870965,0.052886705334221115,0.50332527101874,0.0431004420701546
e2_homog,2,0.050378024593906126,0.5005719427425628,0.04790333941139677,0.5000598215993107,0.05339310716147215,0.49823656363560076,0.04944230877252749,0.48850003746061144,0.051897613392319304,0.49927706717312986,0.04925375423181492
e2_homog,3,0.049702406165801044,0.5037637447644184,0.04652038056544914,0.4973421275437926,0.05337668653300557,0.5097993851247157,0.05198488082014093,0.49978164757470755,0.0435892897172274,0.5030618271234317,0.05304079319318219
e2_homog,4,0.05016609837098214,0.49529166153348136,0.048869878640021555,0.503226704558193,0.04830558128424725,0.5034966315377184,0.046633108181281455,0.5043191375026911,0.05261763596913862,0.49459004769625,0.05440428778022178
e2_homog,5,0.04784830452354064,0.5011869920612603,0.0501404041853329,0.5024214012056138,0.04797994415821175,0.49633065079379135,0.044062563878761125,0.499029302865094,0.04955493345479724,0.5013582839598552,0.04750367694060015
e2_homog,6,0.05057103389343901,0.4925189406740644,0.05232499817881929,0.4960627809782408,0.05606673877548946,0.5048816450810505,0.04806055788756196,0.5090823549340988,0.0480907656062236,0.49806917961401914,0.048312109019100685
e2_homog,7,0.046784977880989245,0.49046215291129996,0.04679268398571241,0.4940268066967724,0.047821314847698526,0.49488900365730776,0.04610830208364994,0.4918086106474428,0.04536055623337021,0.4967312128774454,0.04784203225451512
e2_homog,8,0.050303083424817985,0.5066812094218167,0.0498376205506597,0.4942994124503157,0.044143736206636475,0.5064649464512954,0.05176437028859665,0.49652345894502564,0.051094097695276404,0.4994808908692601,0.05467559238292068
e2_human_norm,1,0.1279065213248199,0.5876874068002088,0.1304573558456299,0.6678879711957538,0.12573993222272334,0.6077109450761699,0.1251230853720795,0.6842420566552466,0.10440971479845046,0.440561333543515,0.15380251838521627
e2_human_norm,2,0.1384223132076821,0.5800634100787627,0.13352146237324605,0.6726421319254731,0.13808142816465077,0.5953325664336038,0.1476752689925976,0.6772763243586882,0.11606496964424816,0.4443244891317731,0.156768436863668
e2_human_norm,3,0.13781360549994429,0.6102076089263316,0.11557580810295898,0.7031878030340514,0.1417341642188952,0.604736366898681,0.15609651705833746,0.6762544726677668,0.12185753738579452,0.46370338166935565,0.1538040007337352
e2_human_norm,4,0.1387527815720472,0.6158827896227751,0.1332459176737037,0.6897013850219134,0.13233546144162076,0.6113397639295551,0.13715745853075012,0.6673255487769564,0.13639526525162263,0.4320494876783541,0.15462980496253886
e2_human_norm,5,0.1365768652605009,0.6012825768575787,0.13290228630538534,0.6709251480333376,0.12480016145803977,0.6098457071133648,0.13900432106928,0.6840636754834735,0.11872151090081111,0.4463544311982312,0.1674560465689882
e2_human_norm,6,0.14197382652136467,0.6355053611465101,0.12192457064070619,0.6937560608407607,0.13540490885671902,0.5888714719997157,0.15842530459286325,0.6738566999730786,0.12257677729992447,0.4161357344919011,0.17153757121661042
e2_human_norm,7,0.13099239233958468,0.5856762287010463,0.11752801770959563,0.6648676884623442,0.1355999480367039,0.5844789594925995,0.14248802984450118,0.6750072289706146,0.119152637370529,0.4210305859520664,0.14019332873659374
e2_human_norm,8,0.1402076080325383,0.5994039504804679,0.12981209336377142,0.6963625384928736,0.14134454703905389,0.5922305052791893,0.1325973643926792,0.6713098949845664,0.13376092049912755,0.47012408552604085,0.16352311486805943
e2_mid,1,0.13597904620390655,0.49617129908359864,0.13652937200913023,0.5014816098045726,0.12261599077862134,0.4819649921928803,0.13278842601865412,0.48360254662612895,0.1586601160026633,0.50997581305622,0.1293013262104638
e2_mid,2,0.15113407378171836,0.5017158282276885,0.14371001823419027,0.5001794647979323,0.1601793214844164,0.49470969090680234,0.14832692631758243,0.46550011238183453,0.1556928401769579,0.49783120151938975,0.14776126269544473
e2_mid,3,0.1491072184974031,0.5112912342932551,0.13956114169634742,0.49202638263137777,0.16013005959901672,0.5293981553741473,0.15595464246042276,0.4993449427241227,0.13076786915168215,0.5091854813702956,0.15912237957954653
e2_mid,4,0.15049829511294638,0.485874984600444,0.14660963592006465,0.5096801136745787,0.14491674385274173,0.510489894613155,0.13989932454384435,0.512957412508073,0.15785290790741582,0.4837701430887498,0.16321286334066534
e2_mid,5,0.14354491357062188,0.5035609761837806,0.1504212125559987,0.5072642036168413,0.14393983247463524,0.48899195238137383,0.13218769163628336,0.4970879085952823,0.14866480036439164,0.5040748518795657,0.14251103082180042
e2_mid,6,0.151713101680317,0.4775568220221932,0.1569749945364579,0.4881883429347223,0.1682002163264684,0.5146449352431515,0.14418167366268586,0.5272470648022963,0.14427229681867076,0.49420753884205715,0.14493632705730206
e2_mid,7,0.14035493364296772,0.4713864587338999,0.14037805195713718,0.4820804200903171,0.14346394454309558,0.48466701097192344,0.13832490625094981,0.47542583194232846,0.13608166870011063,0.4901936386323367,0.14352609676354533
e2_mid,8,0.15090925027445393,0.5200436282654504,0.1495128616519791,0.48289823735094745,0.13243120861990945,0.519394839353886,0.15529311086578992,0.48957037683507715,0.1532822930858292,0.4984426726077802,0.16402677714876202
e2q_diverse,1,0.20622248017567038,0.47233895207128707,0.20789111848306668,0.5045568924225852,0.20021448241566073,0.5040791429073455,0.21445039089413248,0.47191616857783325,0.21422738094510912,0.49759041969057544,0.19432902814038291
e2q_diverse,2,0.22128363174811966,0.5080081422811729,0.20920534208804523,0.4666539423795899,0.21192617729953225,0.4701069200326866,0.24040843766265924,0.48168424575374524,0.22663238544955744,0.5002392077756086,0.21824581624080436
e2q_diverse,3,0.2137886705309396,0.5092954648430856,0.20968256092114046,0.5366835196054005,0.21507656404956887,0.5391851954969347,0.22374368073805664,0.5023124772294068,0.2082766925521471,0.5127780735240084,0.21216385439378513
e2q_diverse,4,0.2091129748577189,0.49343336227351314,0.18460668274500874,0.5325850958625569,0.2064299141133254,0.49687821571689716,0.21411490050233148,0.5046770871328924,0.21686350966174014,0.4867917719665478,0.22354986726618864
e2q_diverse,5,0.22164386826110535,0.487742987638804,0.22770165472986326,0.4960739380547571,0.23633916714482156,0.4670903929805382,0.20388527951285745,0.49944548876293104,0.22006130132723759,0.5125810600496948,0.22023193859074688
e2q_homog,1,0.04532634873463552,0.4987237663611996,0.04550979066971008,0.5004938699348574,0.04087199692620711,0.49398833073096016,0.044262808672884714,0.49453418220870965,0.052886705334221115,0.50332527101874,0.0431004420701546
e2q_homog,2,0.050378024593906126,0.5005719427425628,0.04790333941139677,0.5000598215993107,0.05339310716147215,0.49823656363560076,0.04944230877252749,0.48850003746061144,0.051897613392319304,0.49927706717312986,0.04925375423181492
e2q_homog,3,0.049702406165801044,0.5037637447644184,0.04652038056544914,0.4973421275437926,0.05337668653300557,0.5097993851247157,0.05198488082014093,0.49978164757470755,0.0435892897172274,0.5030618271234317,0.05304079319318219
e2q_homog,4,0.05016609837098214,0.49529166153348136,0.048869878640021555,0.503226704558193,0.04830558128424725,0.5034966315377184,0.046633108181281455,0.5043191375026911,0.05261763596913862,0.49459004769625,0.05440428778022178
e2q_homog,5,0.04784830452354064,0.5011869920612603,0.0501404041853329,0.5024214012056138,0.04797994415821175,0.49633065079379135,0.044062563878761125,0.499029302865094,0.04955493345479724,0.5013582839598552,0.04750367694060015
e2q_human_norm,1,0.1279065213248199,0.5876874068002088,0.1304573558456299,0.6678879711957538,0.12573993222272334,0.6077109450761699,0.1251230853720795,0.6842420566552466,0.10440971479845046,0.440561333543515,0.15380251838521627
e2q_human_norm,2,0.1384223132076821,0.5800634100787627,0.13352146237324605,0.6726421319254731,0.13808142816465077,0.5953325664336038,0.1476752689925976,0.6772763243586882,0.11606496964424816,0.4443244891317731,0.156768436863668
e2q_human_norm,3,0.13781360549994429,0.6102076089263316,0.11557580810295898,0.7031878030340514,0.1417341642188952,0.604736366898681,0.15609651705833746,0.6762544726677668,0.12185753738579452,0.46370338166935565,0.1538040007337352
e2q_human_norm,4,0.1387527815720472,0.6158827896227751,0.1332459176737037,0.6897013850219134,0.13233546144162076,0.6113397639295551,0.13715745853075012,0.6673255487769564,0.13639526525162263,0.4320494876783541,0.15462980496253886
e2q_human_norm,5,0.1365768652605009,0.6012825768575787,0.13290228630538534,0.6709251480333376,0.12480016145803977,0.6098457071133648,0.13900432106928,0.6840636754834735,0.11872151090081111,0.4463544311982312,0.1674560465689882
e2q_mid,1,0.13597904620390655,0.49617129908359864,0.13652937200913023,0.5014816098045726,0.12261599077862134,0.4819649921928803,0.13278842601865412,0.48360254662612895,0.1586601160026633,0.50997581305622,0.1293013262104638
e2q_mid,2,0.15113407378171836,0.5017158282276885,0.14371001823419027,0.5001794647979323,0.1601793214844164,0.49470969090680234,0.14832692631758243,0.46550011238183453,0.1556928401769579,0.49783120151938975,0.14776126269544473
e2q_mid,3,0.1491072184974031,0.5112912342932551,0.13956114169634742,0.49202638263137777,0.16013005959901672,0.5293981553741473,0.15595464246042276,0.4993449427241227,0.13076786915168215,0.5091854813702956,0.15912237957954653
e2q_mid,4,0.15049829511294638,0.485874984600444,0.14660963592006465,0.5096801136745787,0.14491674385274173,0.510489894613155,0.13989932454384435,0.512957412508073,0.15785290790741582,0.4837701430887498,0.16321286334066534
e2q_mid,5,0.14354491357062188,0.5035609761837806,0.1504212125559987,0.5072642036168413,0.14393983247463524,0.48899195238137383,0.13218769163628336,0.4970879085952823,0.14866480036439164,0.5040748518795657,0.14251103082180042
e2qwen7_diverse,1,0.20622248017567038,0.47233895207128707,0.20789111848306668,0.5045568924225852,0.20021448241566073,0.5040791429073455,0.21445039089413248,0.47191616857783325,0.21422738094510912,0.49759041969057544,0.19432902814038291
e2qwen7_diverse,2,0.22128363174811966,0.5080081422811729,0.20920534208804523,0.4666539423795899,0.21192617729953225,0.4701069200326866,0.24040843766265924,0.48168424575374524,0.22663238544955744,0.5002392077756086,0.21824581624080436
e2qwen7_diverse,3,0.2137886705309396,0.5092954648430856,0.20968256092114046,0.5366835196054005,0.21507656404956887,0.5391851954969347,0.22374368073805664,0.5023124772294068,0.2082766925521471,0.5127780735240084,0.21216385439378513
e2qwen7_diverse,4,0.2091129748577189,0.49343336227351314,0.18460668274500874,0.5325850958625569,0.2064299141133254,0.49687821571689716,0.21411490050233148,0.5046770871328924,0.21686350966174014,0.4867917719665478,0.22354986726618864
e2qwen7_diverse,5,0.22164386826110535,0.487742987638804,0.22770165472986326,0.4960739380547571,0.23633916714482156,0.4670903929805382,0.20388527951285745,0.49944548876293104,0.22006130132723759,0.5125810600496948,0.22023193859074688
e2qwen7_diverse,6,0.22088183323565141,0.4556755149616673,0.23164194854927553,0.47198873061152113,0.22278490250509783,0.5171403169007605,0.2216801234221877,0.5174507432815454,0.21139042405748376,0.49609303341574273,0.2169117676442124
e2qwen7_diverse,7,0.21277856645077015,0.44563018868263454,0.20569012716009652,0.4717258134882078,0.2219796015769423,0.482642861667703,0.2148658351281207,0.46588075267811696,0.20773611793644597,0.48138138353916127,0.2136211504522451
e2qwen7_diverse,8,0.22126248033304258,0.5077408405635693,0.22515671188190847,0.4578432487746282,0.2087704221549629,0.5100216258945199,0.23225511396274567,0.5087186086566562,0.22787285014117253,0.49534432592141064,0.21225730352442335
e2qwen7_homog,1,0.04532634873463552,0.4987237663611996,0.04550979066971008,0.5004938699348574,0.04087199692620711,0.49398833073096016,0.044262808672884714,0.49453418220870965,0.052886705334221115,0.50332527101874,0.0431004420701546
e2qwen7_homog,2,0.050378024593906126,0.5005719427425628,0.04790333941139677,0.5000598215993107,0.05339310716147215,0.49823656363560076,0.04944230877252749,0.48850003746061144,0.051897613392319304,0.49927706717312986,0.04925375423181492
e2qwen7_homog,3,0.049702406165801044,0.5037637447644184,0.04652038056544914,0.4973421275437926,0.05337668653300557,0.5097993851247157,0.05198488082014093,0.49978164757470755,0.0435892897172274,0.5030618271234317,0.05304079319318219
e2qwen7_homog,4,0.05016609837098214,0.49529166153348136,0.048869878640021555,0.503226704558193,0.04830558128424725,0.5034966315377184,0.046633108181281455,0.5043191375026911,0.05261763596913862,0.49459004769625,0.05440428778022178
e2qwen7_homog,5,0.04784830452354064,0.5011869920612603,0.0501404041853329,0.5024214012056138,0.04797994415821175,0.49633065079379135,0.044062563878761125,0.499029302865094,0.04955493345479724,0.5013582839598552,0.04750367694060015
e2qwen7_homog,6,0.05057103389343901,0.4925189406740644,0.05232499817881929,0.4960627809782408,0.05606673877548946,0.5048816450810505,0.04806055788756196,0.5090823549340988,0.0480907656062236,0.49806917961401914,0.048312109019100685
e2qwen7_homog,7,0.046784977880989245,0.49046215291129996,0.04679268398571241,0.4940268066967724,0.047821314847698526,0.49488900365730776,0.04610830208364994,0.4918086106474428,0.04536055623337021,0.4967312128774454,0.04784203225451512
e2qwen7_homog,8,0.050303083424817985,0.5066812094218167,0.0498376205506597,0.4942994124503157,0.044143736206636475,0.5064649464512954,0.05176437028859665,0.49652345894502564,0.051094097695276404,0.4994808908692601,0.05467559238292068
e2qwen7_human_norm,1,0.1279065213248199,0.5876874068002088,0.1304573558456299,0.6678879711957538,0.12573993222272334,0.6077109450761699,0.1251230853720795,0.6842420566552466,0.10440971479845046,0.440561333543515,0.15380251838521627
e2qwen7_human_norm,2,0.1384223132076821,0.5800634100787627,0.13352146237324605,0.6726421319254731,0.13808142816465077,0.5953325664336038,0.1476752689925976,0.6772763243586882,0.11606496964424816,0.4443244891317731,0.156768436863668
e2qwen7_human_norm,3,0.13781360549994429,0.6102076089263316,0.11557580810295898,0.7031878030340514,0.1417341642188952,0.604736366898681,0.15609651705833746,0.6762544726677668,0.12185753738579452,0.46370338166935565,0.1538040007337352
e2qwen7_human_norm,4,0.1387527815720472,0.6158827896227751,0.1332459176737037,0.6897013850219134,0.13233546144162076,0.6113397639295551,0.13715745853075012,0.6673255487769564,0.13639526525162263,0.4320494876783541,0.15462980496253886
e2qwen7_human_norm,5,0.1365768652605009,0.6012825768575787,0.13290228630538534,0.6709251480333376,0.12480016145803977,0.6098457071133648,0.13900432106928,0.6840636754834735,0.11872151090081111,0.4463544311982312,0.1674560465689882
e2qwen7_human_norm,6,0.14197382652136467,0.6355053611465101,0.12192457064070619,0.6937560608407607,0.13540490885671902,0.5888714719997157,0.15842530459286325,0.6738566999730786,0.12257677729992447,0.4161357344919011,0.17153757121661042
e2qwen7_human_norm,7,0.13099239233958468,0.5856762287010463,0.11752801770959563,0.6648676884623442,0.1355999480367039,0.5844789594925995,0.14248802984450118,0.6750072289706146,0.119152637370529,0.4210305859520664,0.14019332873659374
e2qwen7_human_norm,8,0.1402076080325383,0.5994039504804679,0.12981209336377142,0.6963625384928736,0.14134454703905389,0.5922305052791893,0.1325973643926792,0.6713098949845664,0.13376092049912755,0.47012408552604085,0.16352311486805943
e2qwen7_mid,1,0.13597904620390655,0.49617129908359864,0.13652937200913023,0.5014816098045726,0.12261599077862134,0.4819649921928803,0.13278842601865412,0.48360254662612895,0.1586601160026633,0.50997581305622,0.1293013262104638
e2qwen7_mid,2,0.15113407378171836,0.5017158282276885,0.14371001823419027,0.5001794647979323,0.1601793214844164,0.49470969090680234,0.14832692631758243,0.46550011238183453,0.1556928401769579,0.49783120151938975,0.14776126269544473
e2qwen7_mid,3,0.1491072184974031,0.5112912342932551,0.13956114169634742,0.49202638263137777,0.16013005959901672,0.5293981553741473,0.15595464246042276,0.4993449427241227,0.13076786915168215,0.5091854813702956,0.15912237957954653
e2qwen7_mid,4,0.15049829511294638,0.485874984600444,0.14660963592006465,0.5096801136745787,0.14491674385274173,0.510489894613155,0.13989932454384435,0.512957412508073,0.15785290790741582,0.4837701430887498,0.16321286334066534
e2qwen7_mid,5,0.14354491357062188,0.5035609761837806,0.1504212125559987,0.5072642036168413,0.14393983247463524,0.48899195238137383,0.13218769163628336,0.4970879085952823,0.14866480036439164,0.5040748518795657,0.14251103082180042
e2qwen7_mid,6,0.151713101680317,0.4775568220221932,0.1569749945364579,0.4881883429347223,0.1682002163264684,0.5146449352431515,0.14418167366268586,0.5272470648022963,0.14427229681867076,0.49420753884205715,0.14493632705730206
e2qwen7_mid,7,0.14035493364296772,0.4713864587338999,0.14037805195713718,0.4820804200903171,0.14346394454309558,0.48466701097192344,0.13832490625094981,0.47542583194232846,0.13608166870011063,0.4901936386323367,0.14352609676354533
e2qwen7_mid,8,0.15090925027445393,0.5200436282654504,0.1495128616519791,0.48289823735094745,0.13243120861990945,0.519394839353886,0.15529311086578992,0.48957037683507715,0.1532822930858292,0.4984426726077802,0.16402677714876202
e2t_diverse,1,0.20622248017567038,0.47233895207128707,0.20789111848306668,0.5045568924225852,0.20021448241566073,0.5040791429073455,0.21445039089413248,0.47191616857783325,0.21422738094510912,0.49759041969057544,0.19432902814038291
e2t_diverse,2,0.22128363174811966,0.5080081422811729,0.20920534208804523,0.4666539423795899,0.21192617729953225,0.4701069200326866,0.24040843766265924,0.48168424575374524,0.22663238544955744,0.5002392077756086,0.21824581624080436
e2t_diverse,3,0.2137886705309396,0.5092954648430856,0.20968256092114046,0.5366835196054005,0.21507656404956887,0.5391851954969347,0.22374368073805664,0.5023124772294068,0.2082766925521471,0.5127780735240084,0.21216385439378513
e2t_diverse,4,0.2091129748577189,0.49343336227351314,0.18460668274500874,0.5325850958625569,0.2064299141133254,0.49687821571689716,0.21411490050233148,0.5046770871328924,0.21686350966174014,0.4867917719665478,0.22354986726618864
e2t_diverse,5,0.22164386826110535,0.487742987638804,0.22770165472986326,0.4960739380547571,0.23633916714482156,0.4670903929805382,0.20388527951285745,0.49944548876293104,0.22006130132723759,0.5125810600496948,0.22023193859074688
e2t_diverse,6,0.22088183323565141,0.4556755149616673,0.23164194854927553,0.47198873061152113,0.22278490250509783,0.5171403169007605,0.2216801234221877,0.5174507432815454,0.21139042405748376,0.49609303341574273,0.2169117676442124
e2t_diverse,7,0.21277856645077015,0.44563018868263454,0.20569012716009652,0.4717258134882078,0.2219796015769423,0.482642861667703,0.2148658351281207,0.46588075267811696,0.20773611793644597,0.48138138353916127,0.2136211504522451
e2t_diverse,8,0.22126248033304258,0.5077408405635693,0.22515671188190847,0.4578432487746282,0.2087704221549629,0.5100216258945199,0.23225511396274567,0.5087186086566562,0.22787285014117253,0.49534432592141064,0.21225730352442335
e2t_homog,1,0.04532634873463552,0.4987237663611996,0.04550979066971008,0.5004938699348574,0.04087199692620711,0.49398833073096016,0.044262808672884714,0.49453418220870965,0.052886705334221115,0.50332527101874,0.0431004420701546
e2t_homog,2,0.050378024593906126,0.5005719427425628,0.04790333941139677,0.5000598215993107,0.05339310716147215,0.49823656363560076,0.04944230877252749,0.48850003746061144,0.051897613392319304,0.49927706717312986,0.04925375423181492
e2t_homog,3,0.049702406165801044,0.5037637447644184,0.04652038056544914,0.4973421275437926,0.05337668653300557,0.5097993851247157,0.05198488082014093,0.49978164757470755,0.0435892897172274,0.5030618271234317,0.05304079319318219
e2t_homog,4,0.05016609837098214,0.49529166153348136,0.048869878640021555,0.503226704558193,0.04830558128424725,0.5034966315377184,0.046633108181281455,0.5043191375026911,0.05261763596913862,0.49459004769625,0.05440428778022178
e2t_homog,5,0.04784830452354064,0.5011869920612603,0.0501404041853329,0.5024214012056138,0.04797994415821175,0.49633065079379135,0.044062563878761125,0.499029302865094,0.04955493345479724,0.5013582839598552,0.04750367694060015
e2t_homog,6,0.05057103389343901,0.4925189406740644,0.05232499817881929,0.4960627809782408,0.05606673877548946,0.5048816450810505,0.04806055788756196,0.5090823549340988,0.0480907656062236,0.49806917961401914,0.048312109019100685
e2t_homog,7,0.046784977880989245,0.49046215291129996,0.04679268398571241,0.4940268066967724,0.047821314847698526,0.49488900365730776,0.04610830208364994,0.4918086106474428,0.04536055623337021,0.4967312128774454,0.04784203225451512
e2t_homog,8,0.050303083424817985,0.5066812094218167,0.0498376205506597,0.4942994124503157,0.044143736206636475,0.5064649464512954,0.05176437028859665,0.49652345894502564,0.051094097695276404,0.4994808908692601,0.05467559238292068
e2t_human_norm,1,0.1279065213248199,0.5876874068002088,0.1304573558456299,0.6678879711957538,0.12573993222272334,0.6077109450761699,0.1251230853720795,0.6842420566552466,0.10440971479845046,0.440561333543515,0.15380251838521627
e2t_human_norm,2,0.1384223132076821,0.5800634100787627,0.13352146237324605,0.6726421319254731,0.13808142816465077,0.5953325664336038,0.1476752689925976,0.6772763243586882,0.11606496964424816,0.4443244891317731,0.156768436863668
e2t_human_norm,3,0.13781360549994429,0.6102076089263316,0.11557580810295898,0.7031878030340514,0.1417341642188952,0.604736366898681,0.15609651705833746,0.6762544726677668,0.12185753738579452,0.46370338166935565,0.1538040007337352
e2t_human_norm,4,0.1387527815720472,0.6158827896227751,0.1332459176737037,0.6897013850219134,0.13233546144162076,0.6113397639295551,0.13715745853075012,0.6673255487769564,0.13639526525162263,0.4320494876783541,0.15462980496253886
e2t_human_norm,5,0.1365768652605009,0.6012825768575787,0.13290228630538534,0.6709251480333376,0.12480016145803977,0.6098457071133648,0.13900432106928,0.6840636754834735,0.11872151090081111,0.4463544311982312,0.1674560465689882
e2t_human_norm,6,0.14197382652136467,0.6355053611465101,0.12192457064070619,0.6937560608407607,0.13540490885671902,0.5888714719997157,0.15842530459286325,0.6738566999730786,0.12257677729992447,0.4161357344919011,0.17153757121661042
e2t_human_norm,7,0.13099239233958468,0.5856762287010463,0.11752801770959563,0.6648676884623442,0.1355999480367039,0.5844789594925995,0.14248802984450118,0.6750072289706146,0.119152637370529,0.4210305859520664,0.14019332873659374
e2t_human_norm,8,0.1402076080325383,0.5994039504804679,0.12981209336377142,0.6963625384928736,0.14134454703905389,0.5922305052791893,0.1325973643926792,0.6713098949845664,0.13376092049912755,0.47012408552604085,0.16352311486805943
e2t_mid,1,0.13597904620390655,0.49617129908359864,0.13652937200913023,0.5014816098045726,0.12261599077862134,0.4819649921928803,0.13278842601865412,0.48360254662612895,0.1586601160026633,0.50997581305622,0.1293013262104638
e2t_mid,2,0.15113407378171836,0.5017158282276885,0.14371001823419027,0.5001794647979323,0.1601793214844164,0.49470969090680234,0.14832692631758243,0.46550011238183453,0.1556928401769579,0.49783120151938975,0.14776126269544473
e2t_mid,3,0.1491072184974031,0.5112912342932551,0.13956114169634742,0.49202638263137777,0.16013005959901672,0.5293981553741473,0.15595464246042276,0.4993449427241227,0.13076786915168215,0.5091854813702956,0.15912237957954653
e2t_mid,4,0.15049829511294638,0.485874984600444,0.14660963592006465,0.5096801136745787,0.14491674385274173,0.510489894613155,0.13989932454384435,0.512957412508073,0.15785290790741582,0.4837701430887498,0.16321286334066534
e2t_mid,5,0.14354491357062188,0.5035609761837806,0.1504212125559987,0.5072642036168413,0.14393983247463524,0.48899195238137383,0.13218769163628336,0.4970879085952823,0.14866480036439164,0.5040748518795657,0.14251103082180042
e2t_mid,6,0.151713101680317,0.4775568220221932,0.1569749945364579,0.4881883429347223,0.1682002163264684,0.5146449352431515,0.14418167366268586,0.5272470648022963,0.14427229681867076,0.49420753884205715,0.14493632705730206
e2t_mid,7,0.14035493364296772,0.4713864587338999,0.14037805195713718,0.4820804200903171,0.14346394454309558,0.48466701097192344,0.13832490625094981,0.47542583194232846,0.13608166870011063,0.4901936386323367,0.14352609676354533
e2t_mid,8,0.15090925027445393,0.5200436282654504,0.1495128616519791,0.48289823735094745,0.13243120861990945,0.519394839353886,0.15529311086578992,0.48957037683507715,0.1532822930858292,0.4984426726077802,0.16402677714876202
e3_O2_A2,1,0.13410532330497674,0.2184726782309009,0.12414470462207952,0.5069103918872709,0.12405737665033813,0.49271256647089473,0.15798952010336195,0.2257975133527847,0.13084291602313644,0.5043203997036688,0.13349209912596754
e3_O2_A2,2,0.14221172206366908,0.21902399319937063,0.12061800803556803,0.4939597351334293,0.16139730892151677,0.48756931184675634,0.15534134957066864,0.21019744291405196,0.1268967783429234,0.49385962262472616,0.1468051654476686
e3_O2_A2,3,0.14096314156626688,0.23555765165409856,0.12166766560227811,0.4963345911309564,0.16266766135218447,0.5336740330559261,0.14918767420438506,0.21791708514461036,0.11790210802736142,0.5035006581966383,0.15339059864512533
e3_O2_A2,4,0.13858943886278557,0.2057795146627812,0.12232036258746558,0.5233915420765749,0.14748702522984242,0.5002220766186828,0.14513794701747137,0.24427510096039207,0.12654419238758288,0.5002538324694017,0.1514576670915657
e3_O2_A2,5,0.1380583213421672,0.2185137177918477,0.1390794793838818,0.49651243275529794,0.14398171933294954,0.49191339903980263,0.1267216139619664,0.2218748760634336,0.12387595200165083,0.495523545094931,0.15663284203038735
e3_O2_A2,6,0.14131308503553647,0.2132550911982198,0.13406452362256882,0.4879370381145934,0.15574461107565515,0.5092230657573908,0.14282285780316512,0.2369436078817564,0.12952033686236572,0.5038899322088913,0.14441309581392775
e3_O2_A2,7,0.12788862481588206,0.20583245717337795,0.11341222257350342,0.4863167865771701,0.14183016708895543,0.48212699014785004,0.1333673218311865,0.2057810752080858,0.11382585991662396,0.48225000137166135,0.13700755266914105
e3_O2_A2,8,0.1392707583484057,0.23656522236657818,0.12796150534555392,0.48104256534171363,0.1384736256419252,0.5269489957604885,0.15015018688623863,0.22314518575575637,0.12958477617095712,0.4948418709642264,0.1501836976973536
e3_O2_A5,1,0.13611151024328946,0.2107817979614307,0.122798809737938,0.4995403708962209,0.12315342621731933,0.49007147908118287,0.14159381386562742,0.4849088315778329,0.15945247647489352,0.5150582119448051,0.13355902492066896
e3_O2_A5,2,0.1484735722231074,0.22221510013986984,0.12670732373393534,0.49852516737277136,0.16236674584607916,0.49133083244940706,0.15311308037113788,0.47620626553759743,0.15037091974438033,0.4961426123764525,0.14980979142000425
e3_O2_A5,3,0.14305684487212106,0.23220782169199208,0.1200928669925745,0.497914553564739,0.16311996120124983,0.530510978911108,0.14861763802281364,0.5032667365342042,0.13046537762768465,0.5015836341627734,0.15298838051628272
e3_O2_A5,4,0.14127199578824728,0.2097872122685013,0.1186016136166598,0.5145703787829154,0.14420050653310879,0.5091890102204457,0.14225916276654055,0.522802555011542,0.1476204001064745,0.4915196804937539,0.1536782959184528
e3_O2_A5,5,0.14251816579774815,0.21914371492178802,0.13603706354427947,0.49799827860168727,0.14461634901289655,0.4880797573090352,0.13284123744438836,0.4908350107123234,0.15486815433581957,0.5047465366957673,0.14422802465135684
e3_O2_A5,6,0.1465972881011417,0.22250007148349252,0.13774793604786678,0.4967341762397253,0.16143850094367604,0.5101148618888536,0.14381200664008875,0.5257175381165664,0.14851929304998276,0.5009740022558672,0.14146870382409404
e3_O2_A5,7,0.13339454479455953,0.19720433011706592,0.11279986685655316,0.47366612122195906,0.14405886766730025,0.475407480870615,0.134072341810119,0.47131129311591174,0.13467273792169995,0.48293813206052827,0.14136890971712518
e3_O2_A5,8,0.1467462137100522,0.2381296017179055,0.132958051260384,0.48934234770916585,0.13559491067027743,0.5217549509844616,0.1542872384280604,0.49257043535347783,0.15465326516817274,0.5012759625641631,0.15623760302336656
e3_O2_A8,1,0.12850495805539883,0.20571743932552441,0.11791245564789825,0.5115747874533192,0.12285554863677302,0.5013939761199446,0.13761935298813402,0.762771849012784,0.13255852702173943,0.5106136458590725,0.13157890598244934
e3_O2_A8,2,0.14350256021940933,0.21727576378446212,0.12049515866124035,0.49294662161716174,0.16350927452902148,0.4917226290047715,0.1560875326599927,0.7550037289191118,0.13246345343923935,0.4952270774641272,0.14495738180755263
e3_O2_A8,3,0.14241868086512183,0.2317873353687097,0.12500091986214826,0.4984308974114973,0.16385070884332886,0.5324367282882484,0.14909059407403055,0.7727756682989988,0.12013191586587957,0.5054825563271288,0.15401926568022176
e3_O2_A8,4,0.13645555332099862,0.2030630726231544,0.1177325521787653,0.5143203959373936,0.14428367629624456,0.5061899037579106,0.14112841618960928,0.7801426481681288,0.12383318556229604,0.49880270262696996,0.15529993637807776
e3_O2_A8,5,0.13890491838556043,0.21250048990268883,0.1363633369169902,0.49554914851757054,0.142199545055187,0.493312225187367,0.12875824163591088,0.7666241567355988,0.13101044141209997,0.4989841879277205,0.15619302690761402
e3_O2_A8,6,0.13737265882197275,0.22051794873133138,0.13524249171757538,0.49831266696607,0.1564526832350214,0.5083936221260782,0.1378260755320039,0.78314795968336,0.12157542357686375,0.5024234494676126,0.13576662004839932
e3_O2_A8,7,0.12801031441866167,0.20111153695891829,0.11428811320611545,0.47938594703995635,0.1370878019689514,0.47919787243727013,0.13094392768957328,0.7525461631154599,0.11683853848425012,0.4869335655144878,0.14089319074441806
e3_O2_A8,8,0.14151310253226135,0.23632028119439094,0.12720128952173312,0.49280414390473437,0.1376962754839272,0.5127800252538798,0.14968314738368324,0.7571487063183411,0.13418602827433032,0.4995766682823309,0.15879877199763293
e3_O5_A2,1,0.1354277275392655,0.4961379730939494,0.1372442152422263,0.5135517940168739,0.1274572996960296,0.48120587965254574,0.14373988589538317,0.22590959975657832,0.1318927170387219,0.5005617572041282,0.13680451982396633
e3_O5_A2,2,0.14254747921435068,0.4977924748119063,0.13290681430028303,0.49659687509879247,0.16172706714769244,0.49369903452056874,0.15351292155689067,0.20352305304084595,0.12404494125820131,0.49451102453587853,0.1405456518086858
e3_O5_A2,3,0.14643861695615784,0.5145778559362393,0.14002255746886105,0.49140398177988337,0.16028293995852297,0.5324905577588446,0.1521637079824266,0.21431825015633593,0.12032316112792112,0.5081855675943959,0.15940071824305757
e3_O5_A2,4,0.14204811508376064,0.483619623484039,0.14407758056914954,0.5222021987324544,0.14826012428207275,0.5002725468572684,0.14077242962616784,0.24851086733462957,0.12475498345939762,0.49674629908757884,0.15237545748201545
e3_O5_A2,5,0.14085616603602547,0.49828318671956945,0.15362854501176887,0.4967084539625543,0.1498610674747594,0.49379901431330386,0.1301931155502199,0.22595322322444594,0.12881657663991714,0.5044994752281942,0.14178152550346204
e3_O5_A2,6,0.14654476623268425,0.47521556758316286,0.1555376153093326,0.4803245022802162,0.16044798095184565,0.5139023131007128,0.1412644730242179,0.2415655404387009,0.12905389274014598,0.4942304675394251,0.14641986913787924
e3_O5_A2,7,0.13426415040592957,0.47450339132990527,0.13909294866687305,0.4853263651206045,0.14145406387005038,0.47613106947537887,0.13411069767383477,0.1991162438661744,0.11432982972756907,0.48647385169583046,0.1423332120913204
e3_O5_A2,8,0.14405004733052254,0.5105213089304015,0.14870385321492052,0.49084047260247254,0.13299506164346692,0.5291655695777389,0.15204638181342398,0.22704954562867966,0.12907176244487203,0.4958998090961005,0.1574331775359292
e3_O5_A5,1,0.13597904620390655,0.49617129908359864,0.13652937200913023,0.5014816098045726,0.12261599077862134,0.4819649921928803,0.13278842601865412,0.48360254662612895,0.1586601160026633,0.50997581305622,0.1293013262104638
e3_O5_A5,2,0.15113407378171836,0.5017158282276885,0.14371001823419027,0.5001794647979323,0.1601793214844164,0.49470969090680234,0.14832692631758243,0.46550011238183453,0.1556928401769579,0.49783120151938975,0.14776126269544473
e3_O5_A5,3,0.1491072184974031,0.5112912342932551,0.13956114169634742,0.49202638263137777,0.16013005959901672,0.5293981553741473,0.15595464246042276,0.4993449427241227,0.13076786915168215,0.5091854813702956,0.15912237957954653
e3_O5_A5,4,0.15049829511294638,0.485874984600444,0.14660963592006465,0.5096801136745787,0.14491674385274173,0.510489894613155,0.13989932454384435,0.512957412508073,0.15785290790741582,0.4837701430887498,0.16321286334066534
e3_O5_A5,5,0.14354491357062188,0.5035609761837806,0.1504212125559987,0.5072642036168413,0.14393983247463524,0.48899195238137383,0.13218769163628336,0.4970879085952823,0.14866480036439164,0.5040748518795657,0.14251103082180042
e3_O5_A5,6,0.151713101680317,0.4775568220221932,0.1569749945364579,0.4881883429347223,0.1682002163264684,0.5146449352431515,0.14418167366268586,0.5272470648022963,0.14427229681867076,0.49420753884205715,0.14493632705730206
e3_O5_A5,7,0.14035493364296772,0.4713864587338999,0.14037805195713718,0.4820804200903171,0.14346394454309558,0.48466701097192344,0.13832490625094981,0.47542583194232846,0.13608166870011063,0.4901936386323367,0.14352609676354533
e3_O5_A5,8,0.15090925027445393,0.5200436282654504,0.1495128616519791,0.48289823735094745,0.13243120861990945,0.519394839353886,0.15529311086578992,0.48957037683507715,0.1532822930858292,0.4984426726077802,0.16402677714876202
e3_O5_A8,1,0.13079583753972496,0.4844003047994802,0.13286811816831084,0.513042652652841,0.12360684086146308,0.4931667751727579,0.134231654949282,0.7592824051091062,0.13254488023795816,0.5070069482435465,0.13072769348161056
e3_O5_A8,2,0.1471763005334074,0.4972478660660035,0.13859726153279775,0.49863033156013264,0.16250943346748678,0.4956748992419221,0.15082093269729355,0.7506008822484924,0.14083297884064017,0.5027040604090305,0.1431208961288187
e3_O5_A8,3,0.14463109540957741,0.5083007516675861,0.14120933038364875,0.4971558855512068,0.16283315067406817,0.533114589355544,0.15033884618632237,0.7805425733466405,0.11144304078700547,0.5095556594908937,0.1573311090168423
e3_O5_A8,4,0.1426937015277042,0.4678820672604312,0.14515013556823103,0.5153670799792078,0.14241224005884182,0.5050072281305924,0.13932341747974694,0.7830104486185376,0.1263137369811578,0.48276261981264956,0.16026897755054328
e3_O5_A8,5,0.1404113489093775,0.49600850753967335,0.14726246553663178,0.4974303150418724,0.14590502901317892,0.4947584081331172,0.13007281058360212,0.7656932001385336,0.13101451085849045,0.5060172174366555,0.14780192855498422
e3_O5_A8,6,0.1451559837870302,0.4791702626879536,0.16347974589175354,0.49314948328921304,0.16229277462533356,0.5063552259885274,0.14411766535987358,0.7884082263170724,0.11887120094977296,0.49694833346607736,0.13701853210841727
e3_O5_A8,7,0.135061659575094,0.47421053208655634,0.14045137457901827,0.48539010621502093,0.13808510406240943,0.48032328516663797,0.13569032687787588,0.7555542719774677,0.11677880473227048,0.49285019199543206,0.1443026876238958
e3_O5_A8,8,0.1459307683260201,0.5188467605965819,0.14370693593966116,0.49638370208954746,0.13502179406182827,0.5146333762113009,0.15237531546465063,0.763048011226747,0.1327133639716382,0.49926871079419155,0.16583643219232205
e3_O8_A2,1,0.13065490256086193,0.778587810529934,0.12422951842728654,0.5129092649387288,0.122449129873427,0.48414920267546824,0.14592653199974484,0.2180476974284188,0.12891712566558228,0.4980445090483764,0.13175220683826894
e3_O8_A2,2,0.13770722713769268,0.7793917964430661,0.1135155289679548,0.4890619965848242,0.16456730875554082,0.48882189367224166,0.15063777208995083,0.20392855870541346,0.11813368020603936,0.5041820743500882,0.14168184566897754
e3_O8_A2,3,0.14100170729184897,0.7864189513989559,0.12416447999860217,0.5004506543310657,0.14910403067795291,0.5402043027087481,0.1507111488839068,0.2192433726206713,0.12395718932120081,0.5119623114524049,0.15707168757758205
e3_O8_A2,4,0.13874938595965786,0.7565605765170409,0.1278680829907274,0.5239084523739013,0.14606494787618682,0.49910799171626297,0.14768406658581157,0.2391566539994184,0.12075914450469992,0.502562907101337,0.1513706878408635
e3_O8_A2,5,0.1351326021129998,0.7658258586844192,0.1266842354663541,0.49687393109722144,0.14702841559429242,0.49141337382060085,0.12542053966413452,0.2196350637502148,0.12571676280643276,0.4930431179653374,0.15081305703378514
e3_O8_A2,6,0.13951964675982884,0.7549667765384476,0.127090103604224,0.4827170743689426,0.1610429182350791,0.5071964336181352,0.1403323098512166,0.23801383345832666,0.1262542919061263,0.5039693518454913,0.14287861020249817
e3_O8_A2,7,0.13210218406393257,0.7505622705661059,0.12669776800516191,0.4850707633089169,0.14418541616441513,0.48336626182665676,0.13487482546384683,0.20678343351279987,0.11453147194696886,0.49308554029800084,0.1402214387392701
e3_O8_A2,8,0.13919167092447798,0.7771651987788394,0.1269148701725406,0.4876494145358703,0.13712893748328456,0.5235176519236431,0.14868289737416648,0.22364826150750783,0.1260843837886618,0.48574724815510156,0.15714726580373653
e3_O8_A5,1,0.13144504305088903,0.773194071747769,0.12103530295856138,0.5096415551029909,0.11764424719341267,0.484011612461818,0.13029012613946853,0.4783648314719408,0.1559344969369151,0.505742487672159,0.13232104202608738
e3_O8_A5,2,0.1440411841705977,0.776640965523156,0.11848165506373912,0.4934323627979602,0.16598791400923565,0.49175903413764255,0.14592947309911422,0.4709843117919028,0.149708167056974,0.4959581109233738,0.1400987116239255
e3_O8_A5,3,0.1424759486398613,0.7855936213493142,0.11995986051831782,0.5057350062443222,0.14976490323341732,0.5309284235014109,0.1529671840532713,0.49944821854271937,0.13332214222967587,0.5119972253565033,0.15636565316462417
e3_O8_A5,4,0.1441526671619575,0.7651638389354093,0.12623139334056488,0.5152885746302514,0.14098565194703588,0.5074706575997892,0.14319344538719783,0.5053000291354794,0.14973085565449157,0.48844582975194506,0.16062198948049736
e3_O8_A5,5,0.13918971916265466,0.7694336451622515,0.12215328743288234,0.49627685308596015,0.14802419541268125,0.4907985421855575,0.13213418777825064,0.4874822080678408,0.15475401049605175,0.5003356571972004,0.13888291469340733
e3_O8_A5,6,0.14515395035943338,0.7497680987667908,0.13092923516770805,0.4805801260659503,0.16367765745154414,0.49647023692688713,0.14720772130131793,0.5214845763240669,0.14262182066713347,0.5012112232229173,0.14133331720946335
e3_O8_A5,7,0.13792987168027313,0.7566290940662541,0.12469523196711665,0.4794369905424448,0.14687008038398106,0.4801940285686882,0.1381707724215473,0.47574360386296377,0.1374697939987181,0.4968389150152571,0.14244347963000265
e3_O8_A5,8,0.14141758734896626,0.7820400286384139,0.12435463972022492,0.4882016449243665,0.13131727105271465,0.5194814044857825,0.1519831067957351,0.4997232361515183,0.14047221835661514,0.49898886344390886,0.15896070081954158
e3_O8_A8,1,0.12594942218921862,0.7730506348906069,0.12324237292463651,0.5168552937486829,0.11748541473949159,0.4950239666940472,0.1285480519439355,0.7592067833433838,0.130404477406002,0.5051234502719787,0.13006679393202755
e3_O8_A8,2,0.14178996124076,0.7780050368672212,0.11995016243164108,0.4919302900482558,0.1644651364139807,0.49058712755792766,0.14976535821752202,0.7562453414676652,0.13694748873494292,0.492690001333667,0.13782166040571334
e3_O8_A8,3,0.13840903841014446,0.7801436858629641,0.1250708269470797,0.5012740348749496,0.14975703161246984,0.5359622980207206,0.1468461986804697,0.7797736576751062,0.11272863068781905,0.5184748273206743,0.15764250412288414
e3_O8_A8,4,0.14037329096288437,0.7556776082387202,0.13254614603799056,0.5118233987671776,0.13692495948990077,0.4972341216217662,0.1431683365981605,0.7815483310469454,0.12654151530997998,0.4887494655487414,0.1626854973783901
e3_O8_A8,5,0.1355430175923176,0.7696635280799136,0.1253198791409233,0.4976193740880304,0.14318646673790236,0.48920263092437877,0.128325434027375,0.763687396896258,0.13012711306679375,0.49772425111987656,0.15075619498859344
e3_O8_A8,6,0.13734890783990156,0.749311118086234,0.13018132081396755,0.4844511729509941,0.1571452206372776,0.4983391965924238,0.14216210253544034,0.7816792330724047,0.12446607368135514,0.5057460172181716,0.13278982153146723
e3_O8_A8,7,0.13155001927706397,0.7553904867161176,0.12545894968119978,0.4827145319514288,0.1377044319786704,0.4815246125211277,0.1323770533913518,0.7577602161305986,0.11573157168145927,0.4952132460394049,0.14647808965263856
e3_O8_A8,8,0.1368540731505466,0.7828764554823434,0.11691664037263562,0.4861736891483973,0.1341857918798536,0.5097062183398811,0.1482877551544509,0.7733260167759026,0.12282050963751218,0.4937292772582404,0.16205966870828065
e3l_O2_A2,1,0.13410532330497674,0.2184726782309009,0.12414470462207952,0.5069103918872709,0.12405737665033813,0.49271256647089473,0.15798952010336195,0.2257975133527847,0.13084291602313644,0.5043203997036688,0.13349209912596754
e3l_O2_A2,2,0.14221172206366908,0.21902399319937063,0.12061800803556803,0.4939597351334293,0.16139730892151677,0.48756931184675634,0.15534134957066864,0.21019744291405196,0.1268967783429234,0.49385962262472616,0.1468051654476686
e3l_O2_A2,3,0.14096314156626688,0.23555765165409856,0.12166766560227811,0.4963345911309564,0.16266766135218447,0.5336740330559261,0.14918767420438506,0.21791708514461036,0.11790210802736142,0.5035006581966383,0.15339059864512533
e3l_O2_A2,4,0.13858943886278557,0.2057795146627812,0.12232036258746558,0.5233915420765749,0.14748702522984242,0.5002220766186828,0.14513794701747137,0.24427510096039207,0.12654419238758288,0.5002538324694017,0.1514576670915657
e3l_O2_A2,5,0.1380583213421672,0.2185137177918477,0.1390794793838818,0.49651243275529794,0.14398171933294954,0.49191339903980263,0.1267216139619664,0.2218748760634336,0.12387595200165083,0.495523545094931,0.15663284203038735
e3l_O2_A5,1,0.13611151024328946,0.2107817979614307,0.122798809737938,0.4995403708962209,0.12315342621731933,0.49007147908118287,0.14159381386562742,0.4849088315778329,0.15945247647489352,0.5150582119448051,0.13355902492066896
e3l_O2_A5,2,0.1484735722231074,0.22221510013986984,0.12670732373393534,0.49852516737277136,0.16236674584607916,0.49133083244940706,0.15311308037113788,0.47620626553759743,0.15037091974438033,0.4961426123764525,0.14980979142000425
e3l_O2_A5,3,0.14305684487212106,0.23220782169199208,0.1200928669925745,0.497914553564739,0.16311996120124983,0.530510978911108,0.14861763802281364,0.5032667365342042,0.13046537762768465,0.5015836341627734,0.15298838051628272
e3l_O2_A5,4,0.14127199578824728,0.2097872122685013,0.1186016136166598,0.5145703787829154,0.14420050653310879,0.5091890102204457,0.14225916276654055,0.522802555011542,0.1476204001064745,0.4915196804937539,0.1536782959184528
e3l_O2_A5,5,0.14251816579774815,0.21914371492178802,0.13603706354427947,0.49799827860168727,0.14461634901289655,0.4880797573090352,0.13284123744438836,0.4908350107123234,0.15486815433581957,0.5047465366957673,0.14422802465135684
e3l_O2_A8,1,0.12850495805539883,0.20571743932552441,0.11791245564789825,0.5115747874533192,0.12285554863677302,0.5013939761199446,0.13761935298813402,0.762771849012784,0.13255852702173943,0.5106136458590725,0.13157890598244934
e3l_O2_A8,2,0.14350256021940933,0.21727576378446212,0.12049515866124035,0.49294662161716174,0.16350927452902148,0.4917226290047715,0.1560875326599927,0.7550037289191118,0.13246345343923935,0.4952270774641272,0.14495738180755263
e3l_O2_A8,3,0.14241868086512183,0.2317873353687097,0.12500091986214826,0.4984308974114973,0.16385070884332886,0.5324367282882484,0.14909059407403055,0.7727756682989988,0.12013191586587957,0.5054825563271288,0.15401926568022176
e3l_O2_A8,4,0.13645555332099862,0.2030630726231544,0.1177325521787653,0.5143203959373936,0.14428367629624456,0.5061899037579106,0.14112841618960928,0.7801426481681288,0.12383318556229604,0.49880270262696996,0.15529993637807776
e3l_O2_A8,5,0.13890491838556043,0.21250048990268883,0.1363633369169902,0.49554914851757054,0.142199545055187,0.493312225187367,0.12875824163591088,0.7666241567355988,0.13101044141209997,0.4989841879277205,0.15619302690761402
e3l_O5_A2,1,0.1354277275392655,0.4961379730939494,0.1372442152422263,0.5135517940168739,0.1274572996960296,0.48120587965254574,0.14373988589538317,0.22590959975657832,0.1318927170387219,0.5005617572041282,0.13680451982396633
e3l_O5_A2,2,0.14254747921435068,0.4977924748119063,0.13290681430028303,0.49659687509879247,0.16172706714769244,0.49369903452056874,0.15351292155689067,0.20352305304084595,0.12404494125820131,0.49451102453587853,0.1405456518086858
e3l_O5_A2,3,0.14643861695615784,0.5145778559362393,0.14002255746886105,0.49140398177988337,0.16028293995852297,0.5324905577588446,0.1521637079824266,0.21431825015633593,0.12032316112792112,0.5081855675943959,0.15940071824305757
e3l_O5_A2,4,0.14204811508376064,0.483619623484039,0.14407758056914954,0.5222021987324544,0.14826012428207275,0.5002725468572684,0.14077242962616784,0.24851086733462957,0.12475498345939762,0.49674629908757884,0.15237545748201545
e3l_O5_A2,5,0.14085616603602547,0.49828318671956945,0.15362854501176887,0.4967084539625543,0.1498610674747594,0.49379901431330386,0.1301931155502199,0.22595322322444594,0.12881657663991714,0.5044994752281942,0.14178152550346204
e3l_O5_A5,1,0.13597904620390655,0.49617129908359864,0.13652937200913023,0.5014816098045726,0.12261599077862134,0.4819649921928803,0.13278842601865412,0.48360254662612895,0.1586601160026633,0.50997581305622,0.1293013262104638
e3l_O5_A5,2,0.15113407378171836,0.5017158282276885,0.14371001823419027,0.5001794647979323,0.1601793214844164,0.49470969090680234,0.14832692631758243,0.46550011238183453,0.1556928401769579,0.49783120151938975,0.14776126269544473
e3l_O5_A5,3,0.1491072184974031,0.5112912342932551,0.13956114169634742,0.49202638263137777,0.16013005959901672,0.5293981553741473,0.15595464246042276,0.4993449427241227,0.13076786915168215,0.5091854813702956,0.15912237957954653
e3l_O5_A5,4,0.15049829511294638,0.485874984600444,0.14660963592006465,0.5096801136745787,0.14491674385274173,0.510489894613155,0.13989932454384435,0.512957412508073,0.15785290790741582,0.4837701430887498,0.16321286334066534
e3l_O5_A5,5,0.14354491357062188,0.5035609761837806,0.1504212125559987,0.5072642036168413,0.14393983247463524,0.48899195238137383,0.13218769163628336,0.4970879085952823,0.14866480036439164,0.5040748518795657,0.14251103082180042
e3l_O5_A5,99,0.15281801022639116,0.4892011365306035,0.15892499109549243,0.5022958971922066,0.15031452167332768,0.5091408482807384,0.15342446188267161,0.5163698444501361,0.14797857630859101,0.4988554925296259,0.15344750017187306
e3l_O5_A8,1,0.13079583753972496,0.4844003047994802,0.13286811816831084,0.513042652652841,0.12360684086146308,0.4931667751727579,0.134231654949282,0.7592824051091062,0.13254488023795816,0.5070069482435465,0.13072769348161056
e3l_O5_A8,2,0.1471763005334074,0.4972478660660035,0.13859726153279775,0.49863033156013264,0.16250943346748678,0.4956748992419221,0.15082093269729355,0.7506008822484924,0.14083297884064017,0.5027040604090305,0.1431208961288187
e3l_O5_A8,3,0.14463109540957741,0.5083007516675861,0.14120933038364875,0.4971558855512068,0.16283315067406817,0.533114589355544,0.15033884618632237,0.7805425733466405,0.11144304078700547,0.5095556594908937,0.1573311090168423
e3l_O5_A8,4,0.1426937015277042,0.4678820672604312,0.14515013556823103,0.5153670799792078,0.14241224005884182,0.5050072281305924,0.13932341747974694,0.7830104486185376,0.1263137369811578,0.48276261981264956,0.16026897755054328
e3l_O5_A8,5,0.1404113489093775,0.49600850753967335,0.14726246553663178,0.4974303150418724,0.14590502901317892,0.4947584081331172,0.13007281058360212,0.7656932001385336,0.13101451085849045,0.5060172174366555,0.14780192855498422
e3l_O8_A2,1,0.13065490256086193,0.778587810529934,0.12422951842728654,0.5129092649387288,0.122449129873427,0.48414920267546824,0.14592653199974484,0.2180476974284188,0.12891712566558228,0.4980445090483764,0.13175220683826894
e3l_O8_A2,2,0.13770722713769268,0.7793917964430661,0.1135155289679548,0.4890619965848242,0.16456730875554082,0.48882189367224166,0.15063777208995083,0.20392855870541346,0.11813368020603936,0.5041820743500882,0.14168184566897754
e3l_O8_A2,3,0.14100170729184897,0.7864189513989559,0.12416447999860217,0.5004506543310657,0.14910403067795291,0.5402043027087481,0.1507111488839068,0.2192433726206713,0.12395718932120081,0.5119623114524049,0.15707168757758205
e3l_O8_A2,4,0.13874938595965786,0.7565605765170409,0.1278680829907274,0.5239084523739013,0.14606494787618682,0.49910799171626297,0.14768406658581157,0.2391566539994184,0.12075914450469992,0.502562907101337,0.1513706878408635
e3l_O8_A2,5,0.1351326021129998,0.7658258586844192,0.1266842354663541,0.49687393109722144,0.14702841559429242,0.49141337382060085,0.12542053966413452,0.2196350637502148,0.12571676280643276,0.4930431179653374,0.15081305703378514
e3l_O8_A5,1,0.13144504305088903,0.773194071747769,0.12103530295856138,0.5096415551029909,0.11764424719341267,0.484011612461818,0.13029012613946853,0.4783648314719408,0.1559344969369151,0.505742487672159,0.13232104202608738
e3l_O8_A5,2,0.1440411841705977,0.776640965523156,0.11848165506373912,0.4934323627979602,0.16598791400923565,0.49175903413764255,0.14592947309911422,0.4709843117919028,0.149708167056974,0.4959581109233738,0.1400987116239255
e3l_O8_A5,3,0.1424759486398613,0.7855936213493142,0.11995986051831782,0.5057350062443222,0.14976490323341732,0.5309284235014109,0.1529671840532713,0.49944821854271937,0.13332214222967587,0.5119972253565033,0.15636565316462417
e3l_O8_A5,4,0.1441526671619575,0.7651638389354093,0.12623139334056488,0.5152885746302514,0.14098565194703588,0.5074706575997892,0.14319344538719783,0.5053000291354794,0.14973085565449157,0.48844582975194506,0.16062198948049736
e3l_O8_A5,5,0.13918971916265466,0.7694336451622515,0.12215328743288234,0.49627685308596015,0.14802419541268125,0.4907985421855575,0.13213418777825064,0.4874822080678408,0.15475401049605175,0.5003356571972004,0.13888291469340733
e3l_O8_A8,1,0.12594942218921862,0.7730506348906069,0.12324237292463651,0.5168552937486829,0.11748541473949159,0.4950239666940472,0.1285480519439355,0.7592067833433838,0.130404477406002,0.5051234502719787,0.13006679393202755
e3l_O8_A8,2,0.14178996124076,0.7780050368672212,0.11995016243164108,0.4919302900482558,0.1644651364139807,0.49058712755792766,0.14976535821752202,0.7562453414676652,0.13694748873494292,0.492690001333667,0.13782166040571334
e3l_O8_A8,3,0.13840903841014446,0.7801436858629641,0.1250708269470797,0.5012740348749496,0.14975703161246984,0.5359622980207206,0.1468461986804697,0.7797736576751062,0.11272863068781905,0.5184748273206743,0.15764250412288414
e3l_O8_A8,4,0.14037329096288437,0.7556776082387202,0.13254614603799056,0.5118233987671776,0.13692495948990077,0.4972341216217662,0.1431683365981605,0.7815483310469454,0.12654151530997998,0.4887494655487414,0.1626854973783901
e3l_O8_A8,5,0.1355430175923176,0.7696635280799136,0.1253198791409233,0.4976193740880304,0.14318646673790236,0.48920263092437877,0.128325434027375,0.763687396896258,0.13012711306679375,0.49772425111987656,0.15075619498859344
e3llama3b_O2_A2,1,0.13410532330497674,0.2184726782309009,0.12414470462207952,0.5069103918872709,0.12405737665033813,0.49271256647089473,0.15798952010336195,0.2257975133527847,0.13084291602313644,0.5043203997036688,0.13349209912596754
e3llama3b_O2_A2,2,0.14221172206366908,0.21902399319937063,0.12061800803556803,0.4939597351334293,0.16139730892151677,0.48756931184675634,0.15534134957066864,0.21019744291405196,0.1268967783429234,0.49385962262472616,0.1468051654476686
e3llama3b_O2_A2,3,0.14096314156626688,0.23555765165409856,0.12166766560227811,0.4963345911309564,0.16266766135218447,0.5336740330559261,0.14918767420438506,0.21791708514461036,0.11790210802736142,0.5035006581966383,0.15339059864512533
e3llama3b_O2_A2,4,0.13858943886278557,0.2057795146627812,0.12232036258746558,0.5233915420765749,0.14748702522984242,0.5002220766186828,0.14513794701747137,0.24427510096039207,0.12654419238758288,0.5002538324694017,0.1514576670915657
e3llama3b_O2_A2,5,0.1380583213421672,0.2185137177918477,0.1390794793838818,0.49651243275529794,0.14398171933294954,0.49191339903980263,0.1267216139619664,0.2218748760634336,0.12387595200165083,0.495523545094931,0.15663284203038735
e3llama3b_O2_A5,1,0.13611151024328946,0.2107817979614307,0.122798809737938,0.4995403708962209,0.12315342621731933,0.49007147908118287,0.14159381386562742,0.4849088315778329,0.15945247647489352,0.5150582119448051,0.13355902492066896
e3llama3b_O2_A5,2,0.1484735722231074,0.22221510013986984,0.12670732373393534,0.49852516737277136,0.16236674584607916,0.49133083244940706,0.15311308037113788,0.47620626553759743,0.15037091974438033,0.4961426123764525,0.14980979142000425
e3llama3b_O2_A5,3,0.14305684487212106,0.23220782169199208,0.1200928669925745,0.497914553564739,0.16311996120124983,0.530510978911108,0.14861763802281364,0.5032667365342042,0.13046537762768465,0.5015836341627734,0.15298838051628272
e3llama3b_O2_A5,4,0.14127199578824728,0.2097872122685013,0.1186016136166598,0.5145703787829154,0.14420050653310879,0.5091890102204457,0.14225916276654055,0.522802555011542,0.1476204001064745,0.4915196804937539,0.1536782959184528
e3llama3b_O2_A5,5,0.14251816579774815,0.21914371492178802,0.13603706354427947,0.49799827860168727,0.14461634901289655,0.4880797573090352,0.13284123744438836,0.4908350107123234,0.15486815433581957,0.5047465366957673,0.14422802465135684
e3llama3b_O2_A8,1,0.12850495805539883,0.20571743932552441,0.11791245564789825,0.5115747874533192,0.12285554863677302,0.5013939761199446,0.13761935298813402,0.762771849012784,0.13255852702173943,0.5106136458590725,0.13157890598244934
e3llama3b_O2_A8,2,0.14350256021940933,0.21727576378446212,0.12049515866124035,0.49294662161716174,0.16350927452902148,0.4917226290047715,0.1560875326599927,0.7550037289191118,0.13246345343923935,0.4952270774641272,0.14495738180755263
e3llama3b_O2_A8,3,0.14241868086512183,0.2317873353687097,0.12500091986214826,0.4984308974114973,0.16385070884332886,0.5324367282882484,0.14909059407403055,0.7727756682989988,0.12013191586587957,0.5054825563271288,0.15401926568022176
e3llama3b_O2_A8,4,0.13645555332099862,0.2030630726231544,0.1177325521787653,0.5143203959373936,0.14428367629624456,0.5061899037579106,0.14112841618960928,0.7801426481681288,0.12383318556229604,0.49880270262696996,0.15529993637807776
e3llama3b_O2_A8,5,0.13890491838556043,0.21250048990268883,0.1363633369169902,0.49554914851757054,0.142199545055187,0.493312225187367,0.12875824163591088,0.7666241567355988,0.13101044141209997,0.4989841879277205,0.15619302690761402
e3llama3b_O5_A2,1,0.1354277275392655,0.4961379730939494,0.1372442152422263,0.5135517940168739,0.1274572996960296,0.48120587965254574,0.14373988589538317,0.22590959975657832,0.1318927170387219,0.5005617572041282,0.13680451982396633
e3llama3b_O5_A2,2,0.14254747921435068,0.4977924748119063,0.13290681430028303,0.49659687509879247,0.16172706714769244,0.49369903452056874,0.15351292155689067,0.20352305304084595,0.12404494125820131,0.49451102453587853,0.1405456518086858
e3llama3b_O5_A2,3,0.14643861695615784,0.5145778559362393,0.14002255746886105,0.49140398177988337,0.16028293995852297,0.5324905577588446,0.1521637079824266,0.21431825015633593,0.12032316112792112,0.5081855675943959,0.15940071824305757
e3llama3b_O5_A2,4,0.14204811508376064,0.483619623484039,0.14407758056914954,0.5222021987324544,0.14826012428207275,0.5002725468572684,0.14077242962616784,0.24851086733462957,0.12475498345939762,0.49674629908757884,0.15237545748201545
e3llama3b_O5_A2,5,0.14085616603602547,0.49828318671956945,0.15362854501176887,0.4967084539625543,0.1498610674747594,0.49379901431330386,0.1301931155502199,0.22595322322444594,0.12881657663991714,0.5044994752281942,0.14178152550346204
e3llama3b_O5_A5,1,0.13597904620390655,0.49617129908359864,0.13652937200913023,0.5014816098045726,0.12261599077862134,0.4819649921928803,0.13278842601865412,0.48360254662612895,0.1586601160026633,0.50997581305622,0.1293013262104638
e3llama3b_O5_A5,2,0.15113407378171836,0.5017158282276885,0.14371001823419027,0.5001794647979323,0.1601793214844164,0.49470969090680234,0.14832692631758243,0.46550011238183453,0.1556928401769579,0.49783120151938975,0.14776126269544473
e3llama3b_O5_A5,3,0.1491072184974031,0.5112912342932551,0.13956114169634742,0.49202638263137777,0.16013005959901672,0.5293981553741473,0.15595464246042276,0.4993449427241227,0.13076786915168215,0.5091854813702956,0.15912237957954653
e3llama3b_O5_A5,4,0.15049829511294638,0.485874984600444,0.14660963592006465,0.5096801136745787,0.14491674385274173,0.510489894613155,0.13989932454384435,0.512957412508073,0.15785290790741582,0.4837701430887498,0.16321286334066534
e3llama3b_O5_A5,5,0.14354491357062188,0.5035609761837806,0.1504212125559987,0.5072642036168413,0.14393983247463524,0.48899195238137383,0.13218769163628336,0.4970879085952823,0.14866480036439164,0.5040748518795657,0.14251103082180042
e3llama3b_O5_A8,1,0.13079583753972496,0.4844003047994802,0.13286811816831084,0.513042652652841,0.12360684086146308,0.4931667751727579,0.134231654949282,0.7592824051091062,0.13254488023795816,0.5070069482435465,0.13072769348161056
e3llama3b_O5_A8,2,0.1471763005334074,0.4972478660660035,0.13859726153279775,0.49863033156013264,0.16250943346748678,0.4956748992419221,0.15082093269729355,0.7506008822484924,0.14083297884064017,0.5027040604090305,0.1431208961288187
e3llama3b_O5_A8,3,0.14463109540957741,0.5083007516675861,0.14120933038364875,0.4971558855512068,0.16283315067406817,0.533114589355544,0.15033884618632237,0.7805425733466405,0.11144304078700547,0.5095556594908937,0.1573311090168423
e3llama3b_O5_A8,4,0.1426937015277042,0.4678820672604312,0.14515013556823103,0.5153670799792078,0.14241224005884182,0.5050072281305924,0.13932341747974694,0.7830104486185376,0.1263137369811578,0.48276261981264956,0.16026897755054328
e3llama3b_O5_A8,5,0.1404113489093775,0.49600850753967335,0.14726246553663178,0.4974303150418724,0.14590502901317892,0.4947584081331172,0.13007281058360212,0.7656932001385336,0.13101451085849045,0.5060172174366555,0.14780192855498422
e3llama3b_O8_A2,1,0.13065490256086193,0.778587810529934,0.12422951842728654,0.5129092649387288,0.122449129873427,0.48414920267546824,0.14592653199974484,0.2180476974284188,0.12891712566558228,0.4980445090483764,0.13175220683826894
e3llama3b_O8_A2,2,0.13770722713769268,0.7793917964430661,0.1135155289679548,0.4890619965848242,0.16456730875554082,0.48882189367224166,0.15063777208995083,0.20392855870541346,0.11813368020603936,0.5041820743500882,0.14168184566897754
e3llama3b_O8_A2,3,0.14100170729184897,0.7864189513989559,0.12416447999860217,0.5004506543310657,0.14910403067795291,0.5402043027087481,0.1507111488839068,0.2192433726206713,0.12395718932120081,0.5119623114524049,0.15707168757758205
e3llama3b_O8_A2,4,0.13874938595965786,0.7565605765170409,0.1278680829907274,0.5239084523739013,0.14606494787618682,0.49910799171626297,0.14768406658581157,0.2391566539994184,0.12075914450469992,0.502562907101337,0.1513706878408635
e3llama3b_O8_A2,5,0.1351326021129998,0.7658258586844192,0.1266842354663541,0.49687393109722144,0.14702841559429242,0.49141337382060085,0.12542053966413452,0.2196350637502148,0.12571676280643276,0.4930431179653374,0.15081305703378514
e3llama3b_O8_A5,1,0.13144504305088903,0.773194071747769,0.12103530295856138,0.5096415551029909,0.11764424719341267,0.484011612461818,0.13029012613946853,0.4783648314719408,0.1559344969369151,0.505742487672159,0.13232104202608738
e3llama3b_O8_A5,2,0.1440411841705977,0.776640965523156,0.11848165506373912,0.4934323627979602,0.16598791400923565,0.49175903413764255,0.14592947309911422,0.4709843117919028,0.149708167056974,0.4959581109233738,0.1400987116239255
e3llama3b_O8_A5,3,0.1424759486398613,0.7855936213493142,0.11995986051831782,0.5057350062443222,0.14976490323341732,0.5309284235014109,0.1529671840532713,0.49944821854271937,0.13332214222967587,0.5119972253565033,0.15636565316462417
e3llama3b_O8_A5,4,0.1441526671619575,0.7651638389354093,0.12623139334056488,0.5152885746302514,0.14098565194703588,0.5074706575997892,0.14319344538719783,0.5053000291354794,0.14973085565449157,0.48844582975194506,0.16062198948049736
e3llama3b_O8_A5,5,0.13918971916265466,0.7694336451622515,0.12215328743288234,0.49627685308596015,0.14802419541268125,0.4907985421855575,0.13213418777825064,0.4874822080678408,0.15475401049605175,0.5003356571972004,0.13888291469340733
e3llama3b_O8_A8,1,0.12594942218921862,0.7730506348906069,0.12324237292463651,0.5168552937486829,0.11748541473949159,0.4950239666940472,0.1285480519439355,0.7592067833433838,0.130404477406002,0.5051234502719787,0.13006679393202755
e3llama3b_O8_A8,2,0.14178996124076,0.7780050368672212,0.11995016243164108,0.4919302900482558,0.1644651364139807,0.49058712755792766,0.14976535821752202,0.7562453414676652,0.13694748873494292,0.492690001333667,0.13782166040571334
e3llama3b_O8_A8,3,0.13840903841014446,0.7801436858629641,0.1250708269470797,0.5012740348749496,0.14975703161246984,0.5359622980207206,0.1468461986804697,0.7797736576751062,0.11272863068781905,0.5184748273206743,0.15764250412288414
e3llama3b_O8_A8,4,0.14037329096288437,0.7556776082387202,0.13254614603799056,0.5118233987671776,0.13692495948990077,0.4972341216217662,0.1431683365981605,0.7815483310469454,0.12654151530997998,0.4887494655487414,0.1626854973783901
e3llama3b_O8_A8,5,0.1355430175923176,0.7696635280799136,0.1253198791409233,0.4976193740880304,0.14318646673790236,0.48920263092437877,0.128325434027375,0.763687396896258,0.13012711306679375,0.49772425111987656,0.15075619498859344
e3mistral7_O5_A2,1,0.1354277275392655,0.4961379730939494,0.1372442152422263,0.5135517940168739,0.1274572996960296,0.48120587965254574,0.14373988589538317,0.22590959975657832,0.1318927170387219,0.5005617572041282,0.13680451982396633
e3q_O2_A2,1,0.13410532330497674,0.2184726782309009,0.12414470462207952,0.5069103918872709,0.12405737665033813,0.49271256647089473,0.15798952010336195,0.2257975133527847,0.13084291602313644,0.5043203997036688,0.13349209912596754
e3q_O2_A2,2,0.14221172206366908,0.21902399319937063,0.12061800803556803,0.4939597351334293,0.16139730892151677,0.48756931184675634,0.15534134957066864,0.21019744291405196,0.1268967783429234,0.49385962262472616,0.1468051654476686
e3q_O2_A2,3,0.14096314156626688,0.23555765165409856,0.12166766560227811,0.4963345911309564,0.16266766135218447,0.5336740330559261,0.14918767420438506,0.21791708514461036,0.11790210802736142,0.5035006581966383,0.15339059864512533
e3q_O2_A2,4,0.13858943886278557,0.2057795146627812,0.12232036258746558,0.5233915420765749,0.14748702522984242,0.5002220766186828,0.14513794701747137,0.24427510096039207,0.12654419238758288,0.5002538324694017,0.1514576670915657
e3q_O2_A2,5,0.1380583213421672,0.2185137177918477,0.1390794793838818,0.49651243275529794,0.14398171933294954,0.49191339903980263,0.1267216139619664,0.2218748760634336,0.12387595200165083,0.495523545094931,0.15663284203038735
e3q_O2_A5,1,0.13611151024328946,0.2107817979614307,0.122798809737938,0.4995403708962209,0.12315342621731933,0.49007147908118287,0.14159381386562742,0.4849088315778329,0.15945247647489352,0.5150582119448051,0.13355902492066896
e3q_O2_A5,2,0.1484735722231074,0.22221510013986984,0.12670732373393534,0.49852516737277136,0.16236674584607916,0.49133083244940706,0.15311308037113788,0.47620626553759743,0.15037091974438033,0.4961426123764525,0.14980979142000425
e3q_O2_A5,3,0.14305684487212106,0.23220782169199208,0.1200928669925745,0.497914553564739,0.16311996120124983,0.530510978911108,0.14861763802281364,0.5032667365342042,0.13046537762768465,0.5015836341627734,0.15298838051628272
e3q_O2_A5,4,0.14127199578824728,0.2097872122685013,0.1186016136166598,0.5145703787829154,0.14420050653310879,0.5091890102204457,0.14225916276654055,0.522802555011542,0.1476204001064745,0.4915196804937539,0.1536782959184528
e3q_O2_A5,5,0.14251816579774815,0.21914371492178802,0.13603706354427947,0.49799827860168727,0.14461634901289655,0.4880797573090352,0.13284123744438836,0.4908350107123234,0.15486815433581957,0.5047465366957673,0.14422802465135684
e3q_O2_A8,1,0.12850495805539883,0.20571743932552441,0.11791245564789825,0.5115747874533192,0.12285554863677302,0.5013939761199446,0.13761935298813402,0.762771849012784,0.13255852702173943,0.5106136458590725,0.13157890598244934
e3q_O2_A8,2,0.14350256021940933,0.21727576378446212,0.12049515866124035,0.49294662161716174,0.16350927452902148,0.4917226290047715,0.1560875326599927,0.7550037289191118,0.13246345343923935,0.4952270774641272,0.14495738180755263
e3q_O2_A8,3,0.14241868086512183,0.2317873353687097,0.12500091986214826,0.4984308974114973,0.16385070884332886,0.5324367282882484,0.14909059407403055,0.7727756682989988,0.12013191586587957,0.5054825563271288,0.15401926568022176
e3q_O2_A8,4,0.13645555332099862,0.2030630726231544,0.1177325521787653,0.5143203959373936,0.14428367629624456,0.5061899037579106,0.14112841618960928,0.7801426481681288,0.12383318556229604,0.49880270262696996,0.15529993637807776
e3q_O2_A8,5,0.13890491838556043,0.21250048990268883,0.1363633369169902,0.49554914851757054,0.142199545055187,0.493312225187367,0.12875824163591088,0.7666241567355988,0.13101044141209997,0.4989841879277205,0.15619302690761402
e3q_O5_A2,1,0.1354277275392655,0.4961379730939494,0.1372442152422263,0.5135517940168739,0.1274572996960296,0.48120587965254574,0.14373988589538317,0.22590959975657832,0.1318927170387219,0.5005617572041282,0.13680451982396633
e3q_O5_A2,2,0.14254747921435068,0.4977924748119063,0.13290681430028303,0.49659687509879247,0.16172706714769244,0.49369903452056874,0.15351292155689067,0.20352305304084595,0.12404494125820131,0.49451102453587853,0.1405456518086858
e3q_O5_A2,3,0.14643861695615784,0.5145778559362393,0.14002255746886105,0.49140398177988337,0.16028293995852297,0.5324905577588446,0.1521637079824266,0.21431825015633593,0.12032316112792112,0.5081855675943959,0.15940071824305757
e3q_O5_A2,4,0.14204811508376064,0.483619623484039,0.14407758056914954,0.5222021987324544,0.14826012428207275,0.5002725468572684,0.14077242962616784,0.24851086733462957,0.12475498345939762,0.49674629908757884,0.15237545748201545
e3q_O5_A2,5,0.14085616603602547,0.49828318671956945,0.15362854501176887,0.4967084539625543,0.1498610674747594,0.49379901431330386,0.1301931155502199,0.22595322322444594,0.12881657663991714,0.5044994752281942,0.14178152550346204
e3q_O5_A5,1,0.13597904620390655,0.49617129908359864,0.13652937200913023,0.5014816098045726,0.12261599077862134,0.4819649921928803,0.13278842601865412,0.48360254662612895,0.1586601160026633,0.50997581305622,0.1293013262104638
e3q_O5_A5,2,0.15113407378171836,0.5017158282276885,0.14371001823419027,0.5001794647979323,0.1601793214844164,0.49470969090680234,0.14832692631758243,0.46550011238183453,0.1556928401769579,0.49783120151938975,0.14776126269544473
e3q_O5_A5,3,0.1491072184974031,0.5112912342932551,0.13956114169634742,0.49202638263137777,0.16013005959901672,0.5293981553741473,0.15595464246042276,0.4993449427241227,0.13076786915168215,0.5091854813702956,0.15912237957954653
e3q_O5_A5,4,0.15049829511294638,0.485874984600444,0.14660963592006465,0.5096801136745787,0.14491674385274173,0.510489894613155,0.13989932454384435,0.512957412508073,0.15785290790741582,0.4837701430887498,0.16321286334066534
e3q_O5_A5,5,0.14354491357062188,0.5035609761837806,0.1504212125559987,0.5072642036168413,0.14393983247463524,0.48899195238137383,0.13218769163628336,0.4970879085952823,0.14866480036439164,0.5040748518795657,0.14251103082180042
e3q_O5_A8,1,0.13079583753972496,0.4844003047994802,0.13286811816831084,0.513042652652841,0.12360684086146308,0.4931667751727579,0.134231654949282,0.7592824051091062,0.13254488023795816,0.5070069482435465,0.13072769348161056
e3q_O5_A8,2,0.1471763005334074,0.4972478660660035,0.13859726153279775,0.49863033156013264,0.16250943346748678,0.4956748992419221,0.15082093269729355,0.7506008822484924,0.14083297884064017,0.5027040604090305,0.1431208961288187
e3q_O5_A8,3,0.14463109540957741,0.5083007516675861,0.14120933038364875,0.4971558855512068,0.16283315067406817,0.533114589355544,0.15033884618632237,0.7805425733466405,0.11144304078700547,0.5095556594908937,0.1573311090168423
e3q_O5_A8,4,0.1426937015277042,0.4678820672604312,0.14515013556823103,0.5153670799792078,0.14241224005884182,0.5050072281305924,0.13932341747974694,0.7830104486185376,0.1263137369811578,0.48276261981264956,0.16026897755054328
e3q_O5_A8,5,0.1404113489093775,0.49600850753967335,0.14726246553663178,0.4974303150418724,0.14590502901317892,0.4947584081331172,0.13007281058360212,0.7656932001385336,0.13101451085849045,0.5060172174366555,0.14780192855498422
e3q_O8_A2,1,0.13065490256086193,0.778587810529934,0.12422951842728654,0.5129092649387288,0.122449129873427,0.48414920267546824,0.14592653199974484,0.2180476974284188,0.12891712566558228,0.4980445090483764,0.13175220683826894
e3q_O8_A2,2,0.13770722713769268,0.7793917964430661,0.1135155289679548,0.4890619965848242,0.16456730875554082,0.48882189367224166,0.15063777208995083,0.20392855870541346,0.11813368020603936,0.5041820743500882,0.14168184566897754
e3q_O8_A2,3,0.14100170729184897,0.7864189513989559,0.12416447999860217,0.5004506543310657,0.14910403067795291,0.5402043027087481,0.1507111488839068,0.2192433726206713,0.12395718932120081,0.5119623114524049,0.15707168757758205
e3q_O8_A2,4,0.13874938595965786,0.7565605765170409,0.1278680829907274,0.5239084523739013,0.14606494787618682,0.49910799171626297,0.14768406658581157,0.2391566539994184,0.12075914450469992,0.502562907101337,0.1513706878408635
e3q_O8_A2,5,0.1351326021129998,0.7658258586844192,0.1266842354663541,0.49687393109722144,0.14702841559429242,0.49141337382060085,0.12542053966413452,0.2196350637502148,0.12571676280643276,0.4930431179653374,0.15081305703378514
e3q_O8_A5,1,0.13144504305088903,0.773194071747769,0.12103530295856138,0.5096415551029909,0.11764424719341267,0.484011612461818,0.13029012613946853,0.4783648314719408,0.1559344969369151,0.505742487672159,0.13232104202608738
e3q_O8_A5,2,0.1440411841705977,0.776640965523156,0.11848165506373912,0.4934323627979602,0.16598791400923565,0.49175903413764255,0.14592947309911422,0.4709843117919028,0.149708167056974,0.4959581109233738,0.1400987116239255
e3q_O8_A5,3,0.1424759486398613,0.7855936213493142,0.11995986051831782,0.5057350062443222,0.14976490323341732,0.5309284235014109,0.1529671840532713,0.49944821854271937,0.13332214222967587,0.5119972253565033,0.15636565316462417
e3q_O8_A5,4,0.1441526671619575,0.7651638389354093,0.12623139334056488,0.5152885746302514,0.14098565194703588,0.5074706575997892,0.14319344538719783,0.5053000291354794,0.14973085565449157,0.48844582975194506,0.16062198948049736
e3q_O8_A5,5,0.13918971916265466,0.7694336451622515,0.12215328743288234,0.49627685308596015,0.14802419541268125,0.4907985421855575,0.13213418777825064,0.4874822080678408,0.15475401049605175,0.5003356571972004,0.13888291469340733
e3q_O8_A8,1,0.12594942218921862,0.7730506348906069,0.12324237292463651,0.5168552937486829,0.11748541473949159,0.4950239666940472,0.1285480519439355,0.7592067833433838,0.130404477406002,0.5051234502719787,0.13006679393202755
e3q_O8_A8,2,0.14178996124076,0.7780050368672212,0.11995016243164108,0.4919302900482558,0.1644651364139807,0.49058712755792766,0.14976535821752202,0.7562453414676652,0.13694748873494292,0.492690001333667,0.13782166040571334
e3q_O8_A8,3,0.13840903841014446,0.7801436858629641,0.1250708269470797,0.5012740348749496,0.14975703161246984,0.5359622980207206,0.1468461986804697,0.7797736576751062,0.11272863068781905,0.5184748273206743,0.15764250412288414
e3q_O8_A8,4,0.14037329096288437,0.7556776082387202,0.13254614603799056,0.5118233987671776,0.13692495948990077,0.4972341216217662,0.1431683365981605,0.7815483310469454,0.12654151530997998,0.4887494655487414,0.1626854973783901
e3q_O8_A8,5,0.1355430175923176,0.7696635280799136,0.1253198791409233,0.4976193740880304,0.14318646673790236,0.48920263092437877,0.128325434027375,0.763687396896258,0.13012711306679375,0.49772425111987656,0.15075619498859344
e3qwen3b_O2_A2,1,0.13410532330497674,0.2184726782309009,0.12414470462207952,0.5069103918872709,0.12405737665033813,0.49271256647089473,0.15798952010336195,0.2257975133527847,0.13084291602313644,0.5043203997036688,0.13349209912596754
e3qwen3b_O2_A2,2,0.14221172206366908,0.21902399319937063,0.12061800803556803,0.4939597351334293,0.16139730892151677,0.48756931184675634,0.15534134957066864,0.21019744291405196,0.1268967783429234,0.49385962262472616,0.1468051654476686
e3qwen3b_O2_A2,3,0.14096314156626688,0.23555765165409856,0.12166766560227811,0.4963345911309564,0.16266766135218447,0.5336740330559261,0.14918767420438506,0.21791708514461036,0.11790210802736142,0.5035006581966383,0.15339059864512533
e3qwen3b_O2_A2,4,0.13858943886278557,0.2057795146627812,0.12232036258746558,0.5233915420765749,0.14748702522984242,0.5002220766186828,0.14513794701747137,0.24427510096039207,0.12654419238758288,0.5002538324694017,0.1514576670915657
e3qwen3b_O2_A2,5,0.1380583213421672,0.2185137177918477,0.1390794793838818,0.49651243275529794,0.14398171933294954,0.49191339903980263,0.1267216139619664,0.2218748760634336,0.12387595200165083,0.495523545094931,0.15663284203038735
e3qwen3b_O2_A5,1,0.13611151024328946,0.2107817979614307,0.122798809737938,0.4995403708962209,0.12315342621731933,0.49007147908118287,0.14159381386562742,0.4849088315778329,0.15945247647489352,0.5150582119448051,0.13355902492066896
e3qwen3b_O2_A5,2,0.1484735722231074,0.22221510013986984,0.12670732373393534,0.49852516737277136,0.16236674584607916,0.49133083244940706,0.15311308037113788,0.47620626553759743,0.15037091974438033,0.4961426123764525,0.14980979142000425
e3qwen3b_O2_A5,3,0.14305684487212106,0.23220782169199208,0.1200928669925745,0.497914553564739,0.16311996120124983,0.530510978911108,0.14861763802281364,0.5032667365342042,0.13046537762768465,0.5015836341627734,0.15298838051628272
e3qwen3b_O2_A5,4,0.14127199578824728,0.2097872122685013,0.1186016136166598,0.5145703787829154,0.14420050653310879,0.5091890102204457,0.14225916276654055,0.522802555011542,0.1476204001064745,0.4915196804937539,0.1536782959184528
e3qwen3b_O2_A5,5,0.14251816579774815,0.21914371492178802,0.13603706354427947,0.49799827860168727,0.14461634901289655,0.4880797573090352,0.13284123744438836,0.4908350107123234,0.15486815433581957,0.5047465366957673,0.14422802465135684
e3qwen3b_O2_A8,1,0.12850495805539883,0.20571743932552441,0.11791245564789825,0.5115747874533192,0.12285554863677302,0.5013939761199446,0.13761935298813402,0.762771849012784,0.13255852702173943,0.5106136458590725,0.13157890598244934
e3qwen3b_O2_A8,2,0.14350256021940933,0.21727576378446212,0.12049515866124035,0.49294662161716174,0.16350927452902148,0.4917226290047715,0.1560875326599927,0.7550037289191118,0.13246345343923935,0.4952270774641272,0.14495738180755263
e3qwen3b_O2_A8,3,0.14241868086512183,0.2317873353687097,0.12500091986214826,0.4984308974114973,0.16385070884332886,0.5324367282882484,0.14909059407403055,0.7727756682989988,0.12013191586587957,0.5054825563271288,0.15401926568022176
e3qwen3b_O2_A8,4,0.13645555332099862,0.2030630726231544,0.1177325521787653,0.5143203959373936,0.14428367629624456,0.5061899037579106,0.14112841618960928,0.7801426481681288,0.12383318556229604,0.49880270262696996,0.15529993637807776
e3qwen3b_O2_A8,5,0.13890491838556043,0.21250048990268883,0.1363633369169902,0.49554914851757054,0.142199545055187,0.493312225187367,0.12875824163591088,0.7666241567355988,0.13101044141209997,0.4989841879277205,0.15619302690761402
e3qwen3b_O5_A2,1,0.1354277275392655,0.4961379730939494,0.1372442152422263,0.5135517940168739,0.1274572996960296,0.48120587965254574,0.14373988589538317,0.22590959975657832,0.1318927170387219,0.5005617572041282,0.13680451982396633
e3qwen3b_O5_A2,2,0.14254747921435068,0.4977924748119063,0.13290681430028303,0.49659687509879247,0.16172706714769244,0.49369903452056874,0.15351292155689067,0.20352305304084595,0.12404494125820131,0.49451102453587853,0.1405456518086858
e3qwen3b_O5_A2,3,0.14643861695615784,0.5145778559362393,0.14002255746886105,0.49140398177988337,0.16028293995852297,0.5324905577588446,0.1521637079824266,0.21431825015633593,0.12032316112792112,0.5081855675943959,0.15940071824305757
e3qwen3b_O5_A2,4,0.14204811508376064,0.483619623484039,0.14407758056914954,0.5222021987324544,0.14826012428207275,0.5002725468572684,0.14077242962616784,0.24851086733462957,0.12475498345939762,0.49674629908757884,0.15237545748201545
e3qwen3b_O5_A2,5,0.14085616603602547,0.49828318671956945,0.15362854501176887,0.4967084539625543,0.1498610674747594,0.49379901431330386,0.1301931155502199,0.22595322322444594,0.12881657663991714,0.5044994752281942,0.14178152550346204
e3qwen3b_O5_A5,1,0.13597904620390655,0.49617129908359864,0.13652937200913023,0.5014816098045726,0.12261599077862134,0.4819649921928803,0.13278842601865412,0.48360254662612895,0.1586601160026633,0.50997581305622,0.1293013262104638
e3qwen3b_O5_A5,2,0.15113407378171836,0.5017158282276885,0.14371001823419027,0.5001794647979323,0.1601793214844164,0.49470969090680234,0.14832692631758243,0.46550011238183453,0.1556928401769579,0.49783120151938975,0.14776126269544473
e3qwen3b_O5_A5,3,0.1491072184974031,0.5112912342932551,0.13956114169634742,0.49202638263137777,0.16013005959901672,0.5293981553741473,0.15595464246042276,0.4993449427241227,0.13076786915168215,0.5091854813702956,0.15912237957954653
e3qwen3b_O5_A5,4,0.15049829511294638,0.485874984600444,0.14660963592006465,0.5096801136745787,0.14491674385274173,0.510489894613155,0.13989932454384435,0.512957412508073,0.15785290790741582,0.4837701430887498,0.16321286334066534
e3qwen3b_O5_A5,5,0.14354491357062188,0.5035609761837806,0.1504212125559987,0.5072642036168413,0.14393983247463524,0.48899195238137383,0.13218769163628336,0.4970879085952823,0.14866480036439164,0.5040748518795657,0.14251103082180042
e3qwen3b_O5_A8,1,0.13079583753972496,0.4844003047994802,0.13286811816831084,0.513042652652841,0.12360684086146308,0.4931667751727579,0.134231654949282,0.7592824051091062,0.13254488023795816,0.5070069482435465,0.13072769348161056
e3qwen3b_O5_A8,2,0.1471763005334074,0.4972478660660035,0.13859726153279775,0.49863033156013264,0.16250943346748678,0.4956748992419221,0.15082093269729355,0.7506008822484924,0.14083297884064017,0.5027040604090305,0.1431208961288187
e3qwen3b_O5_A8,3,0.14463109540957741,0.5083007516675861,0.14120933038364875,0.4971558855512068,0.16283315067406817,0.533114589355544,0.15033884618632237,0.7805425733466405,0.11144304078700547,0.5095556594908937,0.1573311090168423
e3qwen3b_O5_A8,4,0.1426937015277042,0.4678820672604312,0.14515013556823103,0.5153670799792078,0.14241224005884182,0.5050072281305924,0.13932341747974694,0.7830104486185376,0.1263137369811578,0.48276261981264956,0.16026897755054328
e3qwen3b_O5_A8,5,0.1404113489093775,0.49600850753967335,0.14726246553663178,0.4974303150418724,0.14590502901317892,0.4947584081331172,0.13007281058360212,0.7656932001385336,0.13101451085849045,0.5060172174366555,0.14780192855498422
e3qwen3b_O8_A2,1,0.13065490256086193,0.778587810529934,0.12422951842728654,0.5129092649387288,0.122449129873427,0.48414920267546824,0.14592653199974484,0.2180476974284188,0.12891712566558228,0.4980445090483764,0.13175220683826894
e3qwen3b_O8_A2,2,0.13770722713769268,0.7793917964430661,0.1135155289679548,0.4890619965848242,0.16456730875554082,0.48882189367224166,0.15063777208995083,0.20392855870541346,0.11813368020603936,0.5041820743500882,0.14168184566897754
e3qwen3b_O8_A2,3,0.14100170729184897,0.7864189513989559,0.12416447999860217,0.5004506543310657,0.14910403067795291,0.5402043027087481,0.1507111488839068,0.2192433726206713,0.12395718932120081,0.5119623114524049,0.15707168757758205
e3qwen3b_O8_A2,4,0.13874938595965786,0.7565605765170409,0.1278680829907274,0.5239084523739013,0.14606494787618682,0.49910799171626297,0.14768406658581157,0.2391566539994184,0.12075914450469992,0.502562907101337,0.1513706878408635
e3qwen3b_O8_A2,5,0.1351326021129998,0.7658258586844192,0.1266842354663541,0.49687393109722144,0.14702841559429242,0.49141337382060085,0.12542053966413452,0.2196350637502148,0.12571676280643276,0.4930431179653374,0.15081305703378514
e3qwen3b_O8_A5,1,0.13144504305088903,0.773194071747769,0.12103530295856138,0.5096415551029909,0.11764424719341267,0.484011612461818,0.13029012613946853,0.4783648314719408,0.1559344969369151,0.505742487672159,0.13232104202608738
e3qwen3b_O8_A5,2,0.1440411841705977,0.776640965523156,0.11848165506373912,0.4934323627979602,0.16598791400923565,0.49175903413764255,0.14592947309911422,0.4709843117919028,0.149708167056974,0.4959581109233738,0.1400987116239255
e3qwen3b_O8_A5,3,0.1424759486398613,0.7855936213493142,0.11995986051831782,0.5057350062443222,0.14976490323341732,0.5309284235014109,0.1529671840532713,0.49944821854271937,0.13332214222967587,0.5119972253565033,0.15636565316462417
e3qwen3b_O8_A5,4,0.1441526671619575,0.7651638389354093,0.12623139334056488,0.5152885746302514,0.14098565194703588,0.5074706575997892,0.14319344538719783,0.5053000291354794,0.14973085565449157,0.48844582975194506,0.16062198948049736
e3qwen3b_O8_A5,5,0.13918971916265466,0.7694336451622515,0.12215328743288234,0.49627685308596015,0.14802419541268125,0.4907985421855575,0.13213418777825064,0.4874822080678408,0.15475401049605175,0.5003356571972004,0.13888291469340733
e3qwen3b_O8_A8,1,0.12594942218921862,0.7730506348906069,0.12324237292463651,0.5168552937486829,0.11748541473949159,0.4950239666940472,0.1285480519439355,0.7592067833433838,0.130404477406002,0.5051234502719787,0.13006679393202755
e3qwen3b_O8_A8,2,0.14178996124076,0.7780050368672212,0.11995016243164108,0.4919302900482558,0.1644651364139807,0.49058712755792766,0.14976535821752202,0.7562453414676652,0.13694748873494292,0.492690001333667,0.13782166040571334
e3qwen3b_O8_A8,3,0.13840903841014446,0.7801436858629641,0.1250708269470797,0.5012740348749496,0.14975703161246984,0.5359622980207206,0.1468461986804697,0.7797736576751062,0.11272863068781905,0.5184748273206743,0.15764250412288414
e3qwen3b_O8_A8,4,0.14037329096288437,0.7556776082387202,0.13254614603799056,0.5118233987671776,0.13692495948990077,0.4972341216217662,0.1431683365981605,0.7815483310469454,0.12654151530997998,0.4887494655487414,0.1626854973783901
e3qwen3b_O8_A8,5,0.1355430175923176,0.7696635280799136,0.1253198791409233,0.4976193740880304,0.14318646673790236,0.48920263092437877,0.128325434027375,0.763687396896258,0.13012711306679375,0.49772425111987656,0.15075619498859344
e3qwen7_O2_A2,1,0.13410532330497674,0.2184726782309009,0.12414470462207952,0.5069103918872709,0.12405737665033813,0.49271256647089473,0.15798952010336195,0.2257975133527847,0.13084291602313644,0.5043203997036688,0.13349209912596754
e3qwen7_O2_A2,2,0.14221172206366908,0.21902399319937063,0.12061800803556803,0.4939597351334293,0.16139730892151677,0.48756931184675634,0.15534134957066864,0.21019744291405196,0.1268967783429234,0.49385962262472616,0.1468051654476686
e3qwen7_O2_A2,3,0.14096314156626688,0.23555765165409856,0.12166766560227811,0.4963345911309564,0.16266766135218447,0.5336740330559261,0.14918767420438506,0.21791708514461036,0.11790210802736142,0.5035006581966383,0.15339059864512533
e3qwen7_O2_A2,4,0.13858943886278557,0.2057795146627812,0.12232036258746558,0.5233915420765749,0.14748702522984242,0.5002220766186828,0.14513794701747137,0.24427510096039207,0.12654419238758288,0.5002538324694017,0.1514576670915657
e3qwen7_O2_A2,5,0.1380583213421672,0.2185137177918477,0.1390794793838818,0.49651243275529794,0.14398171933294954,0.49191339903980263,0.1267216139619664,0.2218748760634336,0.12387595200165083,0.495523545094931,0.15663284203038735
e3qwen7_O2_A5,1,0.13611151024328946,0.2107817979614307,0.122798809737938,0.4995403708962209,0.12315342621731933,0.49007147908118287,0.14159381386562742,0.4849088315778329,0.15945247647489352,0.5150582119448051,0.13355902492066896
e3qwen7_O2_A5,2,0.1484735722231074,0.22221510013986984,0.12670732373393534,0.49852516737277136,0.16236674584607916,0.49133083244940706,0.15311308037113788,0.47620626553759743,0.15037091974438033,0.4961426123764525,0.14980979142000425
e3qwen7_O2_A5,3,0.14305684487212106,0.23220782169199208,0.1200928669925745,0.497914553564739,0.16311996120124983,0.530510978911108,0.14861763802281364,0.5032667365342042,0.13046537762768465,0.5015836341627734,0.15298838051628272
e3qwen7_O2_A5,4,0.14127199578824728,0.2097872122685013,0.1186016136166598,0.5145703787829154,0.14420050653310879,0.5091890102204457,0.14225916276654055,0.522802555011542,0.1476204001064745,0.4915196804937539,0.1536782959184528
e3qwen7_O2_A5,5,0.14251816579774815,0.21914371492178802,0.13603706354427947,0.49799827860168727,0.14461634901289655,0.4880797573090352,0.13284123744438836,0.4908350107123234,0.15486815433581957,0.5047465366957673,0.14422802465135684
e3qwen7_O2_A8,1,0.12850495805539883,0.20571743932552441,0.11791245564789825,0.5115747874533192,0.12285554863677302,0.5013939761199446,0.13761935298813402,0.762771849012784,0.13255852702173943,0.5106136458590725,0.13157890598244934
e3qwen7_O2_A8,2,0.14350256021940933,0.21727576378446212,0.12049515866124035,0.49294662161716174,0.16350927452902148,0.4917226290047715,0.1560875326599927,0.7550037289191118,0.13246345343923935,0.4952270774641272,0.14495738180755263
e3qwen7_O2_A8,3,0.14241868086512183,0.2317873353687097,0.12500091986214826,0.4984308974114973,0.16385070884332886,0.5324367282882484,0.14909059407403055,0.7727756682989988,0.12013191586587957,0.5054825563271288,0.15401926568022176
e3qwen7_O2_A8,4,0.13645555332099862,0.2030630726231544,0.1177325521787653,0.5143203959373936,0.14428367629624456,0.5061899037579106,0.14112841618960928,0.7801426481681288,0.12383318556229604,0.49880270262696996,0.15529993637807776
e3qwen7_O2_A8,5,0.13890491838556043,0.21250048990268883,0.1363633369169902,0.49554914851757054,0.142199545055187,0.493312225187367,0.12875824163591088,0.7666241567355988,0.13101044141209997,0.4989841879277205,0.15619302690761402
e3qwen7_O5_A2,1,0.1354277275392655,0.4961379730939494,0.1372442152422263,0.5135517940168739,0.1274572996960296,0.48120587965254574,0.14373988589538317,0.22590959975657832,0.1318927170387219,0.5005617572041282,0.13680451982396633
e3qwen7_O5_A2,2,0.14254747921435068,0.4977924748119063,0.13290681430028303,0.49659687509879247,0.16172706714769244,0.49369903452056874,0.15351292155689067,0.20352305304084595,0.12404494125820131,0.49451102453587853,0.1405456518086858
e3qwen7_O5_A2,3,0.14643861695615784,0.5145778559362393,0.14002255746886105,0.49140398177988337,0.16028293995852297,0.5324905577588446,0.1521637079824266,0.21431825015633593,0.12032316112792112,0.5081855675943959,0.15940071824305757
e3qwen7_O5_A2,4,0.14204811508376064,0.483619623484039,0.14407758056914954,0.5222021987324544,0.14826012428207275,0.5002725468572684,0.14077242962616784,0.24851086733462957,0.12475498345939762,0.49674629908757884,0.15237545748201545
e3qwen7_O5_A2,5,0.14085616603602547,0.49828318671956945,0.15362854501176887,0.4967084539625543,0.1498610674747594,0.49379901431330386,0.1301931155502199,0.22595322322444594,0.12881657663991714,0.5044994752281942,0.14178152550346204
e3qwen7_O5_A5,1,0.13597904620390655,0.49617129908359864,0.13652937200913023,0.5014816098045726,0.12261599077862134,0.4819649921928803,0.13278842601865412,0.48360254662612895,0.1586601160026633,0.50997581305622,0.1293013262104638
e3qwen7_O5_A5,2,0.15113407378171836,0.5017158282276885,0.14371001823419027,0.5001794647979323,0.1601793214844164,0.49470969090680234,0.14832692631758243,0.46550011238183453,0.1556928401769579,0.49783120151938975,0.14776126269544473
e3qwen7_O5_A5,3,0.1491072184974031,0.5112912342932551,0.13956114169634742,0.49202638263137777,0.16013005959901672,0.5293981553741473,0.15595464246042276,0.4993449427241227,0.13076786915168215,0.5091854813702956,0.15912237957954653
e3qwen7_O5_A5,4,0.15049829511294638,0.485874984600444,0.14660963592006465,0.5096801136745787,0.14491674385274173,0.510489894613155,0.13989932454384435,0.512957412508073,0.15785290790741582,0.4837701430887498,0.16321286334066534
e3qwen7_O5_A5,5,0.14354491357062188,0.5035609761837806,0.1504212125559987,0.5072642036168413,0.14393983247463524,0.48899195238137383,0.13218769163628336,0.4970879085952823,0.14866480036439164,0.5040748518795657,0.14251103082180042
e3qwen7_O5_A8,1,0.13079583753972496,0.4844003047994802,0.13286811816831084,0.513042652652841,0.12360684086146308,0.4931667751727579,0.134231654949282,0.7592824051091062,0.13254488023795816,0.5070069482435465,0.13072769348161056
e3qwen7_O5_A8,2,0.1471763005334074,0.4972478660660035,0.13859726153279775,0.49863033156013264,0.16250943346748678,0.4956748992419221,0.15082093269729355,0.7506008822484924,0.14083297884064017,0.5027040604090305,0.1431208961288187
e3qwen7_O5_A8,3,0.14463109540957741,0.5083007516675861,0.14120933038364875,0.4971558855512068,0.16283315067406817,0.533114589355544,0.15033884618632237,0.7805425733466405,0.11144304078700547,0.5095556594908937,0.1573311090168423
e3qwen7_O5_A8,4,0.1426937015277042,0.4678820672604312,0.14515013556823103,0.5153670799792078,0.14241224005884182,0.5050072281305924,0.13932341747974694,0.7830104486185376,0.1263137369811578,0.48276261981264956,0.16026897755054328
e3qwen7_O5_A8,5,0.1404113489093775,0.49600850753967335,0.14726246553663178,0.4974303150418724,0.14590502901317892,0.4947584081331172,0.13007281058360212,0.7656932001385336,0.13101451085849045,0.5060172174366555,0.14780192855498422
e3qwen7_O8_A2,1,0.13065490256086193,0.778587810529934,0.12422951842728654,0.5129092649387288,0.122449129873427,0.48414920267546824,0.14592653199974484,0.2180476974284188,0.12891712566558228,0.4980445090483764,0.13175220683826894
e3qwen7_O8_A2,2,0.13770722713769268,0.7793917964430661,0.1135155289679548,0.4890619965848242,0.16456730875554082,0.48882189367224166,0.15063777208995083,0.20392855870541346,0.11813368020603936,0.5041820743500882,0.14168184566897754
e3qwen7_O8_A2,3,0.14100170729184897,0.7864189513989559,0.12416447999860217,0.5004506543310657,0.14910403067795291,0.5402043027087481,0.1507111488839068,0.2192433726206713,0.12395718932120081,0.5119623114524049,0.15707168757758205
e3qwen7_O8_A2,4,0.13874938595965786,0.7565605765170409,0.1278680829907274,0.5239084523739013,0.14606494787618682,0.49910799171626297,0.14768406658581157,0.2391566539994184,0.12075914450469992,0.502562907101337,0.1513706878408635
e3qwen7_O8_A2,5,0.1351326021129998,0.7658258586844192,0.1266842354663541,0.49687393109722144,0.14702841559429242,0.49141337382060085,0.12542053966413452,0.2196350637502148,0.12571676280643276,0.4930431179653374,0.15081305703378514
e3qwen7_O8_A5,1,0.13144504305088903,0.773194071747769,0.12103530295856138,0.5096415551029909,0.11764424719341267,0.484011612461818,0.13029012613946853,0.4783648314719408,0.1559344969369151,0.505742487672159,0.13232104202608738
e3qwen7_O8_A5,2,0.1440411841705977,0.776640965523156,0.11848165506373912,0.4934323627979602,0.16598791400923565,0.49175903413764255,0.14592947309911422,0.4709843117919028,0.149708167056974,0.4959581109233738,0.1400987116239255
e3qwen7_O8_A5,3,0.1424759486398613,0.7855936213493142,0.11995986051831782,0.5057350062443222,0.14976490323341732,0.5309284235014109,0.1529671840532713,0.49944821854271937,0.13332214222967587,0.5119972253565033,0.15636565316462417
e3qwen7_O8_A5,4,0.1441526671619575,0.7651638389354093,0.12623139334056488,0.5152885746302514,0.14098565194703588,0.5074706575997892,0.14319344538719783,0.5053000291354794,0.14973085565449157,0.48844582975194506,0.16062198948049736
e3qwen7_O8_A5,5,0.13918971916265466,0.7694336451622515,0.12215328743288234,0.49627685308596015,0.14802419541268125,0.4907985421855575,0.13213418777825064,0.4874822080678408,0.15475401049605175,0.5003356571972004,0.13888291469340733
e3qwen7_O8_A8,1,0.12594942218921862,0.7730506348906069,0.12324237292463651,0.5168552937486829,0.11748541473949159,0.4950239666940472,0.1285480519439355,0.7592067833433838,0.130404477406002,0.5051234502719787,0.13006679393202755
e3qwen7_O8_A8,2,0.14178996124076,0.7780050368672212,0.11995016243164108,0.4919302900482558,0.1644651364139807,0.49058712755792766,0.14976535821752202,0.7562453414676652,0.13694748873494292,0.492690001333667,0.13782166040571334
e3qwen7_O8_A8,3,0.13840903841014446,0.7801436858629641,0.1250708269470797,0.5012740348749496,0.14975703161246984,0.5359622980207206,0.1468461986804697,0.7797736576751062,0.11272863068781905,0.5184748273206743,0.15764250412288414
e3qwen7_O8_A8,4,0.14037329096288437,0.7556776082387202,0.13254614603799056,0.5118233987671776,0.13692495948990077,0.4972341216217662,0.1431683365981605,0.7815483310469454,0.12654151530997998,0.4887494655487414,0.1626854973783901
e3qwen7_O8_A8,5,0.1355430175923176,0.7696635280799136,0.1253198791409233,0.4976193740880304,0.14318646673790236,0.48920263092437877,0.128325434027375,0.763687396896258,0.13012711306679375,0.49772425111987656,0.15075619498859344
e5_neuroticism_high__er,1,0.13314423386362864,0.4883190267625045,0.1397981580769694,0.5071803481976466,0.12430487734542464,0.48411210298588014,0.13051874965235755,0.482720668690555,0.15828599096447726,0.785443430205778,0.11281339327891439
e5_neuroticism_high__er,2,0.14715885008460794,0.4995030331459109,0.1404062650979197,0.49945929679458784,0.16190547675945474,0.4938891195679552,0.15140049879100953,0.47798438540382043,0.15352090278448294,0.7781303154964321,0.12856110699017287
e5_neuroticism_high__er,3,0.14133741867827743,0.5142945039441357,0.1381980422634723,0.5088896282454904,0.1584793826723633,0.5220637971598214,0.15685878057447206,0.5059741900688604,0.13502622760637012,0.775077528928474,0.11812466027470936
e5_neuroticism_high__feed,1,0.13314423386362864,0.4883190267625045,0.1397981580769694,0.5071803481976466,0.12430487734542464,0.48411210298588014,0.13051874965235755,0.482720668690555,0.15828599096447726,0.785443430205778,0.11281339327891439
e5_neuroticism_high__feed,2,0.14715885008460794,0.4995030331459109,0.1404062650979197,0.49945929679458784,0.16190547675945474,0.4938891195679552,0.15140049879100953,0.47798438540382043,0.15352090278448294,0.7781303154964321,0.12856110699017287
e5_neuroticism_high__feed,3,0.14133741867827743,0.5142945039441357,0.1381980422634723,0.5088896282454904,0.1584793826723633,0.5220637971598214,0.15685878057447206,0.5059741900688604,0.13502622760637012,0.775077528928474,0.11812466027470936
e5_neuroticism_high__mem,1,0.13314423386362864,0.4883190267625045,0.1397981580769694,0.5071803481976466,0.12430487734542464,0.48411210298588014,0.13051874965235755,0.482720668690555,0.15828599096447726,0.785443430205778,0.11281339327891439
e5_neuroticism_high__mem,2,0.14715885008460794,0.4995030331459109,0.1404062650979197,0.49945929679458784,0.16190547675945474,0.4938891195679552,0.15140049879100953,0.47798438540382043,0.15352090278448294,0.7781303154964321,0.12856110699017287
e5_neuroticism_high__mem,3,0.14133741867827743,0.5142945039441357,0.1381980422634723,0.5088896282454904,0.1584793826723633,0.5220637971598214,0.15685878057447206,0.5059741900688604,0.13502622760637012,0.775077528928474,0.11812466027470936
e5_neuroticism_high__qwen,1,0.13314423386362864,0.4883190267625045,0.1397981580769694,0.5071803481976466,0.12430487734542464,0.48411210298588014,0.13051874965235755,0.482720668690555,0.15828599096447726,0.785443430205778,0.11281339327891439
e5_neuroticism_high__qwen,2,0.14715885008460794,0.4995030331459109,0.1404062650979197,0.49945929679458784,0.16190547675945474,0.4938891195679552,0.15140049879100953,0.47798438540382043,0.15352090278448294,0.7781303154964321,0.12856110699017287
e5_neuroticism_high__qwen,3,0.14133741867827743,0.5142945039441357,0.1381980422634723,0.5088896282454904,0.1584793826723633,0.5220637971598214,0.15685878057447206,0.5059741900688604,0.13502622760637012,0.775077528928474,0.11812466027470936
e5_neuroticism_high__rho_hi,1,0.13314423386362864,0.4883190267625045,0.1397981580769694,0.5071803481976466,0.12430487734542464,0.48411210298588014,0.13051874965235755,0.482720668690555,0.15828599096447726,0.785443430205778,0.11281339327891439
e5_neuroticism_high__rho_hi,2,0.14715885008460794,0.4995030331459109,0.1404062650979197,0.49945929679458784,0.16190547675945474,0.4938891195679552,0.15140049879100953,0.47798438540382043,0.15352090278448294,0.7781303154964321,0.12856110699017287
e5_neuroticism_high__rho_hi,3,0.14133741867827743,0.5142945039441357,0.1381980422634723,0.5088896282454904,0.1584793826723633,0.5220637971598214,0.15685878057447206,0.5059741900688604,0.13502622760637012,0.775077528928474,0.11812466027470936
e5_neuroticism_high__rho_lo,1,0.13314423386362864,0.4883190267625045,0.1397981580769694,0.5071803481976466,0.12430487734542464,0.48411210298588014,0.13051874965235755,0.482720668690555,0.15828599096447726,0.785443430205778,0.11281339327891439
e5_neuroticism_high__rho_lo,2,0.14715885008460794,0.4995030331459109,0.1404062650979197,0.49945929679458784,0.16190547675945474,0.4938891195679552,0.15140049879100953,0.47798438540382043,0.15352090278448294,0.7781303154964321,0.12856110699017287
e5_neuroticism_high__rho_lo,3,0.14133741867827743,0.5142945039441357,0.1381980422634723,0.5088896282454904,0.1584793826723633,0.5220637971598214,0.15685878057447206,0.5059741900688604,0.13502622760637012,0.775077528928474,0.11812466027470936
e5_neuroticism_high__temp,1,0.13314423386362864,0.4883190267625045,0.1397981580769694,0.5071803481976466,0.12430487734542464,0.48411210298588014,0.13051874965235755,0.482720668690555,0.15828599096447726,0.785443430205778,0.11281339327891439
e5_neuroticism_high__temp,2,0.14715885008460794,0.4995030331459109,0.1404062650979197,0.49945929679458784,0.16190547675945474,0.4938891195679552,0.15140049879100953,0.47798438540382043,0.15352090278448294,0.7781303154964321,0.12856110699017287
e5_neuroticism_high__temp,3,0.14133741867827743,0.5142945039441357,0.1381980422634723,0.5088896282454904,0.1584793826723633,0.5220637971598214,0.15685878057447206,0.5059741900688604,0.13502622760637012,0.775077528928474,0.11812466027470936
e5_neuroticism_high__ws,1,0.13314423386362864,0.4883190267625045,0.1397981580769694,0.5071803481976466,0.12430487734542464,0.48411210298588014,0.13051874965235755,0.482720668690555,0.15828599096447726,0.785443430205778,0.11281339327891439
e5_neuroticism_high__ws,2,0.14715885008460794,0.4995030331459109,0.1404062650979197,0.49945929679458784,0.16190547675945474,0.4938891195679552,0.15140049879100953,0.47798438540382043,0.15352090278448294,0.7781303154964321,0.12856110699017287
e5_neuroticism_high__ws,3,0.14133741867827743,0.5142945039441357,0.1381980422634723,0.5088896282454904,0.1584793826723633,0.5220637971598214,0.15685878057447206,0.5059741900688604,0.13502622760637012,0.775077528928474,0.11812466027470936
e5_norm_baseline__er,1,0.13597904620390655,0.49617129908359864,0.13652937200913023,0.5014816098045726,0.12261599077862134,0.4819649921928803,0.13278842601865412,0.48360254662612895,0.1586601160026633,0.50997581305622,0.1293013262104638
e5_norm_baseline__er,2,0.15113407378171836,0.5017158282276885,0.14371001823419027,0.5001794647979323,0.1601793214844164,0.49470969090680234,0.14832692631758243,0.46550011238183453,0.1556928401769579,0.49783120151938975,0.14776126269544473
e5_norm_baseline__er,3,0.1491072184974031,0.5112912342932551,0.13956114169634742,0.49202638263137777,0.16013005959901672,0.5293981553741473,0.15595464246042276,0.4993449427241227,0.13076786915168215,0.5091854813702956,0.15912237957954653
e5_norm_baseline__feed,1,0.13597904620390655,0.49617129908359864,0.13652937200913023,0.5014816098045726,0.12261599077862134,0.4819649921928803,0.13278842601865412,0.48360254662612895,0.1586601160026633,0.50997581305622,0.1293013262104638
e5_norm_baseline__feed,2,0.15113407378171836,0.5017158282276885,0.14371001823419027,0.5001794647979323,0.1601793214844164,0.49470969090680234,0.14832692631758243,0.46550011238183453,0.1556928401769579,0.49783120151938975,0.14776126269544473
e5_norm_baseline__feed,3,0.1491072184974031,0.5112912342932551,0.13956114169634742,0.49202638263137777,0.16013005959901672,0.5293981553741473,0.15595464246042276,0.4993449427241227,0.13076786915168215,0.5091854813702956,0.15912237957954653
e5_norm_baseline__mem,1,0.13597904620390655,0.49617129908359864,0.13652937200913023,0.5014816098045726,0.12261599077862134,0.4819649921928803,0.13278842601865412,0.48360254662612895,0.1586601160026633,0.50997581305622,0.1293013262104638
e5_norm_baseline__mem,2,0.15113407378171836,0.5017158282276885,0.14371001823419027,0.5001794647979323,0.1601793214844164,0.49470969090680234,0.14832692631758243,0.46550011238183453,0.1556928401769579,0.49783120151938975,0.14776126269544473
e5_norm_baseline__mem,3,0.1491072184974031,0.5112912342932551,0.13956114169634742,0.49202638263137777,0.16013005959901672,0.5293981553741473,0.15595464246042276,0.4993449427241227,0.13076786915168215,0.5091854813702956,0.15912237957954653
e5_norm_baseline__qwen,1,0.13597904620390655,0.49617129908359864,0.13652937200913023,0.5014816098045726,0.12261599077862134,0.4819649921928803,0.13278842601865412,0.48360254662612895,0.1586601160026633,0.50997581305622,0.1293013262104638
e5_norm_baseline__qwen,2,0.15113407378171836,0.5017158282276885,0.14371001823419027,0.5001794647979323,0.1601793214844164,0.49470969090680234,0.14832692631758243,0.46550011238183453,0.1556928401769579,0.49783120151938975,0.14776126269544473
e5_norm_baseline__qwen,3,0.1491072184974031,0.5112912342932551,0.13956114169634742,0.49202638263137777,0.16013005959901672,0.5293981553741473,0.15595464246042276,0.4993449427241227,0.13076786915168215,0.5091854813702956,0.15912237957954653
e5_norm_baseline__rho_hi,1,0.13597904620390655,0.49617129908359864,0.13652937200913023,0.5014816098045726,0.12261599077862134,0.4819649921928803,0.13278842601865412,0.48360254662612895,0.1586601160026633,0.50997581305622,0.1293013262104638
e5_norm_baseline__rho_hi,2,0.15113407378171836,0.5017158282276885,0.14371001823419027,0.5001794647979323,0.1601793214844164,0.49470969090680234,0.14832692631758243,0.46550011238183453,0.1556928401769579,0.49783120151938975,0.14776126269544473
e5_norm_baseline__rho_hi,3,0.1491072184974031,0.5112912342932551,0.13956114169634742,0.49202638263137777,0.16013005959901672,0.5293981553741473,0.15595464246042276,0.4993449427241227,0.13076786915168215,0.5091854813702956,0.15912237957954653
e5_norm_baseline__rho_lo,1,0.13597904620390655,0.49617129908359864,0.13652937200913023,0.5014816098045726,0.12261599077862134,0.4819649921928803,0.13278842601865412,0.48360254662612895,0.1586601160026633,0.50997581305622,0.1293013262104638
e5_norm_baseline__rho_lo,2,0.15113407378171836,0.5017158282276885,0.14371001823419027,0.5001794647979323,0.1601793214844164,0.49470969090680234,0.14832692631758243,0.46550011238183453,0.1556928401769579,0.49783120151938975,0.14776126269544473
e5_norm_baseline__rho_lo,3,0.1491072184974031,0.5112912342932551,0.13956114169634742,0.49202638263137777,0.16013005959901672,0.5293981553741473,0.15595464246042276,0.4993449427241227,0.13076786915168215,0.5091854813702956,0.15912237957954653
e5_norm_baseline__temp,1,0.13597904620390655,0.49617129908359864,0.13652937200913023,0.5014816098045726,0.12261599077862134,0.4819649921928803,0.13278842601865412,0.48360254662612895,0.1586601160026633,0.50997581305622,0.1293013262104638
e5_norm_baseline__temp,2,0.15113407378171836,0.5017158282276885,0.14371001823419027,0.5001794647979323,0.1601793214844164,0.49470969090680234,0.14832692631758243,0.46550011238183453,0.1556928401769579,0.49783120151938975,0.14776126269544473
e5_norm_baseline__temp,3,0.1491072184974031,0.5112912342932551,0.13956114169634742,0.49202638263137777,0.16013005959901672,0.5293981553741473,0.15595464246042276,0.4993449427241227,0.13076786915168215,0.5091854813702956,0.15912237957954653
e5_norm_baseline__ws,1,0.13597904620390655,0.49617129908359864,0.13652937200913023,0.5014816098045726,0.12261599077862134,0.4819649921928803,0.13278842601865412,0.48360254662612895,0.1586601160026633,0.50997581305622,0.1293013262104638
e5_norm_baseline__ws,2,0.15113407378171836,0.5017158282276885,0.14371001823419027,0.5001794647979323,0.1601793214844164,0.49470969090680234,0.14832692631758243,0.46550011238183453,0.1556928401769579,0.49783120151938975,0.14776126269544473
e5_norm_baseline__ws,3,0.1491072184974031,0.5112912342932551,0.13956114169634742,0.49202638263137777,0.16013005959901672,0.5293981553741473,0.15595464246042276,0.4993449427241227,0.13076786915168215,0.5091854813702956,0.15912237957954653
e5_openness_high__er,1,0.13144504305088903,0.773194071747769,0.12103530295856138,0.5096415551029909,0.11764424719341267,0.484011612461818,0.13029012613946853,0.4783648314719408,0.1559344969369151,0.505742487672159,0.13232104202608738
e5_openness_high__er,2,0.1440411841705977,0.776640965523156,0.11848165506373912,0.4934323627979602,0.16598791400923565,0.49175903413764255,0.14592947309911422,0.4709843117919028,0.149708167056974,0.4959581109233738,0.1400987116239255
e5_openness_high__er,3,0.1424759486398613,0.7855936213493142,0.11995986051831782,0.5057350062443222,0.14976490323341732,0.5309284235014109,0.1529671840532713,0.49944821854271937,0.13332214222967587,0.5119972253565033,0.15636565316462417
e5_openness_high__feed,1,0.13144504305088903,0.773194071747769,0.12103530295856138,0.5096415551029909,0.11764424719341267,0.484011612461818,0.13029012613946853,0.4783648314719408,0.1559344969369151,0.505742487672159,0.13232104202608738
e5_openness_high__feed,2,0.1440411841705977,0.776640965523156,0.11848165506373912,0.4934323627979602,0.16598791400923565,0.49175903413764255,0.14592947309911422,0.4709843117919028,0.149708167056974,0.4959581109233738,0.1400987116239255
e5_openness_high__feed,3,0.1424759486398613,0.7855936213493142,0.11995986051831782,0.5057350062443222,0.14976490323341732,0.5309284235014109,0.1529671840532713,0.49944821854271937,0.13332214222967587,0.5119972253565033,0.15636565316462417
e5_openness_high__mem,1,0.13144504305088903,0.773194071747769,0.12103530295856138,0.5096415551029909,0.11764424719341267,0.484011612461818,0.13029012613946853,0.4783648314719408,0.1559344969369151,0.505742487672159,0.13232104202608738
e5_openness_high__mem,2,0.1440411841705977,0.776640965523156,0.11848165506373912,0.4934323627979602,0.16598791400923565,0.49175903413764255,0.14592947309911422,0.4709843117919028,0.149708167056974,0.4959581109233738,0.1400987116239255
e5_openness_high__mem,3,0.1424759486398613,0.7855936213493142,0.11995986051831782,0.5057350062443222,0.14976490323341732,0.5309284235014109,0.1529671840532713,0.49944821854271937,0.13332214222967587,0.5119972253565033,0.15636565316462417
e5_openness_high__qwen,1,0.13144504305088903,0.773194071747769,0.12103530295856138,0.5096415551029909,0.11764424719341267,0.484011612461818,0.13029012613946853,0.4783648314719408,0.1559344969369151,0.505742487672159,0.13232104202608738
e5_openness_high__qwen,2,0.1440411841705977,0.776640965523156,0.11848165506373912,0.4934323627979602,0.16598791400923565,0.49175903413764255,0.14592947309911422,0.4709843117919028,0.149708167056974,0.4959581109233738,0.1400987116239255
e5_openness_high__qwen,3,0.1424759486398613,0.7855936213493142,0.11995986051831782,0.5057350062443222,0.14976490323341732,0.5309284235014109,0.1529671840532713,0.49944821854271937,0.13332214222967587,0.5119972253565033,0.15636565316462417
e5_openness_high__rho_hi,1,0.13144504305088903,0.773194071747769,0.12103530295856138,0.5096415551029909,0.11764424719341267,0.484011612461818,0.13029012613946853,0.4783648314719408,0.1559344969369151,0.505742487672159,0.13232104202608738
e5_openness_high__rho_hi,2,0.1440411841705977,0.776640965523156,0.11848165506373912,0.4934323627979602,0.16598791400923565,0.49175903413764255,0.14592947309911422,0.4709843117919028,0.149708167056974,0.4959581109233738,0.1400987116239255
e5_openness_high__rho_hi,3,0.1424759486398613,0.7855936213493142,0.11995986051831782,0.5057350062443222,0.14976490323341732,0.5309284235014109,0.1529671840532713,0.49944821854271937,0.13332214222967587,0.5119972253565033,0.15636565316462417
e5_openness_high__rho_lo,1,0.13144504305088903,0.773194071747769,0.12103530295856138,0.5096415551029909,0.11764424719341267,0.484011612461818,0.13029012613946853,0.4783648314719408,0.1559344969369151,0.505742487672159,0.13232104202608738
e5_openness_high__rho_lo,2,0.1440411841705977,0.776640965523156,0.11848165506373912,0.4934323627979602,0.16598791400923565,0.49175903413764255,0.14592947309911422,0.4709843117919028,0.149708167056974,0.4959581109233738,0.1400987116239255
e5_openness_high__rho_lo,3,0.1424759486398613,0.7855936213493142,0.11995986051831782,0.5057350062443222,0.14976490323341732,0.5309284235014109,0.1529671840532713,0.49944821854271937,0.13332214222967587,0.5119972253565033,0.15636565316462417
e5_openness_high__temp,1,0.13144504305088903,0.773194071747769,0.12103530295856138,0.5096415551029909,0.11764424719341267,0.484011612461818,0.13029012613946853,0.4783648314719408,0.1559344969369151,0.505742487672159,0.13232104202608738
e5_openness_high__temp,2,0.1440411841705977,0.776640965523156,0.11848165506373912,0.4934323627979602,0.16598791400923565,0.49175903413764255,0.14592947309911422,0.4709843117919028,0.149708167056974,0.4959581109233738,0.1400987116239255
e5_openness_high__temp,3,0.1424759486398613,0.7855936213493142,0.11995986051831782,0.5057350062443222,0.14976490323341732,0.5309284235014109,0.1529671840532713,0.49944821854271937,0.13332214222967587,0.5119972253565033,0.15636565316462417
e5_openness_high__ws,1,0.13144504305088903,0.773194071747769,0.12103530295856138,0.5096415551029909,0.11764424719341267,0.484011612461818,0.13029012613946853,0.4783648314719408,0.1559344969369151,0.505742487672159,0.13232104202608738
e5_openness_high__ws,2,0.1440411841705977,0.776640965523156,0.11848165506373912,0.4934323627979602,0.16598791400923565,0.49175903413764255,0.14592947309911422,0.4709843117919028,0.149708167056974,0.4959581109233738,0.1400987116239255
e5_openness_high__ws,3,0.1424759486398613,0.7855936213493142,0.11995986051831782,0.5057350062443222,0.14976490323341732,0.5309284235014109,0.1529671840532713,0.49944821854271937,0.13332214222967587,0.5119972253565033,0.15636565316462417
scale_n200_norm,1,0.14612219112840938,0.4863846851292234,0.1472697778573921,0.501802313650886,0.13243329722542735,0.48122743351002284,0.14948717576801804,0.48818568516226507,0.15120460523541351,0.5029257636898348,0.15021609955579598
scale_n200_norm,2,0.15124608636258352,0.5047195357353221,0.14761598879701462,0.49281686243848044,0.15384864093758627,0.516766505967691,0.15622279938204198,0.47562143458450235,0.1449605016063806,0.49326886579188134,0.15358250108989419
scale_n200_norm,3,0.1506218975590941,0.511497027096937,0.1384818414227715,0.4976178811697555,0.15083578837471984,0.5178590374884858,0.15825490946907755,0.5030308747110491,0.14682161564530943,0.4988545463596935,0.15871533288359216
