family,config,baseline,metric,n_pairs,mean_baseline,mean_condition,mean_diff,ci_lo,ci_hi,cohens_dz,hedges_g,cliffs_delta,p_ttest,p_wilcoxon,wilcoxon_min_possible_p,p_holm
abex,abex_e1_agreeableness_high,abex_e1_norm_baseline,CI_accuracy_z,8,0.06826515996069399,-0.16443739604047927,-0.23270255600117326,-0.5458051780841131,0.08753688065787614,-0.47789988991633553,-0.4406202290412168,-0.28125,0.2185178321046107,0.3828125,0.0078125,0.4370356642092214
abex,abex_e1_agreeableness_low,abex_e1_norm_baseline,CI_accuracy_z,8,0.06826515996069399,0.0961722360797665,0.027907076119072477,-0.3098066570602222,0.4002532843495651,0.049901513093613695,0.05303706544894568,-0.03125,0.8917330895753016,0.9453125,0.0078125,0.8917330895753016
abex,abex_e1_agreeableness_low,abex_e1_norm_baseline,CI_diversity,8,0.14828758152369426,0.16422187051807802,0.015934288994383754,-0.000363081385875149,0.028925094072009782,0.6971149518890567,0.9578202885152988,0.53125,0.08926214783821847,0.109375,0.0078125,0.17852429567643693
abex,abex_e1_agreeableness_high,abex_e1_norm_baseline,CI_diversity,8,0.14828758152369426,0.1561620130613777,0.007874431537683416,-0.011407951151189184,0.0254814127246372,0.27741756993748395,0.4123892270427778,0.34375,0.45838253009909513,0.546875,0.0078125,0.45838253009909513
abex,abex_e1_agreeableness_low,abex_e1_norm_baseline,CI_hidden_profile_rate,8,0.115625,0.16499999999999998,0.049375,0.035625000000000004,0.06125,2.5039291740862826,1.9562823672191447,0.828125,0.00019672210795827205,0.0078125,0.0078125,0.0003934442159165441
abex,abex_e1_agreeableness_high,abex_e1_norm_baseline,CI_hidden_profile_rate,8,0.115625,0.10749999999999987,-0.008125000000000122,-0.031250000000000375,0.01437500000000001,-0.22919660442805667,-0.32603568607344596,-0.109375,0.5374893392760618,0.4609375,0.0078125,0.5374893392760618
abex,abex_e1_agreeableness_low,abex_e1_norm_baseline,CI_mean_gain_vs_pre,8,-0.009482702465390375,0.024665553733296753,0.034148256198687124,-0.00174853461452475,0.0667920651154615,0.6453466518436539,0.7910434145558294,0.375,0.11070280603573215,0.109375,0.0078125,0.2214056120714643
abex,abex_e1_agreeableness_high,abex_e1_norm_baseline,CI_mean_gain_vs_pre,8,-0.009482702465390375,0.0034424969991206254,0.012925199464511003,-0.04414083605394222,0.06521371538082725,0.15166962391637948,0.20440549355786353,0.21875,0.6808262126227635,0.7421875,0.0078125,0.6808262126227635
abex,abex_e1_agreeableness_high,abex_e1_norm_baseline,CI_medrelerr_z,8,0.1053909745643496,-0.10472899211528383,-0.21011996667963337,-0.6555588065150223,0.1953495347677422,-0.3196695192362338,-0.3874203420062157,-0.21875,0.3959594181032992,0.4609375,0.0078125,0.7919188362065984
abex,abex_e1_agreeableness_low,abex_e1_norm_baseline,CI_medrelerr_z,8,0.1053909745643496,-0.0006619824490458615,-0.10605295701339544,-0.362256781862091,0.14906345077394667,-0.2635482703564724,-0.24946350299382336,-0.125,0.4802892692664865,0.640625,0.0078125,0.7919188362065984
abex,abex_e1_agreeableness_high,abex_e1_norm_baseline,crosscut_rate,8,0.1672492179332824,0.054549663146858135,-0.11269955478642427,-0.1503606593806434,-0.07810125426062162,-2.021840139620049,-3.2626550286030502,-1.0,0.0007213408004340477,0.0078125,0.0078125,0.0014426816008680954
abex,abex_e1_agreeableness_low,abex_e1_norm_baseline,crosscut_rate,8,0.1672492179332824,0.16309422583012215,-0.004154992103160249,-0.0284828168390285,0.020244134003895003,-0.10946699114970804,-0.08913745389350793,-0.03125,0.7658638204239321,0.84375,0.0078125,0.7658638204239321
abex,abex_e1_agreeableness_high,abex_e1_norm_baseline,pol_assort,8,-0.021913255427096125,-0.01122096842844469,0.010692286998651435,-0.016991357025689068,0.04089705104328837,0.23636048532689083,0.27791822772459496,0.0,0.5252207971422266,0.640625,0.0078125,1.0
abex,abex_e1_agreeableness_low,abex_e1_norm_baseline,pol_assort,8,-0.021913255427096125,-0.025721142097875065,-0.0038078866707789375,-0.042293600495156625,0.031721898024602964,-0.07055783140893052,-0.10360733802129343,-0.15625,0.847492142097495,0.546875,0.0078125,1.0
abex,abex_e1_agreeableness_low,abex_e1_norm_baseline,pol_ei,8,0.45407211568126415,0.607611510812812,0.15353939513154777,0.0891592059540667,0.21342591674172962,1.5754311640287153,1.3156832664405003,0.71875,0.0029502597572890897,0.0078125,0.0078125,0.0059005195145781794
abex,abex_e1_agreeableness_high,abex_e1_norm_baseline,pol_ei,8,0.45407211568126415,0.5268529671801407,0.07278085149887661,0.004770651105221403,0.1429590445844171,0.6799003131646655,0.797938461822828,0.46875,0.09589855880813986,0.1484375,0.0078125,0.09589855880813986
abex,abex_e1_agreeableness_high,abex_e1_norm_baseline,pol_extremity,8,1.28875,1.4968750000000002,0.20812500000000003,0.17312500000000006,0.2425,3.865081734314687,3.427808900478441,0.96875,1.1854874876066014e-05,0.0078125,0.0078125,2.3709749752132028e-05
abex,abex_e1_agreeableness_low,abex_e1_norm_baseline,pol_extremity,8,1.28875,1.40125,0.11250000000000002,0.07374999999999995,0.15625000000000003,1.747843498872746,2.1655066193249692,0.921875,0.0016682220686527343,0.0078125,0.0078125,0.0016682220686527343
abex,abex_e1_agreeableness_high,abex_e1_norm_baseline,pol_var,8,1.1616624999999998,0.8037687499999999,-0.35789375,-0.4704893749999999,-0.2594187500000001,-2.162590505545303,-3.3060710301794325,-1.0,0.0004830596477983703,0.0078125,0.0078125,0.0009661192955967406
abex,abex_e1_agreeableness_low,abex_e1_norm_baseline,pol_var,8,1.1616624999999998,1.1020499999999998,-0.05961250000000004,-0.2019374999999998,0.08044921874999973,-0.27125133602603435,-0.3646171063503553,-0.125,0.4680365545472207,0.4609375,0.0078125,0.4680365545472207
abex,abex_e1_agreeableness_low,abex_e1_norm_baseline,trait_drift_mean,8,0.3362712648594399,0.35771279747433915,0.021441532614899256,0.011503763926217813,0.030932835724743882,1.4217907559961251,1.7446021197023067,0.84375,0.00505041758889761,0.015625,0.0078125,0.01010083517779522
abex,abex_e1_agreeableness_high,abex_e1_norm_baseline,trait_drift_mean,8,0.3362712648594399,0.32992546913451193,-0.006345795724928008,-0.020493542560530507,0.0062220172582719835,-0.3045529082434528,-0.4160188909479218,-0.1875,0.41754227965752266,0.4609375,0.0078125,0.41754227965752266
abpr,abpr_e2_homog,abpr_e1_norm_baseline,CI_accuracy_z,8,0.1412664442521042,-0.46593227737227094,-0.6071987216243752,-0.9287226036404199,-0.21776217829685202,-1.1083761378103314,-1.4820557619475756,-0.75,0.016494916693163983,0.0390625,0.0078125,0.14845425023847586
abpr,abpr_e1_agreeableness_high,abpr_e1_norm_baseline,CI_accuracy_z,8,0.1412664442521042,-0.32261430977602557,-0.4638807540281298,-0.8331324895613506,-0.04346383414586008,-0.7541093661148777,-1.2931333977973802,-0.6875,0.07036370570036972,0.078125,0.0078125,0.5629096456029578
abpr,abpr_e3_O8_A8,abpr_e1_norm_baseline,CI_accuracy_z,8,0.1412664442521042,-0.264629319719761,-0.4058957639718652,-0.7899171923728536,-0.06086294790450685,-0.7082204711488052,-1.1850661125484725,-0.59375,0.08522248703688837,0.109375,0.0078125,0.5965574092582185
abpr,abpr_e1_agreeableness_low,abpr_e1_norm_baseline,CI_accuracy_z,8,0.1412664442521042,0.22629536504503728,0.08502892079293307,-0.07367596060259439,0.21700108361336426,0.3752215494500348,0.23077150912702896,0.125,0.3237977102740888,0.3125,0.0078125,1.0
abpr,abpr_e1_neuroticism_high,abpr_e1_norm_baseline,CI_accuracy_z,8,0.1412664442521042,0.09506306858010369,-0.046203375672000474,-0.3970980945499013,0.30310547446145664,-0.08478168433805737,-0.11036499698512262,0.0625,0.8173567617380996,0.9453125,0.0078125,1.0
abpr,abpr_e1_openness_high,abpr_e1_norm_baseline,CI_accuracy_z,8,0.1412664442521042,-0.006868483753518416,-0.1481349280056226,-0.3592512428489805,0.023645577891460372,-0.48530194282819866,-0.3473741996095362,-0.1875,0.21222388816978807,0.1953125,0.0078125,1.0
abpr,abpr_e2_diverse,abpr_e1_norm_baseline,CI_accuracy_z,8,0.1412664442521042,0.15857500563837462,0.01730856138627046,-0.31437208147761886,0.3257679323462422,0.034610643085972545,0.04838789399085548,0.03125,0.9247608465586398,0.7421875,0.0078125,1.0
abpr,abpr_e2_mid,abpr_e1_norm_baseline,CI_accuracy_z,8,0.1412664442521042,0.07905464390211492,-0.06221180034998927,-0.5130239228842873,0.3418636558092837,-0.09652295344093786,-0.15041400415731965,-0.03125,0.7927257926369708,0.7421875,0.0078125,1.0
abpr,abpr_e3_O2_A2,abpr_e1_norm_baseline,CI_accuracy_z,8,0.1412664442521042,0.35978986320382644,0.21852341895172225,-0.19494739178324832,0.613609245243718,0.34941011960417157,0.5658837845001118,0.34375,0.35593702688110146,0.3125,0.0078125,1.0
abpr,abpr_e1_agreeableness_high,abpr_e1_norm_baseline,CI_diversity,8,0.15098219314982705,0.13637113868722228,-0.014611054462604767,-0.030011886884915157,0.0005209326209783399,-0.6202772302375259,-0.67629859904555,-0.34375,0.1228004316341342,0.1484375,0.0078125,1.0
abpr,abpr_e1_agreeableness_low,abpr_e1_norm_baseline,CI_diversity,8,0.15098219314982705,0.14793881815405213,-0.003043374995774945,-0.021505001458441385,0.016155152061046927,-0.10409891753995987,-0.13592308192334313,-0.21875,0.7769644743889229,0.9453125,0.0078125,1.0
abpr,abpr_e1_neuroticism_high,abpr_e1_norm_baseline,CI_diversity,8,0.15098219314982705,0.15132141761924467,0.0003392244694176202,-0.016391138391806635,0.018667290763183863,0.012574222770011925,0.01892490221534429,0.0625,0.9726219441136614,1.0,0.0078125,1.0
abpr,abpr_e1_openness_high,abpr_e1_norm_baseline,CI_diversity,8,0.15098219314982705,0.14623803623717024,-0.00474415691265683,-0.018904259427637824,0.008904537232008793,-0.22082466522652888,-0.25259590444383156,-0.15625,0.5520482908480395,0.640625,0.0078125,1.0
abpr,abpr_e2_diverse,abpr_e1_norm_baseline,CI_diversity,8,0.15098219314982705,0.16134027715182148,0.01035808400199442,-0.005728789056072052,0.024735030525106644,0.4343807639919996,0.4600450699240676,0.3125,0.25891536258402037,0.3125,0.0078125,1.0
abpr,abpr_e2_homog,abpr_e1_norm_baseline,CI_diversity,8,0.15098219314982705,0.15673604087182605,0.005753847721999,-0.009566308423882171,0.02047224378447821,0.24933832669148723,0.2763474146437504,0.0625,0.5034482836132497,0.7421875,0.0078125,1.0
abpr,abpr_e2_mid,abpr_e1_norm_baseline,CI_diversity,8,0.15098219314982705,0.14058151353681295,-0.010400679613014134,-0.022423847821134168,0.002315424267603805,-0.5431155332178058,-0.7479918490974778,-0.4375,0.168378200722818,0.109375,0.0078125,1.0
abpr,abpr_e3_O2_A2,abpr_e1_norm_baseline,CI_diversity,8,0.15098219314982705,0.15406111078399015,0.0030789176341630854,-0.010688671538132001,0.016223958959493745,0.1490149775264146,0.17811109661241148,0.0,0.68604689542266,0.640625,0.0078125,1.0
abpr,abpr_e3_O8_A8,abpr_e1_norm_baseline,CI_diversity,8,0.15098219314982705,0.14316992703501655,-0.00781226611481051,-0.028175727144468626,0.015199468974748807,-0.23261727545624403,-0.3249883296014497,-0.40625,0.5316092799782409,0.4609375,0.0078125,1.0
abpr,abpr_e2_homog,abpr_e1_norm_baseline,CI_hidden_profile_rate,8,0.133125,0.08875,-0.044375000000000005,-0.059375,-0.03,-2.0370221103564154,-2.4714675127656434,-0.921875,0.0006901674774696614,0.0078125,0.0078125,0.006211507297226952
abpr,abpr_e3_O8_A8,abpr_e1_norm_baseline,CI_hidden_profile_rate,8,0.133125,0.09312499999999987,-0.04000000000000013,-0.05750000000000025,-0.023750000000000254,-1.527525231651955,-2.297366633120491,-0.953125,0.0034780842650026806,0.0078125,0.0078125,0.027824674120021445
abpr,abpr_e1_agreeableness_high,abpr_e1_norm_baseline,CI_hidden_profile_rate,8,0.133125,0.10312500000000001,-0.03,-0.053125000000000006,-0.007484375000000218,-0.8461141122266491,-1.2342227453437913,-0.65625,0.04794477217962339,0.078125,0.0078125,0.3174455066004227
abpr,abpr_e1_openness_high,abpr_e1_norm_baseline,CI_hidden_profile_rate,8,0.133125,0.10749999999999989,-0.025625000000000127,-0.046265625000000116,-0.008125000000000127,-0.8595126111227624,-1.407693397906839,-0.765625,0.04534935808577467,0.0234375,0.0078125,0.3174455066004227
abpr,abpr_e1_agreeableness_low,abpr_e1_norm_baseline,CI_hidden_profile_rate,8,0.133125,0.1506249999999999,0.017499999999999877,-0.005625000000000373,0.03875,0.5097533568780862,0.6668383663890666,0.578125,0.19256053843447488,0.3125,0.0078125,0.8325588196106909
abpr,abpr_e2_mid,abpr_e1_norm_baseline,CI_hidden_profile_rate,8,0.133125,0.12,-0.013125000000000001,-0.02812500000000001,0.003125000000000008,-0.545869007155538,-0.6811197743533643,-0.3125,0.16651176392213818,0.12819017434510785,0.0078125,0.8325588196106909
abpr,abpr_e3_O2_A2,abpr_e1_norm_baseline,CI_hidden_profile_rate,8,0.133125,0.14374999999999988,0.010624999999999878,-0.006874999999999996,0.027499999999999882,0.40694285660226986,0.5434017147198347,0.3125,0.2875234620927651,0.4609375,0.0078125,0.8625703862782952
abpr,abpr_e1_neuroticism_high,abpr_e1_norm_baseline,CI_hidden_profile_rate,8,0.133125,0.1324999999999999,-0.0006250000000001272,-0.010624999999999999,0.008749999999999872,-0.0431016179419656,-0.035193138869459496,-0.09375,0.9063964341560956,0.84375,0.0078125,1.0
abpr,abpr_e2_diverse,abpr_e1_norm_baseline,CI_hidden_profile_rate,8,0.133125,0.13624999999999998,0.0031249999999999976,-0.020625000000000004,0.021249999999999998,0.09393680125538001,0.10596268285067713,0.265625,0.7981304387759665,0.546875,0.0078125,1.0
abpr,abpr_e1_neuroticism_high,abpr_e1_norm_baseline,CI_mean_gain_vs_pre,8,0.056684790028194515,0.012670884468703125,-0.04401390555949138,-0.07155888409211968,-0.020696040356137292,-1.108224140823241,-0.8320474066878164,-0.59375,0.016504831043715328,0.0078125,0.0078125,0.14854347939343795
abpr,abpr_e1_agreeableness_high,abpr_e1_norm_baseline,CI_mean_gain_vs_pre,8,0.056684790028194515,-0.041988928347252374,-0.09867371837544689,-0.15524833094849189,-0.027246709901174684,-0.9976455312773785,-1.3843154213609183,-0.78125,0.02570797759019668,0.0546875,0.0078125,0.20566382072157344
abpr,abpr_e2_mid,abpr_e1_norm_baseline,CI_mean_gain_vs_pre,8,0.056684790028194515,-0.0198727500860505,-0.07655754011424501,-0.13089894207315314,-0.02544374478993338,-0.9456840898252445,-1.3128334488561662,-0.65625,0.03177788296528174,0.0390625,0.0078125,0.22244518075697217
abpr,abpr_e1_agreeableness_low,abpr_e1_norm_baseline,CI_mean_gain_vs_pre,8,0.056684790028194515,-0.023299744268698998,-0.0799845342968935,-0.14278498960300973,-0.017192239696486842,-0.8223009599036839,-1.2808808556388787,-0.625,0.0529388784959507,0.078125,0.0078125,0.24437633583268228
abpr,abpr_e2_diverse,abpr_e1_norm_baseline,CI_mean_gain_vs_pre,8,0.056684790028194515,0.007792574737545001,-0.04889221529064951,-0.08345448183659118,-0.010492138505691757,-0.8735695591199051,-0.8361262026346669,-0.5,0.042781064583362914,0.0546875,0.0078125,0.24437633583268228
abpr,abpr_e3_O8_A8,abpr_e1_norm_baseline,CI_mean_gain_vs_pre,8,0.056684790028194515,0.006921259954281502,-0.04976353007391301,-0.08457471600091639,-0.013005465422479504,-0.8854378640134295,-1.0841981220890402,-0.59375,0.04072938930544705,0.0390625,0.0078125,0.24437633583268228
abpr,abpr_e2_homog,abpr_e1_norm_baseline,CI_mean_gain_vs_pre,8,0.056684790028194515,0.0067268705088500014,-0.04995791951934451,-0.09283887774093601,-0.002348976747133271,-0.7183023449208235,-0.9857139646706203,-0.53125,0.08171167388065255,0.078125,0.0078125,0.24513502164195766
abpr,abpr_e1_openness_high,abpr_e1_norm_baseline,CI_mean_gain_vs_pre,8,0.056684790028194515,0.012336371244632625,-0.04434841878356188,-0.11758070526584201,0.034979434639758625,-0.36780802001029644,-0.5591459661521646,-0.46875,0.33278458159763963,0.1484375,0.0078125,0.3725863268570487
abpr,abpr_e3_O2_A2,abpr_e1_norm_baseline,CI_mean_gain_vs_pre,8,0.056684790028194515,0.016516002487663998,-0.04016878754053051,-0.09161961538494195,0.010093917172152373,-0.5180181245943692,-0.6334349954951642,-0.40625,0.18629316342852434,0.25,0.0078125,0.3725863268570487
abpr,abpr_e1_agreeableness_high,abpr_e1_norm_baseline,CI_medrelerr_z,8,0.09495743431387577,-0.2920217400644731,-0.38697917437834894,-0.6379851114594707,-0.12472094306725362,-0.9749842388710319,-1.3466894770391105,-0.71875,0.02819041689413923,0.0390625,0.0078125,0.2537137520472531
abpr,abpr_e2_homog,abpr_e1_norm_baseline,CI_medrelerr_z,8,0.09495743431387577,-0.2194413219306566,-0.3143987562445324,-0.5720405034997896,0.026886025638491913,-0.6624511833125302,-0.7990548249163414,-0.4375,0.10311666355894446,0.1484375,0.0078125,0.8249333084715557
abpr,abpr_e1_agreeableness_low,abpr_e1_norm_baseline,CI_medrelerr_z,8,0.09495743431387577,0.07402817424419292,-0.020929260069682827,-0.2896647919441077,0.2571720633123188,-0.04961698359228436,-0.06493040808532477,-0.03125,0.8923457849803517,0.9453125,0.0078125,1.0
abpr,abpr_e1_neuroticism_high,abpr_e1_norm_baseline,CI_medrelerr_z,8,0.09495743431387577,-0.009959118641418022,-0.1049165529552938,-0.31721031186393006,0.1325663349443067,-0.2950934987395628,-0.32556466303389847,-0.15625,0.43147394572807196,0.3828125,0.0078125,1.0
abpr,abpr_e1_openness_high,abpr_e1_norm_baseline,CI_medrelerr_z,8,0.09495743431387577,-0.03264472993630553,-0.12760216425018128,-0.31237771849986123,0.04053107963557691,-0.4678721048446065,-0.45216434846443415,-0.21875,0.22730573349358693,0.3125,0.0078125,1.0
abpr,abpr_e2_diverse,abpr_e1_norm_baseline,CI_medrelerr_z,8,0.09495743431387577,0.11069654246514746,0.01573910815127169,-0.29688738673509596,0.300380778772576,0.03411074383166226,0.04677081300889824,-0.03125,0.9258436910450931,0.9453125,0.0078125,1.0
abpr,abpr_e2_mid,abpr_e1_norm_baseline,CI_medrelerr_z,8,0.09495743431387577,0.24875072107556873,0.153793286761693,-0.1723676161498204,0.46614712624230537,0.3084376996423414,0.3414393834330597,0.1875,0.411915764294401,0.3828125,0.0078125,1.0
abpr,abpr_e3_O2_A2,abpr_e1_norm_baseline,CI_medrelerr_z,8,0.09495743431387577,0.12888805084340024,0.03393061652952449,-0.23636928172495567,0.32616239746844,0.07766496100373689,0.10009582848451706,0.0,0.8323968301327851,0.9453125,0.0078125,1.0
abpr,abpr_e3_O8_A8,abpr_e1_norm_baseline,CI_medrelerr_z,8,0.09495743431387577,-0.10325401236942311,-0.1982114466832989,-0.47165932458566273,0.12912011619543978,-0.41535788241407856,-0.5767045807124405,-0.28125,0.27848189793565237,0.3125,0.0078125,1.0
abpr,abpr_e1_neuroticism_high,abpr_e1_norm_baseline,crosscut_rate,8,0.057668671005225255,0.16578079152698239,0.10811212052175714,0.08705097948656826,0.12367545519567238,3.7810013240219584,3.898299727565037,1.0,1.3721392848729473e-05,0.0078125,0.0078125,0.00012349253563856527
abpr,abpr_e1_agreeableness_low,abpr_e1_norm_baseline,crosscut_rate,8,0.057668671005225255,0.19614025676166463,0.1384715857564394,0.11393390613813527,0.16683292499722152,3.339707154954809,4.1809637193924285,1.0,3.1108494727261044e-05,0.0078125,0.0078125,0.00024886795781808835
abpr,abpr_e3_O8_A8,abpr_e1_norm_baseline,crosscut_rate,8,0.057668671005225255,0.0,-0.057668671005225255,-0.07295835236607863,-0.04274027335231597,-2.457639496022997,-3.2860474463340728,-1.0,0.00022094570224092717,0.0078125,0.0078125,0.0015466199156864901
abpr,abpr_e1_agreeableness_high,abpr_e1_norm_baseline,crosscut_rate,8,0.057668671005225255,0.00915020629189925,-0.04851846471332601,-0.061835064439856875,-0.034415539112759526,-2.307631472817313,-2.633604817370874,-0.96875,0.00032577875482813005,0.0078125,0.0078125,0.0019546725289687804
abpr,abpr_e2_homog,abpr_e1_norm_baseline,crosscut_rate,8,0.057668671005225255,0.001338845099999375,-0.05632982590522588,-0.07243730398806397,-0.039781647476321,-2.275899043070891,-3.1937772468982324,-1.0,0.0003545326660484729,0.0078125,0.0078125,0.0019546725289687804
abpr,abpr_e3_O2_A2,abpr_e1_norm_baseline,crosscut_rate,8,0.057668671005225255,0.1758985794610165,0.11822990845579126,0.0752146588159448,0.15659191651009902,1.8447810648456209,2.096192506802562,0.8125,0.0012287260159448213,0.015625,0.0078125,0.004914904063779285
abpr,abpr_e1_openness_high,abpr_e1_norm_baseline,crosscut_rate,8,0.057668671005225255,0.03183139288969525,-0.025837278115530004,-0.049443517637056886,-0.0024754094056390163,-0.7101410230114625,-1.1059718565263814,-0.65625,0.08454239531738494,0.109375,0.0078125,0.147785627227949
abpr,abpr_e2_diverse,abpr_e1_norm_baseline,crosscut_rate,8,0.057668671005225255,0.11897885577275952,0.06131018476753426,0.012564386276115627,0.11502271865584388,0.7707770395929792,1.2972694854728344,0.71875,0.06563231231131648,0.0546875,0.0078125,0.147785627227949
abpr,abpr_e2_mid,abpr_e1_norm_baseline,crosscut_rate,8,0.057668671005225255,0.08438619209848951,0.026717521093264255,0.006702892312240877,0.047857918354625884,0.8395961952992004,0.7962760380241454,0.375,0.04926187574264967,0.0390625,0.0078125,0.147785627227949
abpr,abpr_e1_agreeableness_high,abpr_e1_norm_baseline,pol_assort,8,-0.03289073258071851,-0.014692256944690502,0.018198475636028003,-0.007729704316321249,0.039979436467693294,0.4834195014320435,0.7738322040559009,0.40625,0.21380916883407258,0.3125,0.0078125,1.0
abpr,abpr_e1_agreeableness_low,abpr_e1_norm_baseline,pol_assort,8,-0.03289073258071851,-0.020628512843246065,0.012262219737472437,-0.022043892847429872,0.03771166909455157,0.2621203521359949,0.4377394208325318,0.4375,0.48258395332435977,0.3125,0.0078125,1.0
abpr,abpr_e1_neuroticism_high,abpr_e1_norm_baseline,pol_assort,8,-0.03289073258071851,-0.0070682284805154375,0.025822504100203064,-0.01157395908841432,0.06337775378837458,0.44890237619118917,0.6930027980705007,0.375,0.2447742126315829,0.3828125,0.0078125,1.0
abpr,abpr_e1_openness_high,abpr_e1_norm_baseline,pol_assort,8,-0.03289073258071851,-0.023408445386811066,0.00948228719390744,-0.021650059213883317,0.0402056080879887,0.19797653553415634,0.3023882329043494,0.15625,0.5929640005411592,0.546875,0.0078125,1.0
abpr,abpr_e2_diverse,abpr_e1_norm_baseline,pol_assort,8,-0.03289073258071851,-0.016742628551848254,0.01614810402887025,-0.022834575366854563,0.04863990104681776,0.2853971975232704,0.42529104166676013,0.3125,0.44609400918314146,0.4609375,0.0078125,1.0
abpr,abpr_e2_homog,abpr_e1_norm_baseline,pol_assort,8,-0.03289073258071851,-0.01523379128886194,0.017656941291856566,0.00029845949189237855,0.03598693953294632,0.6404271406790037,0.7331486400341365,0.4375,0.11298269351169508,0.109375,0.0078125,1.0
abpr,abpr_e2_mid,abpr_e1_norm_baseline,pol_assort,8,-0.03289073258071851,-0.039830721026587815,-0.006939988445869311,-0.029191566190475905,0.017282200706649018,-0.19461826665235085,-0.23919157956677237,-0.1875,0.5991196855151291,0.4609375,0.0078125,1.0
abpr,abpr_e3_O2_A2,abpr_e1_norm_baseline,pol_assort,8,-0.03289073258071851,-0.03292873990776625,-3.800732704774788e-05,-0.044336576863284724,0.042528757978015926,-0.0005615636363832586,-0.0009129419419862614,0.0,0.9987770045432067,1.0,0.0078125,1.0
abpr,abpr_e3_O8_A8,abpr_e1_norm_baseline,pol_assort,8,-0.03289073258071851,-0.016973467895829125,0.015917264684889375,-0.019689264031683744,0.049753604370376396,0.3004690743519064,0.48188619081559175,0.34375,0.42351669764294864,0.3828125,0.0078125,1.0
abpr,abpr_e2_homog,abpr_e1_norm_baseline,pol_ei,8,0.4855814750459606,0.9500547809761398,0.46447330593017927,0.40443256256911864,0.5244538042674552,4.9669831957918795,4.2789646100640635,1.0,2.193837076185676e-06,0.0078125,0.0078125,1.974453368567108e-05
abpr,abpr_e3_O8_A8,abpr_e1_norm_baseline,pol_ei,8,0.4855814750459606,0.9751905529089413,0.48960907786298075,0.42117072362162433,0.5672315908077757,4.321713329430759,4.609073284308149,1.0,5.616670356897721e-06,0.0078125,0.0078125,4.4933362855181765e-05
abpr,abpr_e1_agreeableness_high,abpr_e1_norm_baseline,pol_ei,8,0.4855814750459606,0.8200474400530038,0.3344659650070432,0.26856700543311596,0.41245544191201655,2.9559595541293384,2.9918870718932116,1.0,6.87060799906328e-05,0.0078125,0.0078125,0.0004809425599344296
abpr,abpr_e1_openness_high,abpr_e1_norm_baseline,pol_ei,8,0.4855814750459606,0.8181228216561903,0.3325413466102297,0.24390346637426413,0.41873734947911745,2.436048849370417,2.7204642038073787,0.96875,0.00023337897041890028,0.0078125,0.0078125,0.0014002738225134016
abpr,abpr_e2_diverse,abpr_e1_norm_baseline,pol_ei,8,0.4855814750459606,0.25606588370216826,-0.22951559134379232,-0.3054693165106256,-0.143159762267543,-1.8538263281432994,-2.0186466254904287,-0.84375,0.0011947887616478583,0.015625,0.0078125,0.005973943808239291
abpr,abpr_e1_agreeableness_low,abpr_e1_norm_baseline,pol_ei,8,0.4855814750459606,0.261543533036373,-0.22403794200958754,-0.3554055694764794,-0.09392458864531317,-1.0808179394308648,-1.501886285287721,-0.71875,0.018400578223672446,0.0390625,0.0078125,0.07360231289468978
abpr,abpr_e2_mid,abpr_e1_norm_baseline,pol_ei,8,0.4855814750459606,0.43728688549361705,-0.048294589552343496,-0.0843253230471869,-0.013575745289891984,-0.8792415841107781,-0.38287980489034185,-0.28125,0.04178757140406709,0.0546875,0.0078125,0.12536271421220127
abpr,abpr_e1_neuroticism_high,abpr_e1_norm_baseline,pol_ei,8,0.4855814750459606,0.40354801082644154,-0.08203346421951904,-0.17739169516302508,0.0017276082677205734,-0.5873737316262573,-0.7297349905354718,-0.46875,0.14060010852497692,0.109375,0.0078125,0.28120021704995385
abpr,abpr_e3_O2_A2,abpr_e1_norm_baseline,pol_ei,8,0.4855814750459606,0.5631358903860892,0.07755441534012864,-0.06211249150711725,0.20635048050613547,0.3666085597313528,0.5236673927107544,0.25,0.3342569979528707,0.3125,0.0078125,0.3342569979528707
abpr,abpr_e3_O8_A8,abpr_e1_norm_baseline,pol_extremity,8,0.9837499999999999,1.4449999999999998,0.46125,0.4275,0.49875,8.267642690794668,9.080794373086587,1.0,6.638958542002646e-08,0.0078125,0.0078125,5.975062687802381e-07
abpr,abpr_e2_diverse,abpr_e1_norm_baseline,pol_extremity,8,0.9837499999999999,1.0762500000000002,0.09250000000000005,0.08125000000000006,0.10312500000000008,5.3404899900040546,1.4630287349350022,0.78125,1.3398344449936671e-06,0.0078125,0.0078125,1.0718675559949337e-05
abpr,abpr_e1_openness_high,abpr_e1_norm_baseline,pol_extremity,8,0.9837499999999999,1.2075,0.22375000000000006,0.18937500000000007,0.255,4.377588092998447,3.6418685268186857,1.0,5.151839842579902e-06,0.0078125,0.0078125,3.606287889805932e-05
abpr,abpr_e1_agreeableness_high,abpr_e1_norm_baseline,pol_extremity,8,0.9837499999999999,1.240625,0.2568750000000001,0.21750000000000014,0.2975000000000001,4.061777037768437,5.009180646566725,1.0,8.513083644343492e-06,0.0078125,0.0078125,5.107850186606096e-05
abpr,abpr_e1_neuroticism_high,abpr_e1_norm_baseline,pol_extremity,8,0.9837499999999999,1.388125,0.40437500000000004,0.333125,0.470625,3.80231289910131,6.000444535622877,1.0,1.3218539572178488e-05,0.0078125,0.0078125,6.609269786089244e-05
abpr,abpr_e1_agreeableness_low,abpr_e1_norm_baseline,pol_extremity,8,0.9837499999999999,0.89375,-0.08999999999999994,-0.1512499999999999,-0.026249999999999996,-0.9401414463818666,-1.6501743346763458,-0.734375,0.03250853044103495,0.0390625,0.0078125,0.1300341217641398
abpr,abpr_e2_homog,abpr_e1_norm_baseline,pol_extremity,8,0.9837499999999999,0.9625,-0.02124999999999992,-0.0556249999999999,0.016250000000000042,-0.38808566377800785,-0.3719923704628962,-0.28125,0.3086647213573092,0.25,0.0078125,0.9259941640719276
abpr,abpr_e2_mid,abpr_e1_norm_baseline,pol_extremity,8,0.9837499999999999,0.9706250000000001,-0.013124999999999956,-0.056874999999999926,0.028750000000000026,-0.20167816024656265,-0.18914360950182524,-0.125,0.5862203331991291,0.9453125,0.0078125,1.0
abpr,abpr_e3_O2_A2,abpr_e1_norm_baseline,pol_extremity,8,0.9837499999999999,1.0081250000000002,0.024375000000000063,-0.043749999999999914,0.09126562499999984,0.23297925743236408,0.40037176425709836,0.25,0.530989385587235,0.4609375,0.0078125,1.0
abpr,abpr_e1_agreeableness_high,abpr_e1_norm_baseline,pol_var,8,0.8089749999999999,0.35275624999999955,-0.45621875000000034,-0.5351570312500005,-0.3663875000000003,-3.5606918079418275,-3.216250001899964,-1.0,2.0416786558486704e-05,0.0078125,0.0078125,0.00018375107902638034
abpr,abpr_e1_neuroticism_high,abpr_e1_norm_baseline,pol_var,8,0.8089749999999999,1.8197437499999993,1.0107687499999995,0.8270742187499998,1.1920749999999996,3.5502065860781333,5.826526730396921,1.0,2.0817860889520923e-05,0.0078125,0.0078125,0.00018375107902638034
abpr,abpr_e3_O8_A8,abpr_e1_norm_baseline,pol_var,8,0.8089749999999999,0.2090999999999995,-0.5998750000000004,-0.7093937500000007,-0.48916265625000027,-3.5369852507134616,-4.434655457252412,-1.0,2.1336394949090092e-05,0.0078125,0.0078125,0.00018375107902638034
abpr,abpr_e2_homog,abpr_e1_norm_baseline,pol_var,8,0.8089749999999999,0.2879749999999994,-0.5210000000000005,-0.6263750000000006,-0.4094062500000003,-3.0775414128569127,-3.85829713777797,-1.0,5.2970562133723314e-05,0.0078125,0.0078125,0.0003178233728023399
abpr,abpr_e2_diverse,abpr_e1_norm_baseline,pol_var,8,0.8089749999999999,1.3806624999999997,0.5716874999999999,0.4303024999999998,0.7100375000000001,2.6527925973941664,3.5788563234099273,1.0,0.00013693123241441716,0.0078125,0.0078125,0.0006846561620720859
abpr,abpr_e1_agreeableness_low,abpr_e1_norm_baseline,pol_var,8,0.8089749999999999,1.3066749999999998,0.49769999999999986,0.3685874999999999,0.6245828124999999,2.5060456317962694,3.4527058992046573,1.0,0.00019568826712934573,0.0078125,0.0078125,0.0007827530685173829
abpr,abpr_e1_openness_high,abpr_e1_norm_baseline,pol_var,8,0.8089749999999999,0.5377374999999999,-0.27123749999999996,-0.3589687500000002,-0.18608421875000006,-2.01956953715605,-1.8877946073934135,-0.84375,0.0007261368921982642,0.0078125,0.0078125,0.0021784106765947928
abpr,abpr_e3_O2_A2,abpr_e1_norm_baseline,pol_var,8,0.8089749999999999,1.0307312499999997,0.22175624999999977,0.07535624999999972,0.38691828124999966,0.9321663675139286,1.434018116451671,0.6875,0.033590683458853875,0.015625,0.0078125,0.06718136691770775
abpr,abpr_e2_mid,abpr_e1_norm_baseline,pol_var,8,0.8089749999999999,0.8186687499999997,0.009693749999999807,-0.05308218750000022,0.07799374999999985,0.09570958679418577,0.06210771564992758,0.0625,0.7944242990375086,1.0,0.0078125,0.7944242990375086
abpr,abpr_e1_openness_high,abpr_e1_norm_baseline,trait_drift_mean,8,0.34202880661655666,0.31043228316701144,-0.031596523449545263,-0.03812561306201888,-0.025707338055824765,-3.2295536587924967,-2.4371309191149195,-0.9375,3.8728214080010866e-05,0.0078125,0.0078125,0.0003485539267200978
abpr,abpr_e3_O8_A8,abpr_e1_norm_baseline,trait_drift_mean,8,0.34202880661655666,0.29459174750708317,-0.0474370591094735,-0.059974690990608856,-0.035972697782455744,-2.5510300225145897,-3.4848259292569845,-1.0,0.00017509836415909797,0.0078125,0.0078125,0.0014007869132727838
abpr,abpr_e1_agreeableness_low,abpr_e1_norm_baseline,trait_drift_mean,8,0.34202880661655666,0.3578375163856742,0.015808709769117496,0.009284171223862242,0.021708967224122674,1.6557802820776342,1.2532424214869777,0.625,0.002252225010339053,0.0078125,0.0078125,0.01576557507237337
abpr,abpr_e2_diverse,abpr_e1_norm_baseline,trait_drift_mean,8,0.34202880661655666,0.3602249483093394,0.018196141692782747,0.00861256056752175,0.027971889659492263,1.2026002064777603,1.6963772488632862,0.84375,0.011419654545655378,0.015625,0.0078125,0.0678661991662221
abpr,abpr_e2_homog,abpr_e1_norm_baseline,trait_drift_mean,8,0.34202880661655666,0.3134049528745819,-0.02862385374197475,-0.04491949964246201,-0.01417011939028481,-1.2050831962644393,-1.8244786641589341,-0.84375,0.01131103319437035,0.0078125,0.0078125,0.0678661991662221
abpr,abpr_e3_O2_A2,abpr_e1_norm_baseline,trait_drift_mean,8,0.34202880661655666,0.35379902282506837,0.01177021620851175,0.0028498081442733477,0.020753739635630094,0.8457110045372658,1.0515858797154956,0.59375,0.048025174835791724,0.0390625,0.0078125,0.1921006993431669
abpr,abpr_e1_agreeableness_high,abpr_e1_norm_baseline,trait_drift_mean,8,0.34202880661655666,0.3310593067101879,-0.010969499906368758,-0.02896714912242854,0.007462465930979864,-0.3851528765165406,-0.5413511360188049,-0.3125,0.3120635937682995,0.3125,0.0078125,0.9361907813048985
abpr,abpr_e1_neuroticism_high,abpr_e1_norm_baseline,trait_drift_mean,8,0.34202880661655666,0.34847916652728456,0.006450359910727871,-0.011503161462008013,0.02363807594790841,0.23940663256894376,0.32889597257030984,0.1875,0.5200576800478565,0.546875,0.0078125,1.0
abpr,abpr_e2_mid,abpr_e1_norm_baseline,trait_drift_mean,8,0.34202880661655666,0.33750962910358506,-0.004519177512971637,-0.022897956424455634,0.013738167134259578,-0.15586069662149765,-0.23619915040098832,-0.15625,0.6726221075628839,0.640625,0.0078125,1.0
abwi,abwi_e3_O2_A2,abwi_e1_norm_baseline,CI_accuracy_z,8,0.08360210955616418,0.38704702602686186,0.30344491647069766,0.2047514803316036,0.40856493083005907,1.9277247493386909,1.68084837615067,0.8125,0.0009535261219840275,0.0078125,0.0078125,0.008581735097856247
abwi,abwi_e1_agreeableness_high,abwi_e1_norm_baseline,CI_accuracy_z,8,0.08360210955616418,-0.46559132508925755,-0.5491934346454217,-0.7597707809143048,-0.2771123053863188,-1.435497009716471,-2.137601319469946,-0.84375,0.004808387690244501,0.015625,0.0078125,0.03846710152195601
abwi,abwi_e2_mid,abwi_e1_norm_baseline,CI_accuracy_z,8,0.08360210955616418,-0.07867666025806183,-0.162278769814226,-0.2524613291580571,-0.06646182863980755,-1.1206782913518525,-1.0103913571998873,-0.46875,0.015713169877183512,0.0390625,0.0078125,0.10999218914028458
abwi,abwi_e3_O8_A8,abwi_e1_norm_baseline,CI_accuracy_z,8,0.08360210955616418,-0.3214596579697947,-0.4050617675259589,-0.6650719416772868,-0.15960967269346224,-1.027747246962036,-1.375384974812302,-0.625,0.02276062521483873,0.0234375,0.0078125,0.13656375128903236
abwi,abwi_e2_homog,abwi_e1_norm_baseline,CI_accuracy_z,8,0.08360210955616418,-0.21646823470437143,-0.3000703442605356,-0.5278492882657236,-0.07155729818229413,-0.8375188702768968,-1.162524629986528,-0.625,0.04968937893027585,0.0546875,0.0078125,0.24844689465137926
abwi,abwi_e1_agreeableness_low,abwi_e1_norm_baseline,CI_accuracy_z,8,0.08360210955616418,0.3646747938159755,0.28107268425981136,-0.020350706306336595,0.6035735610307189,0.582304818026397,0.7366507660569455,0.34375,0.14354971184850154,0.25,0.0078125,0.5741988473940062
abwi,abwi_e1_neuroticism_high,abwi_e1_norm_baseline,CI_accuracy_z,8,0.08360210955616418,0.1655666485331705,0.08196453897700631,-0.17839855097673366,0.3714396908586648,0.19147711424203404,0.2950058279181309,0.03125,0.6049094077277541,0.9453125,0.0078125,1.0
abwi,abwi_e1_openness_high,abwi_e1_norm_baseline,CI_accuracy_z,8,0.08360210955616418,0.0337088314204466,-0.04989327813571757,-0.2998473708942548,0.20354832711843035,-0.12874759167421942,-0.21039883549234714,-0.0625,0.7264946333384121,0.84375,0.0078125,1.0
abwi,abwi_e2_diverse,abwi_e1_norm_baseline,CI_accuracy_z,8,0.08360210955616418,0.0475964686688503,-0.03600564088731386,-0.2191670814393622,0.17112412518811687,-0.12143896757550254,-0.15368259957169036,-0.09375,0.7413219214601681,0.9453125,0.0078125,1.0
abwi,abwi_e1_agreeableness_high,abwi_e1_norm_baseline,CI_diversity,8,0.14734316918982185,0.14257454236875633,-0.004768626821065509,-0.024006875275898985,0.014997041212956372,-0.15908972335734056,-0.19190999316227286,-0.21875,0.6663335974208673,0.640625,0.0078125,1.0
abwi,abwi_e1_agreeableness_low,abwi_e1_norm_baseline,CI_diversity,8,0.14734316918982185,0.15598446269361038,0.008641293503788549,-0.010093070204160092,0.026917933472579265,0.30021322508318343,0.34882286827720715,0.125,0.4238930239364175,0.546875,0.0078125,1.0
abwi,abwi_e1_neuroticism_high,abwi_e1_norm_baseline,CI_diversity,8,0.14734316918982185,0.14310962544543365,-0.004233543744388179,-0.018118681611284854,0.011820263723716345,-0.18404691977378948,-0.18724875140450783,-0.1875,0.6187260211393842,0.7421875,0.0078125,1.0
abwi,abwi_e1_openness_high,abwi_e1_norm_baseline,CI_diversity,8,0.14734316918982185,0.13679073407496586,-0.010552435114855992,-0.021858648587014324,0.003132303387927901,-0.533574157799018,-0.48646528378693704,-0.40625,0.17499515342797856,0.3125,0.0078125,1.0
abwi,abwi_e2_diverse,abwi_e1_norm_baseline,CI_diversity,8,0.14734316918982185,0.147895736741943,0.0005525675521211686,-0.020571835930035788,0.018987908157830746,0.01782984496851024,0.021385128145299328,0.0625,0.9611882412951104,0.640625,0.0078125,1.0
abwi,abwi_e2_homog,abwi_e1_norm_baseline,CI_diversity,8,0.14734316918982185,0.1593099713038867,0.011966802114064815,-0.010770080046411236,0.035130384573736406,0.32531950095643525,0.4671686686093782,0.25,0.3881076032646629,0.4609375,0.0078125,1.0
abwi,abwi_e2_mid,abwi_e1_norm_baseline,CI_diversity,8,0.14734316918982185,0.14808676974705387,0.0007436005572320284,-0.02577518559517484,0.03748059759236954,0.014793728547338491,0.025594711925605983,-0.15625,0.9677923590153129,0.4609375,0.0078125,1.0
abwi,abwi_e3_O2_A2,abwi_e1_norm_baseline,CI_diversity,8,0.14734316918982185,0.15020403740712052,0.00286086821729868,-0.014423322974314198,0.02217967097955985,0.09938883450728714,0.14778662080435034,-0.09375,0.7867508102511417,0.9453125,0.0078125,1.0
abwi,abwi_e3_O8_A8,abwi_e1_norm_baseline,CI_diversity,8,0.14734316918982185,0.14173156125586617,-0.0056116079339557,-0.031644360227203516,0.023206590539360947,-0.13354835727226472,-0.24482845236051662,-0.28125,0.7168226107800335,0.7421875,0.0078125,1.0
abwi,abwi_e2_homog,abwi_e1_norm_baseline,CI_hidden_profile_rate,8,0.135625,0.08374999999999988,-0.05187500000000013,-0.07937500000000014,-0.030000000000000124,-1.3178161089592781,-1.7450082700739213,-0.953125,0.007384422963705021,0.0078125,0.0078125,0.0664598066733452
abwi,abwi_e1_agreeableness_high,abwi_e1_norm_baseline,CI_hidden_profile_rate,8,0.135625,0.11374999999999988,-0.02187500000000013,-0.04437500000000014,-0.0050000000000000044,-0.7046050470641784,-0.804195978638729,-0.359375,0.08651742875586042,0.06297905121445523,0.0078125,0.6921394300468834
abwi,abwi_e3_O8_A8,abwi_e1_norm_baseline,CI_hidden_profile_rate,8,0.135625,0.10749999999999989,-0.02812500000000013,-0.05750000000000001,-0.003125000000000126,-0.6765578767397997,-0.9269058506763954,-0.609375,0.09724196155576752,0.1484375,0.0078125,0.6921394300468834
abwi,abwi_e1_neuroticism_high,abwi_e1_norm_baseline,CI_hidden_profile_rate,8,0.135625,0.11000000000000001,-0.025625000000000002,-0.05375000000000001,-0.0018749999999999965,-0.6262018569618664,-0.8713994659352758,-0.5,0.11983200526280602,0.109375,0.0078125,0.7189920315768361
abwi,abwi_e1_agreeableness_low,abwi_e1_norm_baseline,CI_hidden_profile_rate,8,0.135625,0.145625,0.009999999999999997,-0.023125000000000007,0.03812499999999999,0.2094925949417381,0.2990457375118338,0.265625,0.5721283957040159,0.546875,0.0078125,1.0
abwi,abwi_e1_openness_high,abwi_e1_norm_baseline,CI_hidden_profile_rate,8,0.135625,0.11812499999999988,-0.017500000000000127,-0.04125000000000013,0.006250000000000004,-0.47503462477680974,-0.5001854523879834,-0.15625,0.22099790639087188,0.1953125,0.0078125,1.0
abwi,abwi_e2_diverse,abwi_e1_norm_baseline,CI_hidden_profile_rate,8,0.135625,0.11875,-0.016875,-0.04375000000000001,0.005625000000000007,-0.44432352889385757,-0.5528544608010824,-0.296875,0.24916003257221642,0.17552335081205495,0.0078125,1.0
abwi,abwi_e2_mid,abwi_e1_norm_baseline,CI_hidden_profile_rate,8,0.135625,0.12937500000000002,-0.006250000000000002,-0.030625000000000006,0.014375000000000004,-0.17896317623473115,-0.18558211229008778,0.015625,0.6282760104393977,0.640625,0.0078125,1.0
abwi,abwi_e3_O2_A2,abwi_e1_norm_baseline,CI_hidden_profile_rate,8,0.135625,0.13312499999999988,-0.002500000000000127,-0.026875000000000135,0.01937499999999962,-0.06952880082129231,-0.08331185579676441,0.140625,0.8496836405056736,0.9453125,0.0078125,1.0
abwi,abwi_e1_agreeableness_high,abwi_e1_norm_baseline,CI_mean_gain_vs_pre,8,-0.022980880716129626,-0.0139265198458205,0.009054360870309128,-0.04056625174355888,0.056656399671680256,0.12157111110028293,0.17936024798702951,0.125,0.7410527643376694,1.0,0.0078125,1.0
abwi,abwi_e1_agreeableness_low,abwi_e1_norm_baseline,CI_mean_gain_vs_pre,8,-0.022980880716129626,0.0019571529284657524,0.02493803364459538,-0.027419109782061003,0.07693811438044053,0.30921873107034,0.39571089952297317,0.25,0.41079124053121496,0.3828125,0.0078125,1.0
abwi,abwi_e1_neuroticism_high,abwi_e1_norm_baseline,CI_mean_gain_vs_pre,8,-0.022980880716129626,0.0017418728943325015,0.024722753610462125,-0.023287526656409752,0.0606910680338482,0.3791349265154406,0.44281317656703545,0.28125,0.3191324365101588,0.1953125,0.0078125,1.0
abwi,abwi_e1_openness_high,abwi_e1_norm_baseline,CI_mean_gain_vs_pre,8,-0.022980880716129626,-0.00524442353634325,0.017736457179786374,-0.015233174484941164,0.050870927799330376,0.33945321445261695,0.33834680056881805,0.28125,0.3689771330750957,0.4609375,0.0078125,1.0
abwi,abwi_e2_diverse,abwi_e1_norm_baseline,CI_mean_gain_vs_pre,8,-0.022980880716129626,0.020533890817026626,0.04351477153315625,-0.02835192816297125,0.10939211605959563,0.4044761555148021,0.6532669680355285,0.40625,0.29021939998761964,0.3828125,0.0078125,1.0
abwi,abwi_e2_homog,abwi_e1_norm_baseline,CI_mean_gain_vs_pre,8,-0.022980880716129626,0.014704206521791875,0.0376850872379215,-0.02403782578388777,0.09604227766465351,0.4049832835586674,0.5630864741813777,0.40625,0.2896634472239592,0.3828125,0.0078125,1.0
abwi,abwi_e2_mid,abwi_e1_norm_baseline,CI_mean_gain_vs_pre,8,-0.022980880716129626,-0.003171905919007875,0.01980897479712175,-0.039485165306505594,0.08476701574041237,0.20539847155011484,0.2934171869037357,0.15625,0.5794867960128597,0.7421875,0.0078125,1.0
abwi,abwi_e3_O2_A2,abwi_e1_norm_baseline,CI_mean_gain_vs_pre,8,-0.022980880716129626,-0.01268370035820275,0.010297180357926875,-0.027339591265420064,0.04574266931740081,0.18327784999448596,0.214018475362585,0.1875,0.6201657507373335,0.7421875,0.0078125,1.0
abwi,abwi_e3_O8_A8,abwi_e1_norm_baseline,CI_mean_gain_vs_pre,8,-0.022980880716129626,0.02156442100910813,0.044545301725237754,-0.000400142788088002,0.09899681065308413,0.5682665140669899,0.7274661078980944,0.4375,0.15202377703799436,0.1484375,0.0078125,1.0
abwi,abwi_e1_agreeableness_high,abwi_e1_norm_baseline,CI_medrelerr_z,8,0.0912667078640314,-0.3436835165554694,-0.43495022441950076,-0.6548977982022824,-0.18603674960998015,-1.1614979374433452,-1.619665726494069,-0.75,0.013390539882749776,0.0390625,0.0078125,0.12051485894474798
abwi,abwi_e3_O8_A8,abwi_e1_norm_baseline,CI_medrelerr_z,8,0.0912667078640314,-0.30998041043456515,-0.4012471182985966,-0.7427292324726451,-0.07671517166473131,-0.7718621732599378,-1.0361590352355463,-0.53125,0.06533558971990619,0.109375,0.0078125,0.5226847177592495
abwi,abwi_e1_agreeableness_low,abwi_e1_norm_baseline,CI_medrelerr_z,8,0.0912667078640314,0.26930052069129023,0.1780338128272588,-0.15138080657786718,0.5200303556603605,0.3455317552351441,0.4530195529422124,0.1875,0.3609735453713474,0.546875,0.0078125,1.0
abwi,abwi_e1_neuroticism_high,abwi_e1_norm_baseline,CI_medrelerr_z,8,0.0912667078640314,0.02230907549482638,-0.06895763236920505,-0.380626375633762,0.2582667596350072,-0.13810624901198004,-0.187766843302986,-0.125,0.7076911461001876,0.640625,0.0078125,1.0
abwi,abwi_e1_openness_high,abwi_e1_norm_baseline,CI_medrelerr_z,8,0.0912667078640314,0.18056378806363105,0.08929708019959964,-0.1382999980050698,0.3451969545045678,0.2429284894773959,0.22308361484504127,0.1875,0.5141284066769378,0.640625,0.0078125,1.0
abwi,abwi_e2_diverse,abwi_e1_norm_baseline,CI_medrelerr_z,8,0.0912667078640314,0.0535489066127402,-0.03771780125129122,-0.2789796814343618,0.20579984155191777,-0.09912587242529987,-0.17059342624242782,0.0,0.7872984170296797,0.84375,0.0078125,1.0
abwi,abwi_e2_homog,abwi_e1_norm_baseline,CI_medrelerr_z,8,0.0912667078640314,-0.05945980233770318,-0.15072651020173455,-0.5287840058989759,0.22346775143686298,-0.25980228858706905,-0.3499355308997925,0.0,0.4863246364687036,0.4609375,0.0078125,1.0
abwi,abwi_e2_mid,abwi_e1_norm_baseline,CI_medrelerr_z,8,0.0912667078640314,-0.06779764714955411,-0.15906435501358554,-0.4203475897396117,0.04990110285647835,-0.4291860930179691,-0.695611237978379,-0.28125,0.26413983381745676,0.4609375,0.0078125,1.0
abwi,abwi_e3_O2_A2,abwi_e1_norm_baseline,CI_medrelerr_z,8,0.0912667078640314,0.16393237775070957,0.07266566988667812,-0.10854132030386744,0.23002943602529305,0.27061087841595943,0.3262296804416583,0.375,0.4690471463448721,0.3828125,0.0078125,1.0
abwi,abwi_e3_O8_A8,abwi_e1_norm_baseline,crosscut_rate,8,0.30633053975524005,0.06626266999773313,-0.24006786975750688,-0.28199933566084917,-0.20081396729018688,-3.8464106325321037,-3.8172002802517775,-1.0,1.224306108391673e-05,0.0078125,0.0078125,0.00011018754975525057
abwi,abwi_e2_homog,abwi_e1_norm_baseline,crosscut_rate,8,0.30633053975524005,0.08280289801630014,-0.2235276417389399,-0.27772836690382663,-0.17573320451693203,-2.846740489633497,-3.3554290960870654,-1.0,8.746732091188358e-05,0.0078125,0.0078125,0.0006997385672950687
abwi,abwi_e3_O2_A2,abwi_e1_norm_baseline,crosscut_rate,8,0.30633053975524005,0.10043569791889313,-0.2058948418363469,-0.26493264897606306,-0.150381603964523,-2.3201015931832107,-2.8078600093327286,-0.96875,0.00031520354238125125,0.0078125,0.0078125,0.002206424796668759
abwi,abwi_e1_agreeableness_high,abwi_e1_norm_baseline,crosscut_rate,8,0.30633053975524005,0.09792655031109063,-0.2084039894441494,-0.2720845938153451,-0.150627755389808,-2.198657697195832,-2.7632178121814475,-0.96875,0.0004372086710208016,0.0078125,0.0078125,0.0026232520261248097
abwi,abwi_e1_openness_high,abwi_e1_norm_baseline,crosscut_rate,8,0.30633053975524005,0.19807175230547927,-0.10825878744976077,-0.142829783692145,-0.06258582311258967,-1.7474647160216534,-1.6743291799148878,-0.8125,0.0016702506393243015,0.015625,0.0078125,0.008351253196621507
abwi,abwi_e1_neuroticism_high,abwi_e1_norm_baseline,crosscut_rate,8,0.30633053975524005,0.40568870301737037,0.09935816326213039,0.05739447577677739,0.1468045338741279,1.4515482784378726,1.8012478822986524,0.875,0.004540960067526912,0.0078125,0.0078125,0.01816384027010765
abwi,abwi_e2_diverse,abwi_e1_norm_baseline,crosscut_rate,8,0.30633053975524005,0.3801263829535805,0.07379584319834051,0.009386966912856391,0.1436515019698437,0.7075284553704901,1.1770748517504552,0.5625,0.08546885928589337,0.078125,0.0078125,0.2564065778576801
abwi,abwi_e2_mid,abwi_e1_norm_baseline,crosscut_rate,8,0.30633053975524005,0.3259228930967755,0.0195923533415355,-0.02058519047947023,0.05735584899798529,0.3213423957463276,0.2982414053014353,0.125,0.39362242750512433,0.3828125,0.0078125,0.7872448550102487
abwi,abwi_e1_agreeableness_low,abwi_e1_norm_baseline,crosscut_rate,8,0.30633053975524005,0.309052489718874,0.0027219499636340037,-0.05738932027338909,0.06002878705094926,0.02955812961866337,0.04442609937915721,0.0,0.9357126806464419,1.0,0.0078125,0.9357126806464419
abwi,abwi_e1_neuroticism_high,abwi_e1_norm_baseline,pol_assort,8,-0.03302466721152707,-0.006284920923361187,0.026739746288165875,0.0016994898549366252,0.049620540504607694,0.7157490218480447,0.8405494625822528,0.46875,0.08258705977350973,0.078125,0.0078125,0.7432835379615876
abwi,abwi_e1_agreeableness_high,abwi_e1_norm_baseline,pol_assort,8,-0.03302466721152707,-0.012457625812888378,0.020567041398638686,-0.0018324034546493672,0.043543269758376156,0.5814589612362474,0.4492966378730579,0.3125,0.14404753178482066,0.1484375,0.0078125,1.0
abwi,abwi_e1_agreeableness_low,abwi_e1_norm_baseline,pol_assort,8,-0.03302466721152707,-0.020815395904611816,0.012209271306915249,-0.009278430141080703,0.03310789569196062,0.369634074290738,0.32457921752962005,0.1875,0.3305528370909823,0.3125,0.0078125,1.0
abwi,abwi_e1_openness_high,abwi_e1_norm_baseline,pol_assort,8,-0.03302466721152707,-0.024473054986415874,0.008551612225111187,-0.028966989013006872,0.040287690284216277,0.16177203453463757,0.19439566575146414,0.15625,0.6611315710281611,0.4609375,0.0078125,1.0
abwi,abwi_e2_diverse,abwi_e1_norm_baseline,pol_assort,8,-0.03302466721152707,-0.011601867122657185,0.02142280008886988,-0.014652264858089443,0.057037238201353445,0.3880855101506058,0.5208083579351709,0.34375,0.30866489861180957,0.3828125,0.0078125,1.0
abwi,abwi_e2_homog,abwi_e1_norm_baseline,pol_assort,8,-0.03302466721152707,-0.020293168533090565,0.012731498678436495,-0.03576353948827145,0.05716695523115618,0.18611451345864827,0.26954736700280135,0.3125,0.6148643035243032,0.1484375,0.0078125,1.0
abwi,abwi_e2_mid,abwi_e1_norm_baseline,pol_assort,8,-0.03302466721152707,-0.025950588956424124,0.007074078255102936,-0.011332206912829173,0.02311182876232206,0.26665514902294185,0.17061753274589853,0.125,0.4753217184935379,0.546875,0.0078125,1.0
abwi,abwi_e3_O2_A2,abwi_e1_norm_baseline,pol_assort,8,-0.03302466721152707,-0.03229281245856894,0.0007318547529581226,-0.03576285612169695,0.03905151782913283,0.012714070785641036,0.02122626041053076,0.0,0.9723175999325154,0.84375,0.0078125,1.0
abwi,abwi_e3_O8_A8,abwi_e1_norm_baseline,pol_assort,8,-0.03302466721152707,-0.03463366457106563,-0.001608997359538563,-0.03425531549000957,0.0327513875551175,-0.031157869671802733,-0.04709920894128748,0.0,0.9322433449356198,0.9453125,0.0078125,1.0
abwi,abwi_e3_O2_A2,abwi_e1_norm_baseline,pol_ei,8,0.29471270633738955,0.871770419738393,0.5770577134010033,0.5110063590153455,0.6436027832870875,5.636226917976996,7.407497456478275,1.0,9.275088691994245e-07,0.0078125,0.0078125,8.34757982279482e-06
abwi,abwi_e3_O8_A8,abwi_e1_norm_baseline,pol_ei,8,0.29471270633738955,0.8268379790256474,0.5321252726882578,0.4696035360618207,0.5996217717354807,5.391919634433358,5.247524131099356,1.0,1.2551026532298185e-06,0.0078125,0.0078125,1.0040821225838548e-05
abwi,abwi_e1_agreeableness_low,abwi_e1_norm_baseline,pol_ei,8,0.29471270633738955,0.5734924495067676,0.2787797431693779,0.21975830013744352,0.34780274498834995,2.8223114699833065,2.8964378970825675,1.0,9.241750585698955e-05,0.0078125,0.0078125,0.0006469225409989268
abwi,abwi_e1_agreeableness_high,abwi_e1_norm_baseline,pol_ei,8,0.29471270633738955,0.5242992822361963,0.22958657589880663,0.16560933630081381,0.293235101388506,2.3059958119314428,3.2813522505407344,1.0,0.0003271951918896119,0.0078125,0.0078125,0.0019631711513376712
abwi,abwi_e2_homog,abwi_e1_norm_baseline,pol_ei,8,0.29471270633738955,0.6470929992997059,0.35238029296231627,0.2611083116613539,0.4729028734306061,2.130406731877921,2.6126178365785635,0.96875,0.0005285581421431105,0.0078125,0.0078125,0.0026427907107155523
abwi,abwi_e1_neuroticism_high,abwi_e1_norm_baseline,pol_ei,8,0.29471270633738955,0.48997023640696724,0.1952575300695777,0.12759702780280013,0.2660966819677348,1.8413864264128428,2.682404873905347,0.96875,0.0012417380967934748,0.0078125,0.0078125,0.004966952387173899
abwi,abwi_e1_openness_high,abwi_e1_norm_baseline,pol_ei,8,0.29471270633738955,0.45040334143212546,0.15569063509473588,0.09893581542843455,0.2156400708226455,1.6905089950183259,1.6143267667089103,0.78125,0.0020088311688592365,0.0078125,0.0078125,0.006026493506577709
abwi,abwi_e2_diverse,abwi_e1_norm_baseline,pol_ei,8,0.29471270633738955,0.27450441298270234,-0.020208293354687257,-0.1133060727694334,0.073967944706306,-0.13997546827252316,-0.24167143082100553,-0.125,0.7039610303473891,0.84375,0.0078125,1.0
abwi,abwi_e2_mid,abwi_e1_norm_baseline,pol_ei,8,0.29471270633738955,0.30644107937023013,0.01172837303284056,-0.06108960555820132,0.08744135768897966,0.10285631400923352,0.12093784837071919,0.0625,0.7795421551493344,0.640625,0.0078125,1.0
abwi,abwi_e3_O8_A8,abwi_e1_norm_baseline,pol_extremity,8,1.2650000000000001,1.56,0.29499999999999993,0.24749999999999991,0.33999999999999997,4.107877035600281,4.429759991636212,1.0,7.89402788464014e-06,0.0078125,0.0078125,7.104625096176126e-05
abwi,abwi_e1_neuroticism_high,abwi_e1_norm_baseline,pol_extremity,8,1.2650000000000001,1.52875,0.26375,0.21000000000000005,0.31625,3.182184739147449,4.5588459799451035,1.0,4.263920628894197e-05,0.0078125,0.0078125,0.0003411136503115358
abwi,abwi_e1_openness_high,abwi_e1_norm_baseline,pol_extremity,8,1.2650000000000001,1.44,0.1749999999999999,0.1349999999999999,0.22564062499999976,2.494551391997153,2.685289330336606,0.9375,0.00020137753042555437,0.0078125,0.0078125,0.0014096427129788806
abwi,abwi_e2_homog,abwi_e1_norm_baseline,pol_extremity,8,1.2650000000000001,1.1193749999999998,-0.1456250000000001,-0.18875000000000008,-0.10000000000000009,-2.1170323841810488,-1.8154474017200493,-0.890625,0.0005488613156861076,0.0078125,0.0078125,0.0032931678941166454
abwi,abwi_e1_agreeableness_high,abwi_e1_norm_baseline,pol_extremity,8,1.2650000000000001,1.484375,0.219375,0.14499999999999996,0.295625,1.8784447587814208,3.067097706471757,0.96875,0.0011075870421619013,0.0078125,0.0078125,0.005537935210809506
abwi,abwi_e3_O2_A2,abwi_e1_norm_baseline,pol_extremity,8,1.2650000000000001,1.44625,0.18125,0.104359375,0.24374999999999994,1.6611421613865522,2.8202650390386026,0.96875,0.002212605026010787,0.015625,0.0078125,0.008850420104043149
abwi,abwi_e1_agreeableness_low,abwi_e1_norm_baseline,pol_extremity,8,1.2650000000000001,1.4275,0.16249999999999995,0.08687499999999998,0.22999999999999998,1.443579065587344,2.1423567346099794,0.890625,0.004671640021316642,0.0234375,0.0078125,0.014014920063949927
abwi,abwi_e2_diverse,abwi_e1_norm_baseline,pol_extremity,8,1.2650000000000001,1.38625,0.12124999999999997,0.05062500000000003,0.18312499999999993,1.1960603589603165,1.7705720916758112,0.875,0.011711156928934922,0.0234375,0.0078125,0.023422313857869845
abwi,abwi_e2_mid,abwi_e1_norm_baseline,pol_extremity,8,1.2650000000000001,1.275625,0.010625000000000023,-0.060624999999999984,0.07937500000000008,0.09788700133186744,0.11584503672812428,0.171875,0.7898800420757428,0.7421875,0.0078125,0.7898800420757428
abwi,abwi_e3_O8_A8,abwi_e1_norm_baseline,pol_var,8,1.2811124999999994,0.40106249999999966,-0.8800499999999998,-0.9393573437499999,-0.8240365624999998,-9.87870261450053,-7.604108205340806,-1.0,1.9319647263766255e-08,0.0078125,0.0078125,1.738768253738963e-07
abwi,abwi_e3_O2_A2,abwi_e1_norm_baseline,pol_var,8,1.2811124999999994,0.4839624999999998,-0.7971499999999996,-0.8800615624999996,-0.7105035937499995,-6.006530561218805,-7.2926245630065365,-1.0,6.000795297167744e-07,0.0078125,0.0078125,4.800636237734195e-06
abwi,abwi_e2_homog,abwi_e1_norm_baseline,pol_var,8,1.2811124999999994,0.5207937499999999,-0.7603187499999996,-0.8994999999999995,-0.6458656249999997,-3.8544900695383184,-5.7224338423843815,-1.0,1.2073338840394207e-05,0.0078125,0.0078125,8.451337188275945e-05
abwi,abwi_e1_agreeableness_high,abwi_e1_norm_baseline,pol_var,8,1.2811124999999994,0.8027937499999998,-0.4783187499999996,-0.5926312499999996,-0.3694062499999997,-2.7349412767931502,-3.669347705952079,-1.0,0.00011289654412764757,0.0078125,0.0078125,0.0006773792647658854
abwi,abwi_e2_diverse,abwi_e1_norm_baseline,pol_var,8,1.2811124999999994,1.6824499999999998,0.4013375000000003,0.2760937500000001,0.5247320312500001,2.0869739688013045,3.029485858165804,1.0,0.0005977559670313369,0.0078125,0.0078125,0.0029887798351566847
abwi,abwi_e1_neuroticism_high,abwi_e1_norm_baseline,pol_var,8,1.2811124999999994,1.5198999999999998,0.2387875000000004,0.12145656250000017,0.3435915625000002,1.3851070045204776,2.3120861670348742,0.9375,0.005766249174679177,0.015625,0.0078125,0.023064996698716707
abwi,abwi_e1_agreeableness_low,abwi_e1_norm_baseline,pol_var,8,1.2811124999999994,1.1547999999999998,-0.12631249999999952,-0.2136937499999994,-0.05264374999999974,-1.0138591385193247,-0.9065493822570906,-0.5,0.02407355667198195,0.0390625,0.0078125,0.07222067001594584
abwi,abwi_e1_openness_high,abwi_e1_norm_baseline,pol_var,8,1.2811124999999994,1.0931874999999998,-0.18792499999999965,-0.3008249999999999,-0.06261249999999974,-1.013839617248804,-1.1172567321669176,-0.65625,0.024075457361235862,0.0390625,0.0078125,0.07222067001594584
abwi,abwi_e2_mid,abwi_e1_norm_baseline,pol_var,8,1.2811124999999994,1.3208812499999998,0.039768750000000436,-0.08127656249999993,0.15795359375000062,0.21437079136723292,0.3532043714912868,0.09375,0.5634322907655369,0.546875,0.0078125,0.5634322907655369
abwi,abwi_e2_homog,abwi_e1_norm_baseline,trait_drift_mean,8,0.3456764396419293,0.3092633975665595,-0.03641304207536975,-0.04470707804232525,-0.02724319648071727,-2.683434756271583,-1.9227787052634058,-0.875,0.0001273484350451081,0.0078125,0.0078125,0.0011461359154059728
abwi,abwi_e3_O8_A8,abwi_e1_norm_baseline,trait_drift_mean,8,0.3456764396419293,0.2988905480972883,-0.046785891544641,-0.06162501178045724,-0.032933834461748246,-2.1236588602224438,-2.1584162510310763,-1.0,0.0005386947910528489,0.0078125,0.0078125,0.004309558328422791
abwi,abwi_e1_openness_high,abwi_e1_norm_baseline,trait_drift_mean,8,0.3456764396419293,0.31037207630022023,-0.03530436334170901,-0.04754683501255763,-0.022477770753820132,-1.8125747798397935,-1.90762646384598,-1.0,0.0013585579079422978,0.0078125,0.0078125,0.009509905355596085
abwi,abwi_e1_agreeableness_low,abwi_e1_norm_baseline,trait_drift_mean,8,0.3456764396419293,0.3638822948448708,0.018205855202941504,0.005507742443914991,0.03223757766174713,0.8848590967588913,0.9330647938379257,0.5625,0.0408270485114283,0.0390625,0.0078125,0.24496229106856982
abwi,abwi_e2_diverse,abwi_e1_norm_baseline,trait_drift_mean,8,0.3456764396419293,0.35622645038235234,0.010550010740423124,0.0006288381668998755,0.01996924012136078,0.7019799645233316,0.5322374348472352,0.375,0.08746979140264678,0.109375,0.0078125,0.4373489570132339
abwi,abwi_e1_agreeableness_high,abwi_e1_norm_baseline,trait_drift_mean,8,0.3456764396419293,0.3392069311293028,-0.0064695085126265026,-0.019756697795632473,0.006714820253166536,-0.3168035849500049,-0.3674291162970678,-0.1875,0.3999869294415983,0.4609375,0.0078125,1.0
abwi,abwi_e1_neuroticism_high,abwi_e1_norm_baseline,trait_drift_mean,8,0.3456764396419293,0.3425074290358303,-0.0031690106060989973,-0.02653705407167338,0.016074000510492993,-0.09621998604034378,-0.15659528220089045,0.03125,0.7933583214427564,0.9453125,0.0078125,1.0
abwi,abwi_e2_mid,abwi_e1_norm_baseline,trait_drift_mean,8,0.3456764396419293,0.3394564009261172,-0.006220038715812129,-0.019287291956169003,0.00472286070826812,-0.3344943368725429,-0.3301682337577692,-0.1875,0.3756060918492454,0.3828125,0.0078125,1.0
abwi,abwi_e3_O2_A2,abwi_e1_norm_baseline,trait_drift_mean,8,0.3456764396419293,0.3507699431599358,0.005093503518006498,-0.01116299912198429,0.019262538092541512,0.21233151106535972,0.2950364889835648,0.15625,0.5670580953416898,0.4609375,0.0078125,1.0
e1,e1_openness_high,e1_norm_baseline,CI_accuracy_z,8,0.23551271720332007,-0.4106674399667227,-0.6461801571700428,-1.1685749846410034,-0.11996521666217266,-0.7911190446051057,-1.1068267076608518,-0.65625,0.06028898063202153,0.078125,0.0078125,0.6028898063202153
e1,e1_conscientiousness_high,e1_norm_baseline,CI_accuracy_z,8,0.23551271720332007,-0.26089654103373616,-0.49640925823705623,-0.9908039478616926,-0.09261458667367786,-0.7091715807564853,-0.8955178349084186,-0.625,0.08488501490818304,0.078125,0.0078125,0.7639651341736473
e1,e1_agreeableness_high,e1_norm_baseline,CI_accuracy_z,10,0.1966785536247499,-0.2557926765283533,-0.4524712301531034,-1.0379375389916567,0.06000719556026862,-0.4824770748878489,-0.752312438999723,-0.5,0.16141965527501323,0.232421875,0.001953125,1.0
e1,e1_agreeableness_low,e1_norm_baseline,CI_accuracy_z,8,0.23551271720332007,0.2098329964017087,-0.025679720801611433,-0.6991828493812932,0.6185115900784525,-0.026064655963625335,-0.04373142523324273,0.0,0.9432940318078391,0.9453125,0.0078125,1.0
e1,e1_conscientiousness_low,e1_norm_baseline,CI_accuracy_z,8,0.23551271720332007,0.43790056895750407,0.20238785175418397,-0.32131380122002556,0.6561798615578349,0.26333472420061266,0.36120769315873796,0.375,0.4806319766905901,0.4609375,0.0078125,1.0
e1,e1_extraversion_high,e1_norm_baseline,CI_accuracy_z,8,0.23551271720332007,-0.0877407081290962,-0.3232534253324163,-0.7484119008661163,0.0906415010008659,-0.4962632716993417,-0.5562653890308489,-0.40625,0.20319802111641463,0.25,0.0078125,1.0
e1,e1_extraversion_low,e1_norm_baseline,CI_accuracy_z,8,0.23551271720332007,0.124352976649451,-0.11115974055386901,-0.6986823173376077,0.43719273138610737,-0.12856699721395756,-0.18127235826789603,-0.125,0.726859533982212,0.9453125,0.0078125,1.0
e1,e1_neuroticism_high,e1_norm_baseline,CI_accuracy_z,10,0.1966785536247499,-0.13168290403481722,-0.32836145765956715,-0.7638927272707517,0.14203109093231336,-0.42952971981291477,-0.588738258107551,-0.28,0.20744004378139996,0.16015625,0.001953125,1.0
e1,e1_neuroticism_low,e1_norm_baseline,CI_accuracy_z,8,0.23551271720332007,-0.038164944955578,-0.27367766215889805,-0.8494873054859937,0.22452113445785193,-0.32506566457371233,-0.44340744904573665,-0.3125,0.3884578535584719,0.640625,0.0078125,1.0
e1,e1_openness_low,e1_norm_baseline,CI_accuracy_z,8,0.23551271720332007,0.291355114341898,0.05584239713857797,-0.5976931395248086,0.8613299745181108,0.05085795764970679,0.08176658689562312,-0.09375,0.8896741007969251,0.7421875,0.0078125,1.0
e1,e1_agreeableness_low,e1_norm_baseline,CI_diversity,8,0.15923191235111417,0.1685756222304996,0.009343709879385445,0.0024715203232454283,0.016088061746997145,0.8838448522376492,0.4590303364012528,0.3125,0.040998771742240356,0.0390625,0.0078125,0.4099877174224036
e1,e1_agreeableness_high,e1_norm_baseline,CI_diversity,10,0.15866452654176721,0.16340418149375086,0.004739654951983638,-0.012233619554672802,0.023203035987309717,0.16021973196018552,0.20421306214490803,0.08,0.6245730123668917,0.76953125,0.001953125,1.0
e1,e1_conscientiousness_high,e1_norm_baseline,CI_diversity,8,0.15923191235111417,0.162560944523865,0.0033290321727508215,-0.021809753306736387,0.02847008843122429,0.08729571713377784,0.15033477848229165,0.15625,0.8120630407790327,0.7421875,0.0078125,1.0
e1,e1_conscientiousness_low,e1_norm_baseline,CI_diversity,8,0.15923191235111417,0.14977939907851012,-0.009452513272604046,-0.021088983410222105,0.0020349097265654013,-0.52264963163384,-0.38903824108328133,-0.09375,0.1828620990112828,0.3125,0.0078125,1.0
e1,e1_extraversion_high,e1_norm_baseline,CI_diversity,8,0.15923191235111417,0.15659680502999984,-0.0026351073211143237,-0.01899840794057621,0.017474720612961982,-0.09110257131322574,-0.13419695079418698,0.0625,0.8040671811851515,0.640625,0.0078125,1.0
e1,e1_extraversion_low,e1_norm_baseline,CI_diversity,8,0.15923191235111417,0.1544096382522797,-0.004822274098834459,-0.02076585729355933,0.010999036007767176,-0.19759985274807645,-0.2804804459096735,-0.0625,0.5936526859497737,0.546875,0.0078125,1.0
e1,e1_neuroticism_high,e1_norm_baseline,CI_diversity,10,0.15866452654176721,0.1461023932165495,-0.012562133325217712,-0.026557589109574502,0.001600447490379225,-0.5229082721575442,-0.5772876316178807,-0.32,0.13260146974870898,0.083984375,0.001953125,1.0
e1,e1_neuroticism_low,e1_norm_baseline,CI_diversity,8,0.15923191235111417,0.1473467856957284,-0.011885126655385757,-0.0271781827104643,0.003936989635515551,-0.49121692226578484,-0.643646348285744,-0.21875,0.20731010370010422,0.1484375,0.0078125,1.0
e1,e1_openness_high,e1_norm_baseline,CI_diversity,8,0.15923191235111417,0.15801311027736142,-0.0012188020737527536,-0.027773039971241264,0.023818515650128526,-0.03039700204857492,-0.04666629300506548,-0.09375,0.933893236800857,0.9453125,0.0078125,1.0
e1,e1_openness_low,e1_norm_baseline,CI_diversity,8,0.15923191235111417,0.15737884178966527,-0.0018530705614489204,-0.01565650674015955,0.012679162463414979,-0.08306850571547236,-0.09466304355560372,-0.0625,0.8209700335170991,1.0,0.0078125,1.0
e1,e1_extraversion_high,e1_norm_baseline,CI_hidden_profile_rate,8,0.12437499999999976,0.091875,-0.03249999999999975,-0.05624999999999975,-0.007499999999999757,-0.8663916653376142,-1.3348198758781933,-0.703125,0.04407327632635354,0.0546875,0.0078125,0.44073276326353544
e1,e1_extraversion_low,e1_norm_baseline,CI_hidden_profile_rate,8,0.12437499999999976,0.1562499999999999,0.031875000000000125,0.0075000000000003675,0.060000000000000255,0.7882350514373877,1.2884221990681861,0.6875,0.06101898241058172,0.04252247799805163,0.0078125,0.5491708416952354
e1,e1_openness_high,e1_norm_baseline,CI_hidden_profile_rate,8,0.12437499999999976,0.10249999999999987,-0.021874999999999884,-0.03999999999999988,-0.0025000000000000022,-0.7736139241438458,-0.7321325232191337,-0.421875,0.06485942866272919,0.109375,0.0078125,0.5491708416952354
e1,e1_agreeableness_high,e1_norm_baseline,CI_hidden_profile_rate,10,0.1314999999999998,0.1134999999999999,-0.017999999999999905,-0.0365,0.0015000000000001987,-0.5537369462824633,-0.6305470099256097,-0.36,0.11385186399263442,0.08583095844428565,0.001953125,0.7108555712487412
e1,e1_conscientiousness_low,e1_norm_baseline,CI_hidden_profile_rate,8,0.12437499999999976,0.10500000000000001,-0.019374999999999754,-0.03937499999999976,-0.002499999999999624,-0.6661332518609322,-0.8065316219376314,-0.453125,0.10155079589267732,0.09096894797535775,0.0078125,0.7108555712487412
e1,e1_agreeableness_low,e1_norm_baseline,CI_hidden_profile_rate,8,0.12437499999999976,0.15062499999999976,0.026250000000000002,-0.005000000000000006,0.05999999999999975,0.5244384024065613,0.8225936604260924,0.4375,0.18155236004092978,0.1953125,0.0078125,0.9077618002046489
e1,e1_conscientiousness_high,e1_norm_baseline,CI_hidden_profile_rate,8,0.12437499999999976,0.1374999999999999,0.013125000000000123,-0.008125000000000004,0.03437500000000025,0.39841056073784803,0.47707428164980076,0.28125,0.29693728644178463,0.39802471950693785,0.0078125,1.0
e1,e1_neuroticism_high,e1_norm_baseline,CI_hidden_profile_rate,10,0.1314999999999998,0.1259999999999998,-0.005500000000000003,-0.03350000000000001,0.023000000000000097,-0.11517780880184605,-0.20116292326491503,-0.15,0.7241008282144318,0.7670968684102772,0.001953125,1.0
e1,e1_neuroticism_low,e1_norm_baseline,CI_hidden_profile_rate,8,0.12437499999999976,0.11624999999999988,-0.00812499999999988,-0.026874999999999878,0.011250000000000246,-0.27418595139623375,-0.3408884842256815,-0.1875,0.4634248955524781,0.3125,0.0078125,1.0
e1,e1_openness_low,e1_norm_baseline,CI_hidden_profile_rate,8,0.12437499999999976,0.11125,-0.01312499999999976,-0.036874999999999755,0.016250000000000243,-0.3197163477934043,-0.4356390132028573,-0.265625,0.3958938596224781,0.3125,0.0078125,1.0
e1,e1_agreeableness_high,e1_norm_baseline,CI_mean_gain_vs_pre,10,0.0356395069634921,0.023751994786571702,-0.011887512176920401,-0.03613477092139077,0.016298831977099654,-0.26685810707807206,-0.21546497805973183,0.0,0.4206002254650232,0.275390625,0.001953125,1.0
e1,e1_agreeableness_low,e1_norm_baseline,CI_mean_gain_vs_pre,8,0.014793759621181875,0.01025786404961775,-0.004535895571564127,-0.03713375809417926,0.03389105091941643,-0.08204218388965175,-0.10471802410618322,-0.15625,0.8231368942794952,0.546875,0.0078125,1.0
e1,e1_conscientiousness_high,e1_norm_baseline,CI_mean_gain_vs_pre,8,0.014793759621181875,0.018029625150641125,0.003235865529459251,-0.039823197827889754,0.046978637619386004,0.04832592128499709,0.08027135164090336,0.0625,0.8951268955699571,0.84375,0.0078125,1.0
e1,e1_conscientiousness_low,e1_norm_baseline,CI_mean_gain_vs_pre,8,0.014793759621181875,0.008530846892975626,-0.006262912728206251,-0.03430870340659138,0.0177581182235075,-0.15550643616746113,-0.1653231376668799,-0.0625,0.6733137530609573,1.0,0.0078125,1.0
e1,e1_extraversion_high,e1_norm_baseline,CI_mean_gain_vs_pre,8,0.014793759621181875,-0.0035075421441867483,-0.018301301765368625,-0.07057366332368221,0.03812681587340212,-0.21649667170365106,-0.34614753461684244,-0.1875,0.5596671443194655,0.546875,0.0078125,1.0
e1,e1_extraversion_low,e1_norm_baseline,CI_mean_gain_vs_pre,8,0.014793759621181875,0.01562684426068213,0.0008330846395002492,-0.044212060458604034,0.034873455050011576,0.013317343036284252,0.01832516963276849,0.125,0.9710047863493387,0.3828125,0.0078125,1.0
e1,e1_neuroticism_high,e1_norm_baseline,CI_mean_gain_vs_pre,10,0.0356395069634921,-0.010728780362472701,-0.046368287325964805,-0.10435204756324619,0.007625253037538892,-0.48506130232314765,-0.8718490858213733,-0.48,0.15942293192490833,0.232421875,0.001953125,1.0
e1,e1_neuroticism_low,e1_norm_baseline,CI_mean_gain_vs_pre,8,0.014793759621181875,0.027112226380246122,0.012318466759064253,-0.02991574482812463,0.04917621863851975,0.1984254589543172,0.22513047612154807,0.21875,0.5921438251283181,0.546875,0.0078125,1.0
e1,e1_openness_high,e1_norm_baseline,CI_mean_gain_vs_pre,8,0.014793759621181875,0.007625412670491375,-0.0071683469506905045,-0.04746221127733313,0.048808738315396644,-0.09352612455402826,-0.14371691866755915,-0.34375,0.7989897899367411,0.3125,0.0078125,1.0
e1,e1_openness_low,e1_norm_baseline,CI_mean_gain_vs_pre,8,0.014793759621181875,0.0016699560355086223,-0.013123803585673246,-0.07292094348588125,0.0413688406009753,-0.14485973106701008,-0.17024729334028835,-0.0625,0.6942556308838681,0.9453125,0.0078125,1.0
e1,e1_agreeableness_high,e1_norm_baseline,CI_medrelerr_z,10,0.10368413725295902,-0.3409687349695461,-0.4446528722225051,-1.0146492861965024,0.03399333768448697,-0.49085497544632595,-0.8050263713481848,-0.44,0.15502582250229197,0.10546875,0.001953125,1.0
e1,e1_agreeableness_low,e1_norm_baseline,CI_medrelerr_z,8,0.15239186834120455,-0.01820054092250567,-0.17059240926371022,-0.7328928948989742,0.3957116247819715,-0.1929290069712984,-0.31243358910873265,-0.21875,0.6022294760924427,0.640625,0.0078125,1.0
e1,e1_conscientiousness_high,e1_norm_baseline,CI_medrelerr_z,8,0.15239186834120455,-0.046076147862541335,-0.19846801620374585,-0.5786416529884747,0.19343485799383123,-0.3281492881615623,-0.3914788861624743,-0.1875,0.38421895164917275,0.3125,0.0078125,1.0
e1,e1_conscientiousness_low,e1_norm_baseline,CI_medrelerr_z,8,0.15239186834120455,0.36768685336509943,0.2152949850238949,-0.23647618752963753,0.6715429332062907,0.3029419415757974,0.39845559060716734,0.25,0.41989173623845877,0.4609375,0.0078125,1.0
e1,e1_extraversion_high,e1_norm_baseline,CI_medrelerr_z,8,0.15239186834120455,-0.09809985072285327,-0.2504917190640578,-0.7266441584149507,0.20636778299881103,-0.34350913661787774,-0.4595691829363063,-0.25,0.3636218085537697,0.3125,0.0078125,1.0
e1,e1_extraversion_low,e1_norm_baseline,CI_medrelerr_z,8,0.15239186834120455,-0.04334828960458188,-0.19574015794578642,-0.7250560976287922,0.3239705728482396,-0.24123195396068892,-0.34546716290515017,-0.21875,0.5169792439721995,0.640625,0.0078125,1.0
e1,e1_neuroticism_high,e1_norm_baseline,CI_medrelerr_z,10,0.10368413725295902,-0.04409734123167262,-0.14778147848463163,-0.5956981272422353,0.28918852743390017,-0.19637446128630615,-0.300064546286543,-0.14,0.5500073917033612,0.556640625,0.001953125,1.0
e1,e1_neuroticism_low,e1_norm_baseline,CI_medrelerr_z,8,0.15239186834120455,-0.10424057563503537,-0.25663244397623997,-0.9434481545488351,0.29991537147919123,-0.2647988383348924,-0.39067685335249414,-0.28125,0.4782855878661364,1.0,0.0078125,1.0
e1,e1_openness_high,e1_norm_baseline,CI_medrelerr_z,8,0.15239186834120455,-0.16318027887319175,-0.3155721472143963,-0.8399583049620138,0.2023577056113056,-0.38977752909174535,-0.6064053829893413,-0.34375,0.3067176517561365,0.4609375,0.0078125,1.0
e1,e1_openness_low,e1_norm_baseline,CI_medrelerr_z,8,0.15239186834120455,0.03970862415477154,-0.112683244186433,-0.488887838486709,0.279033564517242,-0.18947701042051107,-0.2049042380961874,-0.09375,0.6086119515522,0.640625,0.0078125,1.0
e1,e1_agreeableness_high,e1_norm_baseline,crosscut_rate,10,0.16602164933535432,0.0484662864823734,-0.11755536285298092,-0.14246352413448815,-0.09006873554596244,-2.6475394922046096,-2.97410388963667,-0.98,1.536337077610267e-05,0.001953125,0.001953125,0.0001536337077610267
e1,e1_conscientiousness_high,e1_norm_baseline,crosscut_rate,8,0.1625442277116399,0.09807046888936688,-0.06447375882227302,-0.08171062952318738,-0.041577368243008395,-2.0458919301852796,-1.6006250689128163,-0.71875,0.0006726532996494267,0.015625,0.0078125,0.00605387969684484
e1,e1_openness_high,e1_norm_baseline,crosscut_rate,8,0.1625442277116399,0.09681451899030913,-0.06572970872133074,-0.10016130099701312,-0.03218866591562512,-1.2348286726137891,-1.675760398658497,-0.75,0.01009289543119729,0.015625,0.0078125,0.07614260558860679
e1,e1_openness_low,e1_norm_baseline,crosscut_rate,8,0.1625442277116399,0.23100425401047917,0.06846002629883925,0.03223787432252112,0.10260735574641701,1.2502477417359201,1.6120803203261411,0.8125,0.009517825698575849,0.015625,0.0078125,0.07614260558860679
e1,e1_conscientiousness_low,e1_norm_baseline,crosscut_rate,8,0.1625442277116399,0.24753071584086916,0.08498648812922925,0.03753038764222362,0.14396057554533323,1.0245941218449275,1.6653426492710695,0.875,0.023051932288386034,0.015625,0.0078125,0.1383115937303162
e1,e1_extraversion_high,e1_norm_baseline,crosscut_rate,8,0.1625442277116399,0.12156021972024664,-0.04098400799139325,-0.08419635937532224,-0.002370056613571146,-0.6430909593555918,-0.8547243531358211,-0.53125,0.11174262214426763,0.1484375,0.0078125,0.5587131107213381
e1,e1_agreeableness_low,e1_norm_baseline,crosscut_rate,8,0.1625442277116399,0.16674287337284488,0.004198645661205,-0.03650888105938232,0.05009893471248687,0.06201314243150028,0.08679088081933295,0.0,0.8657315022001395,0.9453125,0.0078125,1.0
e1,e1_extraversion_low,e1_norm_baseline,crosscut_rate,8,0.1625442277116399,0.1782038176378179,0.015659589926177993,-0.023550189424206756,0.0565145186255922,0.2526612055560092,0.40088208508227074,0.15625,0.4979685524980393,0.546875,0.0078125,1.0
e1,e1_neuroticism_high,e1_norm_baseline,crosscut_rate,10,0.16602164933535432,0.1817313513638405,0.015709702028486205,-0.016301383703918863,0.050559608227015634,0.27790679151148356,0.4070971600589554,0.23,0.40235292094336006,0.625,0.001953125,1.0
e1,e1_neuroticism_low,e1_norm_baseline,crosscut_rate,8,0.1625442277116399,0.13640483392554137,-0.026139393786098506,-0.06596558322136414,0.010713403650588996,-0.43459317570841033,-0.5380836181633778,-0.375,0.2587036087763189,0.4609375,0.0078125,1.0
e1,e1_extraversion_low,e1_norm_baseline,pol_assort,8,-0.03292066613717007,0.012543063203170314,0.045463729340340375,0.012469791282181127,0.08064187636681464,0.8609260604596193,1.1421422630049824,0.4375,0.04508409703878317,0.078125,0.0078125,0.45084097038783166
e1,e1_conscientiousness_high,e1_norm_baseline,pol_assort,8,-0.03292066613717007,0.005061620099048689,0.03798228623621875,0.0063872017007464985,0.07109338139798445,0.7497560487622095,0.8746228589181553,0.46875,0.0716547714591087,0.078125,0.0078125,0.6448929431319783
e1,e1_agreeableness_high,e1_norm_baseline,pol_assort,10,-0.022642159157534904,-0.030629047039065903,-0.007986887881531,-0.04663239385860116,0.028433318253521807,-0.12481841299122352,-0.17660360349131926,-0.14,0.7022472444882086,0.6953125,0.001953125,1.0
e1,e1_agreeableness_low,e1_norm_baseline,pol_assort,8,-0.03292066613717007,-0.033276459206462314,-0.00035579306929225084,-0.0333121270136353,0.03273338484830558,-0.006856395404703526,-0.0073904770804648955,-0.09375,0.9850689338048304,0.7421875,0.0078125,1.0
e1,e1_conscientiousness_low,e1_norm_baseline,pol_assort,8,-0.03292066613717007,-0.016703881404799562,0.016216784732370502,-0.019882640443270583,0.050480370768430594,0.3054544448136757,0.3403636051522128,0.15625,0.4162316158351439,0.3828125,0.0078125,1.0
e1,e1_extraversion_high,e1_norm_baseline,pol_assort,8,-0.03292066613717007,-0.022891317182555816,0.01002934895461425,-0.02674770635614869,0.049361852708209246,0.17166225669446988,0.21443318777196682,0.0625,0.6421252677750438,0.9453125,0.0078125,1.0
e1,e1_neuroticism_high,e1_norm_baseline,pol_assort,10,-0.022642159157534904,-0.02103091373541055,0.0016112454221243466,-0.041230914673752755,0.04182665436892401,0.02312977869136884,0.0341998220145708,-0.06,0.9432922709619174,1.0,0.001953125,1.0
e1,e1_neuroticism_low,e1_norm_baseline,pol_assort,8,-0.03292066613717007,-0.006017379448444626,0.02690328668872544,-0.013120617870062624,0.06130512043904713,0.47525274005480006,0.5887428734008466,0.21875,0.2208082482779319,0.3828125,0.0078125,1.0
e1,e1_openness_high,e1_norm_baseline,pol_assort,8,-0.03292066613717007,-0.021828084269446317,0.011092581867723744,-0.01815112248115344,0.041870117902347515,0.23544596675528823,0.26715507387458703,0.0,0.5267771376361134,0.84375,0.0078125,1.0
e1,e1_openness_low,e1_norm_baseline,pol_assort,8,-0.03292066613717007,-0.04342786764464193,-0.010507201507471876,-0.047901684098874124,0.027478809143826062,-0.17566096499720615,-0.2406999003109802,-0.09375,0.6345206384852928,0.640625,0.0078125,1.0
e1,e1_agreeableness_low,e1_norm_baseline,pol_ei,8,0.38944906273174085,0.5980133958797119,0.20856433314797107,0.09580369495436396,0.3192472040009231,1.2017439726442414,1.2450338390720908,0.71875,0.011457371441632534,0.015625,0.0078125,0.11457371441632533
e1,e1_agreeableness_high,e1_norm_baseline,pol_ei,10,0.389132747420544,0.5234917657760547,0.13435901835551062,0.023102136374934433,0.2644411233797553,0.6472679332033038,0.9789082524150866,0.64,0.0709755449373069,0.10546875,0.001953125,0.638779904435762
e1,e1_openness_high,e1_norm_baseline,pol_ei,8,0.38944906273174085,0.4982284686933285,0.10877940596158762,0.013917759692476344,0.20484472408559032,0.7312666126269908,0.759624912567786,0.46875,0.0774068620929512,0.109375,0.0078125,0.638779904435762
e1,e1_extraversion_low,e1_norm_baseline,pol_ei,8,0.38944906273174085,0.530551890353368,0.14110282762162726,0.0006159475146179507,0.2728442576524128,0.6770753208390944,0.9879039394770246,0.5625,0.09703279318092894,0.109375,0.0078125,0.6792295522665026
e1,e1_neuroticism_high,e1_norm_baseline,pol_ei,10,0.389132747420544,0.49809401407522974,0.10896126665468572,0.0008054809255406846,0.22433299866920628,0.5778868187657376,0.8728654439000632,0.58,0.100905132384303,0.10546875,0.001953125,0.6792295522665026
e1,e1_extraversion_high,e1_norm_baseline,pol_ei,8,0.38944906273174085,0.5048205300902121,0.11537146735847126,-0.017015651639454572,0.26451623794879214,0.5245614928688811,0.774047009747421,0.53125,0.18146254687948055,0.25,0.0078125,0.9073127343974028
e1,e1_conscientiousness_high,e1_norm_baseline,pol_ei,8,0.38944906273174085,0.45196086727715784,0.062511804545417,-0.02074405316479979,0.15247176002005472,0.4683410442140428,0.43134980407829415,0.3125,0.2268879904698778,0.3125,0.0078125,0.9075519618795111
e1,e1_conscientiousness_low,e1_norm_baseline,pol_ei,8,0.38944906273174085,0.3787563603164826,-0.010692702415258257,-0.11579061055438655,0.0755818712011114,-0.07138090928448877,-0.0683749087335374,-0.09375,0.8457402955155493,0.84375,0.0078125,1.0
e1,e1_neuroticism_low,e1_norm_baseline,pol_ei,8,0.38944906273174085,0.459713264046142,0.07026420131440114,-0.08381263876890314,0.22159711611429694,0.2938327241388477,0.39357735333391025,0.21875,0.4333555221090245,0.3828125,0.0078125,1.0
e1,e1_openness_low,e1_norm_baseline,pol_ei,8,0.38944906273174085,0.41884816581869555,0.02939910308695469,-0.07862499591165942,0.1353040586221361,0.17648838618706691,0.20758748843582495,0.0625,0.6329529214792309,0.546875,0.0078125,1.0
e1,e1_neuroticism_high,e1_norm_baseline,pol_extremity,10,1.2920000000000003,1.5185,0.22649999999999998,0.17849999999999994,0.2735000000000001,2.741067203143255,3.712358526808927,1.0,1.159916432835972e-05,0.001953125,0.001953125,0.0001159916432835972
e1,e1_agreeableness_high,e1_norm_baseline,pol_extremity,10,1.2920000000000003,1.4965,0.20450000000000007,0.1500000000000001,0.2575000000000002,2.209143958212013,2.779729101715007,0.92,6.423837676529178e-05,0.001953125,0.001953125,0.000578145390887626
e1,e1_conscientiousness_high,e1_norm_baseline,pol_extremity,8,1.27625,1.495625,0.219375,0.15185937499999996,0.273125,2.3147705463051516,3.1240374531621025,1.0,0.0003196765967746593,0.0078125,0.0078125,0.0025574127741972742
e1,e1_openness_high,e1_norm_baseline,pol_extremity,8,1.27625,1.4268750000000001,0.15062500000000004,0.10437500000000005,0.19125000000000003,2.1815028054350067,2.4337625124982325,0.953125,0.0004583788920924359,0.0078125,0.0078125,0.003208652244647051
e1,e1_agreeableness_low,e1_norm_baseline,pol_extremity,8,1.27625,1.376875,0.10062499999999996,0.028749999999999998,0.16999999999999998,0.9162783320923442,1.4344165791951815,0.71875,0.03585973281491757,0.0390625,0.0078125,0.21515839688950542
e1,e1_extraversion_high,e1_norm_baseline,pol_extremity,8,1.27625,1.355,0.07874999999999993,0.019374999999999865,0.1349999999999999,0.859324287400533,1.1995264476494272,0.640625,0.04538482143187412,0.06297905121445523,0.0078125,0.22692410715937059
e1,e1_extraversion_low,e1_norm_baseline,pol_extremity,8,1.27625,1.325625,0.049375,-0.01125000000000001,0.1062500000000001,0.5329918089693736,0.7289879862538602,0.5,0.17540660833434504,0.1953125,0.0078125,0.6208104467504273
e1,e1_neuroticism_low,e1_norm_baseline,pol_extremity,8,1.27625,1.3362500000000002,0.05999999999999994,-0.012499999999999956,0.12499999999999989,0.5631879053567181,0.7404335108145931,0.46875,0.15520261168760682,0.1484375,0.0078125,0.6208104467504273
e1,e1_conscientiousness_low,e1_norm_baseline,pol_extremity,8,1.27625,1.240625,-0.03562500000000007,-0.10000000000000006,0.025624999999999842,-0.3611275291966621,-0.4635640837521413,-0.40625,0.3410508198688201,0.4609375,0.0078125,0.6821016397376402
e1,e1_openness_low,e1_norm_baseline,pol_extremity,8,1.27625,1.2974999999999999,0.02124999999999999,-0.024999999999999994,0.06125000000000003,0.3136186706116262,0.31671222025255497,0.21875,0.4044980221580262,0.3125,0.0078125,0.6821016397376402
e1,e1_agreeableness_high,e1_norm_baseline,pol_var,10,1.2617299999999998,0.7953949999999994,-0.4663350000000002,-0.6162058750000002,-0.3219865000000004,-1.8741210625572857,-2.5157804833604165,-0.96,0.00022168161929096085,0.001953125,0.001953125,0.0022168161929096084
e1,e1_openness_high,e1_norm_baseline,pol_var,8,1.2637749999999999,0.9568187499999997,-0.30695624999999993,-0.41521874999999997,-0.19176874999999988,-1.7801154164475168,-1.5195832141067993,-0.75,0.0015050223130453522,0.0078125,0.0078125,0.01354520081740817
e1,e1_neuroticism_high,e1_norm_baseline,pol_var,10,1.2617299999999998,1.5390649999999997,0.2773349999999999,0.14100362499999974,0.41148624999999994,1.211811036790202,1.4983413363332672,0.72,0.004014894644546024,0.005859375,0.001953125,0.03211915715636819
e1,e1_agreeableness_low,e1_norm_baseline,pol_var,8,1.2637749999999999,1.0570312499999996,-0.20674375,-0.3502348437499999,-0.034624999999999934,-0.834520854827577,-0.9585447708641617,-0.5625,0.05031304801361374,0.0390625,0.0078125,0.3521913360952962
e1,e1_extraversion_high,e1_norm_baseline,pol_var,8,1.2637749999999999,1.0580624999999997,-0.20571250000000002,-0.39632500000000015,-0.04557500000000006,-0.7601111731303355,-1.017999921178165,-0.625,0.06862182804824724,0.0546875,0.0078125,0.4117309682894834
e1,e1_conscientiousness_high,e1_norm_baseline,pol_var,8,1.2637749999999999,1.1162187499999998,-0.14755624999999978,-0.31666874999999983,-0.007906249999999754,-0.6216896549780607,-0.7236228595165389,-0.46875,0.12208645055665616,0.109375,0.0078125,0.6104322527832808
e1,e1_extraversion_low,e1_norm_baseline,pol_var,8,1.2637749999999999,1.1371937499999998,-0.12658124999999995,-0.29681875,0.02717500000000031,-0.5089493392188101,-0.6398234611614726,-0.4375,0.19318026441019126,0.1484375,0.0078125,0.7385662430642878
e1,e1_neuroticism_low,e1_norm_baseline,pol_var,8,1.2637749999999999,1.1201624999999997,-0.1436125,-0.37149859375000005,0.05663125000000019,-0.4368081902567826,-0.5990944919429737,-0.34375,0.25650419985104667,0.3125,0.0078125,0.7385662430642878
e1,e1_openness_low,e1_norm_baseline,pol_var,8,1.2637749999999999,1.1746999999999996,-0.089075,-0.19176875000000007,0.02595625000000029,-0.5202378554897317,-0.432825047194341,-0.34375,0.18464156076607194,0.1953125,0.0078125,0.7385662430642878
e1,e1_conscientiousness_low,e1_norm_baseline,pol_var,8,1.2637749999999999,1.24341875,-0.020356249999999868,-0.13189374999999998,0.1157109375000002,-0.10431911712952985,-0.086836448543475,-0.125,0.7765080011103371,0.7421875,0.0078125,0.7765080011103371
e1,e1_extraversion_high,e1_norm_baseline,trait_drift_mean,8,0.340938801115696,0.28136327213123563,-0.05957552898446038,-0.0686782320602441,-0.05028153969586359,-4.114479644582575,-3.893179874162187,-1.0,7.809623739250517e-06,0.0078125,0.0078125,7.809623739250517e-05
e1,e1_openness_high,e1_norm_baseline,trait_drift_mean,8,0.340938801115696,0.30806173504586276,-0.03287706606983324,-0.046201245653394875,-0.021433488563314812,-1.7080780666876623,-2.148632800538002,-0.90625,0.0018969041716966973,0.0078125,0.0078125,0.017072137545270274
e1,e1_extraversion_low,e1_norm_baseline,trait_drift_mean,8,0.340938801115696,0.3617027816403545,0.0207639805246585,0.010465161826191907,0.030710801034941122,1.325882904585602,1.4815972350390294,0.78125,0.007166622208355727,0.015625,0.0078125,0.057332977666845815
e1,e1_openness_low,e1_norm_baseline,trait_drift_mean,8,0.340938801115696,0.32590692457748077,-0.01503187653821525,-0.02374380151529936,-0.007019344841845506,-1.1593305932873066,-1.0325273765674254,-0.65625,0.013504133658561616,0.0078125,0.0078125,0.09452893560993131
e1,e1_neuroticism_low,e1_norm_baseline,trait_drift_mean,8,0.340938801115696,0.36714810910007617,0.026209307984380134,0.0102610437413495,0.040490952428709134,1.105438678098694,1.3701933992870112,0.71875,0.0166876487968417,0.0390625,0.0078125,0.10012589278105019
e1,e1_agreeableness_high,e1_norm_baseline,trait_drift_mean,10,0.3431423837079772,0.3305787656427578,-0.012563618065219394,-0.021348872094949237,-0.002582388936328361,-0.7827166130289275,-0.8781746672267604,-0.56,0.03526999182451669,0.037109375,0.001953125,0.17634995912258344
e1,e1_agreeableness_low,e1_norm_baseline,trait_drift_mean,8,0.340938801115696,0.3551282115544161,0.014189410438720136,0.0019956921343990026,0.026886190517442333,0.7304295933032232,1.0843187065455426,0.59375,0.07767786796119976,0.109375,0.0078125,0.30909827206789076
e1,e1_conscientiousness_high,e1_norm_baseline,trait_drift_mean,8,0.340938801115696,0.3318495148317978,-0.00908928628389824,-0.016657414706801113,-0.0006249352964697308,-0.7316762699211812,-0.7241255458271071,-0.53125,0.07727456801697269,0.078125,0.0078125,0.30909827206789076
e1,e1_conscientiousness_low,e1_norm_baseline,trait_drift_mean,8,0.340938801115696,0.352551774083102,0.011612972967406002,-0.005286735493652468,0.030045811094135004,0.42160236580771865,0.6251497643632574,0.28125,0.2719265856800083,0.546875,0.0078125,0.5438531713600167
e1,e1_neuroticism_high,e1_norm_baseline,trait_drift_mean,10,0.3431423837079772,0.34722268690716296,0.004080303199185708,-0.007712003575030733,0.015723892746031386,0.2067258555100999,0.2700128943892605,0.14,0.5296357738360368,0.625,0.001953125,0.5438531713600167
e1q,e1q_agreeableness_high,e1q_norm_baseline,CI_accuracy_z,5,-0.10064204229811173,0.14793902164400724,0.248581063942119,-0.0934439847863795,0.4902979965477982,0.6578488038154268,0.6647178681782343,0.36,0.2152536301589276,0.4375,0.0625,1.0
e1q,e1q_agreeableness_low,e1q_norm_baseline,CI_accuracy_z,5,-0.10064204229811173,0.03453016029411112,0.13517220259222285,-0.40298659581526247,0.6733310009997082,0.20082744149682658,0.3603870504023014,0.36,0.676641117647764,0.625,0.0625,1.0
e1q,e1q_conscientiousness_high,e1q_norm_baseline,CI_accuracy_z,5,-0.10064204229811173,0.07286330407066255,0.17350534636877427,-0.3037173687752005,0.6741251664584368,0.2712722684817086,0.40323475468372905,0.12,0.5768697179776566,0.625,0.0625,1.0
e1q,e1q_conscientiousness_low,e1q_norm_baseline,CI_accuracy_z,5,-0.10064204229811173,0.1453515601714875,0.24599360246959928,-0.05624278512427241,0.5595067281413046,0.620528730647569,0.6959454007442514,0.52,0.23757308279638942,0.3125,0.0625,1.0
e1q,e1q_extraversion_high,e1q_norm_baseline,CI_accuracy_z,5,-0.10064204229811173,0.18794200973029457,0.2885840520284063,-0.13664915067294386,0.7138172547297564,0.5353283995239684,0.9078394097766732,0.44,0.2973855357605025,0.4375,0.0625,1.0
e1q,e1q_extraversion_low,e1q_norm_baseline,CI_accuracy_z,5,-0.10064204229811173,-0.0997673604408166,0.0008746818572951453,-0.22379353428215495,0.2284847016790857,0.003019364951711974,0.0028244411053052632,0.12,0.9949364191250987,1.0,0.0625,1.0
e1q,e1q_neuroticism_high,e1q_norm_baseline,CI_accuracy_z,5,-0.10064204229811173,-0.036470495346782754,0.06417154695132898,-0.21609534095350008,0.3457375021311196,0.17986327537820898,0.18994406925648027,0.12,0.7081113229395848,0.625,0.0625,1.0
e1q,e1q_neuroticism_low,e1q_norm_baseline,CI_accuracy_z,5,-0.10064204229811173,0.10941597037730841,0.21005801267542018,-0.2163968594269156,0.7116289001253467,0.35671695741576454,0.5705198709033178,0.2,0.4697479493708495,0.8125,0.0625,1.0
e1q,e1q_openness_high,e1q_norm_baseline,CI_accuracy_z,5,-0.10064204229811173,-0.19799394054875022,-0.0973518982506385,-0.5530780972595193,0.3583743007582423,-0.1668057306865618,-0.29140827866063557,-0.2,0.7280807212642121,0.8125,0.0625,1.0
e1q,e1q_openness_low,e1q_norm_baseline,CI_accuracy_z,5,-0.10064204229811173,0.26157134134563104,0.3622133836437428,0.01968831218442571,0.7047384551030598,0.8248960931505565,1.1164454661044632,0.6,0.1388681047180281,0.3125,0.0625,1.0
e1q,e1q_conscientiousness_high,e1q_norm_baseline,CI_diversity,5,0.2739183356681621,0.2431536852139969,-0.030764650454165203,-0.05693850351915024,-0.006848006253434158,-0.9667185401007018,-1.1608607524277892,-0.68,0.09671031467042349,0.125,0.0625,0.9314490629930978
e1q,e1q_neuroticism_low,e1q_norm_baseline,CI_diversity,5,0.2739183356681621,0.2581013758207775,-0.015816959847384616,-0.027328975782166552,-0.0023116962731031198,-0.981745084156891,-0.5035229099745944,-0.28,0.09314490629930978,0.125,0.0625,0.9314490629930978
e1q,e1q_agreeableness_high,e1q_norm_baseline,CI_diversity,5,0.2739183356681621,0.2724879179593258,-0.0014304177088363067,-0.033657432895299086,0.03398993632001866,-0.0332355509796726,-0.047951029698300535,-0.12,0.9443263270262428,1.0,0.0625,1.0
e1q,e1q_agreeableness_low,e1q_norm_baseline,CI_diversity,5,0.2739183356681621,0.276515945297497,0.0025976096293348905,-0.015591033069196713,0.02135619095764672,0.11678281975178,0.10327407105265943,0.04,0.8068826970964054,0.8125,0.0625,1.0
e1q,e1q_conscientiousness_low,e1q_norm_baseline,CI_diversity,5,0.2739183356681621,0.2688217096113309,-0.005096626056831244,-0.033258111108104116,0.02726490421092028,-0.13293180821372,-0.18586442278164741,-0.2,0.781077175930646,0.625,0.0625,1.0
e1q,e1q_extraversion_high,e1q_norm_baseline,CI_diversity,5,0.2739183356681621,0.2727977059612476,-0.0011206297069144943,-0.01598866303315936,0.01051591407993765,-0.06308463965230218,-0.037928729100874435,0.12,0.8946401414289193,0.8125,0.0625,1.0
e1q,e1q_extraversion_low,e1q_norm_baseline,CI_diversity,5,0.2739183356681621,0.2726538154000202,-0.0012645202681418998,-0.03110417415451901,0.02804949573543423,-0.03342242103635047,-0.04713724157922892,-0.36,0.9440140216568511,1.0,0.0625,1.0
e1q,e1q_neuroticism_high,e1q_norm_baseline,CI_diversity,5,0.2739183356681621,0.2657306115965227,-0.008187724071639414,-0.033031507118132,0.016656058974853172,-0.25217524948055314,-0.2492457490855789,-0.2,0.6029490269943627,0.8125,0.0625,1.0
e1q,e1q_openness_high,e1q_norm_baseline,CI_diversity,5,0.2739183356681621,0.25706007581957013,-0.016858259848591996,-0.044304281297123264,0.00949662533634219,-0.49921853986069553,-0.6588258205004579,-0.36,0.32682890950665333,0.4375,0.0625,1.0
e1q,e1q_openness_low,e1q_norm_baseline,CI_diversity,5,0.2739183356681621,0.2771745120642932,0.003256176396131083,-0.029727612033698437,0.03376682259072311,0.07896560387812897,0.09034296065278068,0.04,0.8684238539840494,0.8125,0.0625,1.0
e1q,e1q_agreeableness_high,e1q_norm_baseline,CI_hidden_profile_rate,5,0.0,0.002,0.002,0.0,0.004,0.7302967433402214,0.9328476016671629,0.4,0.17780780835622126,0.15729920705028502,0.0625,1.0
e1q,e1q_agreeableness_low,e1q_norm_baseline,CI_hidden_profile_rate,5,0.0,0.001,0.001,0.0,0.003,0.4472135954999579,0.5712501579659007,0.2,0.373900966300059,0.31731050786291415,0.0625,1.0
e1q,e1q_conscientiousness_high,e1q_norm_baseline,CI_hidden_profile_rate,5,0.0,0.001,0.001,0.0,0.003,0.4472135954999579,0.5712501579659007,0.2,0.373900966300059,0.31731050786291415,0.0625,1.0
e1q,e1q_conscientiousness_low,e1q_norm_baseline,CI_hidden_profile_rate,5,0.0,0.001,0.001,0.0,0.003,0.4472135954999579,0.5712501579659007,0.2,0.373900966300059,0.31731050786291415,0.0625,1.0
e1q,e1q_extraversion_low,e1q_norm_baseline,CI_hidden_profile_rate,5,0.0,0.001,0.001,0.0,0.003,0.4472135954999579,0.5712501579659007,0.2,0.373900966300059,0.31731050786291415,0.0625,1.0
e1q,e1q_neuroticism_high,e1q_norm_baseline,CI_hidden_profile_rate,5,0.0,0.003,0.003,0.0,0.007000000000000001,0.6708203932499369,0.8568752369488511,0.4,0.20799999999999982,0.17971249487899976,0.0625,1.0
e1q,e1q_neuroticism_low,e1q_norm_baseline,CI_hidden_profile_rate,5,0.0,0.001,0.001,0.0,0.003,0.4472135954999579,0.5712501579659007,0.2,0.373900966300059,0.31731050786291415,0.0625,1.0
e1q,e1q_extraversion_high,e1q_norm_baseline,CI_hidden_profile_rate,5,0.0,0.0,0.0,0.0,0.0,,,0.0,,1.0,0.0625,
e1q,e1q_openness_high,e1q_norm_baseline,CI_hidden_profile_rate,5,0.0,0.0,0.0,0.0,0.0,,,0.0,,1.0,0.0625,
e1q,e1q_openness_low,e1q_norm_baseline,CI_hidden_profile_rate,5,0.0,0.0,0.0,0.0,0.0,,,0.0,,1.0,0.0625,
e1q,e1q_conscientiousness_high,e1q_norm_baseline,CI_mean_gain_vs_pre,5,0.004303349654412801,0.0353635687198202,0.031060219065407402,0.007998030785860403,0.05015718624056781,1.157392425240626,1.1475735030043963,0.6,0.06081147231454893,0.125,0.0625,0.6081147231454893
e1q,e1q_agreeableness_high,e1q_norm_baseline,CI_mean_gain_vs_pre,5,0.004303349654412801,0.0082606706631626,0.003957321008749801,-0.010103094223057402,0.023619937572571,0.1788278245280415,0.18658966179775535,0.04,0.7096848609891908,1.0,0.0625,1.0
e1q,e1q_agreeableness_low,e1q_norm_baseline,CI_mean_gain_vs_pre,5,0.004303349654412801,0.0113495089236284,0.0070461592692156,-0.029674185550409606,0.043766504088840794,0.14845292394048704,0.2590043978517107,0.28,0.7565916303479926,0.8125,0.0625,1.0
e1q,e1q_conscientiousness_low,e1q_norm_baseline,CI_mean_gain_vs_pre,5,0.004303349654412801,0.017081030799423802,0.012777681145011002,-0.0220503696572834,0.050372301420369615,0.27658176447203137,0.360526431810637,0.2,0.5697533474854267,0.8125,0.0625,1.0
e1q,e1q_extraversion_high,e1q_norm_baseline,CI_mean_gain_vs_pre,5,0.004303349654412801,0.0033263944923171995,-0.0009769551620956018,-0.023191593791423607,0.013171549149438999,-0.03861990332097203,-0.028141612447459392,0.2,0.9353328821987138,0.625,0.0625,1.0
e1q,e1q_extraversion_low,e1q_norm_baseline,CI_mean_gain_vs_pre,5,0.004303349654412801,0.0174753084136098,0.013171958759197003,-0.0186153617424758,0.0436963324976294,0.3318831857477895,0.34680240894050024,0.52,0.4992301470779779,0.625,0.0625,1.0
e1q,e1q_neuroticism_high,e1q_norm_baseline,CI_mean_gain_vs_pre,5,0.004303349654412801,-0.003852027453477601,-0.008155377107890402,-0.036477747728208006,0.0129851613280548,-0.2582193977745182,-0.3399449946438102,-0.28,0.5946140091204439,1.0,0.0625,1.0
e1q,e1q_neuroticism_low,e1q_norm_baseline,CI_mean_gain_vs_pre,5,0.004303349654412801,-0.0068355252546048,-0.011138874909017599,-0.036460817010289394,0.015544946324696201,-0.34050626732807915,-0.5064612352113774,-0.36,0.4888375564919908,0.4375,0.0625,1.0
e1q,e1q_openness_high,e1q_norm_baseline,CI_mean_gain_vs_pre,5,0.004303349654412801,0.0014241230578021992,-0.002879226596610601,-0.0349564974065832,0.028812651740300198,-0.06770182290195267,-0.0968566067517842,-0.04,0.886999445946401,1.0,0.0625,1.0
e1q,e1q_openness_low,e1q_norm_baseline,CI_mean_gain_vs_pre,5,0.004303349654412801,-0.004361851337245799,-0.0086652009916586,-0.033305702385892,0.0190141013766886,-0.2761982179753314,-0.2895106811762281,-0.2,0.5702654347151338,0.4375,0.0625,1.0
e1q,e1q_openness_high,e1q_norm_baseline,CI_medrelerr_z,5,0.18902670842728247,-0.2391646102239239,-0.4281913186512064,-0.6597518299354344,-0.14023171894841968,-1.2688824820895088,-1.1700972489264105,-0.68,0.046995626228088686,0.125,0.0625,0.4699562622808868
e1q,e1q_agreeableness_high,e1q_norm_baseline,CI_medrelerr_z,5,0.18902670842728247,0.39426169827722657,0.20523498984994415,-0.19428744646662566,0.6047574261665138,0.40962200858443576,0.4654208042182198,0.28,0.411521034556513,0.625,0.0625,1.0
e1q,e1q_agreeableness_low,e1q_norm_baseline,CI_medrelerr_z,5,0.18902670842728247,-0.023596728454541825,-0.21262343688182433,-0.413238365869916,0.025673582388206807,-0.7700721823455876,-0.5693841573234735,-0.36,0.16018711584468567,0.1875,0.0625,1.0
e1q,e1q_conscientiousness_high,e1q_norm_baseline,CI_medrelerr_z,5,0.18902670842728247,-0.12597964228410458,-0.3150063507113871,-0.8229263063467449,0.1929136049239708,-0.4741280282481744,-0.6833158182872588,-0.52,0.34883398621896455,0.4375,0.0625,1.0
e1q,e1q_conscientiousness_low,e1q_norm_baseline,CI_medrelerr_z,5,0.18902670842728247,0.23501811456660623,0.04599140613932375,-0.31745301512035723,0.3779151382113818,0.10365450528428859,0.11499870675949622,0.12,0.8280846009477977,1.0,0.0625,1.0
e1q,e1q_extraversion_high,e1q_norm_baseline,CI_medrelerr_z,5,0.18902670842728247,0.0870321203215281,-0.10199458810575437,-0.5695526234745409,0.36556344726303214,-0.1688519456140915,-0.2150617580009394,-0.28,0.7249334950431163,1.0,0.0625,1.0
e1q,e1q_extraversion_low,e1q_norm_baseline,CI_medrelerr_z,5,0.18902670842728247,-0.1372773530483132,-0.3263040614755957,-0.8713615848250285,0.10681950309694259,-0.5321600092005927,-0.7942929013627713,-0.6,0.2998666883709755,0.625,0.0625,1.0
e1q,e1q_neuroticism_high,e1q_norm_baseline,CI_medrelerr_z,5,0.18902670842728247,-0.14091906228644258,-0.3299457707137251,-0.9026243300473145,0.36825355138613425,-0.38337189311303654,-0.5679149189784084,-0.44,0.439633200567983,0.4375,0.0625,1.0
e1q,e1q_neuroticism_low,e1q_norm_baseline,CI_medrelerr_z,5,0.18902670842728247,0.1596386105067437,-0.029388097920538786,-0.4423779854180336,0.3653810763765248,-0.053591910944190226,-0.061974524632568716,0.04,0.9103915121684997,1.0,0.0625,1.0
e1q,e1q_openness_low,e1q_norm_baseline,CI_medrelerr_z,5,0.18902670842728247,0.18916953280620957,0.00014282437892705336,-0.3227790434854078,0.32546191551648496,0.00033940794342066343,0.0003593278553233785,0.04,0.9994307956431092,1.0,0.0625,1.0
e1q,e1q_agreeableness_high,e1q_norm_baseline,crosscut_rate,5,0.22432517628012422,0.11808967144386381,-0.10623550483626039,-0.16905414536023797,-0.0366877701497784,-1.2595465391995282,-0.9970418989405374,-0.52,0.048001887183310325,0.125,0.0625,0.48001887183310327
e1q,e1q_extraversion_high,e1q_norm_baseline,crosscut_rate,5,0.22432517628012422,0.12005430670962583,-0.1042708695704984,-0.19023505054195583,-0.019850343509349198,-0.9244562648496806,-1.060709416675006,-0.68,0.10757734036900121,0.125,0.0625,0.9681960633210109
e1q,e1q_agreeableness_low,e1q_norm_baseline,crosscut_rate,5,0.22432517628012422,0.13230600463212183,-0.0920191716480024,-0.1766773884747574,-0.011687488114758993,-0.8523493974837939,-0.9402029851287884,-0.68,0.1293540974464109,0.1875,0.0625,1.0
e1q,e1q_conscientiousness_high,e1q_norm_baseline,crosscut_rate,5,0.22432517628012422,0.24159407609869224,0.017268899818568006,-0.0842783832367964,0.11183875491519721,0.1358477840145482,0.15404177801575183,0.36,0.7764524006020368,1.0,0.0625,1.0
e1q,e1q_conscientiousness_low,e1q_norm_baseline,crosscut_rate,5,0.22432517628012422,0.192783070156262,-0.0315421061238622,-0.13665818799807,0.131858291669912,-0.17445126977966668,-0.2332046116949385,-0.12,0.716355020612944,0.625,0.0625,1.0
e1q,e1q_extraversion_low,e1q_norm_baseline,crosscut_rate,5,0.22432517628012422,0.30662778980654765,0.08230261352642342,-0.04573670631828677,0.2061789897198934,0.5152315696241888,0.8122905978202464,0.6,0.3134540893420405,0.4375,0.0625,1.0
e1q,e1q_neuroticism_high,e1q_norm_baseline,crosscut_rate,5,0.22432517628012422,0.25706209579893746,0.03273691951881321,-0.07882531278524299,0.1337490578622666,0.2574548062138619,0.34258104228452296,0.52,0.5956642873996487,0.4375,0.0625,1.0
e1q,e1q_neuroticism_low,e1q_norm_baseline,crosscut_rate,5,0.22432517628012422,0.1559984630858294,-0.0683267131942948,-0.1990999203045088,0.07659373051951962,-0.36821782478778897,-0.6015674717024792,-0.44,0.45655987600208386,0.4375,0.0625,1.0
e1q,e1q_openness_high,e1q_norm_baseline,crosscut_rate,5,0.22432517628012422,0.21112885521654562,-0.013196321063578592,-0.13628128347125018,0.0884279951821526,-0.09156411623844526,-0.12803564638609274,-0.12,0.8477687840966805,1.0,0.0625,1.0
e1q,e1q_openness_low,e1q_norm_baseline,crosscut_rate,5,0.22432517628012422,0.20114049799622405,-0.02318467828390019,-0.11132167398911279,0.06511512260095362,-0.2110061063900689,-0.19913763802047993,-0.04,0.6616388560805051,0.4375,0.0625,1.0
e1q,e1q_agreeableness_high,e1q_norm_baseline,pol_assort,5,-0.0254283548085426,-0.03965112937289481,-0.014222774564352203,-0.03471911912258731,0.0212843201646426,-0.35903866062768297,-0.24728795265366876,-0.28,0.4670618724407683,0.625,0.0625,1.0
e1q,e1q_agreeableness_low,e1q_norm_baseline,pol_assort,5,-0.0254283548085426,-0.044009071128238895,-0.0185807163196963,-0.05135603914366548,0.013516818912078505,-0.43077512998091566,-0.5869429672530415,-0.36,0.38997329241694195,0.625,0.0625,1.0
e1q,e1q_conscientiousness_high,e1q_norm_baseline,pol_assort,5,-0.0254283548085426,-0.04617388339161141,-0.020745528583068808,-0.0759782129731609,0.0271692770607888,-0.304671773808047,-0.5115801558396393,-0.2,0.5331014851786356,0.8125,0.0625,1.0
e1q,e1q_conscientiousness_low,e1q_norm_baseline,pol_assort,5,-0.0254283548085426,-0.023781440521040302,0.0016469142875023004,-0.0356535523075124,0.0412923926119647,0.035125527490513266,0.04256342972701437,0.12,0.941168285509953,1.0,0.0625,1.0
e1q,e1q_extraversion_high,e1q_norm_baseline,pol_assort,5,-0.0254283548085426,-0.007576606759177348,0.017851748049365252,-0.009699482461370701,0.04540297856010121,0.49645963691415035,0.4034815635844588,0.28,0.3291854057971949,0.4375,0.0625,1.0
e1q,e1q_extraversion_low,e1q_norm_baseline,pol_assort,5,-0.0254283548085426,-0.024838376591873303,0.0005899782166692985,-0.030049385990087208,0.0246873783841619,0.016845149703221977,0.012791289812977037,0.04,0.9717581722740362,0.625,0.0625,1.0
e1q,e1q_neuroticism_high,e1q_norm_baseline,pol_assort,5,-0.0254283548085426,0.0058815622697953995,0.031309917078338,0.005303710623040599,0.0593866813750088,0.9038468724602896,1.0533370208536408,0.52,0.1133603734476441,0.125,0.0625,1.0
e1q,e1q_neuroticism_low,e1q_norm_baseline,pol_assort,5,-0.0254283548085426,-0.015134490337506301,0.010293864471036302,-0.0171197486235395,0.0424416957828241,0.2622282977236278,0.1773699382196399,0.12,0.5891268050483502,1.0,0.0625,1.0
e1q,e1q_openness_high,e1q_norm_baseline,pol_assort,5,-0.0254283548085426,0.0098301507436851,0.035258505552227704,0.004597766165306201,0.0631583432425965,0.9304041491275243,0.9630885199796345,0.52,0.10596934177839662,0.1875,0.0625,1.0
e1q,e1q_openness_low,e1q_norm_baseline,pol_assort,5,-0.0254283548085426,-0.04753632788504801,-0.022107973076505406,-0.043704435328429006,-0.003372311322229405,-0.8317496434235373,-0.5050731279721591,-0.2,0.1364243398533336,0.3125,0.0625,1.0
e1q,e1q_agreeableness_high,e1q_norm_baseline,pol_ei,5,0.0475179708166376,0.14661896011239173,0.0991009892957541,-0.09737531342303798,0.2689907876144038,0.42981264692527243,0.7120380443981736,0.44,0.39093248393301966,0.4375,0.0625,1.0
e1q,e1q_agreeableness_low,e1q_norm_baseline,pol_ei,5,0.0475179708166376,-0.0124641507451125,-0.059982121561750104,-0.14487481422201132,-0.0124647979797575,-0.6302893091618489,-0.9215074849806824,-0.76,0.23152173088314554,0.0625,0.0625,1.0
e1q,e1q_conscientiousness_high,e1q_norm_baseline,pol_ei,5,0.0475179708166376,-0.023029318914773604,-0.0705472897314112,-0.1481130995353399,0.007018520072517497,-0.7120684465897346,-0.9355130398305279,-0.44,0.1865483170707299,0.3125,0.0625,1.0
e1q,e1q_conscientiousness_low,e1q_norm_baseline,pol_ei,5,0.0475179708166376,0.052906624259966006,0.0053886534433284115,-0.0738153452087549,0.09222879163604943,0.05031635499634237,0.06034205358187276,0.04,0.9158387075801109,1.0,0.0625,1.0
e1q,e1q_extraversion_high,e1q_norm_baseline,pol_ei,5,0.0475179708166376,0.050878292181932704,0.0033603213652951018,-0.07811943067646061,0.08039740190767461,0.031573913522778344,0.04761768518752794,0.28,0.947103852465752,1.0,0.0625,1.0
e1q,e1q_extraversion_low,e1q_norm_baseline,pol_ei,5,0.0475179708166376,-0.0068521327090924995,-0.054370103525730094,-0.1227069702021136,-0.0079627290111627,-0.7124041826181121,-0.802041817321702,-0.6,0.18638336902254252,0.0625,0.0625,1.0
e1q,e1q_neuroticism_high,e1q_norm_baseline,pol_ei,5,0.0475179708166376,0.13039543003576387,0.0828774592191263,-0.014928989099085802,0.1964571705855444,0.6172936099601954,0.5777480922614431,0.28,0.23961319489990032,0.625,0.0625,1.0
e1q,e1q_neuroticism_low,e1q_norm_baseline,pol_ei,5,0.0475179708166376,0.07121827038461512,0.023700299567977506,-0.02356772609726269,0.07578941642284792,0.37439027658748675,0.32330994139401037,0.36,0.4496036087458062,0.625,0.0625,1.0
e1q,e1q_openness_high,e1q_norm_baseline,pol_ei,5,0.0475179708166376,0.10365685309222301,0.05613888227558541,-0.036947998850333105,0.1425470586642155,0.4843716377554958,0.7452721123892438,0.52,0.339693415646665,0.4375,0.0625,1.0
e1q,e1q_openness_low,e1q_norm_baseline,pol_ei,5,0.0475179708166376,-0.009587655348224602,-0.0571056261648622,-0.127039948682639,0.0058671942897693995,-0.6917286803687218,-0.6884287442970453,-0.52,0.19682737625066274,0.1875,0.0625,1.0
e1q,e1q_openness_high,e1q_norm_baseline,pol_extremity,5,1.204,1.0670000000000002,-0.13699999999999996,-0.2339999999999999,-0.05999999999999996,-1.1966320592950972,-1.6025172335494453,-0.92,0.05547309944487621,0.0625,0.0625,0.5547309944487621
e1q,e1q_neuroticism_low,e1q_norm_baseline,pol_extremity,5,1.204,1.126,-0.07799999999999999,-0.13799999999999998,-0.03099999999999996,-1.1398710130191962,-0.8509170203043392,-0.52,0.06338408947984997,0.0625,0.0625,0.5704568053186497
e1q,e1q_agreeableness_high,e1q_norm_baseline,pol_extremity,5,1.204,1.1540000000000001,-0.049999999999999954,-0.14902500000000005,0.07499999999999996,-0.3449301371641693,-0.4210396833022859,-0.2,0.4835699838125566,0.625,0.0625,1.0
e1q,e1q_agreeableness_low,e1q_norm_baseline,pol_extremity,5,1.204,1.357,0.15300000000000002,0.013000000000000123,0.2719999999999999,0.8638417132661398,1.3742270758328936,0.8,0.1255828307252705,0.1875,0.0625,1.0
e1q,e1q_conscientiousness_high,e1q_norm_baseline,pol_extremity,5,1.204,1.171,-0.03299999999999983,-0.09099999999999975,0.01100000000000012,-0.49707025950206485,-0.3395658100543447,-0.2,0.3286625157979606,0.4375,0.0625,1.0
e1q,e1q_conscientiousness_low,e1q_norm_baseline,pol_extremity,5,1.204,1.1720000000000002,-0.03199999999999994,-0.12299999999999982,0.038999999999999965,-0.3029469123914904,-0.2884918420266633,-0.28,0.5353031336729376,0.625,0.0625,1.0
e1q,e1q_extraversion_high,e1q_norm_baseline,pol_extremity,5,1.204,1.149,-0.054999999999999896,-0.13599999999999984,0.012000000000000056,-0.5642880936468339,-0.6237761837670638,-0.28,0.2755888884208922,0.3125,0.0625,1.0
e1q,e1q_extraversion_low,e1q_norm_baseline,pol_extremity,5,1.204,1.2520000000000002,0.048,-0.0649999999999999,0.15499999999999994,0.34268234950249576,0.46615411373336535,0.36,0.486241021489648,0.625,0.0625,1.0
e1q,e1q_neuroticism_high,e1q_norm_baseline,pol_extremity,5,1.204,1.366,0.1620000000000001,-0.012999999999999855,0.3650000000000001,0.6859082515328909,0.8915440069282893,0.52,0.1998746066195846,0.1875,0.0625,1.0
e1q,e1q_openness_low,e1q_norm_baseline,pol_extremity,5,1.204,1.198,-0.005999999999999961,-0.10699999999999994,0.0750000000000001,-0.05160634022836916,-0.07040498504100264,0.2,0.9136927957289599,1.0,0.0625,1.0
e1q,e1q_openness_high,e1q_norm_baseline,pol_var,5,1.8623399999999997,1.5844899999999993,-0.2778500000000003,-0.4629899999999999,-0.16077000000000036,-1.350938098893779,-1.9105124142640337,-1.0,0.03913286952284344,0.0625,0.0625,0.39132869522843444
e1q,e1q_agreeableness_low,e1q_norm_baseline,pol_var,5,1.8623399999999997,2.2368299999999994,0.3744899999999998,0.09051000000000009,0.5888999999999995,1.1435877536149395,1.8502772112732895,0.84,0.06282811425191094,0.125,0.0625,0.5654530282671985
e1q,e1q_neuroticism_low,e1q_norm_baseline,pol_var,5,1.8623399999999997,1.7202399999999998,-0.14209999999999984,-0.2718999999999995,-0.06140000000000021,-0.9914494772094111,-1.0132817987649774,-0.6,0.09092030438644838,0.0625,0.0625,0.727362435091587
e1q,e1q_agreeableness_high,e1q_norm_baseline,pol_var,5,1.8623399999999997,1.6614399999999996,-0.2008999999999999,-0.4463299999999995,0.05975999999999972,-0.5921695982434195,-0.7252362181269715,-0.44,0.25605507665506244,0.3125,0.0625,1.0
e1q,e1q_conscientiousness_high,e1q_norm_baseline,pol_var,5,1.8623399999999997,1.8921500000000002,0.02981000000000038,-0.10007999999999964,0.15272999999999995,0.18367302515989373,0.172164010072269,0.2,0.7023369829509518,0.8125,0.0625,1.0
e1q,e1q_conscientiousness_low,e1q_norm_baseline,pol_var,5,1.8623399999999997,1.8008,-0.06153999999999993,-0.21700999999999976,0.09282999999999979,-0.28842313798395436,-0.31729014726976956,-0.12,0.5540967014461966,0.625,0.0625,1.0
e1q,e1q_extraversion_high,e1q_norm_baseline,pol_var,5,1.8623399999999997,1.82959,-0.03274999999999997,-0.24140999999999976,0.1047600000000001,-0.1400235288017758,-0.19873678193868716,-0.12,0.7698491311286108,0.8125,0.0625,1.0
e1q,e1q_extraversion_low,e1q_norm_baseline,pol_var,5,1.8623399999999997,1.9764399999999995,0.11409999999999983,-0.06341999999999955,0.2967599999999994,0.4875421884174483,0.5429901569402122,0.36,0.3369082851044036,0.4375,0.0625,1.0
e1q,e1q_neuroticism_high,e1q_norm_baseline,pol_var,5,1.8623399999999997,1.93586,0.07352000000000003,-0.11854999999999997,0.26559000000000005,0.29989531888957577,0.4103429739634531,0.28,0.5392140675052405,0.625,0.0625,1.0
e1q,e1q_openness_low,e1q_norm_baseline,pol_var,5,1.8623399999999997,1.8745399999999997,0.0121999999999999,-0.17412999999999973,0.1319199999999996,0.057862918576422444,0.08528888974655001,0.28,0.9032978905303211,0.625,0.0625,1.0
e1q,e1q_agreeableness_low,e1q_norm_baseline,trait_drift_mean,5,0.22653689506050884,0.293746042805071,0.06720914774456221,0.042189923199663804,0.09222837228946061,2.063964914095639,2.783957570400319,1.0,0.009917052704244386,0.0625,0.0625,0.09917052704244386
e1q,e1q_neuroticism_high,e1q_norm_baseline,trait_drift_mean,5,0.22653689506050884,0.2528791234225196,0.0263422283620108,0.01383287015409539,0.04386196483963961,1.2907499259332598,1.0124692638094452,0.68,0.044733160008926666,0.0625,0.0625,0.40259844008034
e1q,e1q_openness_low,e1q_norm_baseline,trait_drift_mean,5,0.22653689506050884,0.23852469489438302,0.011987799833874208,0.003619513961751408,0.020559589785846006,1.0538704426853598,0.43654146876970656,0.28,0.07795786464779976,0.125,0.0625,0.6236629171823981
e1q,e1q_agreeableness_high,e1q_norm_baseline,trait_drift_mean,5,0.22653689506050884,0.2261361195138388,-0.0004007755466700014,-0.027466340430670595,0.032676782288177005,-0.010209426048243124,-0.0151364126139318,-0.2,0.9828801307527669,1.0,0.0625,1.0
e1q,e1q_conscientiousness_high,e1q_norm_baseline,trait_drift_mean,5,0.22653689506050884,0.24032571918892565,0.0137888241284168,-0.020366206738995814,0.04703733374527241,0.31535316420509335,0.49612756200789004,0.28,0.5196119933370165,0.625,0.0625,1.0
e1q,e1q_conscientiousness_low,e1q_norm_baseline,trait_drift_mean,5,0.22653689506050884,0.2585766847189578,0.03203978965844899,-0.006620745775502412,0.0666865186210308,0.6693531375853683,0.9893451542742339,0.76,0.20880789891059862,0.3125,0.0625,1.0
e1q,e1q_extraversion_high,e1q_norm_baseline,trait_drift_mean,5,0.22653689506050884,0.2266676336522376,0.0001307385917287962,-0.028245172035309806,0.020218680313574,0.0041059137647327555,0.004291562506996767,0.04,0.9931142942033259,0.625,0.0625,1.0
e1q,e1q_extraversion_low,e1q_norm_baseline,trait_drift_mean,5,0.22653689506050884,0.22419909285935544,-0.0023378022011533994,-0.0310382683738804,0.032057624593005804,-0.058389982929828145,-0.08611611164267727,-0.2,0.9024232409621437,1.0,0.0625,1.0
e1q,e1q_neuroticism_low,e1q_norm_baseline,trait_drift_mean,5,0.22653689506050884,0.26162286797302897,0.0350859729125202,-0.006606489356220613,0.075975632226516,0.677225296981688,1.0390551035929576,0.76,0.20451037351189275,0.1875,0.0625,1.0
e1q,e1q_openness_high,e1q_norm_baseline,trait_drift_mean,5,0.22653689506050884,0.22204483050897023,-0.004492064551538599,-0.014540880062646006,0.00523749335262001,-0.34940560591551517,-0.13693349110230468,-0.2,0.4782852879055106,0.4375,0.0625,1.0
e1qwen7,e1qwen7_neuroticism_low,e1qwen7_norm_baseline,CI_accuracy_z,8,0.05746000195446861,0.5553730173375159,0.4979130153830472,0.4239258557570513,0.603036248403998,3.4598713681139426,2.6007635971190535,1.0,2.4669101003147e-05,0.0078125,0.0078125,0.00024669101003146996
e1qwen7,e1qwen7_neuroticism_high,e1qwen7_norm_baseline,CI_accuracy_z,8,0.05746000195446861,-0.36697933248876086,-0.42443933444322945,-0.6082275590971935,-0.2526796367231863,-1.5425097674075836,-1.6088639908630953,-0.8125,0.0033025882783934792,0.0078125,0.0078125,0.029723294505541314
e1qwen7,e1qwen7_openness_low,e1qwen7_norm_baseline,CI_accuracy_z,8,0.05746000195446861,-0.33906651867017323,-0.39652652062464194,-0.5835369836757296,-0.22042191089598628,-1.4022907817449677,-1.8475575807741906,-0.84375,0.005418012585346216,0.015625,0.0078125,0.043344100682769726
e1qwen7,e1qwen7_conscientiousness_low,e1qwen7_norm_baseline,CI_accuracy_z,8,0.05746000195446861,-0.5104392840431664,-0.5678992859976351,-0.8453437573532051,-0.31007342117427766,-1.352384824580887,-1.9789614345797593,-0.90625,0.00649885003663863,0.015625,0.0078125,0.04549195025647041
e1qwen7,e1qwen7_agreeableness_low,e1qwen7_norm_baseline,CI_accuracy_z,8,0.05746000195446861,-0.23621765441083498,-0.29367765636530363,-0.5075845942808105,-0.07093944503073923,-0.875056206459157,-1.2083914635898114,-0.625,0.04251833870845697,0.0546875,0.0078125,0.2139379439486091
e1qwen7,e1qwen7_conscientiousness_high,e1qwen7_norm_baseline,CI_accuracy_z,8,0.05746000195446861,0.2926562989817204,0.2351962970272518,0.06265810901298326,0.395269287687342,0.9176593833902077,1.002652415871304,0.5,0.03565632399143485,0.0546875,0.0078125,0.2139379439486091
e1qwen7,e1qwen7_agreeableness_high,e1qwen7_norm_baseline,CI_accuracy_z,8,0.05746000195446861,0.23348763400523698,0.17602763205076832,0.026186968711584577,0.330740979498282,0.741931909213343,0.762547271087799,0.40625,0.07403495475416698,0.078125,0.0078125,0.2961398190166679
e1qwen7,e1qwen7_extraversion_low,e1qwen7_norm_baseline,CI_accuracy_z,8,0.05746000195446861,0.18104512599587785,0.1235851240414092,0.0002150071128697612,0.23759658706748585,0.6780606684445182,0.6460026996934504,0.34375,0.09663569621136078,0.109375,0.0078125,0.2961398190166679
e1qwen7,e1qwen7_extraversion_high,e1qwen7_norm_baseline,CI_accuracy_z,8,0.05746000195446861,-0.025742948547362303,-0.08320295050183092,-0.30800470690152276,0.13358926538222812,-0.24087122938060282,-0.31366988976066584,-0.21875,0.5175866936835769,0.640625,0.0078125,0.789699548113235
e1qwen7,e1qwen7_openness_high,e1qwen7_norm_baseline,CI_accuracy_z,8,0.05746000195446861,-0.034711371114047165,-0.09217137306851579,-0.2858920731043326,0.08310527531894374,-0.3204629153398499,-0.4767628309700229,-0.21875,0.3948497740566175,0.546875,0.0078125,0.789699548113235
e1qwen7,e1qwen7_conscientiousness_high,e1qwen7_norm_baseline,CI_diversity,8,0.15021508468423414,0.17176134376201513,0.02154625907778097,0.00996595362333801,0.03611457284866673,1.0506078775378653,1.4483739312286836,0.75,0.020761535643667305,0.0078125,0.0078125,0.20761535643667306
e1qwen7,e1qwen7_neuroticism_high,e1qwen7_norm_baseline,CI_diversity,8,0.15021508468423414,0.1719807971095304,0.02176571242529625,0.0072085642796688824,0.03529005379609625,0.9944691799872852,1.4567411924028408,0.75,0.02604162804617597,0.0390625,0.0078125,0.23437465241558372
e1qwen7,e1qwen7_openness_high,e1qwen7_norm_baseline,CI_diversity,8,0.15021508468423414,0.16963711023046552,0.01942202554623136,0.00650815573044436,0.03178828492494284,0.9846080619653048,1.508005435173845,0.65625,0.02710675926622001,0.109375,0.0078125,0.23437465241558372
e1qwen7,e1qwen7_neuroticism_low,e1qwen7_norm_baseline,CI_diversity,8,0.15021508468423414,0.16942591100344132,0.019210826319207175,0.004218890480439528,0.03371529571386861,0.8295724391600756,1.3671245545356387,0.65625,0.05135998816488104,0.0546875,0.0078125,0.3595199171541673
e1qwen7,e1qwen7_agreeableness_high,e1qwen7_norm_baseline,CI_diversity,8,0.15021508468423414,0.14988498064239497,-0.0003301040418391618,-0.013453515213176535,0.015084943539013917,-0.014649356604070938,-0.01971170851675667,0.03125,0.9681064667675459,0.9453125,0.0078125,1.0
e1qwen7,e1qwen7_agreeableness_low,e1qwen7_norm_baseline,CI_diversity,8,0.15021508468423414,0.1609400714963201,0.010724986812085946,-0.004862441139331636,0.02528507102247908,0.46011099569907127,0.5435394346551563,0.3125,0.23431745552233,0.1953125,0.0078125,1.0
e1qwen7,e1qwen7_conscientiousness_low,e1qwen7_norm_baseline,CI_diversity,8,0.15021508468423414,0.13868548918022966,-0.011529595504004463,-0.02445461131278539,0.0028334031091763333,-0.5436138797633485,-0.6766921915240994,-0.3125,0.16803898005433301,0.1484375,0.0078125,1.0
e1qwen7,e1qwen7_extraversion_high,e1qwen7_norm_baseline,CI_diversity,8,0.15021508468423414,0.1581624997074324,0.007947415023198273,-0.0063906563820712164,0.02251920630932716,0.34756433302430956,0.5039224970948245,0.3125,0.35832720040856286,0.25,0.0078125,1.0
e1qwen7,e1qwen7_extraversion_low,e1qwen7_norm_baseline,CI_diversity,8,0.15021508468423414,0.16408212095670605,0.013867036272471898,-0.0037152693827080924,0.030530656984657293,0.514840433712228,0.7043246029227115,0.375,0.188680781502185,0.1484375,0.0078125,1.0
e1qwen7,e1qwen7_openness_low,e1qwen7_norm_baseline,CI_diversity,8,0.15021508468423414,0.1391584989031286,-0.011056585781105554,-0.02924855544049864,0.005325394048187412,-0.41162207830646785,-0.5149320225198221,-0.3125,0.2824662720568488,0.546875,0.0078125,1.0
e1qwen7,e1qwen7_extraversion_low,e1qwen7_norm_baseline,CI_hidden_profile_rate,8,0.7725,0.8168749999999998,0.04437499999999987,0.03437499999999963,0.05812500000000001,2.385676342864456,1.312872277812131,0.65625,0.00026556607216089863,0.0078125,0.0078125,0.0026556607216089863
e1qwen7,e1qwen7_conscientiousness_high,e1qwen7_norm_baseline,CI_hidden_profile_rate,8,0.7725,0.82125,0.04875000000000011,0.03125000000000025,0.06500000000000009,1.8641001721198311,1.3880042845275777,0.71875,0.001157501054178497,0.0078125,0.0078125,0.010417509487606473
e1qwen7,e1qwen7_neuroticism_high,e1qwen7_norm_baseline,CI_hidden_profile_rate,8,0.7725,0.8243749999999999,0.05187499999999998,0.0343750000000001,0.07312499999999998,1.7227694317630662,1.5281005012408937,0.671875,0.001808600682110633,0.0078125,0.0078125,0.014468805456885064
e1qwen7,e1qwen7_openness_low,e1qwen7_norm_baseline,CI_hidden_profile_rate,8,0.7725,0.8387499999999999,0.06625,0.04187500000000026,0.09437499999999975,1.6283210193212456,1.88626223281953,0.90625,0.00246781433338064,0.0078125,0.0078125,0.01727470033366448
e1qwen7,e1qwen7_agreeableness_high,e1qwen7_norm_baseline,CI_hidden_profile_rate,8,0.7725,0.795625,0.023125000000000118,0.01062500000000012,0.03874999999999999,1.0421206324180263,0.5915904790881332,0.390625,0.021481136555905715,0.0078125,0.0078125,0.12888681933543428
e1qwen7,e1qwen7_conscientiousness_low,e1qwen7_norm_baseline,CI_hidden_profile_rate,8,0.7725,0.749375,-0.023124999999999896,-0.04249999999999979,-0.0031250000000000028,-0.7620020445187119,-0.6652480213422647,-0.328125,0.06808204875258805,0.0903917145624604,0.0078125,0.34041024376294027
e1qwen7,e1qwen7_agreeableness_low,e1qwen7_norm_baseline,CI_hidden_profile_rate,8,0.7725,0.775,0.002500000000000127,-0.024999999999999512,0.03125000000000015,0.0576801196056231,0.06038527276615135,0.109375,0.8750151326336681,0.7421875,0.0078125,1.0
e1qwen7,e1qwen7_extraversion_high,e1qwen7_norm_baseline,CI_hidden_profile_rate,8,0.7725,0.775625,0.003125000000000114,-0.01687499999999989,0.021250000000000005,0.10545613515240336,0.09335802338121726,0.09375,0.7741524757171725,0.7421875,0.0078125,1.0
e1qwen7,e1qwen7_neuroticism_low,e1qwen7_norm_baseline,CI_hidden_profile_rate,8,0.7725,0.7637499999999999,-0.008750000000000008,-0.022499999999999992,0.004999999999999977,-0.4100454302903051,-0.1960136286402827,-0.078125,0.2841619762145983,0.24886387493792206,0.0078125,1.0
e1qwen7,e1qwen7_openness_high,e1qwen7_norm_baseline,CI_hidden_profile_rate,8,0.7725,0.7806249999999999,0.008124999999999993,-0.010000000000000134,0.025624999999999717,0.2939831060243159,0.24672213589338873,0.140625,0.4331307874194732,0.3828125,0.0078125,1.0
e1qwen7,e1qwen7_extraversion_low,e1qwen7_norm_baseline,CI_mean_gain_vs_pre,8,-0.032884373700697876,0.013980392959180531,0.04686476665987841,0.016613575024472253,0.07539942088372263,1.0389343593977338,1.2972208667337521,0.625,0.021758061678187505,0.0390625,0.0078125,0.21758061678187504
e1qwen7,e1qwen7_neuroticism_low,e1qwen7_norm_baseline,CI_mean_gain_vs_pre,8,-0.032884373700697876,0.0035198076716380002,0.03640418137233588,0.006355613421898627,0.059648285029104506,0.8806205792417039,0.9354817101806607,0.5625,0.04154964347391237,0.0546875,0.0078125,0.37394679126521135
e1qwen7,e1qwen7_conscientiousness_high,e1qwen7_norm_baseline,CI_mean_gain_vs_pre,8,-0.032884373700697876,0.01199494209056825,0.044879315791266125,0.004460601328778749,0.08317646393154288,0.7432839302417107,1.1774336786373167,0.5625,0.07361808927733056,0.1484375,0.0078125,0.5889447142186445
e1qwen7,e1qwen7_neuroticism_high,e1qwen7_norm_baseline,CI_mean_gain_vs_pre,8,-0.032884373700697876,0.007834274560138375,0.04071864826083625,0.002161356512021125,0.07454131094481775,0.7378793468928256,1.0895152598175188,0.59375,0.07529862012989269,0.078125,0.0078125,0.5889447142186445
e1qwen7,e1qwen7_openness_high,e1qwen7_norm_baseline,CI_mean_gain_vs_pre,8,-0.032884373700697876,-0.003915240750240876,0.028969132950457,-0.0029869094677053487,0.05782326572670673,0.6039209094708424,0.8207502801287764,0.53125,0.13136353171892004,0.1484375,0.0078125,0.6973600448809736
e1qwen7,e1qwen7_openness_low,e1qwen7_norm_baseline,CI_mean_gain_vs_pre,8,-0.032884373700697876,-0.005503175979646625,0.027381197721051256,0.0007312059647354787,0.055841170449444255,0.6335895024776913,0.6504620938253447,0.46875,0.11622667414682894,0.1953125,0.0078125,0.6973600448809736
e1qwen7,e1qwen7_agreeableness_low,e1qwen7_norm_baseline,CI_mean_gain_vs_pre,8,-0.032884373700697876,-0.003990710905664376,0.0288936627950335,-0.012335685491314561,0.06399633139039905,0.48499505729510517,0.7095884899551987,0.5,0.21248161836219345,0.25,0.0078125,0.8402637472965429
e1qwen7,e1qwen7_extraversion_high,e1qwen7_norm_baseline,CI_mean_gain_vs_pre,8,-0.032884373700697876,0.003945520618243,0.036829894318940876,-0.013876201877038282,0.08527601352846713,0.48788448130001716,0.7878623414136339,0.4375,0.2100659368241357,0.25,0.0078125,0.8402637472965429
e1qwen7,e1qwen7_agreeableness_high,e1qwen7_norm_baseline,CI_mean_gain_vs_pre,8,-0.032884373700697876,-0.0173797014602805,0.015504672240417378,-0.022715256313546574,0.050607931879243125,0.2708768320749433,0.38215940989719277,0.34375,0.4686273127793046,0.4609375,0.0078125,0.9372546255586092
e1qwen7,e1qwen7_conscientiousness_low,e1qwen7_norm_baseline,CI_mean_gain_vs_pre,8,-0.032884373700697876,-0.01544270211631525,0.017441671584382628,-0.025740035829000377,0.05800211291994025,0.2657586498234923,0.4158442607465141,0.28125,0.47675156525297646,0.546875,0.0078125,0.9372546255586092
e1qwen7,e1qwen7_neuroticism_low,e1qwen7_norm_baseline,CI_medrelerr_z,8,-0.060421651420196384,0.3235016392271304,0.3839232906473268,0.15326319004804273,0.6676190148124973,0.9436597236248894,1.2370893005532944,0.8125,0.032042735659587575,0.0078125,0.0078125,0.32042735659587573
e1qwen7,e1qwen7_neuroticism_high,e1qwen7_norm_baseline,CI_medrelerr_z,8,-0.060421651420196384,-0.4802944891348768,-0.4198728377146804,-0.6914205900431568,-0.07477111768185958,-0.8674672919786174,-1.1529156093979092,-0.59375,0.04387710628672845,0.0546875,0.0078125,0.3948939565805561
e1qwen7,e1qwen7_agreeableness_high,e1qwen7_norm_baseline,CI_medrelerr_z,8,-0.060421651420196384,0.057781361154563504,0.1182030125747599,-0.08171176814063077,0.32548204305136497,0.3695249567388915,0.37307638661723075,0.203125,0.33068586307400893,0.3454475304692257,0.0078125,1.0
e1qwen7,e1qwen7_agreeableness_low,e1qwen7_norm_baseline,CI_medrelerr_z,8,-0.060421651420196384,-0.10941523759329697,-0.048993586173100595,-0.2680539458393483,0.1484849817729303,-0.1503853748515489,-0.2099132097640408,-0.25,0.6833495245287367,0.6858304344516057,0.0078125,1.0
e1qwen7,e1qwen7_conscientiousness_high,e1qwen7_norm_baseline,CI_medrelerr_z,8,-0.060421651420196384,0.062250562502647815,0.12267221392284422,-0.05046765816236733,0.30997550043626115,0.4454722018242074,0.48182736144786514,0.40625,0.2480535040481283,0.17295491798842066,0.0078125,1.0
e1qwen7,e1qwen7_conscientiousness_low,e1qwen7_norm_baseline,CI_medrelerr_z,8,-0.060421651420196384,-0.42606458653013735,-0.36564293510994095,-0.7499185031540785,0.033293829379629575,-0.5999045651549921,-0.9965254591368775,-0.625,0.1335512646039876,0.1484375,0.0078125,1.0
e1qwen7,e1qwen7_extraversion_high,e1qwen7_norm_baseline,CI_medrelerr_z,8,-0.060421651420196384,0.07871792983950507,0.13913958125970144,-0.11815584350847659,0.4429436471664879,0.31989658020237655,0.40003735413201547,0.09375,0.395641614991734,0.6120898800892568,0.0078125,1.0
e1qwen7,e1qwen7_extraversion_low,e1qwen7_norm_baseline,CI_medrelerr_z,8,-0.060421651420196384,0.050336880368969855,0.11075853178916624,-0.08792544322690173,0.38811580561092657,0.2929738197711244,0.45625152371649846,0.1875,0.43464067566564857,0.7531523647659145,0.0078125,1.0
e1qwen7,e1qwen7_openness_high,e1qwen7_norm_baseline,CI_medrelerr_z,8,-0.060421651420196384,0.09726225917379971,0.15768391059399609,-0.019489001130556113,0.33470357486836083,0.5766113080342591,0.552775999130672,0.21875,0.14693188842271004,0.1953125,0.0078125,1.0
e1qwen7,e1qwen7_openness_low,e1qwen7_norm_baseline,CI_medrelerr_z,8,-0.060421651420196384,-0.13412119267410622,-0.07369954125390984,-0.3368842969914155,0.21277804900646502,-0.17426154670529526,-0.27077992504319387,-0.265625,0.6371766993557253,0.6120898800892568,0.0078125,1.0
e1qwen7,e1qwen7_agreeableness_low,e1qwen7_norm_baseline,crosscut_rate,8,0.2828775701319179,0.05860815416444425,-0.22426941596747363,-0.2513210498053051,-0.194219772459645,-5.092059479190548,-5.314597802426256,-1.0,1.8528827781527737e-06,0.0078125,0.0078125,1.8528827781527737e-05
e1qwen7,e1qwen7_neuroticism_high,e1qwen7_norm_baseline,crosscut_rate,8,0.2828775701319179,0.02012541052359425,-0.26275215960832365,-0.2959757091787138,-0.22734735525226737,-5.048656903670702,-6.7738504476895605,-1.0,1.963854415484693e-06,0.0078125,0.0078125,1.8528827781527737e-05
e1qwen7,e1qwen7_extraversion_low,e1qwen7_norm_baseline,crosscut_rate,8,0.2828775701319179,0.16719002147654327,-0.11568754865537463,-0.15776027112776214,-0.07159837472012492,-1.7408916966940402,-1.8566814786645898,-0.84375,0.0017058916337570915,0.0078125,0.0078125,0.013647133070056732
e1qwen7,e1qwen7_conscientiousness_low,e1qwen7_norm_baseline,crosscut_rate,8,0.2828775701319179,0.16883217828930702,-0.11404539184261088,-0.1803029014792869,-0.04349432626809299,-1.0711138219309726,-1.453234807442005,-0.65625,0.019126267110404098,0.0390625,0.0078125,0.13388386977282868
e1qwen7,e1qwen7_openness_low,e1qwen7_norm_baseline,crosscut_rate,8,0.2828775701319179,0.15783135642423776,-0.12504621370768015,-0.20402933753271424,-0.044950309497747885,-1.022827572326102,-1.4007164303983726,-0.625,0.023216855793708347,0.0390625,0.0078125,0.1393011347622501
e1qwen7,e1qwen7_agreeableness_high,e1qwen7_norm_baseline,crosscut_rate,8,0.2828775701319179,0.24321950018677452,-0.03965806994514338,-0.08949152717011302,0.008254474569619112,-0.5307183749622304,-0.8352385554640858,-0.53125,0.17702134834519037,0.25,0.0078125,0.8851067417259518
e1qwen7,e1qwen7_conscientiousness_high,e1qwen7_norm_baseline,crosscut_rate,8,0.2828775701319179,0.25087517230461076,-0.03200239782730713,-0.07036933692985686,0.015150353645289012,-0.4810912496593664,-0.6466117310779067,-0.375,0.2157843361270149,0.1953125,0.0078125,0.8851067417259518
e1qwen7,e1qwen7_extraversion_high,e1qwen7_norm_baseline,crosscut_rate,8,0.2828775701319179,0.2560800916521588,-0.026797478479759128,-0.07601888315853003,0.025407424726569528,-0.3380115381322576,-0.4251325608876797,-0.21875,0.3708951051192019,0.3828125,0.0078125,1.0
e1qwen7,e1qwen7_neuroticism_low,e1qwen7_norm_baseline,crosscut_rate,8,0.2828775701319179,0.2707495644896729,-0.012128005642244987,-0.04509208374885759,0.023427947728988263,-0.22408940213320494,-0.2341992388100793,-0.125,0.5463426790683675,0.546875,0.0078125,1.0
e1qwen7,e1qwen7_openness_high,e1qwen7_norm_baseline,crosscut_rate,8,0.2828775701319179,0.24951124108002043,-0.03336632905189749,-0.1033231491923,0.03013250642275068,-0.32711837886665723,-0.5204569397168645,-0.3125,0.38563221954968957,0.7421875,0.0078125,1.0
e1qwen7,e1qwen7_agreeableness_high,e1qwen7_norm_baseline,pol_assort,8,-0.027230548402019,-0.032636810649874004,-0.005406262247855001,-0.03499664981024343,0.025155006069413566,-0.11682887008572143,-0.11212766737165662,-0.0625,0.7507360811688879,0.640625,0.0078125,1.0
e1qwen7,e1qwen7_agreeableness_low,e1qwen7_norm_baseline,pol_assort,8,-0.027230548402019,-0.028365784210123753,-0.0011352358081047533,-0.032711567288292664,0.031776069714891435,-0.02289571800768208,-0.026836622725521633,0.09375,0.9501765725669897,0.84375,0.0078125,1.0
e1qwen7,e1qwen7_conscientiousness_high,e1qwen7_norm_baseline,pol_assort,8,-0.027230548402019,-0.026625599787771258,0.0006049486142477474,-0.03624491405377732,0.03763200244985675,0.010628020335274324,0.010538855099537033,-0.03125,0.9768578497957299,0.9453125,0.0078125,1.0
e1qwen7,e1qwen7_conscientiousness_low,e1qwen7_norm_baseline,pol_assort,8,-0.027230548402019,-0.019791177803882128,0.007439370598136873,-0.038331773091915586,0.0502959700593007,0.10603863604890634,0.15924816558345148,0.1875,0.7729467121984833,0.84375,0.0078125,1.0
e1qwen7,e1qwen7_extraversion_high,e1qwen7_norm_baseline,pol_assort,8,-0.027230548402019,-0.028082213350495374,-0.0008516649484763775,-0.0420096817102225,0.03268705270004083,-0.0147296282704276,-0.015723283376976642,-0.0625,0.9679318202200327,0.84375,0.0078125,1.0
e1qwen7,e1qwen7_extraversion_low,e1qwen7_norm_baseline,pol_assort,8,-0.027230548402019,0.009719920670555812,0.036950469072574814,-0.004228010063382753,0.07489688688557283,0.6001614305431029,0.8118146522511587,0.59375,0.13341032262658548,0.1484375,0.0078125,1.0
e1qwen7,e1qwen7_neuroticism_high,e1qwen7_norm_baseline,pol_assort,8,-0.027230548402019,-0.010040017926094377,0.01719053047592462,-0.023976015834536134,0.05262134832052267,0.28740628561630105,0.40838586010969896,0.3125,0.4430365384405798,0.546875,0.0078125,1.0
e1qwen7,e1qwen7_neuroticism_low,e1qwen7_norm_baseline,pol_assort,8,-0.027230548402019,-0.03747054933894038,-0.01024000093692138,-0.04581012895756444,0.021912157486361675,-0.19464493772434455,-0.23652172921698478,-0.09375,0.5990706578501648,0.84375,0.0078125,1.0
e1qwen7,e1qwen7_openness_high,e1qwen7_norm_baseline,pol_assort,8,-0.027230548402019,-0.019719213462367505,0.007511334939651499,-0.03510454782246138,0.049994114660597194,0.11161744879575466,0.16280005610932982,0.09375,0.7614332050077971,0.84375,0.0078125,1.0
e1qwen7,e1qwen7_openness_low,e1qwen7_norm_baseline,pol_assort,8,-0.027230548402019,-0.0215580997800095,0.0056724486220094995,-0.01675549084801094,0.029069533652132315,0.16164439399480204,0.13148562320781132,0.125,0.6613786634597787,0.7421875,0.0078125,1.0
e1qwen7,e1qwen7_neuroticism_high,e1qwen7_norm_baseline,pol_ei,8,0.09009727922952838,0.8668384879725083,0.7767412087429799,0.7061253583288386,0.8400102178704383,7.3112082039039965,10.43739229278212,1.0,1.5527247650769397e-07,0.0078125,0.0078125,1.5527247650769397e-06
e1qwen7,e1qwen7_agreeableness_low,e1qwen7_norm_baseline,pol_ei,8,0.09009727922952838,0.7562866910080179,0.6661894117784897,0.5882788251489213,0.7363308471254355,5.814913625520008,7.299980233166721,1.0,7.492541443181573e-07,0.0078125,0.0078125,6.743287298863415e-06
e1qwen7,e1qwen7_openness_low,e1qwen7_norm_baseline,pol_ei,8,0.09009727922952838,0.48410652920962166,0.3940092499800932,0.28605100987558124,0.4902589848224512,2.4500953749278604,2.674230718596944,0.9375,0.00022520335197012494,0.0078125,0.0078125,0.0018016268157609995
e1qwen7,e1qwen7_conscientiousness_low,e1qwen7_norm_baseline,pol_ei,8,0.09009727922952838,0.36982667712538897,0.27972939789586054,0.13081679922655073,0.4096793060554048,1.3007947285164765,2.1812530855301793,0.90625,0.00786795759688345,0.015625,0.0078125,0.05507570317818415
e1qwen7,e1qwen7_extraversion_low,e1qwen7_norm_baseline,pol_ei,8,0.09009727922952838,0.3599656357388312,0.2698683565093028,0.11912241879806801,0.4187956731644701,1.184141527249142,1.7082893350937722,0.875,0.012263209118231384,0.0234375,0.0078125,0.07357925470938831
e1qwen7,e1qwen7_agreeableness_high,e1qwen7_norm_baseline,pol_ei,8,0.09009727922952838,0.06927570292729501,-0.020821576302233375,-0.11031161666391073,0.06068136484426361,-0.15887284773150648,-0.2167723927780112,-0.0625,0.6667550688801538,0.84375,0.0078125,1.0
e1qwen7,e1qwen7_conscientiousness_high,e1qwen7_norm_baseline,pol_ei,8,0.09009727922952838,0.09547968293725681,0.005382403707728432,-0.07032901093833016,0.08548353179592175,0.044159609155644174,0.05657464970111487,0.03125,0.9041122416901022,0.9453125,0.0078125,1.0
e1qwen7,e1qwen7_extraversion_high,e1qwen7_norm_baseline,pol_ei,8,0.09009727922952838,0.046271692677009944,-0.04382558655251844,-0.11121712270634751,0.015108163554899218,-0.4553745907320006,-0.5447785918313095,-0.1875,0.23868810608029115,0.4609375,0.0078125,1.0
e1qwen7,e1qwen7_neuroticism_low,e1qwen7_norm_baseline,pol_ei,8,0.09009727922952838,0.02972391400674875,-0.06037336522277963,-0.15051855626765248,0.014066510373366306,-0.47709238324451136,-0.7328974252817233,-0.40625,0.21921429569135933,0.4609375,0.0078125,1.0
e1qwen7,e1qwen7_openness_high,e1qwen7_norm_baseline,pol_ei,8,0.09009727922952838,0.11393123993885358,0.0238339607093252,-0.07452218946706787,0.13821893736299679,0.14376477840909657,0.19597311569371845,0.0,0.696426125815609,1.0,0.0078125,1.0
e1qwen7,e1qwen7_neuroticism_high,e1qwen7_norm_baseline,pol_extremity,8,1.5875,1.945,0.35750000000000004,0.31375,0.39625,5.516344761144788,6.543881330280413,1.0,1.0742027872899162e-06,0.0078125,0.0078125,1.0742027872899162e-05
e1qwen7,e1qwen7_agreeableness_low,e1qwen7_norm_baseline,pol_extremity,8,1.5875,1.86125,0.27375000000000005,0.22750000000000006,0.31437500000000007,4.0464468308307895,4.5109418066251195,1.0,8.731031237752246e-06,0.0078125,0.0078125,7.857928113977022e-05
e1qwen7,e1qwen7_neuroticism_low,e1qwen7_norm_baseline,pol_extremity,8,1.5875,1.513125,-0.07437499999999997,-0.10062499999999994,-0.04874999999999999,-1.8332192927521491,-1.5371668203577662,-0.84375,0.001273676216002654,0.0078125,0.0078125,0.010189409728021232
e1qwen7,e1qwen7_extraversion_low,e1qwen7_norm_baseline,pol_extremity,8,1.5875,1.6912500000000001,0.10375000000000004,0.030625000000000097,0.181875,0.8746747079059376,1.1971752462637315,0.65625,0.042585599695170034,0.0546875,0.0078125,0.2980991978661902
e1qwen7,e1qwen7_conscientiousness_low,e1qwen7_norm_baseline,pol_extremity,8,1.5875,1.6662499999999998,0.07874999999999993,-8.465450562766692e-17,0.15374999999999994,0.6615628514564736,0.991861739332419,0.625,0.10349793979286358,0.1484375,0.0078125,0.6209876387571814
e1qwen7,e1qwen7_openness_low,e1qwen7_norm_baseline,pol_extremity,8,1.5875,1.6462500000000002,0.05875,-0.0006250000000000144,0.11749999999999994,0.6427252499742618,0.8193707422636843,0.53125,0.11191208901931021,0.1484375,0.0078125,0.6209876387571814
e1qwen7,e1qwen7_agreeableness_high,e1qwen7_norm_baseline,pol_extremity,8,1.5875,1.560625,-0.026874999999999982,-0.081875,0.03250000000000006,-0.30128816930068203,-0.3941818412484898,-0.34375,0.42231351062780476,0.4609375,0.0078125,1.0
e1qwen7,e1qwen7_conscientiousness_high,e1qwen7_norm_baseline,pol_extremity,8,1.5875,1.6087500000000001,0.021250000000000047,-0.013124999999999915,0.05374999999999999,0.40801305662672244,0.3982080095823094,0.296875,0.2863602563633044,0.3125,0.0078125,1.0
e1qwen7,e1qwen7_extraversion_high,e1qwen7_norm_baseline,pol_extremity,8,1.5875,1.60375,0.016250000000000014,-0.026249999999999968,0.058125000000000066,0.24931600419017502,0.2856916562356144,0.171875,0.5034852271686371,0.640625,0.0078125,1.0
e1qwen7,e1qwen7_openness_high,e1qwen7_norm_baseline,pol_extremity,8,1.5875,1.598125,0.010625000000000023,-0.06501562499999997,0.11125000000000002,0.07608110936817303,0.08490026332012815,-0.125,0.8357545719335397,0.546875,0.0078125,1.0
e1qwen7,e1qwen7_neuroticism_high,e1qwen7_norm_baseline,pol_var,8,2.2706749999999998,0.4862999999999995,-1.7843750000000003,-1.9151750000000003,-1.6506904687500004,-8.591718059910383,-12.795314595830696,-1.0,5.087174525674852e-08,0.0078125,0.0078125,5.087174525674852e-07
e1qwen7,e1qwen7_agreeableness_low,e1qwen7_norm_baseline,pol_var,8,2.2706749999999998,0.7427249999999996,-1.5279500000000004,-1.70001640625,-1.3480750000000001,-5.533852463844353,-7.098990202222933,-1.0,1.051215574223554e-06,0.0078125,0.0078125,9.460940168011986e-06
e1qwen7,e1qwen7_openness_low,e1qwen7_norm_baseline,pol_var,8,2.2706749999999998,1.3345374999999997,-0.9361375,-1.1592625,-0.6787832812500009,-2.496438680847316,-3.4187226747680124,-1.0,0.00020043074108076967,0.0078125,0.0078125,0.0016034459286461574
e1qwen7,e1qwen7_conscientiousness_low,e1qwen7_norm_baseline,pol_var,8,2.2706749999999998,1.4909249999999998,-0.7797499999999999,-1.0233874999999997,-0.4942750000000001,-1.9105062922398732,-2.640935753117361,-1.0,0.0010044615822549464,0.0078125,0.0078125,0.007031231075784625
e1qwen7,e1qwen7_extraversion_high,e1qwen7_norm_baseline,pol_var,8,2.2706749999999998,2.498125,0.22745000000000004,0.13221187500000006,0.3371196875,1.4151588051190407,1.4604711493696467,0.75,0.005172283733927179,0.0078125,0.0078125,0.031033702403563075
e1qwen7,e1qwen7_agreeableness_high,e1qwen7_norm_baseline,pol_var,8,2.2706749999999998,2.57454375,0.3038687499999999,0.13891250000000016,0.45074374999999994,1.2902524452045045,1.7657071410275882,0.8125,0.008184597285189932,0.015625,0.0078125,0.034403313349735135
e1qwen7,e1qwen7_neuroticism_low,e1qwen7_norm_baseline,pol_var,8,2.2706749999999998,2.48013125,0.20945624999999984,0.10697281249999989,0.3074517187499996,1.3368884114654538,1.4845626715203555,0.75,0.006880662669947028,0.015625,0.0078125,0.034403313349735135
e1qwen7,e1qwen7_extraversion_low,e1qwen7_norm_baseline,pol_var,8,2.2706749999999998,1.7432999999999996,-0.527375,-0.8147374999999997,-0.23422312500000023,-1.1665866735748835,-1.9022414028897892,-0.875,0.013127838963261805,0.0234375,0.0078125,0.03938351688978541
e1qwen7,e1qwen7_conscientiousness_high,e1qwen7_norm_baseline,pol_var,8,2.2706749999999998,2.37045,0.09977500000000017,-0.04029999999999978,0.2565249999999999,0.4400137510750746,0.5563772671001187,0.28125,0.2533493887867453,0.1953125,0.0078125,0.5066987775734906
e1qwen7,e1qwen7_openness_high,e1qwen7_norm_baseline,pol_var,8,2.2706749999999998,2.27584375,0.005168749999999889,-0.30060000000000026,0.2786828124999998,0.011309711577370405,0.018548415103360128,0.15625,0.9753740515270818,1.0,0.0078125,0.9753740515270818
e1qwen7,e1qwen7_extraversion_low,e1qwen7_norm_baseline,trait_drift_mean,8,0.3217485525804328,0.37245942394353115,0.05071087136309838,0.022958063467878584,0.07998403863250773,1.1478537047909472,1.7022840955679768,0.9375,0.014123120246120132,0.015625,0.0078125,0.14123120246120133
e1qwen7,e1qwen7_conscientiousness_low,e1qwen7_norm_baseline,trait_drift_mean,8,0.3217485525804328,0.36669063213160813,0.044942079551175386,0.01825317464411736,0.07119871264513077,1.0772613857860471,1.3139038187990815,0.65625,0.01866308755680655,0.0234375,0.0078125,0.16796778801125894
e1qwen7,e1qwen7_agreeableness_high,e1qwen7_norm_baseline,trait_drift_mean,8,0.3217485525804328,0.28465502347319116,-0.037093529107241605,-0.059437706654382486,-0.01314657046533385,-1.0319435543762168,-1.20698450412255,-0.5625,0.022378957356278942,0.0390625,0.0078125,0.17611025267883454
e1qwen7,e1qwen7_neuroticism_high,e1qwen7_norm_baseline,trait_drift_mean,8,0.3217485525804328,0.3668067798911542,0.0450582273107214,0.017845073690025203,0.07408916038463029,1.036029927444936,1.470537016203972,0.78125,0.022013781584854317,0.0234375,0.0078125,0.17611025267883454
e1qwen7,e1qwen7_agreeableness_low,e1qwen7_norm_baseline,trait_drift_mean,8,0.3217485525804328,0.3723281899145965,0.05057963733416376,0.015072955631508518,0.08820488144575801,0.878818907843975,1.4757918909894103,0.8125,0.04186077961337203,0.0546875,0.0078125,0.25116467768023215
e1qwen7,e1qwen7_neuroticism_low,e1qwen7_norm_baseline,trait_drift_mean,8,0.3217485525804328,0.3549040207175513,0.03315546813711851,0.007568460806757264,0.06246575532890489,0.7712028539337565,1.0670574305061622,0.59375,0.06551571505298331,0.0390625,0.0078125,0.32757857526491657
e1qwen7,e1qwen7_extraversion_high,e1qwen7_norm_baseline,trait_drift_mean,8,0.3217485525804328,0.2850108730278554,-0.03673767955257737,-0.07531497743156317,0.00025480531394559883,-0.6259955538010441,-1.0463990031482286,-0.59375,0.1199342070012455,0.078125,0.0078125,0.479736828004982
e1qwen7,e1qwen7_conscientiousness_high,e1qwen7_norm_baseline,trait_drift_mean,8,0.3217485525804328,0.33026989383913435,0.008521341258701631,-0.01690682630132637,0.03732572702037795,0.20329830492936363,0.2929557712618638,0.0,0.5832824999083015,0.7421875,0.0078125,1.0
e1qwen7,e1qwen7_openness_high,e1qwen7_norm_baseline,trait_drift_mean,8,0.3217485525804328,0.32391711337533025,0.002168560794897509,-0.03119006652725366,0.03552715815903689,0.042535184693812844,0.06612235620059048,-0.0625,0.9076197500095187,0.84375,0.0078125,1.0
e1qwen7,e1qwen7_openness_low,e1qwen7_norm_baseline,trait_drift_mean,8,0.3217485525804328,0.3172068956748556,-0.004541656905577118,-0.02310129573348172,0.014347637086682736,-0.15567362332526305,-0.12247311981138129,-0.15625,0.672987300520204,0.84375,0.0078125,1.0
e1t,e1t_agreeableness_high,e1t_norm_baseline,CI_accuracy_z,8,0.16240167390252108,-0.17268589421715294,-0.335087568119674,-0.8981826493851023,0.15196461704290573,-0.4033226753444958,-0.5456824621855154,-0.3125,0.2914872084072917,0.4609375,0.0078125,1.0
e1t,e1t_agreeableness_low,e1t_norm_baseline,CI_accuracy_z,8,0.16240167390252108,0.28282428606269794,0.12042261216017691,-0.5585170006572427,0.6075390521170175,0.13079293197785113,0.1984468960887404,0.34375,0.722367249120764,0.25,0.0078125,1.0
e1t,e1t_conscientiousness_high,e1t_norm_baseline,CI_accuracy_z,8,0.16240167390252108,-0.05901688365538655,-0.22141855755790762,-0.7860901175495657,0.22951588416248733,-0.27940863838694097,-0.3816993586753218,-0.03125,0.45529465904578903,0.546875,0.0078125,1.0
e1t,e1t_conscientiousness_low,e1t_norm_baseline,CI_accuracy_z,8,0.16240167390252108,0.503271666094117,0.34086999219159597,-0.09772840416460477,0.7028528016236274,0.5546395055341194,0.6095376951421027,0.71875,0.1606928613900365,0.1484375,0.0078125,1.0
e1t,e1t_extraversion_high,e1t_norm_baseline,CI_accuracy_z,8,0.16240167390252108,-0.14131638445891778,-0.30371805836143884,-0.9258474177796222,0.13515250040498192,-0.3507856218898004,-0.5184992627478199,-0.28125,0.35416386361955216,0.640625,0.0078125,1.0
e1t,e1t_extraversion_low,e1t_norm_baseline,CI_accuracy_z,8,0.16240167390252108,-0.03041409290779161,-0.19281576681031268,-0.6494279041136662,0.1901127511707104,-0.2939412864792828,-0.3413740714075943,-0.15625,0.4331932753631108,0.546875,0.0078125,1.0
e1t,e1t_neuroticism_high,e1t_norm_baseline,CI_accuracy_z,8,0.16240167390252108,0.03131955345076711,-0.13108212045175394,-0.6489479974905612,0.23509421514513754,-0.18827531156539662,-0.23158443611504556,0.03125,0.6108424486117245,0.84375,0.0078125,1.0
e1t,e1t_neuroticism_low,e1t_norm_baseline,CI_accuracy_z,8,0.16240167390252108,0.11291613025391772,-0.049485543648603275,-0.5545537413945062,0.3521615778377007,-0.07045556391994752,-0.08026030435011583,0.15625,0.8477098739934703,0.546875,0.0078125,1.0
e1t,e1t_openness_high,e1t_norm_baseline,CI_accuracy_z,8,0.16240167390252108,0.1061773403173471,-0.056224333585173966,-0.4645309913611447,0.26492737838089736,-0.09781008871870034,-0.08904518307055523,0.0,0.7900404103697508,1.0,0.0078125,1.0
e1t,e1t_openness_low,e1t_norm_baseline,CI_accuracy_z,8,0.16240167390252108,0.29191960642351783,0.12951793252099678,-0.32515366886738395,0.47339934891010343,0.20377837747276303,0.23369089063708764,0.5,0.5824135954853541,0.25,0.0078125,1.0
e1t,e1t_openness_low,e1t_norm_baseline,CI_diversity,8,0.1620246977314208,0.1342670051743625,-0.02775769255705835,-0.04479030171402824,-0.009391445041667954,-0.9975449645476652,-1.4267449058533694,-0.75,0.025718472141234714,0.0390625,0.0078125,0.25718472141234716
e1t,e1t_agreeableness_high,e1t_norm_baseline,CI_diversity,8,0.1620246977314208,0.14495553405641198,-0.017069163675008832,-0.03549277298010227,0.0025445432223953103,-0.5694474225150344,-0.9393880153953579,-0.5625,0.15129334427480107,0.1484375,0.0078125,1.0
e1t,e1t_agreeableness_low,e1t_norm_baseline,CI_diversity,8,0.1620246977314208,0.14917713787223197,-0.012847559859188859,-0.02892089522689733,0.005317254298673547,-0.48869875747878183,-0.6112645758746871,-0.46875,0.20938957286112692,0.1484375,0.0078125,1.0
e1t,e1t_conscientiousness_high,e1t_norm_baseline,CI_diversity,8,0.1620246977314208,0.15520128217885792,-0.006823415552562899,-0.029728868779046947,0.021060304407094617,-0.16921552000319548,-0.2788366477348278,-0.375,0.6468012859835871,0.640625,0.0078125,1.0
e1t,e1t_conscientiousness_low,e1t_norm_baseline,CI_diversity,8,0.1620246977314208,0.14347885477137526,-0.018545842960045588,-0.037181988893782714,0.0014219918040995138,-0.6201129711613371,-0.8881500973505508,-0.5625,0.12288372284755701,0.1484375,0.0078125,1.0
e1t,e1t_extraversion_high,e1t_norm_baseline,CI_diversity,8,0.1620246977314208,0.15129666426749006,-0.01072803346393079,-0.029960465558095836,0.00862978032324712,-0.3535690766758443,-0.4729868519576911,-0.375,0.35059663825249315,0.4609375,0.0078125,1.0
e1t,e1t_extraversion_low,e1t_norm_baseline,CI_diversity,8,0.1620246977314208,0.15291786736218888,-0.00910683036923197,-0.024457085145733908,0.00944222756306159,-0.3463147722780537,-0.5271488155479576,-0.4375,0.35995231003347156,0.3125,0.0078125,1.0
e1t,e1t_neuroticism_high,e1t_norm_baseline,CI_diversity,8,0.1620246977314208,0.14489417812578942,-0.017130519605631393,-0.03409105702313973,0.0010605021867653717,-0.6406604161376337,-0.7659550269815043,-0.46875,0.11287357101861552,0.078125,0.0078125,1.0
e1t,e1t_neuroticism_low,e1t_norm_baseline,CI_diversity,8,0.1620246977314208,0.16585291370752997,0.003828215976109146,-0.01418238573819221,0.020642720743335032,0.14103121018026507,0.14121260131775198,0.09375,0.7018580937095233,0.7421875,0.0078125,1.0
e1t,e1t_openness_high,e1t_norm_baseline,CI_diversity,8,0.1620246977314208,0.14753093469316367,-0.014493763038257165,-0.034076605115409005,0.010568487932536027,-0.40606918785708707,-0.6118105916339284,-0.3125,0.28847594900489626,0.25,0.0078125,1.0
e1t,e1t_conscientiousness_high,e1t_norm_baseline,CI_hidden_profile_rate,8,0.125,0.16125,0.03625,0.02124999999999999,0.051875000000000004,1.5793959368770474,1.4303825059534014,0.75,0.002910700070812743,0.015625,0.0078125,0.02910700070812743
e1t,e1t_extraversion_low,e1t_norm_baseline,CI_hidden_profile_rate,8,0.125,0.17499999999999988,0.04999999999999988,0.013749999999999995,0.08374999999999988,0.926198217043684,1.3447811866882626,0.671875,0.034425000697055674,0.0546875,0.0078125,0.30982500627350107
e1t,e1t_extraversion_high,e1t_norm_baseline,CI_hidden_profile_rate,8,0.125,0.10125,-0.02375,-0.04250000000000001,-0.00625,-0.8224304608628209,-0.8126999294882864,-0.46875,0.05291033123140762,0.046399461870904594,0.0078125,0.42328264985126096
e1t,e1t_agreeableness_high,e1t_norm_baseline,CI_hidden_profile_rate,8,0.125,0.11500000000000002,-0.009999999999999998,-0.04,0.020625000000000004,-0.21389631597324926,-0.3460561141167716,-0.234375,0.5642746753246701,0.546875,0.0078125,1.0
e1t,e1t_agreeableness_low,e1t_norm_baseline,CI_hidden_profile_rate,8,0.125,0.14,0.014999999999999996,-0.013125000000000003,0.044375000000000005,0.3312945782245395,0.4421958729823752,0.28125,0.37993110519453954,0.49819405658410876,0.0078125,1.0
e1t,e1t_conscientiousness_low,e1t_norm_baseline,CI_hidden_profile_rate,8,0.125,0.13124999999999987,0.0062499999999998754,-0.012500000000000008,0.028750000000000005,0.19238902354088944,0.2002752926285805,0.125,0.6032254215320625,0.916511907863894,0.0078125,1.0
e1t,e1t_neuroticism_high,e1t_norm_baseline,CI_hidden_profile_rate,8,0.125,0.12312500000000001,-0.001875,-0.031875,0.026875,-0.04120150640693218,-0.06132972532665429,0.03125,0.9105011272394881,0.9453125,0.0078125,1.0
e1t,e1t_neuroticism_low,e1t_norm_baseline,CI_hidden_profile_rate,8,0.125,0.12249999999999989,-0.0025000000000001254,-0.02250000000000025,0.020000000000000004,-0.0751342883796945,-0.083196577125528,-0.125,0.8377635789185458,0.7421875,0.0078125,1.0
e1t,e1t_openness_high,e1t_norm_baseline,CI_hidden_profile_rate,8,0.125,0.1225,-0.0024999999999999988,-0.013124999999999998,0.00875,-0.14790199457749031,-0.08490432459447547,-0.078125,0.6882412134008139,0.546875,0.0078125,1.0
e1t,e1t_openness_low,e1t_norm_baseline,CI_hidden_profile_rate,8,0.125,0.11312499999999988,-0.011875000000000129,-0.028750000000000255,0.005624999999999875,-0.43793618208020624,-0.48197088049132536,-0.34375,0.25539027520123986,0.34523107177184,0.0078125,1.0
e1t,e1t_agreeableness_high,e1t_norm_baseline,CI_mean_gain_vs_pre,8,0.007610367393016001,-0.009056988084282503,-0.016667355477298505,-0.06952755849325025,0.035715563130719684,-0.20264186909180612,-0.29477575901825853,-0.21875,0.5844718106555917,0.7421875,0.0078125,1.0
e1t,e1t_agreeableness_low,e1t_norm_baseline,CI_mean_gain_vs_pre,8,0.007610367393016001,-0.00039186193645524784,-0.008002229329471248,-0.06959732018395612,0.057835466079824,-0.08199381037398189,-0.12797322514940865,-0.09375,0.8232390657100047,0.7421875,0.0078125,1.0
e1t,e1t_conscientiousness_high,e1t_norm_baseline,CI_mean_gain_vs_pre,8,0.007610367393016001,0.0280743069969215,0.0204639396039055,-0.024423062175605827,0.06548752708852992,0.29489478800893376,0.38501318191435024,0.15625,0.4317701152835619,0.3828125,0.0078125,1.0
e1t,e1t_conscientiousness_low,e1t_norm_baseline,CI_mean_gain_vs_pre,8,0.007610367393016001,0.003011010946844502,-0.004599356446171499,-0.0402506374096955,0.030495905570071133,-0.08483099570318528,-0.09259880435212452,-0.21875,0.8172528289388232,0.84375,0.0078125,1.0
e1t,e1t_extraversion_high,e1t_norm_baseline,CI_mean_gain_vs_pre,8,0.007610367393016001,0.017169852566106127,0.009559485173090127,-0.053725731614909754,0.07209065486840226,0.09812367077526558,0.16023040038085787,0.125,0.7893866379020416,1.0,0.0078125,1.0
e1t,e1t_extraversion_low,e1t_norm_baseline,CI_mean_gain_vs_pre,8,0.007610367393016001,-0.007003263571655626,-0.014613630964671626,-0.04831771892244984,0.026271928040860607,-0.25269135002175513,-0.2959100045237218,-0.1875,0.49791902005718325,0.546875,0.0078125,1.0
e1t,e1t_neuroticism_high,e1t_norm_baseline,CI_mean_gain_vs_pre,8,0.007610367393016001,0.0032273270710051257,-0.004383040322010876,-0.05642002547098075,0.05071007332007338,-0.053481556767113164,-0.07041393771798243,0.03125,0.8840308759686789,0.9453125,0.0078125,1.0
e1t,e1t_neuroticism_low,e1t_norm_baseline,CI_mean_gain_vs_pre,8,0.007610367393016001,0.05548349858158026,0.04787313118856425,-0.008029807051381949,0.1128549806690635,0.5058061248686451,0.6526532712317562,0.25,0.19562023791975547,0.4609375,0.0078125,1.0
e1t,e1t_openness_high,e1t_norm_baseline,CI_mean_gain_vs_pre,8,0.007610367393016001,0.010058308844291002,0.002447941451275002,-0.03987918223986775,0.05401562725964314,0.03370254143700798,0.046056588982339705,0.0,0.9267280337954725,0.7421875,0.0078125,1.0
e1t,e1t_openness_low,e1t_norm_baseline,CI_mean_gain_vs_pre,8,0.007610367393016001,-0.03942126262319813,-0.04703163001621413,-0.10155130385965833,0.013633040561805804,-0.5257723961286415,-0.8287347478862742,-0.5,0.1805811569227926,0.1953125,0.0078125,1.0
e1t,e1t_conscientiousness_low,e1t_norm_baseline,CI_medrelerr_z,8,-0.06592276776818409,0.38537539458431513,0.45129816235249925,0.11609996202932606,0.7559095733752259,0.9136750372791013,1.2075003419645993,0.625,0.03624644140752774,0.0546875,0.0078125,0.3624644140752774
e1t,e1t_agreeableness_high,e1t_norm_baseline,CI_medrelerr_z,8,-0.06592276776818409,-0.09330744940012016,-0.02738468163193606,-0.3080998549997162,0.2849584715701419,-0.058388718103326895,-0.06805367509815426,-0.0625,0.8734954516648996,0.9453125,0.0078125,1.0
e1t,e1t_agreeableness_low,e1t_norm_baseline,CI_medrelerr_z,8,-0.06592276776818409,0.11979490896536948,0.18571767673355358,-0.20195351780248408,0.5292283961743891,0.3241002079652442,0.4958085217504025,0.375,0.3897921711441268,0.25,0.0078125,1.0
e1t,e1t_conscientiousness_high,e1t_norm_baseline,CI_medrelerr_z,8,-0.06592276776818409,-0.19268902201176286,-0.12676625424357874,-0.5428150556371123,0.15924749720984846,-0.22565470348909522,-0.33092232521535514,-0.1875,0.5436198285447478,0.9453125,0.0078125,1.0
e1t,e1t_extraversion_high,e1t_norm_baseline,CI_medrelerr_z,8,-0.06592276776818409,-0.0250657806010399,0.04085698716714417,-0.33438682538080444,0.3737697184941721,0.07407514740021079,0.10934308898418954,0.125,0.840012449708855,0.84375,0.0078125,1.0
e1t,e1t_extraversion_low,e1t_norm_baseline,CI_medrelerr_z,8,-0.06592276776818409,-0.07201609891735286,-0.006093331149168761,-0.24102490416076514,0.24830881066384525,-0.01614418481403077,-0.01669698714802183,0.0,0.9648544976862351,0.9453125,0.0078125,1.0
e1t,e1t_neuroticism_high,e1t_norm_baseline,CI_medrelerr_z,8,-0.06592276776818409,0.2148133381554176,0.2807361059236017,-0.11977638086766179,0.7479720411346934,0.41339554989542154,0.6077378583466729,0.34375,0.2805689291779391,0.3125,0.0078125,1.0
e1t,e1t_neuroticism_low,e1t_norm_baseline,CI_medrelerr_z,8,-0.06592276776818409,0.021764533500134034,0.08768730126831811,-0.2480800643832215,0.4652254092350668,0.1553864927365798,0.20366408751468892,0.03125,0.6735480032102337,0.9453125,0.0078125,1.0
e1t,e1t_openness_high,e1t_norm_baseline,CI_medrelerr_z,8,-0.06592276776818409,0.15294231388573476,0.21886508165391885,-0.04276459423061685,0.5087637709282382,0.5152094218091438,0.5541206068310254,0.375,0.18840212491584116,0.25,0.0078125,1.0
e1t,e1t_openness_low,e1t_norm_baseline,CI_medrelerr_z,8,-0.06592276776818409,0.16470191786801686,0.23062468563620092,-0.10838331621053077,0.5920888197597479,0.4231762935243516,0.5931219902376068,0.4375,0.2702948529268898,0.25,0.0078125,1.0
e1t,e1t_openness_high,e1t_norm_baseline,crosscut_rate,8,0.14583752508424075,0.027366751851096625,-0.11847077323314412,-0.16401383848924608,-0.07862135189004613,-1.7782388057631402,-2.5362062177353355,-1.0,0.0015140111866750914,0.0078125,0.0078125,0.015140111866750914
e1t,e1t_openness_low,e1t_norm_baseline,crosscut_rate,8,0.14583752508424075,0.2745796505094324,0.12874212542519164,0.07655053518453514,0.17978256521177804,1.6037991463661017,2.2534132003721243,0.875,0.002679718966469574,0.0078125,0.0078125,0.024117470698226166
e1t,e1t_agreeableness_high,e1t_norm_baseline,crosscut_rate,8,0.14583752508424075,0.026447722596164378,-0.11938980248807637,-0.1698139302395486,-0.06912977735920975,-1.5458988845245352,-2.1596643507898188,-0.875,0.0032642609598684913,0.015625,0.0078125,0.02611408767894793
e1t,e1t_conscientiousness_high,e1t_norm_baseline,crosscut_rate,8,0.14583752508424075,0.06024813106127663,-0.08558939402296413,-0.13450094278982996,-0.0405092887959705,-1.1621148610955256,-1.7545667500416018,-0.9375,0.013358393617091811,0.015625,0.0078125,0.09350875531964267
e1t,e1t_extraversion_high,e1t_norm_baseline,crosscut_rate,8,0.14583752508424075,0.07227087146159325,-0.07356665362264751,-0.12182659559688712,-0.0319035004447483,-1.0447238187652437,-1.3849012238138316,-0.6875,0.021257656501953458,0.0390625,0.0078125,0.12754593901172073
e1t,e1t_neuroticism_high,e1t_norm_baseline,crosscut_rate,8,0.14583752508424075,0.2263771404800164,0.08053961539577564,0.029031035881707006,0.1284677611758195,1.0315527206189528,1.5745850428486536,0.78125,0.02241421777708363,0.0390625,0.0078125,0.12754593901172073
e1t,e1t_conscientiousness_low,e1t_norm_baseline,crosscut_rate,8,0.14583752508424075,0.23639012953217403,0.09055260444793325,0.02921569329663707,0.15469675565201418,0.9294409229952391,1.4486213654305564,0.75,0.03396904631018734,0.0546875,0.0078125,0.13587618524074935
e1t,e1t_neuroticism_low,e1t_norm_baseline,crosscut_rate,8,0.14583752508424075,0.08124060485273388,-0.06459692023150687,-0.11402594429615029,-0.02173498389360184,-0.891735248905865,-1.1170334125820458,-0.71875,0.03968224529413799,0.0390625,0.0078125,0.13587618524074935
e1t,e1t_agreeableness_low,e1t_norm_baseline,crosscut_rate,8,0.14583752508424075,0.18622016259417926,0.04038263750993851,-0.014597613108908995,0.09147655713546002,0.495234720653782,0.7427608759420489,0.53125,0.20403021181143363,0.25,0.0078125,0.3611486664641744
e1t,e1t_extraversion_low,e1t_norm_baseline,crosscut_rate,8,0.14583752508424075,0.18394022930230677,0.03810270421806601,-0.011372670813225499,0.08232117173364827,0.525781791817759,0.7110388494128963,0.5,0.1805743332320872,0.25,0.0078125,0.3611486664641744
e1t,e1t_extraversion_low,e1t_norm_baseline,pol_assort,8,-0.039564380888486364,0.003656314421583772,0.043220695310070126,0.008640811610998295,0.07370986445816644,0.8517659900408645,1.1292765560005282,0.59375,0.04683186967074427,0.078125,0.0078125,0.4683186967074427
e1t,e1t_agreeableness_high,e1t_norm_baseline,pol_assort,8,-0.039564380888486364,-0.025175403203898734,0.014388977684587627,-0.025616457551173918,0.05030669612788326,0.24211566424865946,0.3702071942261006,0.1875,0.5154930162031216,0.546875,0.0078125,1.0
e1t,e1t_agreeableness_low,e1t_norm_baseline,pol_assort,8,-0.039564380888486364,-0.02437800998168023,0.015186370906806126,-0.012170140509654748,0.042521750483179604,0.36459017575904623,0.494969295640151,0.28125,0.33674630277894446,0.3828125,0.0078125,1.0
e1t,e1t_conscientiousness_high,e1t_norm_baseline,pol_assort,8,-0.039564380888486364,-0.013466032528100419,0.026098348360385944,-0.0032221253787898204,0.051372821234265086,0.6091742915374097,0.6817782522995244,0.34375,0.12855319191901038,0.1484375,0.0078125,1.0
e1t,e1t_conscientiousness_low,e1t_norm_baseline,pol_assort,8,-0.039564380888486364,-0.026035154899238085,0.013529225989248269,-0.020529747752005088,0.04430320802978417,0.26860711105745855,0.3509328240326686,0.15625,0.4722184809339429,0.4609375,0.0078125,1.0
e1t,e1t_extraversion_high,e1t_norm_baseline,pol_assort,8,-0.039564380888486364,-0.030773391053987603,0.00879098983449875,-0.015243734023045272,0.027235766712685128,0.26318701473455536,0.2422845342296748,0.1875,0.4808691223023078,0.3125,0.0078125,1.0
e1t,e1t_neuroticism_high,e1t_norm_baseline,pol_assort,8,-0.039564380888486364,-0.010188782480778605,0.029375598407707756,-0.005134505573285022,0.06477981609182873,0.5369308704373984,0.8441557195067237,0.4375,0.17264062058807575,0.1953125,0.0078125,1.0
e1t,e1t_neuroticism_low,e1t_norm_baseline,pol_assort,8,-0.039564380888486364,-0.021565293393727588,0.01799908749475877,-0.001937299863796526,0.03972192212825681,0.5453211632173866,0.5009363684988386,0.28125,0.16688159723159737,0.25,0.0078125,1.0
e1t,e1t_openness_high,e1t_norm_baseline,pol_assort,8,-0.039564380888486364,-0.01986064099298846,0.0197037398954979,-0.003028603297414981,0.03988532435493321,0.5940949742302549,0.492496480713831,0.28125,0.1367768047421263,0.078125,0.0078125,1.0
e1t,e1t_openness_low,e1t_norm_baseline,pol_assort,8,-0.039564380888486364,-0.01790135112587473,0.021663029762611627,-0.007161747611857546,0.04950212157825766,0.4957593587737369,0.649043905367294,0.3125,0.2036053537311853,0.25,0.0078125,1.0
e1t,e1t_openness_high,e1t_norm_baseline,pol_ei,8,0.4251263106152759,0.7496329795388513,0.3245066689235755,0.3058549274507656,0.34492225251786807,10.623171130050526,4.171030370690206,1.0,1.1661233612628192e-08,0.0078125,0.0078125,1.1661233612628192e-07
e1t,e1t_agreeableness_high,e1t_norm_baseline,pol_ei,8,0.4251263106152759,0.722344480581398,0.29721816996612216,0.24634927429784823,0.3612330626081515,3.319886679162602,3.9354610714895384,1.0,3.234420588854184e-05,0.0078125,0.0078125,0.00029109785299687656
e1t,e1t_extraversion_high,e1t_norm_baseline,pol_ei,8,0.4251263106152759,0.6582572866664473,0.23313097605117136,0.18087471171073358,0.2935920732310464,2.6193071252498923,3.1190103485979956,1.0,0.0001483446682923344,0.0078125,0.0078125,0.0010396789876105676
e1t,e1t_neuroticism_low,e1t_norm_baseline,pol_ei,8,0.4251263106152759,0.6754680045308791,0.2503416939156032,0.19012676954828803,0.31433868089859784,2.586127831894408,2.7639544722912737,1.0,0.0001607223424638599,0.0078125,0.0078125,0.0010396789876105676
e1t,e1t_openness_low,e1t_norm_baseline,pol_ei,8,0.4251263106152759,0.2233262385684798,-0.20180007204679612,-0.25167284035255,-0.1560840374541194,-2.674832950929632,-2.4442069750604385,-0.875,0.00012995987345132095,0.0078125,0.0078125,0.0010396789876105676
e1t,e1t_conscientiousness_low,e1t_norm_baseline,pol_ei,8,0.4251263106152759,0.22424844865044571,-0.2008778619648302,-0.25646604385995736,-0.14496234656045318,-2.313173011002554,-2.4211555650780188,-0.875,0.00032103086937383375,0.0078125,0.0078125,0.0016051543468691687
e1t,e1t_conscientiousness_high,e1t_norm_baseline,pol_ei,8,0.4251263106152759,0.5790548855877027,0.15392857497242682,0.09906954637193915,0.22285465014270273,1.6096805785886923,2.0177652393133116,0.84375,0.0026271235708848783,0.0078125,0.0078125,0.010508494283539513
e1t,e1t_neuroticism_high,e1t_norm_baseline,pol_ei,8,0.4251263106152759,0.3033441512259202,-0.12178215938935574,-0.16948221782893325,-0.06681807150937491,-1.5111981791354974,-1.7671698346034581,-0.75,0.0036810600690858957,0.015625,0.0078125,0.011043180207257686
e1t,e1t_agreeableness_low,e1t_norm_baseline,pol_ei,8,0.4251263106152759,0.3023067124791935,-0.12281959813608244,-0.18613285396905457,-0.05257256076178582,-1.1932705279891103,-1.5424830029312175,-0.71875,0.011837935912754623,0.0390625,0.0078125,0.023675871825509245
e1t,e1t_extraversion_low,e1t_norm_baseline,pol_ei,8,0.4251263106152759,0.3452634048394623,-0.07986290577581362,-0.13641364980806298,0.0012054425131744057,-0.7168294171377843,-1.0935073775340378,-0.75,0.08221552837932532,0.1953125,0.0078125,0.08221552837932532
e1t,e1t_conscientiousness_high,e1t_norm_baseline,pol_extremity,8,1.359375,1.5985416666666667,0.2391666666666666,0.22854166666666645,0.24854166666666672,15.198776414145094,7.784337309260709,1.0,9.62036279710803e-10,0.0078125,0.0078125,9.62036279710803e-09
e1t,e1t_agreeableness_high,e1t_norm_baseline,pol_extremity,8,1.359375,1.52625,0.16687499999999994,0.1504166666666665,0.1829166666666666,6.629123167704944,4.871101110900722,1.0,3.048765017175849e-07,0.0078125,0.0078125,2.743888515458264e-06
e1t,e1t_extraversion_high,e1t_norm_baseline,pol_extremity,8,1.359375,1.4772916666666664,0.11791666666666656,0.1033333333333332,0.1345833333333333,4.913228293411146,3.2109324441066085,1.0,2.361924682678087e-06,0.0078125,0.0078125,1.8895397461424695e-05
e1t,e1t_openness_high,e1t_norm_baseline,pol_extremity,8,1.359375,1.5970833333333334,0.23770833333333324,0.19833333333333336,0.2706249999999998,4.297550700388116,4.5650645984119524,1.0,5.832318771431874e-06,0.0078125,0.0078125,4.082623140002312e-05
e1t,e1t_neuroticism_high,e1t_norm_baseline,pol_extremity,8,1.359375,1.4972916666666667,0.1379166666666666,0.11020833333333321,0.16729687499999996,3.049761532650498,3.5084352247447175,1.0,5.617038046465802e-05,0.0078125,0.0078125,0.00033702228278794814
e1t,e1t_openness_low,e1t_norm_baseline,pol_extremity,8,1.359375,1.2433333333333334,-0.11604166666666679,-0.14479166666666693,-0.08916666666666667,-2.604120054456977,-3.6490850045480383,-1.0,0.0001538717435167875,0.0078125,0.0078125,0.0007693587175839375
e1t,e1t_extraversion_low,e1t_norm_baseline,pol_extremity,8,1.359375,1.2979166666666666,-0.06145833333333345,-0.07770833333333355,-0.04479166666666676,-2.399722610580015,-1.764520539454497,-0.875,0.00025611515714963365,0.0078125,0.0078125,0.0010244606285985346
e1t,e1t_conscientiousness_low,e1t_norm_baseline,pol_extremity,8,1.359375,1.2487499999999998,-0.11062500000000008,-0.14395833333333335,-0.0787500000000001,-2.1778815018731184,-2.1141365167429234,-0.9375,0.00046299322523382023,0.0078125,0.0078125,0.0013889796757014608
e1t,e1t_neuroticism_low,e1t_norm_baseline,pol_extremity,8,1.359375,1.4239583333333334,0.06458333333333327,0.040619791666666474,0.09,1.686035193012207,1.381643795482079,0.625,0.002038487172145941,0.0078125,0.0078125,0.004076974344291882
e1t,e1t_agreeableness_low,e1t_norm_baseline,pol_extremity,8,1.359375,1.3422916666666667,-0.01708333333333334,-0.047916666666666635,0.012083333333333307,-0.36736227588982195,-0.42095328321390546,-0.203125,0.33333116197085405,0.39802471950693785,0.0078125,0.33333116197085405
e1t,e1t_openness_high,e1t_norm_baseline,pol_var,8,1.1896979166666664,0.6955249999999997,-0.4941729166666665,-0.5439234374999998,-0.4351304687500001,-5.748536025262029,-5.39455834935174,-1.0,8.104746204145782e-07,0.0078125,0.0078125,8.104746204145782e-06
e1t,e1t_agreeableness_high,e1t_norm_baseline,pol_var,8,1.1896979166666664,0.6627374999999998,-0.5269604166666665,-0.5922937499999998,-0.45757499999999973,-5.108230812703142,-5.420621510812659,-1.0,1.8133751906066783e-06,0.0078125,0.0078125,1.6320376715460106e-05
e1t,e1t_neuroticism_high,e1t_norm_baseline,pol_var,8,1.1896979166666664,1.8531104166666663,0.6634125000000001,0.5637041666666667,0.7524254166666667,4.477860417824666,6.201136033987899,1.0,4.42313663450668e-06,0.0078125,0.0078125,3.538509307605344e-05
e1t,e1t_neuroticism_low,e1t_norm_baseline,pol_var,8,1.1896979166666664,0.8235229166666663,-0.366175,-0.4186555729166665,-0.3060410416666669,-4.240418827926626,-4.318128574587599,-1.0,6.3807024864848845e-06,0.0078125,0.0078125,4.466491740539419e-05
e1t,e1t_extraversion_high,e1t_norm_baseline,pol_var,8,1.1896979166666664,0.8702687499999997,-0.3194291666666666,-0.3751049479166665,-0.2602208333333333,-3.6385136959790745,-3.0849244770387325,-1.0,1.7699516076958956e-05,0.0078125,0.0078125,0.00010619709646175375
e1t,e1t_agreeableness_low,e1t_norm_baseline,pol_var,8,1.1896979166666664,1.5719437499999998,0.38224583333333345,0.2731187500000002,0.47791244791666704,2.3812756135039304,2.7324375525635247,0.96875,0.0002686072487898647,0.0078125,0.0078125,0.0013430362439493236
e1t,e1t_conscientiousness_high,e1t_norm_baseline,pol_var,8,1.1896979166666664,0.9960854166666664,-0.1936124999999999,-0.25745036458333315,-0.13760526041666668,-2.0750456846760765,-1.8928074389510212,-0.78125,0.0006184946615203923,0.0078125,0.0078125,0.0013430362439493236
e1t,e1t_conscientiousness_low,e1t_norm_baseline,pol_var,8,1.1896979166666664,1.507858333333333,0.3181604166666667,0.2264479166666669,0.41321458333333316,2.2127767243258236,2.375315474597539,1.0,0.00042060530845245553,0.0078125,0.0078125,0.0013430362439493236
e1t,e1t_extraversion_low,e1t_norm_baseline,pol_var,8,1.1896979166666664,1.345520833333333,0.15582291666666673,0.1012596875000001,0.20573614583333322,1.9287462437666472,1.865745991394354,0.875,0.0009505960796505042,0.0078125,0.0078125,0.0013430362439493236
e1t,e1t_openness_low,e1t_norm_baseline,pol_var,8,1.1896979166666664,1.4103499999999998,0.2206520833333335,0.16222500000000015,0.2836875000000001,2.330639679924164,2.5611308059384275,0.9375,0.0003065667715073936,0.0078125,0.0078125,0.0013430362439493236
e1t,e1t_extraversion_high,e1t_norm_baseline,trait_drift_mean,8,0.38003384869765766,0.3095438188801234,-0.07049002981753424,-0.08350317051119886,-0.05778600037834999,-3.514391210165333,-5.3332671439884605,-1.0,2.2256795068088574e-05,0.0078125,0.0078125,0.00022256795068088575
e1t,e1t_extraversion_low,e1t_norm_baseline,trait_drift_mean,8,0.38003384869765766,0.4279889353987073,0.04795508670104964,0.03749040565382763,0.05783127312815843,3.080613499620755,2.827717793077275,0.96875,5.262954831266449e-05,0.0078125,0.0078125,0.0004736659348139804
e1t,e1t_openness_high,e1t_norm_baseline,trait_drift_mean,8,0.38003384869765766,0.3293699885449725,-0.05066386015268511,-0.062498753806867466,-0.037664258204401786,-2.598782231639808,-3.396550895387646,-0.96875,0.00015586918455586795,0.0078125,0.0078125,0.0012469534764469436
e1t,e1t_openness_low,e1t_norm_baseline,trait_drift_mean,8,0.38003384869765766,0.34907798741663215,-0.030955861281025503,-0.03899295601913375,-0.022134034339766996,-2.33748230116813,-1.6906421653670596,-0.78125,0.00030110114450875535,0.0078125,0.0078125,0.0021077080115612873
e1t,e1t_neuroticism_high,e1t_norm_baseline,trait_drift_mean,8,0.38003384869765766,0.35742419979703044,-0.022609648900627236,-0.032028983335590754,-0.013104190238814777,-1.5287279642276494,-1.3828681808029046,-0.71875,0.0034636260341059494,0.015625,0.0078125,0.020781756204635696
e1t,e1t_agreeableness_high,e1t_norm_baseline,trait_drift_mean,8,0.38003384869765766,0.350764327648669,-0.029269521048988625,-0.04112400072586851,-0.015240867065250898,-1.4738291374405255,-2.0383565046592627,-0.84375,0.004196373393741746,0.015625,0.0078125,0.020981866968708726
e1t,e1t_conscientiousness_high,e1t_norm_baseline,trait_drift_mean,8,0.38003384869765766,0.35426002210962904,-0.02577382658802861,-0.040741619125717825,-0.01185159176065736,-1.15069076296588,-1.7419491443771742,-0.84375,0.01396733118182917,0.015625,0.0078125,0.05586932472731668
e1t,e1t_neuroticism_low,e1t_norm_baseline,trait_drift_mean,8,0.38003384869765766,0.40279671074403867,0.02276286204638102,0.009108678924212528,0.035962865396385026,1.1015302197671757,1.4278693724031901,0.71875,0.016947820038480763,0.0234375,0.0078125,0.05586932472731668
e1t,e1t_agreeableness_low,e1t_norm_baseline,trait_drift_mean,8,0.38003384869765766,0.3827266965990477,0.0026928479013900025,-0.008877303314321253,0.01609624851869114,0.1401672056074531,0.1963185903868484,0.09375,0.7035789008203135,0.7421875,0.0078125,0.9109747782646771
e1t,e1t_conscientiousness_low,e1t_norm_baseline,trait_drift_mean,8,0.38003384869765766,0.37419707417177156,-0.005836774525886115,-0.01960872363564587,0.007316054704554147,-0.27928409360881384,-0.29980093514888007,-0.1875,0.45548738913233855,0.546875,0.0078125,0.9109747782646771
e2,e2_human_norm,e1_norm_baseline,CI_accuracy_z,8,0.23551271720332007,-0.6857053779160435,-0.9212180951193637,-1.322545085148237,-0.48681335774328865,-1.4129409987405706,-1.4836645909181443,-0.8125,0.005213751601446062,0.0234375,0.0078125,0.02085500640578425
e2,e2_homog,e1_norm_baseline,CI_accuracy_z,10,0.1966785536247499,-0.460436109732654,-0.6571146633574039,-1.1347109996257592,-0.21339837057086997,-0.8450925471281615,-1.1882030154012,-0.68,0.025521170577784587,0.01953125,0.001953125,0.07656351173335377
e2,e2_diverse,e1_norm_baseline,CI_accuracy_z,10,0.1966785536247499,0.18211324823609623,-0.014565305388653731,-0.457857754255498,0.3859994109372494,-0.02043300972652125,-0.02705303211567404,0.02,0.9498931033789824,0.845703125,0.001953125,1.0
e2,e2_mid,e1_norm_baseline,CI_accuracy_z,8,0.23551271720332007,0.30448340210568314,0.0689706849023631,-0.4688928915580489,0.6180793461827685,0.08216581385660814,0.11128590584776293,0.09375,0.8228757877306775,0.84375,0.0078125,1.0
e2,e2_human_norm,e1_norm_baseline,CI_diversity,8,0.15923191235111417,0.1338646894023424,-0.025367222948771764,-0.03937726494735212,-0.011414442564189947,-1.1687341991271045,-1.3099947001629484,-0.6875,0.013018638776746002,0.0234375,0.0078125,0.052074555106984007
e2,e2_diverse,e1_norm_baseline,CI_diversity,10,0.15866452654176721,0.14455347545875835,-0.014111051083008874,-0.028717268566318177,-7.265110668502939e-05,-0.5742385229642597,-0.7745099263726427,-0.46,0.10276902883754487,0.16015625,0.001953125,0.3083070865126346
e2,e2_homog,e1_norm_baseline,CI_diversity,10,0.15866452654176721,0.14937433148708285,-0.009290195054684397,-0.02589196854592089,0.006907347366596614,-0.33003453644234954,-0.47174058962741827,-0.34,0.3238636973613166,0.431640625,0.001953125,0.6477273947226332
e2,e2_mid,e1_norm_baseline,CI_diversity,8,0.15923191235111417,0.15043660266558273,-0.008795309685531428,-0.028132348444117557,0.012140518834087845,-0.2831447514663392,-0.3997361848704557,-0.125,0.44953930336776093,0.4609375,0.0078125,0.6477273947226332
e2,e2_homog,e1_norm_baseline,CI_hidden_profile_rate,10,0.1314999999999998,0.1,-0.031499999999999806,-0.048499999999999606,-0.013999999999999695,-1.0698303638284994,-1.2519508582381738,-0.62,0.008087100598264979,0.009765625,0.001953125,0.032348402393059916
e2,e2_diverse,e1_norm_baseline,CI_hidden_profile_rate,10,0.1314999999999998,0.12350000000000001,-0.007999999999999802,-0.027999999999999702,0.012000000000000498,-0.23522629977054685,-0.3004630659539621,-0.19,0.4759372073116389,0.5139304151307518,0.001953125,1.0
e2,e2_human_norm,e1_norm_baseline,CI_hidden_profile_rate,8,0.12437499999999976,0.11562499999999988,-0.008749999999999878,-0.029374999999999755,0.007500000000000246,-0.3043067396438247,-0.3701328856179867,-0.1875,0.4179006799349848,0.5282327768679831,0.0078125,1.0
e2,e2_mid,e1_norm_baseline,CI_hidden_profile_rate,8,0.12437499999999976,0.12875,0.0043750000000002485,-0.019374999999999882,0.02812500000000013,0.11650035629464404,0.12739393300841428,0.09375,0.7514086950989417,0.84375,0.0078125,1.0
e2,e2_human_norm,e1_norm_baseline,CI_mean_gain_vs_pre,8,0.014793759621181875,-0.05458104206519826,-0.06937480168638013,-0.11061828039586662,-0.025279024322198626,-1.0329976241663112,-1.4415362489920958,-0.75,0.022284152650296873,0.0546875,0.0078125,0.0891366106011875
e2,e2_homog,e1_norm_baseline,CI_mean_gain_vs_pre,10,0.0356395069634921,-0.025488488130398,-0.06112799509389011,-0.11637953666104554,-0.01357671225121477,-0.6957007907957687,-1.0146168937091378,-0.5,0.05534065682813508,0.083984375,0.001953125,0.16602197048440526
e2,e2_diverse,e1_norm_baseline,CI_mean_gain_vs_pre,10,0.0356395069634921,0.004153899856498601,-0.03148560710699351,-0.07415165942885722,0.009918191628980591,-0.4402108891167129,-0.5663854883617598,-0.3,0.1973384569540812,0.193359375,0.001953125,0.32425535188619425
e2,e2_mid,e1_norm_baseline,CI_mean_gain_vs_pre,8,0.014793759621181875,-0.018771055263563378,-0.03356481488474525,-0.075796696900435,0.0039003114758750955,-0.5524500215388937,-0.5944201416502602,-0.34375,0.16212767594309713,0.1953125,0.0078125,0.32425535188619425
e2,e2_human_norm,e1_norm_baseline,CI_medrelerr_z,8,0.15239186834120455,-0.6669436340490849,-0.8193355023902894,-1.3716495999649907,-0.3205220730159305,-1.0097633186250137,-1.3270701424458735,-0.71875,0.024475831319769933,0.0234375,0.0078125,0.09790332527907973
e2,e2_homog,e1_norm_baseline,CI_medrelerr_z,10,0.10368413725295902,-0.19943757102383128,-0.3031217082767903,-0.6576237274849875,0.11162118634537656,-0.4654166811455773,-0.5836041852510211,-0.3,0.1751641216480703,0.130859375,0.001953125,0.5254923649442109
e2,e2_diverse,e1_norm_baseline,CI_medrelerr_z,10,0.10368413725295902,0.25060598257580163,0.14692184532284264,-0.25688595136134823,0.5311396800931893,0.21833083311885618,0.314779165013344,0.2,0.5073411104865782,0.556640625,0.001953125,1.0
e2,e2_mid,e1_norm_baseline,CI_medrelerr_z,8,0.15239186834120455,0.32100204998339454,0.16861018164219005,-0.37826462730984317,0.7392126918845403,0.1963710507530085,0.2818400415048395,0.125,0.5959024098864518,0.640625,0.0078125,1.0
e2,e2_homog,e1_norm_baseline,crosscut_rate,10,0.16602164933535432,0.04433012482086811,-0.12169152451448621,-0.14031723497289106,-0.10123947180524652,-3.6830953854186568,-3.3395473766001573,-1.0,9.925975730562299e-07,0.001953125,0.001953125,3.9703902922249195e-06
e2,e2_human_norm,e1_norm_baseline,crosscut_rate,8,0.1625442277116399,0.02525413038879413,-0.13729009732284575,-0.16721038626769882,-0.10740277317318252,-2.908742024688922,-3.6038564131382897,-1.0,7.619400745890278e-05,0.0078125,0.0078125,0.00022858202237670836
e2,e2_diverse,e1_norm_baseline,crosscut_rate,10,0.16602164933535432,0.18406774022075123,0.0180460908853969,-0.007733634918621457,0.042311502891028495,0.4254478040606552,0.4323267905534202,0.2,0.211415124997923,0.193359375,0.001953125,0.32619407978595416
e2,e2_mid,e1_norm_baseline,crosscut_rate,8,0.1625442277116399,0.19213757421024102,0.029593346498601132,-0.004443430942400458,0.06416144920575964,0.5509808995849769,0.6872788421701338,0.34375,0.16309703989297708,0.3125,0.0078125,0.32619407978595416
e2,e2_mid,e1_norm_baseline,pol_assort,8,-0.03292066613717007,-0.04800277842937757,-0.015082112292207503,-0.034967648073063066,0.005598987759987061,-0.47754725531282005,-0.32999450706133165,-0.28125,0.2188217351285748,0.3125,0.0078125,0.8752869405142992
e2,e2_diverse,e1_norm_baseline,pol_assort,10,-0.022642159157534904,-0.01700922472366625,0.0056329344338686485,-0.0365047572092208,0.051283589221508614,0.07515108945602716,0.10964788951997513,0.04,0.8174754374373056,1.0,0.001953125,1.0
e2,e2_homog,e1_norm_baseline,pol_assort,10,-0.022642159157534904,-0.023965034090672504,-0.0013228749331376057,-0.03827978684254008,0.03977869615315327,-0.01987096688021614,-0.028011435691902467,-0.02,0.9512693318967531,0.845703125,0.001953125,1.0
e2,e2_human_norm,e1_norm_baseline,pol_assort,8,-0.03292066613717007,-0.027138722707735187,0.005781943429434874,-0.031097108856253174,0.04141882543208369,0.10367103819048609,0.13275137253175162,0.0625,0.7778517374456584,0.84375,0.0078125,1.0
e2,e2_human_norm,e1_norm_baseline,pol_ei,8,0.38944906273174085,0.8554898444121718,0.46604078168043095,0.37664918842846706,0.5415599271928496,3.643326011602493,3.136516173056723,1.0,1.7545457374703248e-05,0.0078125,0.0078125,7.018182949881299e-05
e2,e2_homog,e1_norm_baseline,pol_ei,10,0.389132747420544,0.6994139565613926,0.3102812091408486,0.21324226672208274,0.40171600561825105,1.9558167676975198,2.2029883315308427,0.9,0.00016178679496704228,0.001953125,0.001953125,0.0004853603849011268
e2,e2_diverse,e1_norm_baseline,pol_ei,10,0.389132747420544,0.33086111574667176,-0.05827163167387219,-0.14956455789531603,0.031026062112396207,-0.376500930595832,-0.4007317595395799,-0.26,0.2642650842419101,0.232421875,0.001953125,0.5285301684838202
e2,e2_mid,e1_norm_baseline,pol_ei,8,0.38944906273174085,0.3729116902610426,-0.016537372470698242,-0.10910977534435722,0.0797093948989252,-0.11514330773950861,-0.10457449741914995,-0.125,0.7541896278174212,0.640625,0.0078125,0.7541896278174212
e2,e2_human_norm,e1_norm_baseline,pol_extremity,8,1.27625,1.608125,0.33187500000000003,0.27749999999999997,0.39126562499999984,3.730619236121706,3.833663289451985,1.0,1.4998904300661875e-05,0.0078125,0.0078125,5.99956172026475e-05
e2,e2_homog,e1_norm_baseline,pol_extremity,10,1.2920000000000003,1.1560000000000001,-0.13599999999999995,-0.17549999999999993,-0.09749999999999996,-2.007879851168999,-2.2310969441852833,-0.94,0.00013295831547129077,0.001953125,0.001953125,0.0003988749464138723
e2,e2_diverse,e1_norm_baseline,pol_extremity,10,1.2920000000000003,1.3825,0.0905,0.03499999999999996,0.14400000000000002,0.9763755384176896,1.3575903343989602,0.65,0.012980288192468197,0.013671875,0.001953125,0.025960576384936394
e2,e2_mid,e1_norm_baseline,pol_extremity,8,1.27625,1.2581250000000002,-0.018125000000000002,-0.10250000000000006,0.05937499999999998,-0.14278365711315302,-0.24942115944944387,-0.109375,0.6983735706288372,0.9453125,0.0078125,0.6983735706288372
e2,e2_homog,e1_norm_baseline,pol_var,10,1.2617299999999998,0.49133999999999955,-0.7703900000000001,-0.9062901250000003,-0.6362279999999999,-3.384658906171045,-4.285238108169792,-1.0,2.0267420703727745e-06,0.001953125,0.001953125,8.106968281491098e-06
e2,e2_human_norm,e1_norm_baseline,pol_var,8,1.2637749999999999,0.48239374999999957,-0.7813812500000001,-0.9161887500000003,-0.6375178125000002,-3.639992848788488,-4.1765846070887935,-1.0,1.7652000551134293e-05,0.0078125,0.0078125,5.295600165340288e-05
e2,e2_diverse,e1_norm_baseline,pol_var,10,1.2617299999999998,1.616615,0.35488500000000006,0.19507437500000008,0.5021938750000003,1.3384004824851214,1.663504113253586,0.78,0.0021988295295520747,0.005859375,0.001953125,0.0043976590591041495
e2,e2_mid,e1_norm_baseline,pol_var,8,1.2637749999999999,1.2230062499999996,-0.04076875000000005,-0.18125000000000002,0.11907499999999979,-0.17787779290485567,-0.2098692887670802,-0.15625,0.6303249558276967,0.546875,0.0078125,0.6303249558276967
e2,e2_human_norm,e1_norm_baseline,trait_drift_mean,8,0.340938801115696,0.2929215481053812,-0.04801725301031488,-0.056266719180495715,-0.03858777251855958,-3.511997773775694,-4.029172941222136,-1.0,2.235690536573495e-05,0.0078125,0.0078125,8.94276214629398e-05
e2,e2_homog,e1_norm_baseline,trait_drift_mean,10,0.3431423837079772,0.3164270556820611,-0.026715328025916096,-0.03979454410132212,-0.013048804051702794,-1.1594214097873587,-1.7886585129278258,-0.8,0.005183634138166058,0.009765625,0.001953125,0.015550902414498174
e2,e2_diverse,e1_norm_baseline,trait_drift_mean,10,0.3431423837079772,0.35265662493441263,0.009514241226435405,-0.004678957312456539,0.023029893681317175,0.39597507565612666,0.6102755623844498,0.36,0.2420642994854356,0.275390625,0.001953125,0.4841285989708712
e2,e2_mid,e1_norm_baseline,trait_drift_mean,8,0.340938801115696,0.3374557843687158,-0.003483016746980254,-0.016801675248620376,0.010747541860350499,-0.16332886673317104,-0.22061603940052293,-0.34375,0.6581214361679606,0.7421875,0.0078125,0.6581214361679606
e2q,e2q_homog,e1q_norm_baseline,CI_accuracy_z,5,-0.10064204229811173,-0.4317914275644162,-0.33114938526630444,-0.5609519421649004,-0.007141216418943519,-0.9037545095163463,-0.8906562262544316,-0.44,0.11338704761388924,0.125,0.0625,0.45354819045555694
e2q,e2q_diverse,e1q_norm_baseline,CI_accuracy_z,5,-0.10064204229811173,0.1125709797540698,0.2132130220521815,-0.29900708572241763,0.7360403121445961,0.3146035467508855,0.5296679799898671,0.28,0.5205505412383866,0.625,0.0625,1.0
e2q,e2q_human_norm,e1q_norm_baseline,CI_accuracy_z,5,-0.10064204229811173,-0.2726544839864617,-0.17201244168834998,-0.48497763071410327,0.10070656888251897,-0.4684619291531112,-0.49381671142809047,-0.44,0.3539839392965211,0.4375,0.0625,1.0
e2q,e2q_mid,e1q_norm_baseline,CI_accuracy_z,5,-0.10064204229811173,0.14424886304831133,0.24489090534642308,-0.15399240694846922,0.6366160027563155,0.47626163625274126,0.5279596155450167,0.36,0.3469121400379309,0.3125,0.0625,1.0
e2q,e2q_human_norm,e1q_norm_baseline,CI_diversity,5,0.2739183356681621,0.25191003523129507,-0.022008300436867034,-0.0466574160040826,0.009121902038275436,-0.6212357086532192,-0.8134654606952526,-0.52,0.23712954757329532,0.4375,0.0625,0.9485181902931813
e2q,e2q_mid,e1q_norm_baseline,CI_diversity,5,0.2739183356681621,0.2586552141362545,-0.015263121531907614,-0.03437558894104718,0.004376907527184931,-0.5984941177978254,-0.4643158908475533,-0.36,0.2518148140911694,0.3125,0.0625,0.9485181902931813
e2q,e2q_diverse,e1q_norm_baseline,CI_diversity,5,0.2739183356681621,0.267848504427122,-0.0060698312410401465,-0.0332662346454592,0.016993067093718138,-0.18456015988407087,-0.24150080326747944,-0.36,0.7009958333562553,1.0,0.0625,1.0
e2q,e2q_homog,e1q_norm_baseline,CI_diversity,5,0.2739183356681621,0.26284573608670136,-0.011072599581460762,-0.046079532871834736,0.027247045562119404,-0.23798667956196876,-0.4045790769685469,-0.2,0.6228040891516767,0.625,0.0625,1.0
e2q,e2q_mid,e1q_norm_baseline,CI_hidden_profile_rate,5,0.0,0.001,0.001,0.0,0.003,0.4472135954999579,0.5712501579659007,0.2,0.373900966300059,0.31731050786291415,0.0625,0.373900966300059
e2q,e2q_diverse,e1q_norm_baseline,CI_hidden_profile_rate,5,0.0,0.0,0.0,0.0,0.0,,,0.0,,1.0,0.0625,
e2q,e2q_homog,e1q_norm_baseline,CI_hidden_profile_rate,5,0.0,0.0,0.0,0.0,0.0,,,0.0,,1.0,0.0625,
e2q,e2q_human_norm,e1q_norm_baseline,CI_hidden_profile_rate,5,0.0,0.0,0.0,0.0,0.0,,,0.0,,1.0,0.0625,
e2q,e2q_human_norm,e1q_norm_baseline,CI_mean_gain_vs_pre,5,0.004303349654412801,-0.013486598306195202,-0.017789947960608003,-0.024368837343874204,-0.010286209765221802,-2.0974400173848013,-0.7971701264878639,-0.52,0.009377616477039451,0.0625,0.0625,0.037510465908157806
e2q,e2q_homog,e1q_norm_baseline,CI_mean_gain_vs_pre,5,0.004303349654412801,0.009974582373387001,0.005671232718974201,-0.002722985571618399,0.014065451009566802,0.5256910360941012,0.2410395133327049,0.2,0.3049928125651116,0.4375,0.0625,0.9149784376953349
e2q,e2q_diverse,e1q_norm_baseline,CI_mean_gain_vs_pre,5,0.004303349654412801,-0.0029295987913001992,-0.007232948445713,-0.0375925579593052,0.021190358684384403,-0.189018627260024,-0.2755168424636981,-0.2,0.6942756396273557,1.0,0.0625,1.0
e2q,e2q_mid,e1q_norm_baseline,CI_mean_gain_vs_pre,5,0.004303349654412801,0.0052552209499298,0.0009518712955170008,-0.028575665874038803,0.027333078656356802,0.026829327399221576,0.040292528476528686,0.04,0.9550395551051971,1.0,0.0625,1.0
e2q,e2q_mid,e1q_norm_baseline,CI_medrelerr_z,5,0.18902670842728247,-0.06812918859804953,-0.257155897025332,-0.5563261002183097,0.1031521677008755,-0.6076569220196425,-0.6015156933779078,-0.36,0.24579331354025546,0.1875,0.0625,0.9831732541610219
e2q,e2q_diverse,e1q_norm_baseline,CI_medrelerr_z,5,0.18902670842728247,0.12561886297166988,-0.06340784545561262,-0.32349126185950805,0.11368623600247281,-0.21901782167375805,-0.13154365076641117,-0.04,0.6499634694222662,1.0,0.0625,1.0
e2q,e2q_homog,e1q_norm_baseline,CI_medrelerr_z,5,0.18902670842728247,0.08411641802340612,-0.10491029040387637,-0.6581722968879745,0.44835171608022184,-0.14856301982432987,-0.23003370065303205,-0.04,0.7564191297395861,0.8125,0.0625,1.0
e2q,e2q_human_norm,e1q_norm_baseline,CI_medrelerr_z,5,0.18902670842728247,0.17762965644411105,-0.011397051983171447,-0.452367142533389,0.4880554222768782,-0.01895960368123764,-0.02994453508221902,-0.12,0.9682156783077525,1.0,0.0625,1.0
e2q,e2q_homog,e1q_norm_baseline,crosscut_rate,5,0.22432517628012422,0.16702742249664582,-0.057297753783478386,-0.11621446972949781,-0.010252313333465393,-0.8340607720201466,-0.44901676202242236,-0.44,0.13561073219968506,0.125,0.0625,0.5424429287987402
e2q,e2q_human_norm,e1q_norm_baseline,crosscut_rate,5,0.22432517628012422,0.135292936481206,-0.0890322397989182,-0.1815706601460138,-0.016356191640585806,-0.8221610924945834,-0.8875834129907508,-0.52,0.13985642377141067,0.125,0.0625,0.5424429287987402
e2q,e2q_diverse,e1q_norm_baseline,crosscut_rate,5,0.22432517628012422,0.19001493215326962,-0.03431024412685459,-0.14478529400549278,0.08761329063671601,-0.2329170023938642,-0.32804489878941484,-0.12,0.6299949229824595,0.4375,0.0625,1.0
e2q,e2q_mid,e1q_norm_baseline,crosscut_rate,5,0.22432517628012422,0.18189876848064285,-0.04242640779948139,-0.15582185549561,0.06178997384346561,-0.30356162475999515,-0.41799039981557284,-0.28,0.5345177608103742,0.625,0.0625,1.0
e2q,e2q_homog,e1q_norm_baseline,pol_assort,5,-0.0254283548085426,-0.053549382347202,-0.028121027538659398,-0.0500179280466881,-0.010241813088027001,-1.1124763532520756,-0.5519369389505204,-0.36,0.06766000025635113,0.0625,0.0625,0.2104253915905616
e2q,e2q_mid,e1q_norm_baseline,pol_assort,5,-0.0254283548085426,-0.04350566540420531,-0.018077310595662706,-0.029562061306802105,-0.006562507936361203,-1.2195441405043423,-0.5270453185814814,-0.28,0.0526063478976404,0.125,0.0625,0.2104253915905616
e2q,e2q_diverse,e1q_norm_baseline,pol_assort,5,-0.0254283548085426,-0.0380061127379136,-0.012577757929371,-0.0818928864005837,0.05673737054184169,-0.13590215951913792,-0.23410877640485606,-0.12,0.7763662658870633,0.8125,0.0625,1.0
e2q,e2q_human_norm,e1q_norm_baseline,pol_assort,5,-0.0254283548085426,-0.0236773332295566,0.0017510215789859978,-0.056786752021506015,0.0496994674535006,0.025199827527290417,0.03235310746763279,0.04,0.9577665367207195,0.8125,0.0625,1.0
e2q,e2q_human_norm,e1q_norm_baseline,pol_ei,5,0.0475179708166376,0.23858549881638655,0.1910675279997489,0.0976871082612101,0.2801344359450029,1.6999435528427105,1.610576406594882,0.84,0.019084125761460378,0.0625,0.0625,0.07633650304584151
e2q,e2q_diverse,e1q_norm_baseline,pol_ei,5,0.0475179708166376,-0.018848169039156,-0.06636613985579361,-0.1147283566546787,-0.017308119370913602,-1.0178012795471536,-0.9423368496083879,-0.52,0.08517354944038161,0.125,0.0625,0.25552064832114485
e2q,e2q_mid,e1q_norm_baseline,pol_ei,5,0.0475179708166376,0.017686792480500993,-0.029831178336136605,-0.055016957968134904,-0.004645398704138307,-0.8931300520055727,-0.30047784828707413,-0.12,0.11650177588881455,0.3125,0.0625,0.25552064832114485
e2q,e2q_homog,e1q_norm_baseline,pol_ei,5,0.0475179708166376,0.08229331217965201,0.0347753413630144,-0.0311739324533791,0.10072461517940792,0.3924576468836416,0.26782864260926287,0.12,0.42972994416000365,0.4375,0.0625,0.42972994416000365
e2q,e2q_homog,e1q_norm_baseline,pol_extremity,5,1.204,1.016,-0.18799999999999992,-0.22799999999999992,-0.15199999999999986,-3.851601920723211,-1.4285094109776137,-0.68,0.0009990479581218398,0.0625,0.0625,0.003996191832487359
e2q,e2q_human_norm,e1q_norm_baseline,pol_extremity,5,1.204,1.012,-0.192,-0.2450000000000001,-0.13999999999999996,-2.7065081357942944,-1.9028084311562667,-0.88,0.003761722397808565,0.0625,0.0625,0.011285167193425694
e2q,e2q_diverse,e1q_norm_baseline,pol_extremity,5,1.204,1.218,0.014000000000000012,-0.12699999999999995,0.135,0.08579114269682625,0.1296939619520266,0.12,0.8572163962617834,0.625,0.0625,1.0
e2q,e2q_mid,e1q_norm_baseline,pol_extremity,5,1.204,1.175,-0.02899999999999996,-0.13399999999999995,0.05400000000000009,-0.23076638941598585,-0.30823939609463397,-0.2,0.6330604539101837,1.0,0.0625,1.0
e2q,e2q_human_norm,e1q_norm_baseline,pol_var,5,1.8623399999999997,1.4046599999999998,-0.45767999999999986,-0.5106399999999998,-0.3948400000000002,-6.19139593016288,-2.335892289162844,-1.0,0.00015779748785226455,0.0625,0.0625,0.0006311899514090582
e2q,e2q_homog,e1q_norm_baseline,pol_var,5,1.8623399999999997,1.4536599999999997,-0.4086799999999998,-0.5121500000000001,-0.30370999999999954,-3.0217593360692363,-1.638017990714069,-0.68,0.0025019240479107773,0.0625,0.0625,0.007505772143732332
e2q,e2q_diverse,e1q_norm_baseline,pol_var,5,1.8623399999999997,1.9693599999999996,0.10701999999999989,-0.18997999999999954,0.3357699999999995,0.31510826577753287,0.49613398456856717,0.28,0.5199184794130318,0.625,0.0625,1.0
e2q,e2q_mid,e1q_norm_baseline,pol_var,5,1.8623399999999997,1.8199499999999993,-0.04239000000000028,-0.23964999999999978,0.11137999999999951,-0.18429697652992597,-0.2983570562905914,0.12,0.7013935707534036,1.0,0.0625,1.0
e2q,e2q_homog,e1q_norm_baseline,trait_drift_mean,5,0.22653689506050884,0.19332448939811459,-0.03321240566239421,-0.048090302337222016,-0.01811312048132021,-1.7226549439196888,-1.1095929730029679,-0.6,0.01827181395990953,0.0625,0.0625,0.07308725583963813
e2q,e2q_diverse,e1q_norm_baseline,trait_drift_mean,5,0.22653689506050884,0.2701663818836424,0.0436294868231336,0.019612873298664797,0.073967490582519,1.2494921246874078,1.6232164919528869,0.92,0.04911367818841378,0.0625,0.0625,0.14734103456524134
e2q,e2q_human_norm,e1q_norm_baseline,trait_drift_mean,5,0.22653689506050884,0.22958499799181142,0.003048102931302599,-0.016872800179825804,0.0281117514357396,0.10772741350866466,0.1325849248995624,-0.2,0.8214868835525604,1.0,0.0625,1.0
e2q,e2q_mid,e1q_norm_baseline,trait_drift_mean,5,0.22653689506050884,0.228523735738365,0.0019868406778561997,-0.012400779426117592,0.0195980219086292,0.09890301156589174,0.060306687826889555,-0.12,0.8358032553689945,1.0,0.0625,1.0
e2qwen7,e2qwen7_homog,e1qwen7_norm_baseline,CI_accuracy_z,8,0.05746000195446861,0.4189566976076112,0.3614966956531425,0.17860721546769556,0.5766973157904498,1.1861035049801214,1.6713068165414908,0.75,0.012170444253271488,0.015625,0.0078125,0.04868177701308595
e2qwen7,e2qwen7_diverse,e1qwen7_norm_baseline,CI_accuracy_z,8,0.05746000195446861,-0.06988207712945677,-0.12734207908392536,-0.37098913367392966,0.08828150589045487,-0.35715390112527723,-0.4240323536174208,-0.25,0.34604359896826364,0.4609375,0.0078125,1.0
e2qwen7,e2qwen7_human_norm,e1qwen7_norm_baseline,CI_accuracy_z,8,0.05746000195446861,0.14955415450601184,0.09209415255154323,-0.1604876312348162,0.33527727823601444,0.24019739542992838,0.34815213560988956,0.15625,0.5187226229927946,0.546875,0.0078125,1.0
e2qwen7,e2qwen7_mid,e1qwen7_norm_baseline,CI_accuracy_z,8,0.05746000195446861,0.06967715335435513,0.012217151399886505,-0.09812170630601189,0.1258168688815585,0.07143785809620724,0.04497944950298846,0.03125,0.8456191196165149,0.9453125,0.0078125,1.0
e2qwen7,e2qwen7_human_norm,e1qwen7_norm_baseline,CI_diversity,8,0.15021508468423414,0.17242672344998308,0.022211638765748946,0.01210467159455561,0.03157163571251907,1.4755598089119235,1.677885544723625,0.8125,0.004170832754458501,0.015625,0.0078125,0.016683331017834004
e2qwen7,e2qwen7_homog,e1qwen7_norm_baseline,CI_diversity,8,0.15021508468423414,0.09798067960441253,-0.052234405079821605,-0.0744129034552006,-0.02529726134328762,-1.3384690269797062,-1.7645695588325907,-0.78125,0.006840622325656954,0.0234375,0.0078125,0.02052186697697086
e2qwen7,e2qwen7_mid,e1qwen7_norm_baseline,CI_diversity,8,0.15021508468423414,0.1654873536391349,0.01527226895490075,0.005722212353453011,0.02413066579052369,1.0872144144494873,1.0408886177227519,0.59375,0.017938282316103442,0.0390625,0.0078125,0.035876564632206884
e2qwen7,e2qwen7_diverse,e1qwen7_norm_baseline,CI_diversity,8,0.15021508468423414,0.16158042471929973,0.011365340035065605,0.0009247871809422922,0.022746868206151533,0.6626173131575541,0.7990590041058877,0.46875,0.10304551134109481,0.078125,0.0078125,0.10304551134109481
e2qwen7,e2qwen7_diverse,e1qwen7_norm_baseline,CI_hidden_profile_rate,8,0.7725,0.8299999999999998,0.057499999999999954,0.03187499999999999,0.08249999999999992,1.4917642497804704,1.695084179765768,0.796875,0.003939796471265261,0.015625,0.0078125,0.015759185885061044
e2qwen7,e2qwen7_homog,e1qwen7_norm_baseline,CI_hidden_profile_rate,8,0.7725,0.74125,-0.031249999999999917,-0.04874999999999968,-0.013750000000000054,-1.1591691932902721,-1.0820727229444393,-0.5,0.013512634109533886,0.015625,0.0078125,0.04053790232860166
e2qwen7,e2qwen7_human_norm,e1qwen7_norm_baseline,CI_hidden_profile_rate,8,0.7725,0.779375,0.006875000000000117,-0.012499999999999636,0.029375000000000012,0.2107825676138931,0.18807665327966075,0.25,0.5698212323396192,0.546875,0.0078125,1.0
e2qwen7,e2qwen7_mid,e1qwen7_norm_baseline,CI_hidden_profile_rate,8,0.7725,0.7699999999999999,-0.0025000000000000022,-0.01687500000000003,0.012500000000000025,-0.11023963796102461,-0.06619505851768949,-0.078125,0.764270834067577,0.5282327768679831,0.0078125,1.0
e2qwen7,e2qwen7_mid,e1qwen7_norm_baseline,CI_mean_gain_vs_pre,8,-0.032884373700697876,0.015908506093937253,0.04879287979463513,0.012991526596083913,0.08612574953062488,0.8535661373222778,1.2128630747345146,0.65625,0.04648299087603765,0.0546875,0.0078125,0.1859319635041506
e2qwen7,e2qwen7_human_norm,e1qwen7_norm_baseline,CI_mean_gain_vs_pre,8,-0.032884373700697876,0.006960884219970625,0.0398452579206685,0.005755559246700873,0.07181805373578924,0.7823228714708482,1.0949872767538709,0.53125,0.06254350421112082,0.0546875,0.0078125,0.18763051263336245
e2qwen7,e2qwen7_diverse,e1qwen7_norm_baseline,CI_mean_gain_vs_pre,8,-0.032884373700697876,-0.003299642558308127,0.029584731142389752,-0.004233074739115751,0.0647585952350942,0.5567039222358233,0.7042392918422764,0.5,0.15935075907742308,0.1953125,0.0078125,0.292309900307529
e2qwen7,e2qwen7_homog,e1qwen7_norm_baseline,CI_mean_gain_vs_pre,8,-0.032884373700697876,-0.007821414504183126,0.025062959196514755,-0.006065632080818248,0.04943091235055544,0.577908262391549,0.667143468491923,0.46875,0.1461549501537645,0.1953125,0.0078125,0.292309900307529
e2qwen7,e2qwen7_homog,e1qwen7_norm_baseline,CI_medrelerr_z,8,-0.060421651420196384,0.764197891004271,0.8246195424244673,0.48764406374769853,1.225701070284682,1.4317552041325763,2.3626345834036364,0.9375,0.004873177233813398,0.0078125,0.0078125,0.01949270893525359
e2qwen7,e2qwen7_mid,e1qwen7_norm_baseline,CI_medrelerr_z,8,-0.060421651420196384,-0.19057723775604404,-0.13015558633584765,-0.29921195956561936,0.04699561728788541,-0.48997356852316115,-0.4772064574674932,-0.28125,0.20833454925062797,0.1953125,0.0078125,0.6250036477518839
e2qwen7,e2qwen7_human_norm,e1qwen7_norm_baseline,CI_medrelerr_z,8,-0.060421651420196384,0.10799356629358617,0.16841521771378254,-0.11325124900330552,0.4708737936962823,0.3708397787921454,0.5795404302855546,0.25,0.32908577735149874,0.3828125,0.0078125,0.6581715547029975
e2qwen7,e2qwen7_diverse,e1qwen7_norm_baseline,CI_medrelerr_z,8,-0.060421651420196384,-0.059609338921476976,0.0008123124987194155,-0.197005966129892,0.22669747146705427,0.0024456202836730364,0.003201711225001455,-0.078125,0.994673877580482,0.8334840043889592,0.0078125,0.994673877580482
e2qwen7,e2qwen7_human_norm,e1qwen7_norm_baseline,crosscut_rate,8,0.2828775701319179,0.1527338154105896,-0.13014375472132825,-0.18551461492131915,-0.07863353270881673,-1.597004491595998,-2.5439552598823765,-0.9375,0.002741931950471496,0.0078125,0.0078125,0.010967727801885985
e2qwen7,e2qwen7_diverse,e1qwen7_norm_baseline,crosscut_rate,8,0.2828775701319179,0.2025740651419054,-0.0803035049900125,-0.13702902020590074,-0.01979555878692775,-0.8811738924818191,-1.5477505339854019,-0.78125,0.04145456936521358,0.0390625,0.0078125,0.12436370809564073
e2qwen7,e2qwen7_mid,e1qwen7_norm_baseline,crosscut_rate,8,0.2828775701319179,0.21281952725180814,-0.07005804288010975,-0.13698987032487228,-0.008598136364935307,-0.6964818414233128,-1.1225894193317871,-0.71875,0.08949803697747398,0.1484375,0.0078125,0.17899607395494796
e2qwen7,e2qwen7_homog,e1qwen7_norm_baseline,crosscut_rate,8,0.2828775701319179,0.2640810139366684,-0.0187965561952495,-0.05330462397260328,0.03267795284060737,-0.26455639234639294,-0.3955421654210814,-0.28125,0.4786736009295607,0.1953125,0.0078125,0.4786736009295607
e2qwen7,e2qwen7_diverse,e1qwen7_norm_baseline,pol_assort,8,-0.027230548402019,-0.035044141117505,-0.007813592715486001,-0.0424206328561915,0.0357609965440185,-0.12913627320177426,-0.14426293081107325,-0.0625,0.7257095401152338,0.4609375,0.0078125,1.0
e2qwen7,e2qwen7_homog,e1qwen7_norm_baseline,pol_assort,8,-0.027230548402019,-0.019625230337488753,0.007605318064530248,-0.022142169468472507,0.033432834635642714,0.17783218615454582,0.18386888621987524,0.28125,0.6304111270947441,0.4609375,0.0078125,1.0
e2qwen7,e2qwen7_human_norm,e1qwen7_norm_baseline,pol_assort,8,-0.027230548402019,-0.02615355224722856,0.0010769961547904341,-0.041811159504574126,0.04240024834035577,0.016501015128611372,0.02367722791785856,0.15625,0.964078323979416,0.84375,0.0078125,1.0
e2qwen7,e2qwen7_mid,e1qwen7_norm_baseline,pol_assort,8,-0.027230548402019,-0.02964904026584863,-0.0024184918638296303,-0.02753925269210249,0.023876462092203184,-0.06115963318060716,-0.05346003369648642,0.15625,0.8675584253544081,1.0,0.0078125,1.0
e2qwen7,e2qwen7_diverse,e1qwen7_norm_baseline,pol_ei,8,0.09009727922952838,0.29257921954222066,0.20248194031269226,0.07364724557190812,0.32414936197595595,1.0423856365486517,1.6489986616257946,0.78125,0.02145827307855483,0.0390625,0.0078125,0.08583309231421932
e2qwen7,e2qwen7_human_norm,e1qwen7_norm_baseline,pol_ei,8,0.09009727922952838,0.22272932332139933,0.13263204409187093,0.020300397272633327,0.24199199859297418,0.7770933253820849,1.2041638428539851,0.71875,0.06392398608913304,0.109375,0.0078125,0.1659394221216452
e2qwen7,e2qwen7_mid,e1qwen7_norm_baseline,pol_ei,8,0.09009727922952838,0.22518666326389372,0.13508938403436532,0.02375398958395014,0.23707379434295495,0.8117718639536229,1.059415556131279,0.40625,0.05531314070721506,0.078125,0.0078125,0.1659394221216452
e2qwen7,e2qwen7_homog,e1qwen7_norm_baseline,pol_ei,8,0.09009727922952838,0.08491943065767044,-0.005177848571857942,-0.08866138161347102,0.08481707894256173,-0.03859300049876821,-0.04782702753211802,-0.03125,0.9161408715058749,0.9453125,0.0078125,0.9161408715058749
e2qwen7,e2qwen7_diverse,e1qwen7_norm_baseline,pol_extremity,8,1.5875,1.698125,0.110625,0.06687499999999999,0.156875,1.5879709197536525,1.8562537320621522,0.84375,0.002827125064435757,0.0078125,0.0078125,0.011308500257743027
e2qwen7,e2qwen7_mid,e1qwen7_norm_baseline,pol_extremity,8,1.5875,1.6800000000000002,0.09250000000000003,0.02375000000000005,0.16125,0.8793870011209391,1.1649516561130626,0.640625,0.041762415462076714,0.0546875,0.0078125,0.12528724638623015
e2qwen7,e2qwen7_homog,e1qwen7_norm_baseline,pol_extremity,8,1.5875,1.555,-0.03249999999999997,-0.11687499999999995,0.09,-0.19474699325639327,-0.2615340756031864,-0.375,0.5988830765232314,0.25,0.0078125,1.0
e2qwen7,e2qwen7_human_norm,e1qwen7_norm_baseline,pol_extremity,8,1.5875,1.598125,0.010625000000000023,-0.06687499999999996,0.115625,0.07293057818341349,0.10293005136499588,-0.171875,0.8424445122599332,0.4609375,0.0078125,1.0
e2qwen7,e2qwen7_diverse,e1qwen7_norm_baseline,pol_var,8,2.2706749999999998,2.00338125,-0.26729375000000016,-0.5179453125000001,-0.03838125000000012,-0.720594246524954,-0.9894497778456645,-0.53125,0.08093373965699102,0.078125,0.0078125,0.3237349586279641
e2qwen7,e2qwen7_mid,e1qwen7_norm_baseline,pol_var,8,2.2706749999999998,2.1064374999999997,-0.1642375000000001,-0.35218093749999957,0.05151874999999981,-0.5235935700097569,-0.8188214513066558,-0.46875,0.18216988270347245,0.3125,0.0078125,0.5465096481104174
e2qwen7,e2qwen7_homog,e1qwen7_norm_baseline,pol_var,8,2.2706749999999998,2.19885,-0.07182499999999983,-0.22360671874999996,0.08788750000000006,-0.3012545663163845,-0.4010029448310983,-0.25,0.422362822478217,0.3828125,0.0078125,0.844725644956434
e2qwen7,e2qwen7_human_norm,e1qwen7_norm_baseline,pol_var,8,2.2706749999999998,2.29529375,0.024618749999999856,-0.17383609374999978,0.2205124999999994,0.08079682918758284,0.13074874585428362,0.0625,0.8257684185450299,0.7421875,0.0078125,0.844725644956434
e2qwen7,e2qwen7_human_norm,e1qwen7_norm_baseline,trait_drift_mean,8,0.3217485525804328,0.27336550398854553,-0.04838304859188724,-0.07386769707655104,-0.01956990160049275,-1.161541590233114,-1.673883832103809,-0.71875,0.013388262526072003,0.0234375,0.0078125,0.053553050104288014
e2qwen7,e2qwen7_homog,e1qwen7_norm_baseline,trait_drift_mean,8,0.3217485525804328,0.27987862768884453,-0.041869924891588244,-0.063908588660649,-0.013824461019759489,-1.0705496731935686,-1.11987136670984,-0.59375,0.019169379471902465,0.0390625,0.0078125,0.0575081384157074
e2qwen7,e2qwen7_diverse,e1qwen7_norm_baseline,trait_drift_mean,8,0.3217485525804328,0.34874820076593677,0.02699964818550401,-0.0006933093216215985,0.057631494006717424,0.5974574017223467,0.9227725612042742,0.375,0.13490109802588196,0.1953125,0.0078125,0.2698021960517639
e2qwen7,e2qwen7_mid,e1qwen7_norm_baseline,trait_drift_mean,8,0.3217485525804328,0.323106496626432,0.0013579440459992528,-0.028844998191200056,0.029541058786928195,0.029948157209082782,0.036609230107988104,0.0,0.9348666915970818,0.9453125,0.0078125,0.9348666915970818
e2t,e2t_human_norm,e1t_norm_baseline,CI_accuracy_z,8,0.16240167390252108,-0.6188021226300737,-0.7812037965325948,-1.3139908662457949,-0.3687477430621138,-1.043315761495566,-1.3878311506358707,-0.84375,0.021378229233538767,0.0078125,0.0078125,0.08551291693415507
e2t,e2t_homog,e1t_norm_baseline,CI_accuracy_z,8,0.16240167390252108,-0.18436472305920554,-0.3467663969617266,-0.8480494573397515,-0.031641118105440486,-0.5144805246741786,-0.584087128838913,-0.34375,0.18895293976458008,0.0546875,0.0078125,0.5668588192937403
e2t,e2t_diverse,e1t_norm_baseline,CI_accuracy_z,8,0.16240167390252108,-0.040970021324018176,-0.20337169522653922,-0.6612282294857074,0.19303866302633269,-0.30219923534373316,-0.34745214514151673,-0.09375,0.4209781116247099,0.7421875,0.0078125,0.8419562232494198
e2t,e2t_mid,e1t_norm_baseline,CI_accuracy_z,8,0.16240167390252108,0.017878833818962693,-0.14452284008355837,-0.7473310419505914,0.3707180366501365,-0.16721670821816445,-0.24738801977480684,-0.09375,0.6506340151261347,0.7421875,0.0078125,0.8419562232494198
e2t,e2t_human_norm,e1t_norm_baseline,CI_diversity,8,0.1620246977314208,0.13187508401385395,-0.03014961371756688,-0.04300794104771545,-0.0176609614119917,-1.5091810820321743,-1.6672712745305618,-0.75,0.0037070268690755893,0.0078125,0.0078125,0.014828107476302357
e2t,e2t_diverse,e1t_norm_baseline,CI_diversity,8,0.1620246977314208,0.14021334096727453,-0.021811356764146313,-0.034265054556560495,-0.008367311175335543,-1.0689092932889512,-1.2349834957941097,-0.65625,0.019295324792572052,0.0390625,0.0078125,0.05788597437771616
e2t,e2t_mid,e1t_norm_baseline,CI_diversity,8,0.1620246977314208,0.14505930683851498,-0.01696539089290586,-0.03010897865365831,-0.0016854487107350706,-0.7658461716420656,-0.9027421746827659,-0.5625,0.06699777395986278,0.109375,0.0078125,0.13399554791972557
e2t,e2t_homog,e1t_norm_baseline,CI_diversity,8,0.1620246977314208,0.16289112175011145,0.0008664240186906039,-0.0144286202163172,0.016294580241052424,0.0360625267594493,0.03404366332672807,0.0,0.9216168629754797,0.9453125,0.0078125,0.9216168629754797
e2t,e2t_homog,e1t_norm_baseline,CI_hidden_profile_rate,8,0.125,0.08249999999999974,-0.04250000000000025,-0.05625000000000013,-0.028125000000000247,-1.942743866633826,-1.5425235364084746,-0.71875,0.0009114403351205055,0.0078125,0.0078125,0.003645761340482022
e2t,e2t_human_norm,e1t_norm_baseline,CI_hidden_profile_rate,8,0.125,0.110625,-0.014375000000000002,-0.03875000000000001,0.005625,-0.41199248429315405,-0.509241879555036,-0.375,0.28206911639215493,0.4003808031520797,0.0078125,0.8462073491764648
e2t,e2t_diverse,e1t_norm_baseline,CI_hidden_profile_rate,8,0.125,0.11999999999999988,-0.005000000000000128,-0.02437500000000025,0.017499999999999877,-0.1553638665664697,-0.1971409005630562,-0.140625,0.6735921965950631,0.546875,0.0078125,1.0
e2t,e2t_mid,e1t_norm_baseline,CI_hidden_profile_rate,8,0.125,0.11687499999999987,-0.00812500000000013,-0.03187500000000013,0.014999999999999996,-0.22476879515258325,-0.3184435928428873,-0.3125,0.5451598536831967,0.640625,0.0078125,1.0
e2t,e2t_diverse,e1t_norm_baseline,CI_mean_gain_vs_pre,8,0.007610367393016001,0.009689512605607126,0.0020791452125911263,-0.025624835036266558,0.027993351308530968,0.05020091560803431,0.034004113495876884,-0.0625,0.8910884528094113,0.9453125,0.0078125,1.0
e2t,e2t_homog,e1t_norm_baseline,CI_mean_gain_vs_pre,8,0.007610367393016001,-0.018375525100420877,-0.025985892493436875,-0.08034523675456488,0.024741275598552208,-0.31532944999299845,-0.5148564055889996,-0.40625,0.40207026268858104,0.3828125,0.0078125,1.0
e2t,e2t_human_norm,e1t_norm_baseline,CI_mean_gain_vs_pre,8,0.007610367393016001,0.011804988112233251,0.00419462071921725,-0.04119568572951894,0.04550983386098208,0.06313748131431482,0.059288629480709856,0.03125,0.863326217500249,0.7421875,0.0078125,1.0
e2t,e2t_mid,e1t_norm_baseline,CI_mean_gain_vs_pre,8,0.007610367393016001,-0.018076870579862125,-0.025687237972878127,-0.07656800383039576,0.02859374487027907,-0.3142794494693999,-0.3602905705811279,-0.1875,0.4035590420778616,0.546875,0.0078125,1.0
e2t,e2t_human_norm,e1t_norm_baseline,CI_medrelerr_z,8,-0.06592276776818409,-0.7656558806933477,-0.6997331129251636,-0.9648247045582491,-0.4601782496054924,-1.7928839439351485,-1.5782438075572194,-0.71875,0.0014454120423317983,0.0078125,0.0078125,0.005781648169327193
e2t,e2t_diverse,e1t_norm_baseline,CI_medrelerr_z,8,-0.06592276776818409,-0.0015528737447908572,0.06436989402339324,-0.19049102297612477,0.32901630489990885,0.15923920747597592,0.16936100976826002,0.25,0.6660431683846143,0.640625,0.0078125,1.0
e2t,e2t_homog,e1t_norm_baseline,CI_medrelerr_z,8,-0.06592276776818409,-0.12298187198826162,-0.05705910422007748,-0.38159371417030186,0.243793933390158,-0.11665690504586224,-0.13383689890565212,0.21875,0.7510881411901908,0.9453125,0.0078125,1.0
e2t,e2t_mid,e1t_norm_baseline,CI_medrelerr_z,8,-0.06592276776818409,0.10816921640352842,0.1740919841717125,-0.20365348022338892,0.5318245846565793,0.3079090309334211,0.5105959839115144,0.46875,0.41267820699114344,0.3125,0.0078125,1.0
e2t,e2t_human_norm,e1t_norm_baseline,crosscut_rate,8,0.14583752508424075,0.00720192473539425,-0.1386356003488465,-0.17419132668348936,-0.10638035043457056,-2.6141027613605727,-2.951202446285961,-1.0,0.00015021310409853367,0.0078125,0.0078125,0.0006008524163941347
e2t,e2t_homog,e1t_norm_baseline,crosscut_rate,8,0.14583752508424075,0.018869661237696126,-0.12696786384654463,-0.16776301425803863,-0.08888081595039563,-2.0726672014478003,-2.6555044210962127,-1.0,0.0006227254621256919,0.0078125,0.0078125,0.0018681763863770756
e2t,e2t_diverse,e1t_norm_baseline,crosscut_rate,8,0.14583752508424075,0.203746825065779,0.057909299981538265,0.0034879338712332027,0.10647675592494549,0.7287696629199732,0.9992209106739774,0.59375,0.0782181032148444,0.078125,0.0078125,0.1564362064296888
e2t,e2t_mid,e1t_norm_baseline,crosscut_rate,8,0.14583752508424075,0.137944113068719,-0.00789341201552175,-0.04202473293361525,0.03089427418550288,-0.14088098649271694,-0.12671248639507227,-0.03125,0.7021571545728943,0.7421875,0.0078125,0.7021571545728943
e2t,e2t_human_norm,e1t_norm_baseline,pol_assort,8,-0.039564380888486364,-0.011875032201301655,0.0276893486871847,-0.007630175477810926,0.06068149291122673,0.5294351948502793,0.7476933597316281,0.34375,0.17793871472520362,0.1484375,0.0078125,0.7117548589008145
e2t,e2t_diverse,e1t_norm_baseline,pol_assort,8,-0.039564380888486364,-0.021087113471142102,0.018477267417344255,-0.01587769899636449,0.054711851824222106,0.3437162272161919,0.5280478972452408,0.28125,0.36334997704866545,0.4609375,0.0078125,1.0
e2t,e2t_homog,e1t_norm_baseline,pol_assort,8,-0.039564380888486364,-0.028553259429517905,0.011011121458968456,-0.019230212111042134,0.040433310225454294,0.23880353293552062,0.2661010316875534,0.15625,0.5210773615239581,0.4609375,0.0078125,1.0
e2t,e2t_mid,e1t_norm_baseline,pol_assort,8,-0.039564380888486364,-0.04123087256768621,-0.001666491679199856,-0.015465814523367462,0.012913871750150241,-0.07565015128656268,-0.03837730555344567,-0.09375,0.8366688359917505,0.7421875,0.0078125,1.0
e2t,e2t_homog,e1t_norm_baseline,pol_ei,8,0.4251263106152759,0.839837554443637,0.414711243828361,0.3923249733612066,0.4338953127811612,12.632725209497046,5.054990689840091,1.0,3.4921469456799285e-09,0.0078125,0.0078125,1.3968587782719714e-08
e2t,e2t_human_norm,e1t_norm_baseline,pol_ei,8,0.4251263106152759,0.9228999295792208,0.4977736189639449,0.47281651740948616,0.5247048438329975,12.516502877019821,6.8791932395784885,1.0,3.724374624650024e-09,0.0078125,0.0078125,1.3968587782719714e-08
e2t,e2t_diverse,e1t_norm_baseline,pol_ei,8,0.4251263106152759,0.28091319844603213,-0.14421311216924376,-0.2142047264798616,-0.06654862965459393,-1.278296046802161,-1.777419504967065,-0.84375,0.008560520059800673,0.0234375,0.0078125,0.017121040119601347
e2t,e2t_mid,e1t_norm_baseline,pol_ei,8,0.4251263106152759,0.41339219380470993,-0.011734116810565937,-0.04240270279536137,0.02049367496423448,-0.2364651348877141,-0.1423921760075496,-0.125,0.525042887150706,0.546875,0.0078125,0.525042887150706
e2t,e2t_human_norm,e1t_norm_baseline,pol_extremity,8,1.359375,1.787291666666667,0.4279166666666667,0.40333333333333343,0.455,10.653749708705272,14.096118015419917,1.0,1.1430517999057201e-08,0.0078125,0.0078125,4.5722071996228805e-08
e2t,e2t_homog,e1t_norm_baseline,pol_extremity,8,1.359375,1.279375,-0.08000000000000007,-0.10041666666666674,-0.06395833333333337,-2.836882830082484,-2.00341215458048,-0.9375,8.942787644749483e-05,0.0078125,0.0078125,0.0002682836293424845
e2t,e2t_diverse,e1t_norm_baseline,pol_extremity,8,1.359375,1.4279166666666667,0.06854166666666656,0.042708333333333265,0.09354166666666655,1.7074386981657539,1.5787798415663483,0.875,0.0019008541389086274,0.0078125,0.0078125,0.003801708277817255
e2t,e2t_mid,e1t_norm_baseline,pol_extremity,8,1.359375,1.3695833333333334,0.010208333333333292,-0.025416666666666754,0.04562499999999997,0.18307922993965461,0.20476355150568948,0.1875,0.6205378661680802,0.640625,0.0078125,0.6205378661680802
e2t,e2t_homog,e1t_norm_baseline,pol_var,8,1.1896979166666664,0.3611687499999995,-0.8285291666666668,-0.8756050520833335,-0.7772732291666667,-10.87112288472783,-11.412047311203334,-1.0,9.932803792687683e-09,0.0078125,0.0078125,3.973121517075073e-08
e2t,e2t_human_norm,e1t_norm_baseline,pol_var,8,1.1896979166666664,0.3030562499999997,-0.8866416666666668,-0.9566700520833334,-0.8166079166666669,-8.14928898507636,-11.697094329194865,-1.0,7.335574696690174e-08,0.0078125,0.0078125,2.2006724090070522e-07
e2t,e2t_diverse,e1t_norm_baseline,pol_var,8,1.1896979166666664,1.7167666666666666,0.5270687500000002,0.4260226041666668,0.6136166666666666,3.6695918648582717,4.465207245400763,1.0,1.6730947516749886e-05,0.0078125,0.0078125,3.346189503349977e-05
e2t,e2t_mid,e1t_norm_baseline,pol_var,8,1.1896979166666664,1.2078249999999997,0.01812708333333332,-0.028805885416666715,0.07352083333333345,0.22781926066348412,0.19840805989917157,0.15625,0.5398682441150406,0.84375,0.0078125,0.5398682441150406
e2t,e2t_human_norm,e1t_norm_baseline,trait_drift_mean,8,0.38003384869765766,0.3077866163026223,-0.07224723239503537,-0.0828690950476713,-0.06153117101011962,-4.377699170122924,-5.560809470973922,-1.0,5.150960416756221e-06,0.0078125,0.0078125,2.0603841667024883e-05
e2t,e2t_homog,e1t_norm_baseline,trait_drift_mean,8,0.38003384869765766,0.3535265843281617,-0.026507264369495992,-0.04502731311100726,-0.005920383216032367,-0.8595008361419286,-1.196765487470806,-0.5625,0.04535157460513211,0.0546875,0.0078125,0.13605472381539632
e2t,e2t_diverse,e1t_norm_baseline,trait_drift_mean,8,0.38003384869765766,0.38095034934188643,0.0009165006442287613,-0.012945642513133758,0.013974848208623894,0.043276748169224444,0.062155223216610045,0.03125,0.906018263483921,1.0,0.0078125,1.0
e2t,e2t_mid,e1t_norm_baseline,trait_drift_mean,8,0.38003384869765766,0.38290865875032704,0.0028748100526693812,-0.005417809672331502,0.011961674338263631,0.21205092083221674,0.1874243939852759,0.0625,0.567558051709319,0.640625,0.0078125,1.0
e3,e3_O5_A8,e1_norm_baseline,CI_accuracy_z,8,0.23551271720332007,-0.32617796430112256,-0.5616906815044426,-0.9775122466540347,-0.05877475888718989,-0.7972646459550229,-0.9631230834663911,-0.59375,0.05876270311028053,0.078125,0.0078125,0.5288643279925247
e3,e3_O8_A8,e1_norm_baseline,CI_accuracy_z,8,0.23551271720332007,-0.245884520446609,-0.48139723764992903,-0.9283097626150412,0.015566477086140201,-0.6748705249056001,-0.8425855371150022,-0.625,0.09792710735989851,0.1484375,0.0078125,0.7834168588791881
e3,e3_O2_A2,e1_norm_baseline,CI_accuracy_z,8,0.23551271720332007,0.5556539959711413,0.3201412787678212,-0.1393144833329491,0.7714822950773768,0.4599376720887569,0.585152873313722,0.46875,0.23447616447402256,0.1953125,0.0078125,1.0
e3,e3_O2_A5,e1_norm_baseline,CI_accuracy_z,8,0.23551271720332007,0.3700694913111533,0.13455677410783323,-0.49320055194537177,0.776161484263656,0.13728106527539088,0.19106951813600234,0.25,0.709340589434539,0.84375,0.0078125,1.0
e3,e3_O2_A8,e1_norm_baseline,CI_accuracy_z,8,0.23551271720332007,0.17437892847252925,-0.06113378873079081,-0.6354873605689926,0.46094523108154506,-0.07314418640827855,-0.11034101293839173,-0.03125,0.8419904813260223,0.9453125,0.0078125,1.0
e3,e3_O5_A2,e1_norm_baseline,CI_accuracy_z,8,0.23551271720332007,0.32450932888698036,0.08899661168366022,-0.4512970088912452,0.6097105720774526,0.10706222498399307,0.1380989781962343,0.15625,0.7708295367183995,0.84375,0.0078125,1.0
e3,e3_O5_A5,e1_norm_baseline,CI_accuracy_z,8,0.23551271720332007,0.20900343182724535,-0.026509285376074693,-0.7574997912769634,0.6395812774343843,-0.024757739291705605,-0.03990251328123956,-0.0625,0.9461318996705497,1.0,0.0078125,1.0
e3,e3_O8_A2,e1_norm_baseline,CI_accuracy_z,8,0.23551271720332007,0.004595367738202516,-0.23091734946511752,-0.7634209733448033,0.3166289596552416,-0.28125541054634445,-0.3972047665455514,-0.15625,0.4524434309030003,0.640625,0.0078125,1.0
e3,e3_O8_A5,e1_norm_baseline,CI_accuracy_z,8,0.23551271720332007,-0.11994797034065421,-0.3554606875439743,-0.8656270281857426,0.10049347867211869,-0.4706406402375859,-0.6421925124892573,-0.46875,0.22484914053651828,0.3125,0.0078125,1.0
e3,e3_O8_A8,e1_norm_baseline,CI_diversity,8,0.15923191235111417,0.1261013503163042,-0.03313056203480998,-0.05112426248295101,-0.016957123517551374,-1.23991055182832,-1.5806686102060066,-0.78125,0.009899320934716476,0.0078125,0.0078125,0.08909388841244828
e3,e3_O2_A8,e1_norm_baseline,CI_diversity,8,0.15923191235111417,0.14905793131167622,-0.010173981039437955,-0.019438386124991665,-0.00045282616882794113,-0.6956855034666023,-0.4794416255607069,-0.34375,0.08979561272095057,0.078125,0.0078125,0.7183649017676046
e3,e3_O5_A8,e1_norm_baseline,CI_diversity,8,0.15923191235111417,0.1355830035225874,-0.02364890882852677,-0.04414680899482599,0.0008887127331146254,-0.6825051707326484,-1.0218660909294388,-0.5625,0.09486419447020643,0.1484375,0.0078125,0.7183649017676046
e3,e3_O8_A5,e1_norm_baseline,CI_diversity,8,0.15923191235111417,0.14169873955764586,-0.017533172793468287,-0.03823119751424548,0.002964000878427817,-0.5513631906114519,-0.7806464524816614,-0.5,0.1628442814166225,0.1953125,0.0078125,0.977065688499735
e3,e3_O2_A2,e1_norm_baseline,CI_diversity,8,0.15923191235111417,0.166695085563678,0.0074631732125638485,-0.010835155411252842,0.025618897133505864,0.26261106232015985,0.3568116326842949,0.28125,0.48179455240307134,0.546875,0.0078125,1.0
e3,e3_O2_A5,e1_norm_baseline,CI_diversity,8,0.15923191235111417,0.1503081274744054,-0.008923784876708762,-0.023972311602682646,0.004997847487129777,-0.39933375781750213,-0.45839370066940505,-0.28125,0.29590665283104944,0.3828125,0.0078125,1.0
e3,e3_O5_A2,e1_norm_baseline,CI_diversity,8,0.15923191235111417,0.16485762210813948,0.0056257097570253135,-0.021672280063437577,0.032931623892802867,0.13250487744805664,0.2101221966426906,0.0,0.718920235000544,0.9453125,0.0078125,1.0
e3,e3_O5_A5,e1_norm_baseline,CI_diversity,8,0.15923191235111417,0.1540101659883424,-0.005221746362771748,-0.027214060084650226,0.014230734886691764,-0.15942013906087574,-0.20968192056536106,-0.15625,0.6656917230012308,1.0,0.0078125,1.0
e3,e3_O8_A2,e1_norm_baseline,CI_diversity,8,0.15923191235111417,0.15000155527302972,-0.009230357078084452,-0.02637166232525496,0.009553352933018509,-0.33133197612478776,-0.41870807661228393,-0.1875,0.37988033966338863,0.3828125,0.0078125,1.0
e3,e3_O2_A8,e1_norm_baseline,CI_hidden_profile_rate,8,0.12437499999999976,0.09749999999999988,-0.026874999999999878,-0.041249999999999384,-0.011249999999999866,-1.1616168163483847,-0.7744074156864301,-0.40625,0.013384338970222532,0.027991815485665747,0.0078125,0.12045905073200279
e3,e3_O5_A2,e1_norm_baseline,CI_hidden_profile_rate,8,0.12437499999999976,0.16562499999999986,0.04125000000000012,0.011250000000000494,0.06812499999999999,0.9294589424268893,1.233563667236317,0.609375,0.03396653023424048,0.0546875,0.0078125,0.27173224187392386
e3,e3_O8_A8,e1_norm_baseline,CI_hidden_profile_rate,8,0.12437499999999976,0.09874999999999988,-0.02562499999999988,-0.053124999999999506,-0.0006250000000000058,-0.6400003045808246,-0.997458771121669,-0.515625,0.11318262345150569,0.109375,0.0078125,0.7922783641605399
e3,e3_O2_A2,e1_norm_baseline,CI_hidden_profile_rate,8,0.12437499999999976,0.140625,0.01625000000000025,-0.004374999999999751,0.03875000000000024,0.4840973432254289,0.5764782664532568,0.375,0.2132371297280834,0.1953125,0.0078125,1.0
e3,e3_O2_A5,e1_norm_baseline,CI_hidden_profile_rate,8,0.12437499999999976,0.115,-0.009374999999999755,-0.038124999999999756,0.016875000000000247,-0.2221029984473781,-0.33211426927501514,-0.203125,0.549809943681266,0.546875,0.0078125,1.0
e3,e3_O5_A5,e1_norm_baseline,CI_hidden_profile_rate,8,0.12437499999999976,0.12312500000000001,-0.0012499999999997513,-0.016249999999999876,0.0137500000000005,-0.052373148735423966,-0.04497068672005233,-0.046875,0.8864141438865321,0.9453125,0.0078125,1.0
e3,e3_O5_A8,e1_norm_baseline,CI_hidden_profile_rate,8,0.12437499999999976,0.12374999999999989,-0.0006249999999998809,-0.01999999999999938,0.021250000000000248,-0.019947634949124004,-0.022496252397634073,-0.03125,0.956583555203783,0.9453125,0.0078125,1.0
e3,e3_O8_A2,e1_norm_baseline,CI_hidden_profile_rate,8,0.12437499999999976,0.14624999999999977,0.021875000000000002,-0.010624999999999628,0.04874999999999975,0.47578646058059526,0.60594621134099,0.34375,0.22034476360334698,0.1484375,0.0078125,1.0
e3,e3_O8_A5,e1_norm_baseline,CI_hidden_profile_rate,8,0.12437499999999976,0.115,-0.009374999999999755,-0.02625000000000001,0.01000000000000037,-0.330810818543411,-0.3354957298705162,-0.265625,0.3805882421440678,0.3125,0.0078125,1.0
e3,e3_O8_A5,e1_norm_baseline,CI_mean_gain_vs_pre,8,0.014793759621181875,-0.02435900052781725,-0.03915276014899913,-0.06725260559652586,-0.0041206145337839995,-0.7930189805228325,-1.0567718544220448,-0.59375,0.05981289300629178,0.078125,0.0078125,0.538316037056626
e3,e3_O2_A2,e1_norm_baseline,CI_mean_gain_vs_pre,8,0.014793759621181875,0.004452604998961251,-0.010341154622220624,-0.05623337834673033,0.03601318863054239,-0.14589276091066558,-0.20934777368429922,-0.15625,0.6922106996292049,0.84375,0.0078125,1.0
e3,e3_O2_A5,e1_norm_baseline,CI_mean_gain_vs_pre,8,0.014793759621181875,0.0002669592571456249,-0.014526800364036252,-0.0577422057584473,0.022656466563640502,-0.2344212962549188,-0.2536259563084049,-0.15625,0.5285243619751212,0.84375,0.0078125,1.0
e3,e3_O2_A8,e1_norm_baseline,CI_mean_gain_vs_pre,8,0.014793759621181875,0.022047066496251128,0.00725330687506925,-0.019067309841094247,0.030149450007663163,0.18647231182673105,0.17417567539608517,0.15625,0.6141973526397192,0.640625,0.0078125,1.0
e3,e3_O5_A2,e1_norm_baseline,CI_mean_gain_vs_pre,8,0.014793759621181875,0.030393348639322377,0.015599589018140503,-0.040465804134857,0.08033280222167323,0.16646591661961857,0.2335780997571342,0.0625,0.6520766024490223,1.0,0.0078125,1.0
e3,e3_O5_A5,e1_norm_baseline,CI_mean_gain_vs_pre,8,0.014793759621181875,0.0017418412083506267,-0.013051918412831251,-0.0413566204552355,0.014401024055837503,-0.30058629634641515,-0.3534486559203714,-0.15625,0.4233443569742462,0.640625,0.0078125,1.0
e3,e3_O5_A8,e1_norm_baseline,CI_mean_gain_vs_pre,8,0.014793759621181875,0.009109750500715125,-0.005684009120466751,-0.03975236440387725,0.025798062381925294,-0.11245446129647205,-0.1560296289685221,0.0,0.7597112777654416,0.7421875,0.0078125,1.0
e3,e3_O8_A2,e1_norm_baseline,CI_mean_gain_vs_pre,8,0.014793759621181875,0.018189279573831877,0.00339551995265,-0.04451201300542812,0.050401013040824415,0.04578314277952455,0.06166580814639797,-0.03125,0.900608949530203,0.9453125,0.0078125,1.0
e3,e3_O8_A8,e1_norm_baseline,CI_mean_gain_vs_pre,8,0.014793759621181875,0.004302739150019375,-0.010491020471162498,-0.04965653690621251,0.032127195814917006,-0.16507006095217164,-0.21429430457307228,-0.25,0.6547628752419697,0.7421875,0.0078125,1.0
e3,e3_O2_A2,e1_norm_baseline,CI_medrelerr_z,8,0.15239186834120455,0.30972739007433214,0.15733552173312756,-0.3917811367342185,0.6462576616886093,0.19385426767620278,0.29056661743892026,0.1875,0.6005250404822722,0.4609375,0.0078125,1.0
e3,e3_O2_A5,e1_norm_baseline,CI_medrelerr_z,8,0.15239186834120455,0.11156177262022389,-0.04083009572098065,-0.4709380246444505,0.4303093780923927,-0.05793801252209779,-0.07280281245881665,-0.03125,0.874461982131617,0.7421875,0.0078125,1.0
e3,e3_O2_A8,e1_norm_baseline,CI_medrelerr_z,8,0.15239186834120455,0.1674827337834631,0.01509086544225853,-0.465210069627625,0.47759655787230326,0.020386602326214635,0.02957519149254167,0.0625,0.9556293297194377,0.9453125,0.0078125,1.0
e3,e3_O5_A2,e1_norm_baseline,CI_medrelerr_z,8,0.15239186834120455,0.24034879356504002,0.08795692522383547,-0.5076042272755595,0.6439697492287876,0.09799872110215616,0.14205464210206264,0.09375,0.7896471178232493,0.84375,0.0078125,1.0
e3,e3_O5_A5,e1_norm_baseline,CI_medrelerr_z,8,0.15239186834120455,0.2287693835541389,0.07637751521293437,-0.5243500458575228,0.6488138011535317,0.08235750295654236,0.10519691410616724,0.0625,0.8224709878531279,0.84375,0.0078125,1.0
e3,e3_O5_A8,e1_norm_baseline,CI_medrelerr_z,8,0.15239186834120455,-0.08944049664984716,-0.2418323649910517,-0.7746647452047554,0.27176611451932925,-0.30051620265563567,-0.4132291360999572,-0.1875,0.42344740320400687,0.546875,0.0078125,1.0
e3,e3_O8_A2,e1_norm_baseline,CI_medrelerr_z,8,0.15239186834120455,0.08145040770239974,-0.07094146063880481,-0.5432492740124201,0.36312078441383444,-0.100854027216774,-0.13230567486502973,-0.0625,0.7837019891483367,0.9453125,0.0078125,1.0
e3,e3_O8_A5,e1_norm_baseline,CI_medrelerr_z,8,0.15239186834120455,0.12971134039139423,-0.0226805279498103,-0.47271424473465823,0.39581842468472717,-0.033880297869358374,-0.04131844763766823,-0.09375,0.9263429228295261,0.9453125,0.0078125,1.0
e3,e3_O8_A8,e1_norm_baseline,CI_medrelerr_z,8,0.15239186834120455,-0.0443575649687873,-0.19674943330999184,-0.6468250925277936,0.27043718144589574,-0.2696519624997118,-0.3809730986355181,-0.21875,0.47056300463576695,0.4609375,0.0078125,1.0
e3,e3_O5_A8,e1_norm_baseline,crosscut_rate,8,0.1625442277116399,0.059441035967237,-0.10310319174440288,-0.1282287886120136,-0.07984685214041476,-2.7485948868428736,-2.671821545265226,-0.96875,0.0001093824856746475,0.0078125,0.0078125,0.0009844423710718274
e3,e3_O2_A5,e1_norm_baseline,crosscut_rate,8,0.1625442277116399,0.25000606076667914,0.08746183305503925,0.0639709511790395,0.1092440039397145,2.470870401527565,1.5591087580629206,0.78125,0.0002136955228580715,0.0078125,0.0078125,0.001709564182864572
e3,e3_O8_A8,e1_norm_baseline,crosscut_rate,8,0.1625442277116399,0.03515498091335075,-0.12738924679828914,-0.16145641292871174,-0.09173097731041013,-2.304729602540214,-3.4699481857478487,-1.0,0.00032829644331326555,0.0078125,0.0078125,0.002298075103192859
e3,e3_O2_A2,e1_norm_baseline,crosscut_rate,8,0.1625442277116399,0.06648602426701675,-0.09605820344462312,-0.1278375219474519,-0.06059411597395314,-1.8609767458686446,-2.4654600097119075,-0.9375,0.0011686983395883287,0.0078125,0.0078125,0.007012190037529972
e3,e3_O2_A8,e1_norm_baseline,crosscut_rate,8,0.1625442277116399,0.08355820997221802,-0.07898601773942188,-0.1159366370104575,-0.040346671647264756,-1.3588050042724975,-1.749748438183337,-0.8125,0.006347476108413123,0.015625,0.0078125,0.03173738054206562
e3,e3_O8_A5,e1_norm_baseline,crosscut_rate,8,0.1625442277116399,0.11548064502727687,-0.047063582684363,-0.07292143902477125,-0.017913767043197505,-1.1125794831859408,-1.1486049299598233,-0.625,0.016223245134825606,0.0234375,0.0078125,0.06489298053930243
e3,e3_O8_A2,e1_norm_baseline,crosscut_rate,8,0.1625442277116399,0.1958984902946389,0.033354262582999006,-0.0028369148409836164,0.06585917627916839,0.6270866672430455,0.7155388609025085,0.34375,0.11939461820667373,0.1484375,0.0078125,0.35818385462002117
e3,e3_O5_A2,e1_norm_baseline,crosscut_rate,8,0.1625442277116399,0.17680793522570726,0.01426370751406737,-0.022756646534109342,0.05573459339376039,0.24028425683272864,0.34021591932787126,0.125,0.5185761059780191,0.7421875,0.0078125,1.0
e3,e3_O5_A5,e1_norm_baseline,crosscut_rate,8,0.1625442277116399,0.17397409941404202,0.01142987170240212,-0.017992260951124005,0.04313836933118125,0.24355430182716845,0.27186720019121724,0.21875,0.5130793342628712,0.4609375,0.0078125,1.0
e3,e3_O2_A2,e1_norm_baseline,pol_assort,8,-0.03292066613717007,-0.0037489549251385635,0.0291717112120315,-0.015983893890224678,0.07838196430443599,0.39359585244929723,0.5954329237053244,0.25,0.30235999980676487,0.4609375,0.0078125,1.0
e3,e3_O2_A5,e1_norm_baseline,pol_assort,8,-0.03292066613717007,-0.016718266334555375,0.01620239980261469,-0.006606556734895223,0.03971548683137939,0.44908832546308974,0.36234433368054986,0.1875,0.24459751106729702,0.3828125,0.0078125,1.0
e3,e3_O2_A8,e1_norm_baseline,pol_assort,8,-0.03292066613717007,-0.011282000211972187,0.021638665925197878,-0.027582294039838383,0.07073344898724156,0.2818670504360769,0.4678326043341386,0.28125,0.45150185193282,0.4609375,0.0078125,1.0
e3,e3_O5_A2,e1_norm_baseline,pol_assort,8,-0.03292066613717007,-0.021721042731330565,0.0111996234058395,-0.008724593753693402,0.03037427611809331,0.3635643566405208,0.22054950875418922,0.15625,0.33801704893531354,0.1953125,0.0078125,1.0
e3,e3_O5_A5,e1_norm_baseline,pol_assort,8,-0.03292066613717007,-0.016518710036941688,0.016401956100228376,-0.017067626735331378,0.04282970498869206,0.3465162262757094,0.3286600814207156,0.125,0.35968992721162346,0.3125,0.0078125,1.0
e3,e3_O5_A8,e1_norm_baseline,pol_assort,8,-0.03292066613717007,-0.03265982329615238,0.00026084284101768546,-0.01692885138948773,0.021278827405855745,0.008831777124730876,0.005356635482509709,0.03125,0.9807680836980834,0.84375,0.0078125,1.0
e3,e3_O8_A2,e1_norm_baseline,pol_assort,8,-0.03292066613717007,-0.01583838801699737,0.01708227812017269,-0.014509771932150714,0.050240525861128316,0.344735145752928,0.4029276542689105,0.09375,0.3620147919854033,0.3125,0.0078125,1.0
e3,e3_O8_A5,e1_norm_baseline,pol_assort,8,-0.03292066613717007,-0.04051130934411594,-0.0075906432069458765,-0.0567889677394165,0.04127035521433187,-0.09937086079717045,-0.15106929583247616,-0.125,0.7867882355830085,0.9453125,0.0078125,1.0
e3,e3_O8_A8,e1_norm_baseline,pol_assort,8,-0.03292066613717007,-0.01945571406951125,0.013464952067658811,-0.029386609338390192,0.057109662567653055,0.19993539161347343,0.32689758815760006,0.09375,0.5893898974940384,0.546875,0.0078125,1.0
e3,e3_O2_A2,e1_norm_baseline,pol_ei,8,0.38944906273174085,0.8466051386878758,0.45715607595613494,0.36276238951320205,0.5682249897955897,2.828067262677102,3.096729329520915,1.0,9.122329498251485e-05,0.0078125,0.0078125,0.0008210096548426336
e3,e3_O8_A8,e1_norm_baseline,pol_ei,8,0.38944906273174085,0.8129400816005827,0.4234910188688418,0.31017524673766944,0.5431961818824512,2.333325248717656,2.9621081979035844,1.0,0.0003044084629269494,0.0078125,0.0078125,0.0024352677034155954
e3,e3_O5_A2,e1_norm_baseline,pol_ei,8,0.38944906273174085,0.5529257817965045,0.16347671906476366,0.0787290991038824,0.23200585761775547,1.3470731721901745,0.9743745853902678,0.59375,0.00662706008586218,0.0234375,0.0078125,0.04638942060103526
e3,e3_O5_A8,e1_norm_baseline,pol_ei,8,0.38944906273174085,0.52187590059652,0.13242683786477916,0.027356783395041245,0.2405699863325396,0.7821989576535807,0.8772101532439524,0.40625,0.06257586457780197,0.109375,0.0078125,0.37545518746681183
e3,e3_O2_A8,e1_norm_baseline,pol_ei,8,0.38944906273174085,0.5414920968280539,0.152043034096313,0.003305426055923197,0.3043336120456196,0.6501858823389286,0.9179889620401201,0.5625,0.10850344499458292,0.078125,0.0078125,0.5425172249729147
e3,e3_O2_A5,e1_norm_baseline,pol_ei,8,0.38944906273174085,0.40768276588713925,0.018233703155398434,-0.08401616981884413,0.13716222280988458,0.10710243307331067,0.11753269323809894,0.03125,0.7707464135354025,0.9453125,0.0078125,1.0
e3,e3_O5_A5,e1_norm_baseline,pol_ei,8,0.38944906273174085,0.34482429811502757,-0.044624764616713324,-0.1254231629977115,0.0429651242919258,-0.3410717250615336,-0.25644644119199694,-0.28125,0.36683292206364004,0.1953125,0.0078125,1.0
e3,e3_O8_A2,e1_norm_baseline,pol_ei,8,0.38944906273174085,0.43825695148547317,0.048807888753732306,-0.02552375825364073,0.12761314270866767,0.40591946635730325,0.3320027062965612,0.1875,0.2886394388404808,0.3125,0.0078125,1.0
e3,e3_O8_A5,e1_norm_baseline,pol_ei,8,0.38944906273174085,0.4467787017457011,0.057329639013960244,-0.06957832039981382,0.18527273907680827,0.29164122662966036,0.374326654360282,0.1875,0.43663993072603524,0.546875,0.0078125,1.0
e3,e3_O5_A8,e1_norm_baseline,pol_extremity,8,1.27625,1.47125,0.19499999999999998,0.150625,0.23874999999999996,2.8000368186091804,2.9515052383940814,0.96875,9.720834668407058e-05,0.0078125,0.0078125,0.0008748751201566352
e3,e3_O2_A8,e1_norm_baseline,pol_extremity,8,1.27625,1.399375,0.12312500000000001,0.09,0.15812500000000004,2.354216029959297,1.7229339560799448,0.8125,0.0002881901655910852,0.0078125,0.0078125,0.0023055213247286815
e3,e3_O8_A8,e1_norm_baseline,pol_extremity,8,1.27625,1.5281250000000002,0.25187499999999996,0.16812499999999997,0.3231250000000001,2.1179872466462917,3.4478812721185315,1.0,0.0005473831824097033,0.0078125,0.0078125,0.003831682276867923
e3,e3_O8_A5,e1_norm_baseline,pol_extremity,8,1.27625,1.43875,0.1625,0.09375000000000003,0.22249999999999992,1.6523728517979654,2.473208039240079,0.9375,0.002277810465489338,0.015625,0.0078125,0.013666862792936028
e3,e3_O2_A2,e1_norm_baseline,pol_extremity,8,1.27625,1.4337499999999999,0.15749999999999997,0.07187499999999997,0.23874999999999985,1.2358032863417143,2.04164379986029,0.875,0.010055456930489714,0.0234375,0.0078125,0.05027728465244857
e3,e3_O5_A2,e1_norm_baseline,pol_extremity,8,1.27625,1.3787500000000001,0.10249999999999998,0.04812499999999992,0.15937500000000007,1.1979148550710925,1.6528870082551328,0.71875,0.011627691194430929,0.0234375,0.0078125,0.05027728465244857
e3,e3_O8_A2,e1_norm_baseline,pol_extremity,8,1.27625,1.371875,0.09562499999999999,0.03562499999999999,0.15187499999999993,1.0449382230413489,1.4851072743352975,0.65625,0.021239360165919575,0.0546875,0.0078125,0.06371808049775873
e3,e3_O5_A5,e1_norm_baseline,pol_extremity,8,1.27625,1.24125,-0.03499999999999995,-0.08062499999999995,0.0006250000000000977,-0.541908095124665,-0.5089833584592913,-0.296875,0.16920270194945697,0.1953125,0.0078125,0.33840540389891394
e3,e3_O2_A5,e1_norm_baseline,pol_extremity,8,1.27625,1.3093750000000002,0.033125000000000016,-0.03062499999999993,0.09000000000000005,0.357800210559745,0.48280121168183,0.3125,0.3452276573435907,0.3125,0.0078125,0.3452276573435907
e3,e3_O8_A8,e1_norm_baseline,pol_var,8,1.2637749999999999,0.4393937499999997,-0.8243812500000001,-0.9245000000000001,-0.7044062500000001,-4.847752262352727,-4.008838045561111,-1.0,2.586819319659733e-06,0.0078125,0.0078125,2.3281373876937598e-05
e3,e3_O2_A2,e1_norm_baseline,pol_var,8,1.2637749999999999,0.5258624999999996,-0.7379125000000001,-0.8734193749999997,-0.5804937500000003,-3.2204051959925257,-4.042278065411829,-1.0,3.945077288617264e-05,0.0078125,0.0078125,0.0003156061830893811
e3,e3_O5_A8,e1_norm_baseline,pol_var,8,1.2637749999999999,0.7742749999999995,-0.48950000000000016,-0.6298551562500003,-0.33402062499999974,-2.1457379757218424,-2.439248755725177,-0.9375,0.0005063118006762229,0.0078125,0.0078125,0.00354418260473356
e3,e3_O2_A8,e1_norm_baseline,pol_var,8,1.2637749999999999,0.9715187499999998,-0.29225625,-0.46244562500000025,-0.10482156249999991,-1.0616909959585665,-1.3667593270220564,-0.75,0.019860058177275427,0.0234375,0.0078125,0.11916034906365255
e3,e3_O8_A5,e1_norm_baseline,pol_var,8,1.2637749999999999,1.0146874999999997,-0.24908749999999996,-0.4083062500000003,-0.10173953124999985,-1.05544344309771,-1.2316427178965288,-0.625,0.020363000479833877,0.0234375,0.0078125,0.11916034906365255
e3,e3_O5_A2,e1_norm_baseline,pol_var,8,1.2637749999999999,1.1747624999999995,-0.08901250000000008,-0.21876968750000003,0.06568968749999995,-0.39630390581692704,-0.3954896148875261,-0.28125,0.29930010877164376,0.3828125,0.0078125,0.9214690750886864
e3,e3_O8_A2,e1_norm_baseline,pol_var,8,1.2637749999999999,1.3843437499999998,0.12056875000000006,-0.04387062500000017,0.2868937500000001,0.4644581093503796,0.617612586616981,0.375,0.2303672687721716,0.25,0.0078125,0.9214690750886864
e3,e3_O2_A5,e1_norm_baseline,pol_var,8,1.2637749999999999,1.2663937499999998,0.0026187500000000308,-0.16144421875000015,0.14685171874999997,0.010865256282002446,0.013217032269841621,-0.03125,0.9763414604326139,1.0,0.0078125,1.0
e3,e3_O5_A5,e1_norm_baseline,pol_var,8,1.2637749999999999,1.2290874999999999,-0.03468750000000001,-0.1358881249999997,0.058975000000000055,-0.22790840672203763,-0.1717636598681301,-0.15625,0.5397140783970484,0.640625,0.0078125,1.0
e3,e3_O8_A8,e1_norm_baseline,trait_drift_mean,8,0.340938801115696,0.2907048306273663,-0.05023397048832975,-0.0632992288298615,-0.037748210096154824,-2.526095739725022,-2.7997979004474107,-0.9375,0.00018619196630771854,0.0078125,0.0078125,0.001675727696769467
e3,e3_O8_A5,e1_norm_baseline,trait_drift_mean,8,0.340938801115696,0.3088722486276389,-0.03206655248805713,-0.04796498977259383,-0.015335212307960602,-1.2759791608126632,-1.6961723505222328,-0.84375,0.008635506824731468,0.015625,0.0078125,0.06908405459785175
e3,e3_O5_A2,e1_norm_baseline,trait_drift_mean,8,0.340938801115696,0.3608332128425564,0.01989441172686037,0.008451997417427366,0.03547882636051807,0.9250405374240411,1.2810810152095726,0.6875,0.03458931865676422,0.015625,0.0078125,0.24212523059734953
e3,e3_O2_A2,e1_norm_baseline,trait_drift_mean,8,0.340938801115696,0.3527557391097334,0.011816937994037373,0.0014958369852848409,0.023368807992721747,0.692108393460807,0.689710105615609,0.375,0.0911443391519109,0.1953125,0.0078125,0.5468660349114655
e3,e3_O2_A5,e1_norm_baseline,trait_drift_mean,8,0.340938801115696,0.3336374250612877,-0.007301376054408372,-0.020812554268644305,0.006233083171746014,-0.34064704279051183,-0.35690823112543413,-0.125,0.3673946206470857,0.4609375,0.0078125,1.0
e3,e3_O2_A8,e1_norm_baseline,trait_drift_mean,8,0.340938801115696,0.3321020054215654,-0.008836795694130622,-0.03309613589234563,0.015821875548760307,-0.23616014571079771,-0.3680060041415387,-0.28125,0.5255614909823365,0.640625,0.0078125,1.0
e3,e3_O5_A5,e1_norm_baseline,trait_drift_mean,8,0.340938801115696,0.33475254470139065,-0.006186256414305376,-0.018809707186063625,0.007154844781171496,-0.306617744298433,-0.42076069548483164,-0.34375,0.4145447995933317,0.4609375,0.0078125,1.0
e3,e3_O5_A8,e1_norm_baseline,trait_drift_mean,8,0.340938801115696,0.33970690748577054,-0.0012318936299254984,-0.015547422408574485,0.013455465017803626,-0.05467315672061919,-0.08842350550555439,-0.125,0.8814701674961753,0.9453125,0.0078125,1.0
e3,e3_O8_A2,e1_norm_baseline,trait_drift_mean,8,0.340938801115696,0.33450999993914676,-0.006428801176549245,-0.01728865893124329,0.006559102528883207,-0.34807526975682135,-0.4490996195668925,-0.34375,0.3576643349816434,0.3828125,0.0078125,1.0
e3l,e3l_O2_A2,e3l_O5_A5,CI_accuracy_z,5,0.22930596550320442,-0.3401438729362146,-0.5694498384394191,-0.7727927608803975,-0.3777996786729076,-2.224404634858497,-2.6824285805042467,-1.0,0.007630206368786844,0.0625,0.0625,0.061041650950294755
e3l,e3l_O2_A5,e3l_O5_A5,CI_accuracy_z,5,0.22930596550320442,-0.2502339610837213,-0.4795399265869257,-0.6724274731467024,-0.3416596488251889,-2.154133259466363,-1.9413703172482681,-0.92,0.008542966490282862,0.0625,0.0625,0.061041650950294755
e3l,e3l_O5_A2,e3l_O5_A5,CI_accuracy_z,5,0.22930596550320442,0.035253616872338,-0.19405234863086643,-0.3945646345761705,0.006459937314437697,-0.7587627116906248,-0.6822871885237297,-0.36,0.16500246310087663,0.3125,0.0625,0.9900147786052598
e3l,e3l_O2_A8,e3l_O5_A5,CI_accuracy_z,5,0.22930596550320442,0.022156692612527985,-0.20714927289067644,-0.5510789682995275,0.13678042251817463,-0.4515976177292319,-0.5260394332516929,-0.28,0.3697129064152083,0.3125,0.0625,1.0
e3l,e3l_O5_A8,e3l_O5_A5,CI_accuracy_z,5,0.22930596550320442,0.2911784428566585,0.06187247735345407,-0.11901899073923869,0.2387399839845512,0.2642206647644084,0.17401725297063184,0.28,0.5864120398223726,0.8125,0.0625,1.0
e3l,e3l_O8_A2,e3l_O5_A5,CI_accuracy_z,5,0.22930596550320442,-0.09587276061828023,-0.3251787261214847,-0.8733981654502022,0.22304071320723287,-0.4604521432154126,-0.6891077482396907,-0.36,0.36137930324961004,0.4375,0.0625,1.0
e3l,e3l_O8_A5,e3l_O5_A5,CI_accuracy_z,5,0.22930596550320442,-0.049197742101744324,-0.2785037076049487,-0.7454856651982299,0.16758531010549188,-0.4728018277873717,-0.5498202278315023,-0.28,0.35003335125511975,0.625,0.0625,1.0
e3l,e3l_O8_A8,e3l_O5_A5,CI_accuracy_z,5,0.22930596550320442,0.1781713442098774,-0.05113462129332702,-0.7054045178486599,0.3651110446106497,-0.07153998137151305,-0.0885363502578443,0.12,0.880659155835299,0.8125,0.0625,1.0
e3l,e3l_O2_A2,e3l_O5_A5,CI_diversity,5,0.013864106277178902,0.028246066635562672,0.01438196035838377,-0.005273612055123983,0.03882093267525614,0.5107903789412056,0.7638445964134708,0.44,0.3171121813291872,0.625,0.0625,1.0
e3l,e3l_O2_A5,e3l_O5_A5,CI_diversity,5,0.013864106277178902,0.011034694793811074,-0.0028294114833678297,-0.014198484469271171,0.00853966150253551,-0.19226675036256527,-0.22548457489391718,-0.12,0.6894010312414549,0.8125,0.0625,1.0
e3l,e3l_O2_A8,e3l_O5_A5,CI_diversity,5,0.013864106277178902,0.005184620803485635,-0.00867948547369327,-0.01716355202143436,0.0009876456692738795,-0.7532733966257901,-0.697703203921609,-0.28,0.16739442117849587,0.3125,0.0625,1.0
e3l,e3l_O5_A2,e3l_O5_A5,CI_diversity,5,0.013864106277178902,0.016754411834894737,0.0028903055577158337,-0.011104309434327504,0.01741827689596382,0.16221184886968487,0.20454067044222338,-0.04,0.7351700090089517,1.0,0.0625,1.0
e3l,e3l_O5_A8,e3l_O5_A5,CI_diversity,5,0.013864106277178902,0.017004591366001236,0.003140485088822329,-0.012214964070948414,0.017500557856675807,0.16299494372536466,0.22132743337257274,0.2,0.733959250841433,0.8125,0.0625,1.0
e3l,e3l_O8_A2,e3l_O5_A5,CI_diversity,5,0.013864106277178902,0.007956086153174443,-0.005908020124004464,-0.013236406858324154,0.0014203666103152276,-0.6256571994293575,-0.393159848232985,-0.36,0.23437421212887852,0.4375,0.0625,1.0
e3l,e3l_O8_A5,e3l_O5_A5,CI_diversity,5,0.013864106277178902,0.01089194060464312,-0.002972165672535784,-0.021229603919190813,0.014152322811699022,-0.13073626559438017,-0.17927136244520236,-0.2,0.7845665887319666,1.0,0.0625,1.0
e3l,e3l_O8_A8,e3l_O5_A5,CI_diversity,5,0.013864106277178902,0.015553996167394616,0.0016898898902157123,-0.013967268235010353,0.01735807971049343,0.08281876117229876,0.10543584211101441,0.2,0.8620922047032675,1.0,0.0625,1.0
e3l,e3l_O2_A5,e3l_O5_A5,CI_hidden_profile_rate,5,0.0219999999999998,0.014000000000000002,-0.0079999999999998,-0.013999999999999601,-0.002,-1.055008757433265,-0.7724712024307441,-0.36,0.07774164094789868,0.10880943004054568,0.0625,0.6219331275831894
e3l,e3l_O8_A5,e3l_O5_A5,CI_hidden_profile_rate,5,0.0219999999999998,0.009,-0.0129999999999998,-0.0249999999999994,-0.005,-0.9970544855015984,-1.355841922484033,-0.72,0.08966251702034149,0.0625,0.0625,0.6276376191423905
e3l,e3l_O5_A2,e3l_O5_A5,CI_hidden_profile_rate,5,0.0219999999999998,0.016,-0.0059999999999998,-0.011,-0.0009999999999996002,-0.9203579866167814,-0.46216413351924873,-0.24,0.10870095132494091,0.14412703481601533,0.0625,0.6522057079496455
e3l,e3l_O2_A8,e3l_O5_A5,CI_hidden_profile_rate,5,0.0219999999999998,0.015,-0.006999999999999801,-0.013999999999999601,1.9984014443252818e-16,-0.7706746355884492,-0.7767860832222836,-0.4,0.159934798837423,0.14412703481601533,0.0625,0.7615870569565092
e3l,e3l_O8_A2,e3l_O5_A5,CI_hidden_profile_rate,5,0.0219999999999998,0.013000000000000001,-0.008999999999999802,-0.0179999999999996,-3.4694469519536144e-19,-0.7893522173763257,-1.0720250277144472,-0.56,0.15231741139130184,0.14412703481601533,0.0625,0.7615870569565092
e3l,e3l_O2_A2,e3l_O5_A5,CI_hidden_profile_rate,5,0.0219999999999998,0.019,-0.0029999999999997997,-0.010999999999999602,0.005000000000000001,-0.289345693302236,-0.3128865974962994,-0.16,0.5528894339334318,0.8125,0.0625,1.0
e3l,e3l_O5_A8,e3l_O5_A5,CI_hidden_profile_rate,5,0.0219999999999998,0.018999999999999802,-0.003,-0.01,0.004000000000000001,-0.3302891295379082,-0.2486570534855196,-0.16,0.5011693674201637,0.4652088184521418,0.0625,1.0
e3l,e3l_O8_A8,e3l_O5_A5,CI_hidden_profile_rate,5,0.0219999999999998,0.019,-0.0029999999999998006,-0.010999999999999201,0.0040000000000002,-0.3077935056255314,-0.34275009477952667,-0.12,0.5291333003818768,0.5929800980174267,0.0625,1.0
e3l,e3l_O2_A8,e3l_O5_A5,CI_mean_gain_vs_pre,5,-0.0023402835514072873,0.0013395986543578002,0.003679882205765087,0.001529365591054161,0.005791150770679966,1.3348650075708897,1.3649840438528578,0.84,0.04054397468831806,0.0625,0.0625,0.32435179750654447
e3l,e3l_O8_A2,e3l_O5_A5,CI_mean_gain_vs_pre,5,-0.0023402835514072873,0.0002891157229692001,0.002629399274376487,0.00044171516699844076,0.004817083381754534,0.9284886321240535,0.6225496871041122,0.36,0.10648428447704061,0.125,0.0625,0.7453899913392843
e3l,e3l_O2_A5,e3l_O5_A5,CI_mean_gain_vs_pre,5,-0.0023402835514072873,0.00030608665905680003,0.002646370210464088,-0.0007262543530281926,0.00687423298344572,0.5202097944565166,0.842534581178877,0.52,0.30940008773566247,0.3125,0.0625,0.9323361422490188
e3l,e3l_O5_A2,e3l_O5_A5,CI_mean_gain_vs_pre,5,-0.0023402835514072873,0.0006630663998700001,0.003003349951277287,-0.0003321936578923334,0.0064072773684584455,0.7166051492884341,1.130686641123444,0.76,0.1843321313039754,0.1875,0.0625,0.9323361422490188
e3l,e3l_O5_A8,e3l_O5_A5,CI_mean_gain_vs_pre,5,-0.0023402835514072873,0.0013501804217116004,0.0036904639731188877,-0.0006043787373504261,0.007985306683588201,0.6617600577908032,0.7928703633284234,0.36,0.2130399188906411,0.3125,0.0625,0.9323361422490188
e3l,e3l_O8_A8,e3l_O5_A5,CI_mean_gain_vs_pre,5,-0.0023402835514072873,0.0011794937672107344,0.0035197773186180213,0.0003877772972797224,0.007033353357748222,0.7817032901113288,1.0645293055495646,0.52,0.15538935704150314,0.3125,0.0625,0.9323361422490188
e3l,e3l_O2_A2,e3l_O5_A5,CI_mean_gain_vs_pre,5,-0.0023402835514072873,-0.00260604549927308,-0.0002657619478657926,-0.00622808511092718,0.004663692713118721,-0.038047302916481826,-0.05831455865463333,0.12,0.9362887666438532,1.0,0.0625,1.0
e3l,e3l_O8_A5,e3l_O5_A5,CI_mean_gain_vs_pre,5,-0.0023402835514072873,-0.002179693820154,0.00016058973125328713,-0.0038785018790106797,0.0043194047177506,0.03161158153997767,0.043316737378751136,0.12,0.9470408778863159,1.0,0.0625,1.0
e3l,e3l_O5_A8,e3l_O5_A5,CI_medrelerr_z,5,-0.11824036082520137,0.8915602144035744,1.0098005752287755,0.33830576376138266,1.7537074371496346,1.1013153264533169,1.5402372435264884,0.88,0.0694957510516719,0.0625,0.0625,0.5559660084133752
e3l,e3l_O2_A2,e3l_O5_A5,CI_medrelerr_z,5,-0.11824036082520137,0.060299399067084015,0.17853975989228538,-0.24101690551437324,0.5532631203258838,0.36273274980505454,0.3635730868370257,0.12,0.4628128129029835,0.4375,0.0625,1.0
e3l,e3l_O2_A5,e3l_O5_A5,CI_medrelerr_z,5,-0.11824036082520137,-0.16316035331495227,-0.044919992489750885,-0.3352329723314268,0.23738145789461168,-0.12340901463331616,-0.07456316063516794,-0.2,0.7962558103913528,0.7150006546880893,0.0625,1.0
e3l,e3l_O2_A8,e3l_O5_A5,CI_medrelerr_z,5,-0.11824036082520137,0.04255602953586126,0.16079639036106264,-0.3019599569187488,0.611819073047093,0.26493197322171064,0.21147595084149762,0.24,0.5854448086906585,0.625,0.0625,1.0
e3l,e3l_O5_A2,e3l_O5_A5,CI_medrelerr_z,5,-0.11824036082520137,-0.3219549191561612,-0.2037145583309598,-1.446448183153013,0.6472191245928339,-0.14973144235344393,-0.22935415688341626,-0.04,0.7545894795414421,0.7150006546880893,0.0625,1.0
e3l,e3l_O8_A2,e3l_O5_A5,CI_medrelerr_z,5,-0.11824036082520137,-0.15725017725972895,-0.03900981643452754,-0.6939332738504271,0.7414351914098856,-0.04365782926765222,-0.06469929154735864,-0.04,0.9269285973139503,0.7150006546880893,0.0625,1.0
e3l,e3l_O8_A5,e3l_O5_A5,CI_medrelerr_z,5,-0.11824036082520137,-0.2358370693131055,-0.11759670848790409,-0.8255619424096439,0.3688998718950832,-0.14428452001297928,-0.16978245230708716,-0.08,0.7631352983411429,0.8125,0.0625,1.0
e3l,e3l_O8_A8,e3l_O5_A5,CI_medrelerr_z,5,-0.11824036082520137,0.05774104103941615,0.17598140186461753,-0.14924894216619827,0.5837177151607822,0.36702759006288105,0.347880033566954,-0.12,0.4579110297541162,0.8125,0.0625,1.0
e3l,e3l_O8_A8,e3l_O5_A5,crosscut_rate,5,0.22679569893234924,0.10928274120556021,-0.117512957726789,-0.17439708339663923,-0.03993120642544101,-1.3508349239012307,-1.5546994382620771,-0.84,0.03914174243339861,0.125,0.0625,0.31313393946718887
e3l,e3l_O2_A2,e3l_O5_A5,crosscut_rate,5,0.22679569893234924,0.18926940053279023,-0.037526298399559,-0.06989418025988381,-0.0022758586303009976,-0.8559175050180803,-0.6927677747007036,-0.44,0.12817022196633493,0.1875,0.0625,0.8971915537643445
e3l,e3l_O2_A5,e3l_O5_A5,crosscut_rate,5,0.22679569893234924,0.20005641710973382,-0.026739281822615403,-0.0638033392561376,0.0334266220436512,-0.39446832310058444,-0.5272272869443471,-0.44,0.42756315087946284,0.625,0.0625,1.0
e3l,e3l_O2_A8,e3l_O5_A5,crosscut_rate,5,0.22679569893234924,0.19894698305102962,-0.027848715881319604,-0.0987391483114956,0.0365764091479546,-0.3333909621303476,-0.40225947060952183,-0.36,0.49740106801577316,0.625,0.0625,1.0
e3l,e3l_O5_A2,e3l_O5_A5,crosscut_rate,5,0.22679569893234924,0.19625617684266303,-0.0305395220896862,-0.08701807968536482,0.03321661013519901,-0.41007631988185467,-0.5908146138644567,-0.36,0.41104792369182314,0.4375,0.0625,1.0
e3l,e3l_O5_A8,e3l_O5_A5,crosscut_rate,5,0.22679569893234924,0.19494926853041844,-0.0318464304019308,-0.1112782325906452,0.05671003798507943,-0.29666247130545387,-0.44564945139505163,-0.28,0.5433792881864299,0.625,0.0625,1.0
e3l,e3l_O8_A2,e3l_O5_A5,crosscut_rate,5,0.22679569893234924,0.20112671931683584,-0.0256689796155134,-0.08133980258134461,0.0329285168604696,-0.34859111926306224,-0.49626724264135486,-0.44,0.4792437249883367,0.4375,0.0625,1.0
e3l,e3l_O8_A5,e3l_O5_A5,crosscut_rate,5,0.22679569893234924,0.1950297269087966,-0.031765972023552594,-0.1114603830941802,0.05125362792329881,-0.29859591034542105,-0.47982698673845287,-0.36,0.5408855179583959,0.4375,0.0625,1.0
e3l,e3l_O2_A2,e3l_O5_A5,pol_assort,5,-0.038883193903433796,-0.010086356998426102,0.0287968369050077,0.015801705270845293,0.039946570043105104,1.8822538855702862,0.9816166279369003,0.6,0.013598751881249612,0.0625,0.0625,0.1087900150499969
e3l,e3l_O8_A5,e3l_O5_A5,pol_assort,5,-0.038883193903433796,0.0077884468762781005,0.0466716407797119,0.013330138371905099,0.0759013756926771,1.1826743782707991,1.4384920740491713,0.68,0.05730770675745994,0.125,0.0625,0.4011539473022196
e3l,e3l_O2_A5,e3l_O5_A5,pol_assort,5,-0.038883193903433796,-0.040560277653125504,-0.0016770837496917004,-0.015474836295259703,0.0206520923100648,-0.06780746046102784,-0.07229658101047928,-0.28,0.8868248025857284,0.625,0.0625,1.0
e3l,e3l_O2_A8,e3l_O5_A5,pol_assort,5,-0.038883193903433796,-0.027827703705692302,0.0110554901977415,-0.02492956655446211,0.0470405469499451,0.2426132033760548,0.32712825114799243,0.2,0.6162858462434808,0.625,0.0625,1.0
e3l,e3l_O5_A2,e3l_O5_A5,pol_assort,5,-0.038883193903433796,-0.0387091806102214,0.00017401329321239668,-0.033618835764583806,0.032822362657028495,0.004079560528679641,0.00501180246273179,-0.04,0.9931584876103956,1.0,0.0625,1.0
e3l,e3l_O5_A8,e3l_O5_A5,pol_assort,5,-0.038883193903433796,-0.0171200226732527,0.0217631712301811,-0.0240626863607766,0.0749453843399345,0.33856324027593737,0.3833363436315796,0.2,0.491164900269653,0.4375,0.0625,1.0
e3l,e3l_O8_A2,e3l_O5_A5,pol_assort,5,-0.038883193903433796,-0.0180370669024672,0.0208461270009666,0.0030185790038403026,0.044613441661849204,0.7530602169452097,0.7706650915051201,0.6,0.16748804558660874,0.125,0.0625,1.0
e3l,e3l_O8_A8,e3l_O5_A5,pol_assort,5,-0.038883193903433796,-0.017059256615054103,0.021823937288379697,-0.04736762424294481,0.08702316335511842,0.2566004919151356,0.3908333649179888,0.36,0.5968392252477634,0.625,0.0625,1.0
e3l,e3l_O8_A8,e3l_O5_A5,pol_ei,5,0.0410723987092243,0.39849633506629345,0.35742393635706915,0.14438052873424043,0.5602401339531425,1.2702116441826574,1.6115225032587603,0.76,0.04685436635219206,0.125,0.0625,0.3748349308175365
e3l,e3l_O5_A2,e3l_O5_A5,pol_ei,5,0.0410723987092243,-0.009682059553898701,-0.050754458263123005,-0.08843521262289591,-0.0099468426092396,-0.9510039641137783,-1.123297557686687,-0.52,0.1006021802302105,0.125,0.0625,0.7042152616114735
e3l,e3l_O2_A2,e3l_O5_A5,pol_ei,5,0.0410723987092243,0.12629258338928745,0.08522018468006312,-0.0391647829808712,0.2096051523409974,0.5214811585767737,0.6016167294749658,0.12,0.30837258310870147,0.625,0.0625,1.0
e3l,e3l_O2_A5,e3l_O5_A5,pol_ei,5,0.0410723987092243,0.033119901801586596,-0.007952496907637704,-0.057467702036047896,0.041562708220772494,-0.12324576949291599,-0.1024568521456009,-0.44,0.7965169893693385,1.0,0.0625,1.0
e3l,e3l_O2_A8,e3l_O5_A5,pol_ei,5,0.0410723987092243,0.0361627182320986,-0.004909680477125701,-0.0664076531201085,0.06714036192212891,-0.05686660836392095,-0.08949268904793659,-0.04,0.9049516937656119,1.0,0.0625,1.0
e3l,e3l_O5_A8,e3l_O5_A5,pol_ei,5,0.0410723987092243,0.126455821017632,0.0853834223084077,-0.053047150955460996,0.24432208426179072,0.4511022996767648,0.671584448090351,0.28,0.37018402195708383,0.4375,0.0625,1.0
e3l,e3l_O8_A2,e3l_O5_A5,pol_ei,5,0.0410723987092243,0.0212373663320068,-0.0198350323772175,-0.076198858698332,0.018741136156016903,-0.3212999143826651,-0.4667470489214389,-0.36,0.5122101744547697,0.625,0.0625,1.0
e3l,e3l_O8_A5,e3l_O5_A5,pol_ei,5,0.0410723987092243,0.1356667520584268,0.0945943533492025,-0.021680059690332196,0.25052567620248795,0.5190911938084961,0.7030220269681358,0.36,0.31030675881357134,0.3125,0.0625,1.0
e3l,e3l_O5_A2,e3l_O5_A5,pol_extremity,5,0.9710000000000001,1.029,0.05799999999999996,0.01899999999999995,0.09199999999999994,1.1759844228540939,1.1031918835349672,0.6,0.058211741565836896,0.125,0.0625,0.46569393252669516
e3l,e3l_O2_A2,e3l_O5_A5,pol_extremity,5,0.9710000000000001,0.9780000000000001,0.006999999999999984,-0.08400000000000003,0.09999999999999991,0.05639387687810476,0.08598967650318524,0.04,0.9057365986775435,1.0,0.0625,1.0
e3l,e3l_O2_A5,e3l_O5_A5,pol_extremity,5,0.9710000000000001,0.9670000000000002,-0.003999999999999981,-0.05700000000000007,0.052000000000000046,-0.055983767060986935,-0.06623885914010116,-0.16,0.9064176345834329,1.0,0.0625,1.0
e3l,e3l_O2_A8,e3l_O5_A5,pol_extremity,5,0.9710000000000001,0.93,-0.040999999999999995,-0.08400000000000003,0.002000000000000046,-0.7357885994794922,-0.904167577861861,-0.44,0.17525874802873573,0.3125,0.0625,1.0
e3l,e3l_O5_A8,e3l_O5_A5,pol_extremity,5,0.9710000000000001,0.9770000000000001,0.006000000000000005,-0.049000000000000044,0.07100000000000006,0.07578863392560611,0.09646325005718386,0.04,0.8736533866409469,1.0,0.0625,1.0
e3l,e3l_O8_A2,e3l_O5_A5,pol_extremity,5,0.9710000000000001,1.0290000000000001,0.05800000000000001,0.0020000000000000018,0.12000000000000006,0.744446766711949,1.2416932776440706,0.68,0.17131722876474842,0.3125,0.0625,1.0
e3l,e3l_O8_A5,e3l_O5_A5,pol_extremity,5,0.9710000000000001,0.985,0.013999999999999967,-0.04300000000000006,0.07900000000000004,0.17863043388188848,0.2741508449901672,0.2,0.709985027634227,0.8125,0.0625,1.0
e3l,e3l_O8_A8,e3l_O5_A5,pol_extremity,5,0.9710000000000001,0.95,-0.02100000000000004,-0.05900000000000007,0.02400000000000002,-0.41343709625303315,-0.4377495007072384,-0.28,0.4075622017554339,0.4375,0.0625,1.0
e3l,e3l_O5_A2,e3l_O5_A5,pol_var,5,1.0371099999999995,1.23237,0.1952600000000004,0.14726000000000047,0.25951000000000024,2.717028100987243,2.2184112775399596,0.92,0.003708522957843434,0.0625,0.0625,0.029668183662747472
e3l,e3l_O8_A2,e3l_O5_A5,pol_var,5,1.0371099999999995,1.2014099999999999,0.1643000000000005,0.08320000000000083,0.2402400000000001,1.629889737658531,2.0626394589480808,1.0,0.021876613673570473,0.0625,0.0625,0.15313629571499332
e3l,e3l_O8_A8,e3l_O5_A5,pol_var,5,1.0371099999999995,0.7838199999999997,-0.2532899999999997,-0.5142899999999997,-0.0473599999999994,-0.8676390923345818,-1.0675391668791605,-0.44,0.12436307258049446,0.125,0.0625,0.7461784354829668
e3l,e3l_O2_A2,e3l_O5_A5,pol_var,5,1.0371099999999995,1.0962599999999996,0.05915000000000015,0.00038000000000009136,0.13505000000000017,0.6945182672077858,0.625917382594226,0.44,0.195383829801412,0.1875,0.0625,0.97691914900706
e3l,e3l_O2_A5,e3l_O5_A5,pol_var,5,1.0371099999999995,1.0468899999999997,0.009780000000000278,-0.08442999999999931,0.08678000000000012,0.08829326953022092,0.0831232177469636,-0.04,0.8531179341580661,0.8125,0.0625,1.0
e3l,e3l_O2_A8,e3l_O5_A5,pol_var,5,1.0371099999999995,1.0311999999999997,-0.005909999999999904,-0.04467999999999961,0.03144,-0.1200476337995741,-0.06389210464130464,0.04,0.801640201621979,0.8125,0.0625,1.0
e3l,e3l_O5_A8,e3l_O5_A5,pol_var,5,1.0371099999999995,0.9968299999999994,-0.040280000000000024,-0.17720999999999962,0.1234899999999994,-0.19756584453881693,-0.30348131971873493,-0.12,0.6814874940187376,0.8125,0.0625,1.0
e3l,e3l_O8_A5,e3l_O5_A5,pol_var,5,1.0371099999999995,0.9859699999999998,-0.05113999999999961,-0.12549999999999978,0.04729000000000046,-0.4771506169597248,-0.48524488689841505,-0.28,0.3461141920695556,0.4375,0.0625,1.0
e3l,e3l_O8_A8,e3l_O5_A5,trait_drift_mean,5,0.3266996352757958,0.2762174461568456,-0.050482189118950194,-0.06471923752897782,-0.04144998453790999,-3.1426006204640085,-2.7648204008091515,-1.0,0.0021606439170954866,0.0625,0.0625,0.017285151336763893
e3l,e3l_O2_A2,e3l_O5_A5,trait_drift_mean,5,0.3266996352757958,0.3901802098181954,0.06348057454239961,0.029903584084497392,0.08438155769299581,1.7237345669824309,2.8059338723183593,0.92,0.01823424208225087,0.125,0.0625,0.12763969457575608
e3l,e3l_O5_A2,e3l_O5_A5,trait_drift_mean,5,0.3266996352757958,0.36247787597881864,0.0357782407030228,0.013108012402756586,0.05223931821048661,1.4262461626947591,2.037444560371133,0.84,0.03324213805896379,0.125,0.0625,0.19945282835378275
e3l,e3l_O2_A5,e3l_O5_A5,trait_drift_mean,5,0.3266996352757958,0.3454735580170326,0.018773922741236803,0.005917423560101398,0.027198354323247596,1.339840886580353,1.0399302012695257,0.6,0.040100857568968105,0.125,0.0625,0.20050428784484053
e3l,e3l_O5_A8,e3l_O5_A5,trait_drift_mean,5,0.3266996352757958,0.28936518047216503,-0.03733445480363079,-0.05914608004597238,-0.01264406366643398,-1.2798965937044258,-1.8893337555433756,-0.92,0.045839846411377186,0.125,0.0625,0.20050428784484053
e3l,e3l_O8_A2,e3l_O5_A5,trait_drift_mean,5,0.3266996352757958,0.35721208785713743,0.03051245258134161,0.0037422126004626245,0.05369915419735681,0.9507224733736307,1.103390288713907,0.6,0.10067346087719173,0.125,0.0625,0.30202038263157516
e3l,e3l_O2_A8,e3l_O5_A5,trait_drift_mean,5,0.3266996352757958,0.313304564726662,-0.013395070549133803,-0.025585694556907214,0.0030530566237954027,-0.7185233450717279,-0.7181626394246228,-0.28,0.18340330592547202,0.3125,0.0625,0.36680661185094404
e3l,e3l_O8_A5,e3l_O5_A5,trait_drift_mean,5,0.3266996352757958,0.3270909516041706,0.00039131632837481335,-0.01723517939109599,0.013399330418031008,0.019420315267761123,0.021487461082016383,0.04,0.9674439299623109,0.8125,0.0625,0.9674439299623109
e3llama3b,e3llama3b_O2_A2,e3llama3b_O5_A5,CI_accuracy_z,5,0.07617344879020994,-0.21753194039315468,-0.29370538918336464,-0.840973683813006,0.17531425769576978,-0.4478693729278115,-0.5338062092152612,-0.44,0.37327188145063017,0.4375,0.0625,1.0
e3llama3b,e3llama3b_O2_A5,e3llama3b_O5_A5,CI_accuracy_z,5,0.07617344879020994,-0.11165997074858831,-0.18783341953879834,-0.7097739023860503,0.27325856591729303,-0.3057259977346652,-0.3929419168957385,-0.12,0.5317590371236717,0.625,0.0625,1.0
e3llama3b,e3llama3b_O2_A8,e3llama3b_O5_A5,CI_accuracy_z,5,0.07617344879020994,-0.20849542909484592,-0.2846688778850559,-1.0605772685942008,0.4676222080341185,-0.2876943286382626,-0.47686810682845127,-0.28,0.5550517174389669,0.625,0.0625,1.0
e3llama3b,e3llama3b_O5_A2,e3llama3b_O5_A5,CI_accuracy_z,5,0.07617344879020994,-0.1652522538153474,-0.2414257026055573,-0.6161227965003991,0.026779302482631644,-0.573074876845239,-0.48180592714808695,-0.12,0.269282615970283,0.4375,0.0625,1.0
e3llama3b,e3llama3b_O5_A8,e3llama3b_O5_A5,CI_accuracy_z,5,0.07617344879020994,0.5551896960028447,0.47901624721263464,-0.15220295035367362,0.9441661281148571,0.6832517869212317,1.0720393219690438,0.6,0.20128137201041818,0.3125,0.0625,1.0
e3llama3b,e3llama3b_O8_A2,e3llama3b_O5_A5,CI_accuracy_z,5,0.07617344879020994,-0.054422618569223834,-0.1305960673594338,-0.5820046287814523,0.23410087106004412,-0.254364030960177,-0.25422686056752625,-0.04,0.5999220703386001,0.8125,0.0625,1.0
e3llama3b,e3llama3b_O8_A5,e3llama3b_O5_A5,CI_accuracy_z,5,0.07617344879020994,-0.017773671713722895,-0.09394712050393286,-0.5430768937359598,0.4299237197562764,-0.1527452881471377,-0.1995065488416536,-0.12,0.7498790624099732,0.8125,0.0625,1.0
e3llama3b,e3llama3b_O8_A8,e3llama3b_O5_A5,CI_accuracy_z,5,0.07617344879020994,0.143772739541827,0.06759929075161704,-0.1482751513064394,0.37187986066746703,0.19585097112907549,0.1063770310552246,0.12,0.6840431005444778,1.0,0.0625,1.0
e3llama3b,e3llama3b_O8_A5,e3llama3b_O5_A5,CI_diversity,5,0.6391565994581914,0.6677459318196585,0.02858933236146708,0.008947931197768799,0.04823073352516536,1.1314366345389324,1.3065341497784726,0.76,0.06466677353598867,0.125,0.0625,0.5173341882879093
e3llama3b,e3llama3b_O2_A2,e3llama3b_O5_A5,CI_diversity,5,0.6391565994581914,0.6111041456542013,-0.028052453803990175,-0.07013368001291989,0.011026892702202607,-0.5420641334662539,-0.880314391261968,-0.52,0.2921747853623599,0.4375,0.0625,1.0
e3llama3b,e3llama3b_O2_A5,e3llama3b_O5_A5,CI_diversity,5,0.6391565994581914,0.6138772773110457,-0.025279322147145723,-0.05833710504737115,0.005339826233154277,-0.6068385609255752,-0.7162974199150083,-0.52,0.24632531445364558,0.3125,0.0625,1.0
e3llama3b,e3llama3b_O2_A8,e3llama3b_O5_A5,CI_diversity,5,0.6391565994581914,0.6579289671148825,0.018772367656691012,-0.016401537488404914,0.05864810981880693,0.38133890085691075,0.3559097367982236,0.12,0.44187426644160727,0.625,0.0625,1.0
e3llama3b,e3llama3b_O5_A2,e3llama3b_O5_A5,CI_diversity,5,0.6391565994581914,0.6407674539668056,0.0016108545086142012,-0.0191690572880985,0.029474299182585484,0.05162804781342044,0.03891241300241282,-0.04,0.9136566923517473,0.8125,0.0625,1.0
e3llama3b,e3llama3b_O5_A8,e3llama3b_O5_A5,CI_diversity,5,0.6391565994581914,0.6255414024557749,-0.013615197002416469,-0.05219925711016251,0.024968863105329576,-0.2750194430255489,-0.3657986314974855,-0.36,0.571841198465302,0.8125,0.0625,1.0
e3llama3b,e3llama3b_O8_A2,e3llama3b_O5_A5,CI_diversity,5,0.6391565994581914,0.6424684822108221,0.0033118827526306127,-0.048521769381957645,0.07258066382811017,0.04351042620460457,0.05079210655651833,-0.44,0.9271743384032521,0.625,0.0625,1.0
e3llama3b,e3llama3b_O8_A8,e3llama3b_O5_A5,CI_diversity,5,0.6391565994581914,0.5995393144032739,-0.03961728505491753,-0.08840800267019384,0.010321303680756056,-0.6094714891066516,-0.6692315269306813,-0.36,0.24461772644778382,0.3125,0.0625,1.0
e3llama3b,e3llama3b_O2_A2,e3llama3b_O5_A5,CI_hidden_profile_rate,5,0.0,0.0,0.0,0.0,0.0,,,0.0,,1.0,0.0625,
e3llama3b,e3llama3b_O2_A5,e3llama3b_O5_A5,CI_hidden_profile_rate,5,0.0,0.0,0.0,0.0,0.0,,,0.0,,1.0,0.0625,
e3llama3b,e3llama3b_O2_A8,e3llama3b_O5_A5,CI_hidden_profile_rate,5,0.0,0.0,0.0,0.0,0.0,,,0.0,,1.0,0.0625,
e3llama3b,e3llama3b_O5_A2,e3llama3b_O5_A5,CI_hidden_profile_rate,5,0.0,0.0,0.0,0.0,0.0,,,0.0,,1.0,0.0625,
e3llama3b,e3llama3b_O5_A8,e3llama3b_O5_A5,CI_hidden_profile_rate,5,0.0,0.0,0.0,0.0,0.0,,,0.0,,1.0,0.0625,
e3llama3b,e3llama3b_O8_A2,e3llama3b_O5_A5,CI_hidden_profile_rate,5,0.0,0.0,0.0,0.0,0.0,,,0.0,,1.0,0.0625,
e3llama3b,e3llama3b_O8_A5,e3llama3b_O5_A5,CI_hidden_profile_rate,5,0.0,0.0,0.0,0.0,0.0,,,0.0,,1.0,0.0625,
e3llama3b,e3llama3b_O8_A8,e3llama3b_O5_A5,CI_hidden_profile_rate,5,0.0,0.0,0.0,0.0,0.0,,,0.0,,1.0,0.0625,
e3llama3b,e3llama3b_O2_A2,e3llama3b_O5_A5,CI_mean_gain_vs_pre,5,-0.0186928554500774,0.06030780802632381,0.0790006634764012,0.0101223981762316,0.15976898012692722,0.8331667968039836,1.0317801013145003,0.76,0.13592482486380617,0.125,0.0625,1.0
e3llama3b,e3llama3b_O2_A5,e3llama3b_O5_A5,CI_mean_gain_vs_pre,5,-0.0186928554500774,0.017563389538748007,0.036256244988825403,-0.05317221808275661,0.139794267453261,0.2897427217942231,0.37438014598803737,0.28,0.5523704381006969,0.8125,0.0625,1.0
e3llama3b,e3llama3b_O2_A8,e3llama3b_O5_A5,CI_mean_gain_vs_pre,5,-0.0186928554500774,-0.0140517318206474,0.004641123629429989,-0.1217393118666726,0.0885581517933816,0.0325771529566935,0.037658514965088326,0.28,0.945426766465447,0.625,0.0625,1.0
e3llama3b,e3llama3b_O5_A2,e3llama3b_O5_A5,CI_mean_gain_vs_pre,5,-0.0186928554500774,0.013932266348381203,0.032625121798458605,-0.035288368826236004,0.1005386124231532,0.37115870612834895,0.500334828911577,0.28,0.4532349429462907,0.625,0.0625,1.0
e3llama3b,e3llama3b_O5_A8,e3llama3b_O5_A5,CI_mean_gain_vs_pre,5,-0.0186928554500774,-0.046505322267426194,-0.027812466817348797,-0.11662564377289482,0.0737124857105334,-0.23070237253377324,-0.2995684984219381,-0.12,0.6331518420480235,0.625,0.0625,1.0
e3llama3b,e3llama3b_O8_A2,e3llama3b_O5_A5,CI_mean_gain_vs_pre,5,-0.0186928554500774,0.012687402763387205,0.031380258213464615,-0.18298227507565817,0.18865235616952702,0.13052994643123628,0.19613810156584316,0.36,0.7848948119257486,0.8125,0.0625,1.0
e3llama3b,e3llama3b_O8_A5,e3llama3b_O5_A5,CI_mean_gain_vs_pre,5,-0.0186928554500774,-0.06382076034065201,-0.0451279048905746,-0.12171448513191041,0.0314586753507612,-0.4545649609025529,-0.6661033441047867,-0.2,0.3669015307869857,0.3125,0.0625,1.0
e3llama3b,e3llama3b_O8_A8,e3llama3b_O5_A5,CI_mean_gain_vs_pre,5,-0.0186928554500774,0.004367463114358398,0.0230603185644358,-0.10334353098873583,0.10125751182467102,0.162972789266471,0.27077804189440596,0.28,0.7339934914523942,0.625,0.0625,1.0
e3llama3b,e3llama3b_O2_A2,e3llama3b_O5_A5,CI_medrelerr_z,5,0.12788033770403492,-0.049005770983723385,-0.1768861086877583,-0.6410711853184663,0.28729896794294973,-0.2963674431922902,-0.35403568586061096,-0.2,0.5437605283671656,0.625,0.0625,1.0
e3llama3b,e3llama3b_O2_A5,e3llama3b_O5_A5,CI_medrelerr_z,5,0.12788033770403492,-0.14535600796836787,-0.27323634567240285,-0.5613581784686827,0.023946681615930766,-0.708966676354207,-0.5380083931133502,-0.28,0.18807937926433713,0.1875,0.0625,1.0
e3llama3b,e3llama3b_O2_A8,e3llama3b_O5_A5,CI_medrelerr_z,5,0.12788033770403492,-0.262943233707955,-0.39082357141199,-0.8592739889713717,0.07762684614739182,-0.6568673888438759,-0.9614912311305086,-0.2,0.21581273311762528,0.3125,0.0625,1.0
e3llama3b,e3llama3b_O5_A2,e3llama3b_O5_A5,CI_medrelerr_z,5,0.12788033770403492,0.04242306196247623,-0.08545727574155872,-0.4711570719084304,0.300242520425313,-0.1727482092799471,-0.18191608238409643,-0.04,0.7189589356884698,0.8125,0.0625,1.0
e3llama3b,e3llama3b_O5_A8,e3llama3b_O5_A5,CI_medrelerr_z,5,0.12788033770403492,0.497228859150799,0.369348521446764,-0.24736658456909763,0.9647962879666082,0.44352374114707516,0.722734062858863,0.44,0.37745785559324185,0.625,0.0625,1.0
e3llama3b,e3llama3b_O8_A2,e3llama3b_O5_A5,CI_medrelerr_z,5,0.12788033770403492,-0.10066059943468131,-0.22854093713871623,-0.6585627286267398,0.1910610415168923,-0.3963558097998941,-0.5351378329227583,-0.12,0.4255372778213825,0.625,0.0625,1.0
e3llama3b,e3llama3b_O8_A5,e3llama3b_O5_A5,CI_medrelerr_z,5,0.12788033770403492,-0.11498983954056072,-0.24287017724459567,-0.7851394902464899,0.2993991357572985,-0.3519018163840696,-0.5712502253210704,-0.2,0.4753571096171953,0.625,0.0625,1.0
e3llama3b,e3llama3b_O8_A8,e3llama3b_O5_A5,CI_medrelerr_z,5,0.12788033770403492,0.005423192817983302,-0.12245714488605161,-0.6058553214834339,0.4049515332265986,-0.1906690189112582,-0.19793429845295077,-0.04,0.6917965654344878,0.8125,0.0625,1.0
e3llama3b,e3llama3b_O2_A2,e3llama3b_O5_A5,crosscut_rate,5,0.0,0.0034063260340632,0.0034063260340632,0.0,0.010218978102189599,0.4472135954999579,0.5712501579659007,0.2,0.373900966300059,0.31731050786291415,0.0625,0.373900966300059
e3llama3b,e3llama3b_O2_A5,e3llama3b_O5_A5,crosscut_rate,5,0.0,0.0,0.0,0.0,0.0,,,0.0,,1.0,0.0625,
e3llama3b,e3llama3b_O2_A8,e3llama3b_O5_A5,crosscut_rate,5,0.0,0.0,0.0,0.0,0.0,,,0.0,,1.0,0.0625,
e3llama3b,e3llama3b_O5_A2,e3llama3b_O5_A5,crosscut_rate,5,0.0,0.0,0.0,0.0,0.0,,,0.0,,1.0,0.0625,
e3llama3b,e3llama3b_O5_A8,e3llama3b_O5_A5,crosscut_rate,5,0.0,0.0,0.0,0.0,0.0,,,0.0,,1.0,0.0625,
e3llama3b,e3llama3b_O8_A2,e3llama3b_O5_A5,crosscut_rate,5,0.0,0.0,0.0,0.0,0.0,,,0.0,,1.0,0.0625,
e3llama3b,e3llama3b_O8_A5,e3llama3b_O5_A5,crosscut_rate,5,0.0,0.0,0.0,0.0,0.0,,,0.0,,1.0,0.0625,
e3llama3b,e3llama3b_O8_A8,e3llama3b_O5_A5,crosscut_rate,5,0.0,0.0,0.0,0.0,0.0,,,0.0,,1.0,0.0625,
e3llama3b,e3llama3b_O2_A2,e3llama3b_O5_A5,pol_assort,5,-0.011153005506325902,-0.029126092655337797,-0.017973087149011902,-0.0877294780604535,0.0517833037624297,-0.2001765487065198,-0.3454871994508772,-0.2,0.6776067740270217,0.625,0.0625,1.0
e3llama3b,e3llama3b_O2_A5,e3llama3b_O5_A5,pol_assort,5,-0.011153005506325902,-0.0268744555562344,-0.0157214500499085,-0.059294015989753,0.0320454132181055,-0.2757095469185167,-0.30430561293112096,-0.04,0.570918326195833,0.625,0.0625,1.0
e3llama3b,e3llama3b_O2_A8,e3llama3b_O5_A5,pol_assort,5,-0.011153005506325902,-0.024145673094798703,-0.012992667588472801,-0.0759791870712104,0.04885751382630281,-0.1558929666008249,-0.2537761276265841,-0.12,0.7449735171393687,0.8125,0.0625,1.0
e3llama3b,e3llama3b_O5_A2,e3llama3b_O5_A5,pol_assort,5,-0.011153005506325902,-0.0330984119252435,-0.021945406418917603,-0.07228627449552459,0.0357259609744357,-0.3055643167780269,-0.3685835790383832,-0.2,0.5319647645475887,0.4375,0.0625,1.0
e3llama3b,e3llama3b_O5_A8,e3llama3b_O5_A5,pol_assort,5,-0.011153005506325902,-0.022644483167705804,-0.011491477661379902,-0.0608483861821698,0.0241011352697789,-0.2085303736001159,-0.19501244266918866,-0.12,0.6652705979752784,1.0,0.0625,1.0
e3llama3b,e3llama3b_O8_A2,e3llama3b_O5_A5,pol_assort,5,-0.011153005506325902,0.015198783866243704,0.0263517893725696,-0.0367778610145838,0.08948143975972302,0.3182851610277866,0.5095920272207594,0.36,0.5159528728117703,0.625,0.0625,1.0
e3llama3b,e3llama3b_O8_A5,e3llama3b_O5_A5,pol_assort,5,-0.011153005506325902,0.0134891439359929,0.024642149442318805,-0.0235984497349886,0.07288274861962621,0.4018185045542015,0.48271150132617247,0.36,0.41971857959785436,0.625,0.0625,1.0
e3llama3b,e3llama3b_O8_A8,e3llama3b_O5_A5,pol_assort,5,-0.011153005506325902,-0.0363068139200116,-0.025153808413685707,-0.07659764441949932,0.026290027592127903,-0.3744114215557055,-0.526560884239731,-0.2,0.44957992472832936,0.625,0.0625,1.0
e3llama3b,e3llama3b_O2_A2,e3llama3b_O5_A5,pol_ei,5,1.0,0.9856535974240334,-0.014346402575966666,-0.0430392077279,0.0,-0.447213595499958,-0.5712501579659,-0.2,0.373900966300059,0.31731050786291415,0.0625,0.373900966300059
e3llama3b,e3llama3b_O2_A5,e3llama3b_O5_A5,pol_ei,5,1.0,1.0,0.0,0.0,0.0,,,0.0,,1.0,0.0625,
e3llama3b,e3llama3b_O2_A8,e3llama3b_O5_A5,pol_ei,5,1.0,1.0,0.0,0.0,0.0,,,0.0,,1.0,0.0625,
e3llama3b,e3llama3b_O5_A2,e3llama3b_O5_A5,pol_ei,5,1.0,1.0,0.0,0.0,0.0,,,0.0,,1.0,0.0625,
e3llama3b,e3llama3b_O5_A8,e3llama3b_O5_A5,pol_ei,5,1.0,1.0,0.0,0.0,0.0,,,0.0,,1.0,0.0625,
e3llama3b,e3llama3b_O8_A2,e3llama3b_O5_A5,pol_ei,5,1.0,1.0,0.0,0.0,0.0,,,0.0,,1.0,0.0625,
e3llama3b,e3llama3b_O8_A5,e3llama3b_O5_A5,pol_ei,5,1.0,1.0,0.0,0.0,0.0,,,0.0,,1.0,0.0625,
e3llama3b,e3llama3b_O8_A8,e3llama3b_O5_A5,pol_ei,5,1.0,1.0,0.0,0.0,0.0,,,0.0,,1.0,0.0625,
e3llama3b,e3llama3b_O2_A2,e3llama3b_O5_A5,pol_extremity,5,1.553,1.252,-0.30100000000000005,-0.35,-0.25100000000000006,-4.669613991060877,-4.678919082080444,-1.0,0.00047532138402831746,0.0625,0.0625,0.0038025710722265397
e3llama3b,e3llama3b_O8_A8,e3llama3b_O5_A5,pol_extremity,5,1.553,1.767,0.21399999999999997,0.17299999999999996,0.2629999999999999,3.6146792179649148,3.864840362268416,1.0,0.0012731051139339724,0.0625,0.0625,0.008911735797537807
e3llama3b,e3llama3b_O2_A5,e3llama3b_O5_A5,pol_extremity,5,1.553,1.325,-0.22799999999999998,-0.28300000000000003,-0.1729999999999999,-3.194204762191466,-3.549424978860012,-1.0,0.0020325209103659813,0.0625,0.0625,0.012195125462195887
e3llama3b,e3llama3b_O8_A5,e3llama3b_O5_A5,pol_extremity,5,1.553,1.7450000000000003,0.192,0.146,0.24300000000000002,3.0666075119997127,2.6907750314134136,0.96,0.0023679999999999947,0.0625,0.0625,0.012195125462195887
e3llama3b,e3llama3b_O2_A8,e3llama3b_O5_A5,pol_extremity,5,1.553,1.3259999999999998,-0.227,-0.32600000000000007,-0.139,-1.8994319583488608,-2.4560926888933636,-1.0,0.013186883815776493,0.0625,0.0625,0.05274753526310597
e3llama3b,e3llama3b_O5_A2,e3llama3b_O5_A5,pol_extremity,5,1.553,1.452,-0.10099999999999998,-0.18399999999999994,-0.039999999999999994,-1.1008542191770954,-1.483297425516492,-0.76,0.06957280486139876,0.0625,0.0625,0.20871841458419627
e3llama3b,e3llama3b_O5_A8,e3llama3b_O5_A5,pol_extremity,5,1.553,1.6280000000000001,0.075,0.0040000000000000036,0.14500000000000007,0.817708900201076,0.7582076069312336,0.48,0.1414814557446706,0.1875,0.0625,0.2829629114893412
e3llama3b,e3llama3b_O8_A2,e3llama3b_O5_A5,pol_extremity,5,1.553,1.582,0.02899999999999996,-0.012999999999999989,0.098,0.3754064966196387,0.439545372344067,0.28,0.4484664904302274,1.0,0.0625,0.4484664904302274
e3llama3b,e3llama3b_O8_A8,e3llama3b_O5_A5,pol_var,5,0.2218499999999993,0.1691499999999997,-0.052699999999999615,-0.06718999999999951,-0.03868999999999981,-2.8782240824768186,-3.2434045064374297,-1.0,0.002998175927580239,0.0625,0.0625,0.02398540742064191
e3llama3b,e3llama3b_O2_A5,e3llama3b_O5_A5,pol_var,5,0.2218499999999993,0.18910999999999983,-0.032739999999999506,-0.05304999999999922,-0.015849999999999708,-1.399665579833982,-2.115432921759189,-1.0,0.03519383184489579,0.0625,0.0625,0.24635682291427052
e3llama3b,e3llama3b_O8_A5,e3llama3b_O5_A5,pol_var,5,0.2218499999999993,0.18108999999999983,-0.040759999999999505,-0.05894999999999952,-0.014179999999999499,-1.3318871105449013,-1.5728074318181795,-0.76,0.04081190412042305,0.125,0.0625,0.24635682291427052
e3llama3b,e3llama3b_O2_A8,e3llama3b_O5_A5,pol_var,5,0.2218499999999993,0.18553999999999943,-0.03630999999999991,-0.06415999999999973,-0.009269999999999811,-0.9951281843866702,-1.5456386315117785,-0.76,0.09009257895927988,0.125,0.0625,0.45046289479639945
e3llama3b,e3llama3b_O5_A8,e3llama3b_O5_A5,pol_var,5,0.2218499999999993,0.1995799999999996,-0.022269999999999707,-0.0415399999999994,-0.004310000000000003,-0.927115645167273,-1.1472584565074946,-0.6,0.10685507923491772,0.125,0.0625,0.45046289479639945
e3llama3b,e3llama3b_O2_A2,e3llama3b_O5_A5,pol_var,5,0.2218499999999993,0.2602599999999997,0.03841000000000039,-0.0199499999999998,0.10428000000000057,0.46940049245719556,0.5375728569780598,-0.16,0.35312622112659076,0.8125,0.0625,0.7145740527024528
e3llama3b,e3llama3b_O5_A2,e3llama3b_O5_A5,pol_var,5,0.2218499999999993,0.23343999999999981,0.011590000000000494,-0.0029499999999995086,0.026130000000000497,0.6195454134095282,0.7126708953178229,0.28,0.23819135090081758,0.4375,0.0625,0.7145740527024528
e3llama3b,e3llama3b_O8_A2,e3llama3b_O5_A5,pol_var,5,0.2218499999999993,0.2232799999999997,0.0014300000000003865,-0.021789999999999626,0.022640000000000694,0.049443221990973826,0.07558604121317641,0.12,0.9172916727247613,1.0,0.0625,0.9172916727247613
e3llama3b,e3llama3b_O5_A8,e3llama3b_O5_A5,trait_drift_mean,5,0.3793539495711532,0.33760574806783045,-0.0417482015033228,-0.048755521143900395,-0.033183198209522216,-4.0561492422867635,-2.9163419421745407,-1.0,0.000819132702162213,0.0625,0.0625,0.006553061617297704
e3llama3b,e3llama3b_O8_A8,e3llama3b_O5_A5,trait_drift_mean,5,0.3793539495711532,0.3032086412690068,-0.0761453083021464,-0.0966488965787906,-0.056381325692376805,-2.9401357303125697,-5.069422173971531,-1.0,0.0027704942804022727,0.0625,0.0625,0.01939345996281591
e3llama3b,e3llama3b_O8_A5,e3llama3b_O5_A5,trait_drift_mean,5,0.3793539495711532,0.34473436916987643,-0.03461958040127681,-0.04838926745274761,-0.01869639879577618,-1.805570467423984,-2.6267570559338758,-1.0,0.01563784691935838,0.0625,0.0625,0.0938270815161503
e3llama3b,e3llama3b_O2_A8,e3llama3b_O5_A5,trait_drift_mean,5,0.3793539495711532,0.34303568553382824,-0.036318264037325,-0.061656217808562994,-0.011846290545143624,-1.1179871290594185,-1.552324607174429,-0.76,0.06677402157721679,0.125,0.0625,0.33387010788608396
e3llama3b,e3llama3b_O2_A5,e3llama3b_O5_A5,trait_drift_mean,5,0.3793539495711532,0.34433322518912846,-0.03502072438202479,-0.06371438510098759,-0.005486864241066825,-0.8914960329041575,-1.4046201959122564,-0.68,0.1169890744442018,0.1875,0.0625,0.4679562977768072
e3llama3b,e3llama3b_O5_A2,e3llama3b_O5_A5,trait_drift_mean,5,0.3793539495711532,0.3666195214547148,-0.012734428116438412,-0.022449102756741023,0.000356387826665594,-0.8470680756180722,-0.5817401979995722,-0.36,0.1311281952735185,0.1875,0.0625,0.4679562977768072
e3llama3b,e3llama3b_O2_A2,e3llama3b_O5_A5,trait_drift_mean,5,0.3793539495711532,0.37021695644455066,-0.0091369931266026,-0.0320002266800658,0.013726240426860603,-0.3005585820518159,-0.5158446056263165,-0.28,0.5383623101109177,0.4375,0.0625,1.0
e3llama3b,e3llama3b_O8_A2,e3llama3b_O5_A5,trait_drift_mean,5,0.3793539495711532,0.38006663665251483,0.0007126870813616071,-0.014266088079507388,0.013574088648622007,0.03963346281410272,0.05504276432013327,0.04,0.9336411964374678,1.0,0.0625,1.0
e3q,e3q_O2_A2,e1q_norm_baseline,CI_accuracy_z,5,-0.10064204229811173,0.10231539451098448,0.20295743680909623,0.06684734907855414,0.35421358794887964,1.0715680763298563,0.5386168905291154,0.36,0.07467168067853079,0.0625,0.0625,0.6720451261067771
e3q,e3q_O2_A5,e1q_norm_baseline,CI_accuracy_z,5,-0.10064204229811173,0.218740866815771,0.31938290911388273,-0.2656669345614787,0.9044327527892442,0.4267326535190104,0.7374467675026921,0.6,0.3940155050299392,0.4375,0.0625,1.0
e3q,e3q_O2_A8,e1q_norm_baseline,CI_accuracy_z,5,-0.10064204229811173,0.21082924517070892,0.3114712874688207,-0.0514479656038046,0.6743905405414459,0.6790579055830953,0.8312093493616803,0.6,0.20352290832304692,0.3125,0.0625,1.0
e3q,e3q_O5_A2,e1q_norm_baseline,CI_accuracy_z,5,-0.10064204229811173,0.08749205627520089,0.18813409857331265,-0.35269231062566153,0.6862582934982924,0.27173995544667456,0.4663242598437053,0.2,0.5762404997382642,0.625,0.0625,1.0
e3q,e3q_O5_A5,e1q_norm_baseline,CI_accuracy_z,5,-0.10064204229811173,-0.13128702703241807,-0.030644984734306335,-0.2924290342859104,0.24631051529325804,-0.08840908308827415,-0.0899354279305885,-0.12,0.8529283670245315,1.0,0.0625,1.0
e3q,e3q_O5_A8,e1q_norm_baseline,CI_accuracy_z,5,-0.10064204229811173,0.05455579249317184,0.1551978347912836,-0.22473142589361964,0.5176804336025072,0.3082134646255747,0.43704882343590484,0.36,0.5286010905120694,0.3125,0.0625,1.0
e3q,e3q_O8_A2,e1q_norm_baseline,CI_accuracy_z,5,-0.10064204229811173,-0.3799304160092112,-0.2792883737110995,-0.9376845158457838,0.2147865212552816,-0.3548373263853789,-0.5232514187500111,-0.12,0.47193138099244747,1.0,0.0625,1.0
e3q,e3q_O8_A5,e1q_norm_baseline,CI_accuracy_z,5,-0.10064204229811173,-0.3438458522548665,-0.24320380995675478,-0.7860354143971039,0.23294595780856925,-0.37685834713197647,-0.6314720545239704,-0.36,0.446845910431048,0.8125,0.0625,1.0
e3q,e3q_O8_A8,e1q_norm_baseline,CI_accuracy_z,5,-0.10064204229811173,-0.1861571802723771,-0.08551513797426535,-0.5978612068296376,0.4268309308811068,-0.1290169133999323,-0.21596602273362764,-0.2,0.7873034714478465,1.0,0.0625,1.0
e3q,e3q_O2_A2,e1q_norm_baseline,CI_diversity,5,0.2739183356681621,0.2750413246882054,0.00112298902004333,-0.03504489957537451,0.03729087761546117,0.024129185709914156,0.04004181973721837,-0.12,0.9595586482529467,1.0,0.0625,1.0
e3q,e3q_O2_A5,e1q_norm_baseline,CI_diversity,5,0.2739183356681621,0.27420643124492833,0.0002880955767662396,-0.017733941474461494,0.013791025946270052,0.01349164765112332,0.010652453733830957,0.2,0.9773781081435908,0.8125,0.0625,1.0
e3q,e3q_O2_A8,e1q_norm_baseline,CI_diversity,5,0.2739183356681621,0.25626067565797866,-0.017657660010183436,-0.038225352716828476,0.002910032696461606,-0.6849450398570092,-0.5037778243380527,-0.2,0.20038352306742813,0.3125,0.0625,1.0
e3q,e3q_O5_A2,e1q_norm_baseline,CI_diversity,5,0.2739183356681621,0.2583137131529635,-0.015604622515198651,-0.04374374868766988,0.012463518406981716,-0.4248685770012608,-0.5099425815691585,-0.12,0.3958914657711502,0.8125,0.0625,1.0
e3q,e3q_O5_A5,e1q_norm_baseline,CI_diversity,5,0.2739183356681621,0.2780213820872891,0.004103046419126938,-0.018921962555580558,0.02336254702188654,0.14814888650382,0.14890928596546352,0.04,0.7570680918109528,0.8125,0.0625,1.0
e3q,e3q_O5_A8,e1q_norm_baseline,CI_diversity,5,0.2739183356681621,0.2712677827718354,-0.0026505528963267355,-0.030977880091540545,0.029957548355089965,-0.067993972711747,-0.10091727873749602,-0.36,0.8865164736079832,1.0,0.0625,1.0
e3q,e3q_O8_A2,e1q_norm_baseline,CI_diversity,5,0.2739183356681621,0.28431176092413796,0.010393425255975803,-0.024645867485165625,0.04491955121950733,0.22644013564741142,0.303642729469648,0.2,0.6392541875374538,0.625,0.0625,1.0
e3q,e3q_O8_A5,e1q_norm_baseline,CI_diversity,5,0.2739183356681621,0.2680589546404757,-0.005859381027686428,-0.021123386966191336,0.009404624910818482,-0.3062374605527599,-0.17728454910062996,-0.04,0.531108612104484,0.625,0.0625,1.0
e3q,e3q_O8_A8,e1q_norm_baseline,CI_diversity,5,0.2739183356681621,0.26444921662741255,-0.009469119040749546,-0.03583249570098941,0.013604790286595725,-0.28610769275406966,-0.2859750954949523,-0.28,0.5571347339728921,0.8125,0.0625,1.0
e3q,e3q_O5_A5,e1q_norm_baseline,CI_hidden_profile_rate,5,0.0,0.002,0.002,0.0,0.004,0.7302967433402214,0.9328476016671629,0.4,0.17780780835622126,0.15729920705028502,0.0625,0.7112312334248844
e3q,e3q_O8_A8,e1q_norm_baseline,CI_hidden_profile_rate,5,0.0,0.002,0.002,0.0,0.004,0.7302967433402214,0.9328476016671629,0.4,0.1778078083562211,0.15729920705028502,0.0625,0.7112312334248844
e3q,e3q_O5_A8,e1q_norm_baseline,CI_hidden_profile_rate,5,0.0,0.001,0.001,0.0,0.003,0.4472135954999579,0.5712501579659007,0.2,0.373900966300059,0.31731050786291415,0.0625,0.747801932600118
e3q,e3q_O8_A2,e1q_norm_baseline,CI_hidden_profile_rate,5,0.0,0.001,0.001,0.0,0.003,0.4472135954999579,0.5712501579659007,0.2,0.373900966300059,0.31731050786291415,0.0625,0.747801932600118
e3q,e3q_O2_A2,e1q_norm_baseline,CI_hidden_profile_rate,5,0.0,0.0,0.0,0.0,0.0,,,0.0,,1.0,0.0625,
e3q,e3q_O2_A5,e1q_norm_baseline,CI_hidden_profile_rate,5,0.0,0.0,0.0,0.0,0.0,,,0.0,,1.0,0.0625,
e3q,e3q_O2_A8,e1q_norm_baseline,CI_hidden_profile_rate,5,0.0,0.0,0.0,0.0,0.0,,,0.0,,1.0,0.0625,
e3q,e3q_O5_A2,e1q_norm_baseline,CI_hidden_profile_rate,5,0.0,0.0,0.0,0.0,0.0,,,0.0,,1.0,0.0625,
e3q,e3q_O8_A5,e1q_norm_baseline,CI_hidden_profile_rate,5,0.0,0.0,0.0,0.0,0.0,,,0.0,,1.0,0.0625,
e3q,e3q_O2_A2,e1q_norm_baseline,CI_mean_gain_vs_pre,5,0.004303349654412801,-0.007307823917943601,-0.011611173572356399,-0.047877367995756,0.022872490872776007,-0.2671665070559866,-0.4178745557630899,-0.12,0.5824131235896205,0.625,0.0625,1.0
e3q,e3q_O2_A5,e1q_norm_baseline,CI_mean_gain_vs_pre,5,0.004303349654412801,0.0157747252337408,0.011471375579328003,-0.0233649280799146,0.0463076792385706,0.25125455364746496,0.3571883269670769,0.2,0.6042251926885464,0.625,0.0625,1.0
e3q,e3q_O2_A8,e1q_norm_baseline,CI_mean_gain_vs_pre,5,0.004303349654412801,0.003288981311573999,-0.0010143683428388006,-0.0273961629938684,0.029231501717629997,-0.028390527550497587,-0.035112555517927385,0.04,0.9524275712547591,0.8125,0.0625,1.0
e3q,e3q_O5_A2,e1q_norm_baseline,CI_mean_gain_vs_pre,5,0.004303349654412801,-0.002545015893968,-0.0068483655483807995,-0.037105687642477805,0.019422477506005405,-0.19082040034027428,-0.28538954454164656,-0.12,0.6915694063377739,1.0,0.0625,1.0
e3q,e3q_O5_A5,e1q_norm_baseline,CI_mean_gain_vs_pre,5,0.004303349654412801,-0.0082731677554876,-0.012576517409900397,-0.027466282408337154,0.0002415338139974004,-0.6904055894918126,-0.6359961855383095,-0.44,0.1975158638603398,0.1875,0.0625,1.0
e3q,e3q_O5_A8,e1q_norm_baseline,CI_mean_gain_vs_pre,5,0.004303349654412801,0.0004887279442198005,-0.003814621710193,-0.023697512431079003,0.0100436828119224,-0.1719863488496688,-0.19770056528299598,-0.04,0.7201252891041999,1.0,0.0625,1.0
e3q,e3q_O8_A2,e1q_norm_baseline,CI_mean_gain_vs_pre,5,0.004303349654412801,-0.020957993765906797,-0.025261343420319597,-0.08912767409457381,0.020421725227814002,-0.35070772696842106,-0.4675826629482914,-0.2,0.47675610316108574,0.8125,0.0625,1.0
e3q,e3q_O8_A5,e1q_norm_baseline,CI_mean_gain_vs_pre,5,0.004303349654412801,-0.016120691685173803,-0.020424041339586606,-0.0681121254806996,0.0272640428015264,-0.327049413870341,-0.44931899222733956,-0.28,0.5051279093107025,0.4375,0.0625,1.0
e3q,e3q_O8_A8,e1q_norm_baseline,CI_mean_gain_vs_pre,5,0.004303349654412801,0.010305366365969201,0.006002016711556401,-0.023858394088839833,0.03703772744834401,0.1498764523543068,0.18621389672053884,-0.04,0.7543625416521695,0.8125,0.0625,1.0
e3q,e3q_O2_A2,e1q_norm_baseline,CI_medrelerr_z,5,0.18902670842728247,-0.21018379007026072,-0.3992104984975432,-0.6921458306377735,-0.05006001619440938,-0.9966052715385886,-1.043115477825971,-0.6,0.08976260185253684,0.125,0.0625,0.76570917026305
e3q,e3q_O8_A2,e1q_norm_baseline,CI_medrelerr_z,5,0.18902670842728247,-0.34362618188982835,-0.5326528903171107,-0.9543369034321294,-0.16498534890241096,-1.0182523309929132,-1.3503713310016248,-0.76,0.08507879669589444,0.125,0.0625,0.76570917026305
e3q,e3q_O5_A2,e1q_norm_baseline,CI_medrelerr_z,5,0.18902670842728247,-0.16617477970612254,-0.355201488133405,-0.70070447984771,-0.009698496419100016,-0.8182154981738264,-0.9310668332485933,-0.52,0.14129553224533786,0.3125,0.0625,0.989068725717365
e3q,e3q_O2_A5,e1q_norm_baseline,CI_medrelerr_z,5,0.18902670842728247,-0.06703727826749252,-0.256063986694775,-0.7404701114701217,0.22834213808057163,-0.41674223063275073,-0.4877662701360794,-0.28,0.4041584292747652,0.625,0.0625,1.0
e3q,e3q_O2_A8,e1q_norm_baseline,CI_medrelerr_z,5,0.18902670842728247,0.07557542464001214,-0.11345128378727036,-0.804614680644679,0.7028571869508299,-0.11633484848903311,-0.19757883246791844,-0.28,0.807602995997895,0.8125,0.0625,1.0
e3q,e3q_O5_A5,e1q_norm_baseline,CI_medrelerr_z,5,0.18902670842728247,-0.20419677030039196,-0.39322347872767444,-0.8483510259887262,0.24691355358631273,-0.5344799088175383,-0.8281879681462095,-0.52,0.2980480899322641,0.4375,0.0625,1.0
e3q,e3q_O5_A8,e1q_norm_baseline,CI_medrelerr_z,5,0.18902670842728247,0.2377832674233559,0.04875655899607343,-0.3498992923925516,0.3636093767329291,0.10282773191350063,0.13280239543721056,0.04,0.8294260138705357,0.8125,0.0625,1.0
e3q,e3q_O8_A5,e1q_norm_baseline,CI_medrelerr_z,5,0.18902670842728247,-0.24392220808352788,-0.43294891651081036,-0.8709382863436265,0.016144712333441103,-0.7355337497116934,-0.7384553601276383,-0.36,0.17537619011443317,0.3125,0.0625,1.0
e3q,e3q_O8_A8,e1q_norm_baseline,CI_medrelerr_z,5,0.18902670842728247,0.026511307557062692,-0.1625154008702198,-0.5175221664075629,0.2727114923110413,-0.3276829362363828,-0.36277798725064786,-0.2,0.5043519961124202,0.625,0.0625,1.0
e3q,e3q_O5_A2,e1q_norm_baseline,crosscut_rate,5,0.22432517628012422,0.1029410458604102,-0.121384130419714,-0.1930694022966014,-0.055077882767808804,-1.3532852674420293,-1.2559936790110233,-0.76,0.038931651102014256,0.0625,0.0625,0.3503848599181283
e3q,e3q_O8_A8,e1q_norm_baseline,crosscut_rate,5,0.22432517628012422,0.049356874298198,-0.1749683019819262,-0.2889433402463592,-0.0571370979720866,-1.22899530878629,-1.7904947928570452,-0.92,0.05147394984118855,0.125,0.0625,0.4117915987295084
e3q,e3q_O2_A2,e1q_norm_baseline,crosscut_rate,5,0.22432517628012422,0.15387256463275642,-0.0704526116473678,-0.1868229999375296,-0.004832957744217198,-0.5419500984156086,-0.663175473417538,-0.36,0.2922622823042551,0.125,0.0625,1.0
e3q,e3q_O2_A5,e1q_norm_baseline,crosscut_rate,5,0.22432517628012422,0.27955141016730783,0.05522623388718364,-0.10046214635254917,0.17330303060183067,0.2969861914901918,0.42004964784742743,0.12,0.542961187762226,0.625,0.0625,1.0
e3q,e3q_O2_A8,e1q_norm_baseline,crosscut_rate,5,0.22432517628012422,0.3827569145408766,0.1584317382607524,0.00715674418956821,0.31606788044330886,0.7941334407643513,1.3051529447268626,0.76,0.15043001824454502,0.1875,0.0625,1.0
e3q,e3q_O5_A5,e1q_norm_baseline,crosscut_rate,5,0.22432517628012422,0.2153622782446308,-0.008962898035493393,-0.027819419738698597,0.009839537649567204,-0.3669666296621829,-0.06864212119182364,-0.12,0.45798031706098113,0.4375,0.0625,1.0
e3q,e3q_O5_A8,e1q_norm_baseline,crosscut_rate,5,0.22432517628012422,0.155193692517513,-0.06913148376261119,-0.1983026727604864,0.018350028336501005,-0.47808827581429747,-0.6623320863326962,-0.36,0.3452743332992769,0.8125,0.0625,1.0
e3q,e3q_O8_A2,e1q_norm_baseline,crosscut_rate,5,0.22432517628012422,0.1307304113581008,-0.09359476492202339,-0.20468271914740316,-0.01852821193478919,-0.7507268646129811,-0.9187514022285079,-0.6,0.16851641015816873,0.0625,0.0625,1.0
e3q,e3q_O8_A5,e1q_norm_baseline,crosscut_rate,5,0.22432517628012422,0.1980597992793108,-0.026265377000813394,-0.15595926180355263,0.05091953325116542,-0.18175068713815565,-0.2441894025199199,-0.12,0.7052476216316532,0.625,0.0625,1.0
e3q,e3q_O2_A2,e1q_norm_baseline,pol_assort,5,-0.0254283548085426,-0.0405136446663644,-0.015085289857821798,-0.057987152239535086,0.0151624010275631,-0.3188357972798741,-0.3595053068081416,-0.28,0.515267787196118,0.8125,0.0625,1.0
e3q,e3q_O2_A5,e1q_norm_baseline,pol_assort,5,-0.0254283548085426,-0.0446586455087545,-0.0192302907002119,-0.0466846709562773,0.008224089555853496,-0.5461703875515889,-0.4639621128350961,-0.2,0.2890405694534171,0.4375,0.0625,1.0
e3q,e3q_O2_A8,e1q_norm_baseline,pol_assort,5,-0.0254283548085426,-0.021331950529062702,0.004096404279479901,-0.0394067848891986,0.0475995934481584,0.074116510350703,0.0934304105585454,-0.04,0.8764089890280702,1.0,0.0625,1.0
e3q,e3q_O5_A2,e1q_norm_baseline,pol_assort,5,-0.0254283548085426,-0.0441931514235223,-0.0187647966149797,-0.05506321298068641,0.017826625728781506,-0.39457153765974634,-0.5832666047720367,-0.28,0.4274521645197026,0.4375,0.0625,1.0
e3q,e3q_O5_A5,e1q_norm_baseline,pol_assort,5,-0.0254283548085426,-0.0369030714291298,-0.0114747166205872,-0.0269537011134392,-0.0002516846450275993,-0.6442613280344764,-0.2664742176639695,-0.2,0.2231256981733656,0.1875,0.0625,1.0
e3q,e3q_O5_A8,e1q_norm_baseline,pol_assort,5,-0.0254283548085426,-0.041110015641154206,-0.015681660832611605,-0.03681805848261631,0.009437004747526801,-0.5266627349613513,-0.3428308242533772,-0.36,0.3042176322295344,0.4375,0.0625,1.0
e3q,e3q_O8_A2,e1q_norm_baseline,pol_assort,5,-0.0254283548085426,-0.0099207585562757,0.015507596252266897,-0.012574595715937503,0.0409377722468738,0.4312955855685372,0.3633031322063068,0.2,0.38945545638506807,0.3125,0.0625,1.0
e3q,e3q_O8_A5,e1q_norm_baseline,pol_assort,5,-0.0254283548085426,0.0035774467091689993,0.0290058015177116,0.0030107020333194,0.0599251748039613,0.8127446244684374,0.7273190651256458,0.52,0.1433173041470298,0.125,0.0625,1.0
e3q,e3q_O8_A8,e1q_norm_baseline,pol_assort,5,-0.0254283548085426,-0.014383739366541698,0.011044615442000902,-0.028010588867195596,0.06201482057504011,0.19365069636697477,0.25781897127392717,0.28,0.687329581968981,1.0,0.0625,1.0
e3q,e3q_O8_A8,e1q_norm_baseline,pol_ei,5,0.0475179708166376,0.6506395702717719,0.6031215994551343,0.44203843597630427,0.7642047629339643,2.975628001472888,4.52610688743875,1.0,0.0026495549666389587,0.0625,0.0625,0.023845994699750628
e3q,e3q_O2_A5,e1q_norm_baseline,pol_ei,5,0.0475179708166376,-0.0155540625030467,-0.0630720333196843,-0.10776142140819608,-0.025572515534374802,-1.2339870960366641,-0.8913889172851988,-0.52,0.05088724868379126,0.0625,0.0625,0.4070979894703301
e3q,e3q_O8_A5,e1q_norm_baseline,pol_ei,5,0.0475179708166376,0.1287519489060786,0.081233978089441,0.016365365094756005,0.1457415477243154,0.9516905804364238,1.190001921455126,0.6,0.1004285460505288,0.125,0.0625,0.7029998223537016
e3q,e3q_O2_A2,e1q_norm_baseline,pol_ei,5,0.0475179708166376,0.05139447532487231,0.0038765045082347015,-0.0408678945320357,0.05557225686453271,0.06387177563226273,0.03788237859606942,-0.12,0.8933365515051314,1.0,0.0625,1.0
e3q,e3q_O2_A8,e1q_norm_baseline,pol_ei,5,0.0475179708166376,0.008962348366529597,-0.038555622450108004,-0.1268762388645967,0.041930568884965894,-0.3471485148273514,-0.4851319377007253,-0.2,0.480944918024782,0.625,0.0625,1.0
e3q,e3q_O5_A2,e1q_norm_baseline,pol_ei,5,0.0475179708166376,-0.016774813094881,-0.0642927839115186,-0.15277316695603468,0.0055033318812,-0.6309066994136047,-0.9660489216766275,-0.6,0.23114415629429946,0.3125,0.0625,1.0
e3q,e3q_O5_A5,e1q_norm_baseline,pol_ei,5,0.0475179708166376,0.024577013022713708,-0.0229409577939239,-0.0572803733828501,0.0026265594686512026,-0.5932716593608327,-0.2420871389980935,-0.2,0.2553112203875218,0.3125,0.0625,1.0
e3q,e3q_O5_A8,e1q_norm_baseline,pol_ei,5,0.0475179708166376,0.1480701012683458,0.10055213045170819,-0.032885148774610504,0.207118779734743,0.6239847491046812,1.0880773230506418,0.6,0.2354126757810748,0.1875,0.0625,1.0
e3q,e3q_O8_A2,e1q_norm_baseline,pol_ei,5,0.0475179708166376,0.012323157747640203,-0.0351948130689974,-0.1270953042367719,0.023609158517920042,-0.35030068595968683,-0.5186879368949594,-0.36,0.4772337180349562,0.8125,0.0625,1.0
e3q,e3q_O5_A2,e1q_norm_baseline,pol_extremity,5,1.204,1.2990000000000002,0.09500000000000011,0.014000000000000234,0.16000000000000006,1.0134234194190659,0.9300863468142005,0.44,0.08609939233925916,0.125,0.0625,0.7748945310533324
e3q,e3q_O5_A5,e1q_norm_baseline,pol_extremity,5,1.204,1.1139999999999999,-0.09,-0.17,-0.0359999999999999,-0.9754700662861282,-0.9601851746522413,-0.68,0.09461568330683089,0.0625,0.0625,0.7748945310533324
e3q,e3q_O2_A2,e1q_norm_baseline,pol_extremity,5,1.204,1.357,0.15300000000000008,0.003000000000000158,0.3060000000000001,0.7738037357829847,1.0874304878909975,0.68,0.15863102089598397,0.1875,0.0625,1.0
e3q,e3q_O2_A5,e1q_norm_baseline,pol_extremity,5,1.204,1.206,0.0020000000000000907,-0.07899999999999992,0.05400000000000014,0.022781023338010988,0.020904448645808038,0.28,0.9618157019063369,0.625,0.0625,1.0
e3q,e3q_O2_A8,e1q_norm_baseline,pol_extremity,5,1.204,1.258,0.05400000000000009,-0.052999999999999936,0.14300000000000007,0.4305557549325426,0.5953165386570319,0.36,0.39019173984907274,0.4375,0.0625,1.0
e3q,e3q_O5_A8,e1q_norm_baseline,pol_extremity,5,1.204,1.139,-0.0649999999999999,-0.1569999999999998,0.011000000000000032,-0.5912145492344324,-0.5340278513407594,-0.36,0.25670141277428393,0.4375,0.0625,1.0
e3q,e3q_O8_A2,e1q_norm_baseline,pol_extremity,5,1.204,1.309,0.10500000000000007,-0.029999999999999805,0.221,0.6463833721262108,0.9898383955862039,0.52,0.22187745690206287,0.1875,0.0625,1.0
e3q,e3q_O8_A5,e1q_norm_baseline,pol_extremity,5,1.204,1.0990000000000002,-0.1049999999999999,-0.2019999999999999,0.005000000000000071,-0.8023687558959128,-1.0128561030096022,-0.76,0.1472372765994492,0.1875,0.0625,1.0
e3q,e3q_O8_A8,e1q_norm_baseline,pol_extremity,5,1.204,1.117,-0.08699999999999994,-0.2399999999999999,0.09300000000000005,-0.4179385000900217,-0.61256214083944,-0.52,0.4029323739118751,0.4375,0.0625,1.0
e3q,e3q_O8_A8,e1q_norm_baseline,pol_var,5,1.8623399999999997,0.9120099999999993,-0.9503300000000003,-1.13196,-0.7927200000000002,-4.269023745973081,-5.1861215978675705,-1.0,0.0006726251984579319,0.0625,0.0625,0.006053626786121387
e3q,e3q_O5_A2,e1q_norm_baseline,pol_var,5,1.8623399999999997,2.1655100000000003,0.30317000000000016,0.13408000000000042,0.45845,1.4571032280373029,1.540405806068498,0.84,0.031134191708836287,0.0625,0.0625,0.2490735336706903
e3q,e3q_O8_A2,e1q_norm_baseline,pol_var,5,1.8623399999999997,2.19323,0.33089000000000024,0.04201000000000081,0.5901099999999999,1.0018149087935664,1.5660527519319876,0.84,0.08860953532869946,0.125,0.0625,0.6202667473008963
e3q,e3q_O2_A2,e1q_norm_baseline,pol_var,5,1.8623399999999997,2.14467,0.2823300000000001,0.022270000000000234,0.5456800000000007,0.8300841775713763,1.309907911165718,0.84,0.1370139073703061,0.1875,0.0625,0.6967773569695224
e3q,e3q_O2_A8,e1q_norm_baseline,pol_var,5,1.8623399999999997,2.0330199999999996,0.17068,-0.05629999999999939,0.33010999999999957,0.6671088345418096,0.9584762949725838,0.6,0.2100498203836647,0.1875,0.0625,0.6967773569695224
e3q,e3q_O5_A5,e1q_norm_baseline,pol_var,5,1.8623399999999997,1.7214199999999997,-0.1409199999999998,-0.2830699999999994,-0.035600000000000166,-0.8817760361734104,-0.923046523063817,-0.6,0.11993422967287766,0.0625,0.0625,0.6967773569695224
e3q,e3q_O5_A8,e1q_norm_baseline,pol_var,5,1.8623399999999997,1.66251,-0.1998299999999998,-0.43036999999999975,0.0366000000000001,-0.6473598361794792,-0.7264775946083656,-0.6,0.22130543235844052,0.3125,0.0625,0.6967773569695224
e3q,e3q_O8_A5,e1q_norm_baseline,pol_var,5,1.8623399999999997,1.6332499999999999,-0.2290899999999998,-0.4118799999999994,-0.04888999999999997,-0.8943832220940174,-1.2121309334572397,-0.68,0.1161295594949204,0.125,0.0625,0.6967773569695224
e3q,e3q_O2_A5,e1q_norm_baseline,pol_var,5,1.8623399999999997,1.8928399999999996,0.030499999999999926,-0.12767999999999952,0.13326999999999978,0.17004327776282563,0.20251647245376156,0.28,0.7231041557527069,0.625,0.0625,0.7231041557527069
e3q,e3q_O8_A2,e1q_norm_baseline,trait_drift_mean,5,0.22653689506050884,0.31119601298651267,0.08465911792600381,0.0654836208826198,0.1076305716486988,3.192325241758391,3.5499639881101563,1.0,0.002037020145286415,0.0625,0.0625,0.018333181307577735
e3q,e3q_O2_A2,e1q_norm_baseline,trait_drift_mean,5,0.22653689506050884,0.2879389154285142,0.06140202036800539,0.039146110394483985,0.08665947985781039,1.9748209864068955,2.4175011457828206,1.0,0.011548170233291662,0.0625,0.0625,0.0923853618663333
e3q,e3q_O5_A2,e1q_norm_baseline,trait_drift_mean,5,0.22653689506050884,0.2871831012254784,0.06064620616496961,0.030040179042352,0.09398288328320419,1.4940751235820855,2.395068621695408,1.0,0.02881287482927322,0.0625,0.0625,0.20169012380491252
e3q,e3q_O8_A5,e1q_norm_baseline,trait_drift_mean,5,0.22653689506050884,0.26006963277862744,0.03353273771811861,0.00817169425078681,0.05790571961070701,1.0278044820738046,1.2938154786110583,0.76,0.08309972659981293,0.125,0.0625,0.4985983595988776
e3q,e3q_O2_A5,e1q_norm_baseline,trait_drift_mean,5,0.22653689506050884,0.2177464278071458,-0.008790467253363004,-0.023482605584346207,0.005886581732833601,-0.4420431095792281,-0.3384934300339233,-0.28,0.3788933703347359,0.3125,0.0625,1.0
e3q,e3q_O2_A8,e1q_norm_baseline,trait_drift_mean,5,0.22653689506050884,0.23429957894197623,0.0077626838814673915,-0.018377449108879014,0.0339028168718138,0.23012176380821125,0.31960768290979263,-0.12,0.6339810586681265,0.8125,0.0625,1.0
e3q,e3q_O5_A5,e1q_norm_baseline,trait_drift_mean,5,0.22653689506050884,0.23582198160214865,0.009285086541639804,-0.008706604912339,0.027276777995618607,0.40023334019381396,0.3467569899998236,0.04,0.421400240640671,0.4375,0.0625,1.0
e3q,e3q_O5_A8,e1q_norm_baseline,trait_drift_mean,5,0.22653689506050884,0.21841319724554342,-0.008123697814965403,-0.032050801143512005,0.01953919592230499,-0.24983676842321142,-0.3464798044930686,-0.2,0.6061937136789197,0.8125,0.0625,1.0
e3q,e3q_O8_A8,e1q_norm_baseline,trait_drift_mean,5,0.22653689506050884,0.2390649254089836,0.012528030348474795,-0.009350604403345009,0.03454038269883499,0.43825376376715675,0.5038457417662706,0.04,0.38258879404858165,0.4375,0.0625,1.0
e3qwen3b,e3qwen3b_O2_A2,e3qwen3b_O5_A5,CI_accuracy_z,5,0.19765676004481528,-0.3513243225439911,-0.5489810825888063,-0.6408737630711799,-0.42843480711513476,-4.083107416145893,-2.864013403228623,-1.0,0.0007985267988045435,0.0625,0.0625,0.006388214390436348
e3qwen3b,e3qwen3b_O5_A2,e3qwen3b_O5_A5,CI_accuracy_z,5,0.19765676004481528,-0.20118602687677814,-0.3988427869215935,-0.5281007088638149,-0.24649085027603762,-2.117504865856376,-1.4049345984263366,-0.68,0.009071339166781812,0.0625,0.0625,0.06349937416747269
e3qwen3b,e3qwen3b_O8_A2,e3qwen3b_O5_A5,CI_accuracy_z,5,0.19765676004481528,-0.2557697316872293,-0.4534264917320446,-0.69161213710745,-0.2665598891628055,-1.7034243977991066,-2.414459417008595,-1.0,0.01895686130160064,0.0625,0.0625,0.11374116780960383
e3qwen3b,e3qwen3b_O2_A5,e3qwen3b_O5_A5,CI_accuracy_z,5,0.19765676004481528,0.0877734415831171,-0.10988331846169816,-0.1961208475319584,-0.00841031045865454,-0.9236408477739332,-0.4753781167216393,-0.36,0.10779987648634956,0.1875,0.0625,0.5389993824317478
e3qwen3b,e3qwen3b_O2_A8,e3qwen3b_O5_A5,CI_accuracy_z,5,0.19765676004481528,-0.014623552019969227,-0.21228031206478448,-0.6235799507768424,0.1497389700263569,-0.43185744540076654,-0.7553662690877373,-0.44,0.3888970857606606,0.4375,0.0625,1.0
e3qwen3b,e3qwen3b_O5_A8,e3qwen3b_O5_A5,CI_accuracy_z,5,0.19765676004481528,0.15587321474047772,-0.04178354530433755,-0.43389573830875056,0.46141584571761196,-0.0704992383739698,-0.11474671752254112,-0.2,0.8823773247609501,0.8125,0.0625,1.0
e3qwen3b,e3qwen3b_O8_A5,e3qwen3b_O5_A5,CI_accuracy_z,5,0.19765676004481528,0.10712433481368944,-0.09053242523112584,-0.3471264024452684,0.17656480048012066,-0.267445225472812,-0.4223461631689612,-0.28,0.5820357011758857,0.4375,0.0625,1.0
e3qwen3b,e3qwen3b_O8_A8,e3qwen3b_O5_A5,CI_accuracy_z,5,0.19765676004481528,0.274475881945876,0.07681912190106074,-0.047670852867889524,0.16017296064060807,0.5375722252255714,0.29955478304113525,0.12,0.2956400790008379,0.4375,0.0625,1.0
e3qwen3b,e3qwen3b_O8_A5,e3qwen3b_O5_A5,CI_diversity,5,0.1969807055566461,0.12698021888782887,-0.07000048666881724,-0.11933516231544546,-0.010510174655518617,-0.9933945769524049,-1.045060530973976,-0.52,0.09048159388075089,0.125,0.0625,0.7238527510460071
e3qwen3b,e3qwen3b_O2_A2,e3qwen3b_O5_A5,CI_diversity,5,0.1969807055566461,0.19454461116025862,-0.002436094396387484,-0.07325019819072635,0.04804554177163252,-0.029734887467945354,-0.04475127220613116,-0.04,0.9501789521233448,0.8125,0.0625,1.0
e3qwen3b,e3qwen3b_O2_A5,e3qwen3b_O5_A5,CI_diversity,5,0.1969807055566461,0.2646018288571569,0.06762112330051073,-0.029878271070981587,0.15617889150596542,0.5641361614079491,0.8322314326698559,0.52,0.2756991669753375,0.3125,0.0625,1.0
e3qwen3b,e3qwen3b_O2_A8,e3qwen3b_O5_A5,CI_diversity,5,0.1969807055566461,0.24695324095301743,0.0499725353963713,-0.040891359541453745,0.16737048891516454,0.38407143394901755,0.45724647042460287,0.36,0.43886419128479476,0.4375,0.0625,1.0
e3qwen3b,e3qwen3b_O5_A2,e3qwen3b_O5_A5,CI_diversity,5,0.1969807055566461,0.21959128166242955,0.022610576105783466,-0.06167052674718328,0.10237127497895226,0.20068124967460246,0.3604262936861557,0.2,0.6768579406836208,0.625,0.0625,1.0
e3qwen3b,e3qwen3b_O5_A8,e3qwen3b_O5_A5,CI_diversity,5,0.1969807055566461,0.17180248379527005,-0.025178221761376036,-0.10125675240881833,0.09698326686736088,-0.18255106574852314,-0.2516641986636453,-0.28,0.7040350121921136,0.625,0.0625,1.0
e3qwen3b,e3qwen3b_O8_A2,e3qwen3b_O5_A5,CI_diversity,5,0.1969807055566461,0.1438648331168528,-0.05311587243979329,-0.10420610487481477,0.0025064416632947393,-0.7832944537893388,-0.7342093060536358,-0.44,0.154744942140591,0.1875,0.0625,1.0
e3qwen3b,e3qwen3b_O8_A8,e3qwen3b_O5_A5,CI_diversity,5,0.1969807055566461,0.21661687824523787,0.01963617268859178,-0.07242906485747944,0.09583932850010549,0.18812594040348313,0.28480342063740277,0.2,0.6956184876113558,0.625,0.0625,1.0
e3qwen3b,e3qwen3b_O2_A2,e3qwen3b_O5_A5,CI_hidden_profile_rate,5,0.019,0.038,0.019000000000000003,0.014000000000000002,0.024,2.9144669576200077,1.903874221882722,0.88,0.0028622148659136894,0.0625,0.0625,0.022897718927309515
e3qwen3b,e3qwen3b_O2_A8,e3qwen3b_O5_A5,CI_hidden_profile_rate,5,0.019,0.011,-0.008,-0.012,-0.0030000000000000005,-1.403292830891247,-1.0349014953860192,-0.52,0.034919706674539044,0.06788915486182899,0.0625,0.24443794672177332
e3qwen3b,e3qwen3b_O8_A2,e3qwen3b_O5_A5,CI_hidden_profile_rate,5,0.019,0.034,0.015000000000000003,0.008000000000000004,0.025,1.279204298133663,1.7311494019353213,0.84,0.045911512375314774,0.0625,0.0625,0.27546907425188866
e3qwen3b,e3qwen3b_O8_A8,e3qwen3b_O5_A5,CI_hidden_profile_rate,5,0.019,0.011,-0.007999999999999998,-0.013999999999999999,-0.0019999999999999996,-1.055008757433259,-1.1083881129149096,-0.6,0.0777416409478998,0.10880943004054568,0.0625,0.388708204739499
e3qwen3b,e3qwen3b_O5_A2,e3qwen3b_O5_A5,CI_hidden_profile_rate,5,0.019,0.030000000000000006,0.011000000000000001,0.0010000000000000022,0.022,0.8835412617927488,1.0856669440652336,0.6,0.11939340407967457,0.125,0.0625,0.47757361631869827
e3qwen3b,e3qwen3b_O5_A8,e3qwen3b_O5_A5,CI_hidden_profile_rate,5,0.019,0.013000000000000001,-0.006,-0.012,0.0010000000000000009,-0.7302967433402214,-0.7225806451612902,-0.44,0.17780780835622126,0.14077277337135014,0.0625,0.5334234250686638
e3qwen3b,e3qwen3b_O2_A5,e3qwen3b_O5_A5,CI_hidden_profile_rate,5,0.019,0.016,-0.002999999999999999,-0.006999999999999999,0.0010000000000000015,-0.5262348115842175,-0.32981143247622896,-0.2,0.304558784680535,0.3572725590318747,0.0625,0.60911756936107
e3qwen3b,e3qwen3b_O8_A5,e3qwen3b_O5_A5,CI_hidden_profile_rate,5,0.019,0.02,0.0010000000000000002,-0.007999999999999998,0.009000000000000001,0.09225312080288854,0.11203137317734967,0.08,0.8466432357935875,1.0,0.0625,0.8466432357935875
e3qwen3b,e3qwen3b_O2_A2,e3qwen3b_O5_A5,CI_mean_gain_vs_pre,5,-0.008510337752376,-0.014237222265184002,-0.005726884512808001,-0.029425579810581203,0.015036882202068402,-0.20778373927233465,-0.2559225475797974,-0.12,0.6663680513979932,0.8125,0.0625,1.0
e3qwen3b,e3qwen3b_O2_A5,e3qwen3b_O5_A5,CI_mean_gain_vs_pre,5,-0.008510337752376,0.01584260099453,0.024352938746906,-0.029499022919265806,0.0719940895599456,0.37150344366579613,0.5790102361833427,0.28,0.4528464494189188,0.625,0.0625,1.0
e3qwen3b,e3qwen3b_O2_A8,e3qwen3b_O5_A5,CI_mean_gain_vs_pre,5,-0.008510337752376,-0.0050762160336258,0.003434121718750199,-0.0322855241361518,0.0451304538076928,0.06853016098857952,0.10227946285238215,-0.2,0.8856302202866246,1.0,0.0625,1.0
e3qwen3b,e3qwen3b_O5_A2,e3qwen3b_O5_A5,CI_mean_gain_vs_pre,5,-0.008510337752376,-0.0011846850822716001,0.007325652670104402,-0.006324432040070401,0.022498926515703805,0.38441119027960036,0.49916077735715464,0.2,0.43849108828266947,0.625,0.0625,1.0
e3qwen3b,e3qwen3b_O5_A8,e3qwen3b_O5_A5,CI_mean_gain_vs_pre,5,-0.008510337752376,-0.013204610864222,-0.004694273111846,-0.0388541592305756,0.04346468705700761,-0.08695216140529927,-0.10860575090446757,-0.28,0.8553139706574261,0.625,0.0625,1.0
e3qwen3b,e3qwen3b_O8_A2,e3qwen3b_O5_A5,CI_mean_gain_vs_pre,5,-0.008510337752376,-0.012207481978937802,-0.003697144226561798,-0.036391497370465,0.024069669999373003,-0.0962951834003196,-0.1341375678032408,0.04,0.8400491876259937,1.0,0.0625,1.0
e3qwen3b,e3qwen3b_O8_A5,e3qwen3b_O5_A5,CI_mean_gain_vs_pre,5,-0.008510337752376,-0.021439936547804003,-0.012929598795427998,-0.032823152697500406,0.006237166921766601,-0.5144581908645798,-0.542970736978982,-0.28,0.3140882845737862,0.4375,0.0625,1.0
e3qwen3b,e3qwen3b_O8_A8,e3qwen3b_O5_A5,CI_mean_gain_vs_pre,5,-0.008510337752376,-0.0032123380656860004,0.0052979996866899986,-0.029893956920669006,0.0420360080865186,0.11366793897252157,0.1866392782714521,0.04,0.8118959040045381,1.0,0.0625,1.0
e3qwen3b,e3qwen3b_O2_A2,e3qwen3b_O5_A5,CI_medrelerr_z,5,0.13820587337529727,-0.5178155749526947,-0.6560214483279919,-0.9870989922185507,-0.24592109407866772,-1.3296100571917464,-1.7598287947427065,-0.84,0.04101817391786816,0.125,0.0625,0.3281453913429453
e3qwen3b,e3qwen3b_O5_A2,e3qwen3b_O5_A5,CI_medrelerr_z,5,0.13820587337529727,-0.3270895383377806,-0.4652954117130778,-0.7875557547129368,-0.1430350687132188,-1.1114240126230395,-1.0570835117597606,-0.6,0.06783070763923373,0.0625,0.0625,0.4748149534746361
e3qwen3b,e3qwen3b_O2_A5,e3qwen3b_O5_A5,CI_medrelerr_z,5,0.13820587337529727,0.032649442222020486,-0.1055564311532768,-0.3840558036562475,0.17294294134969393,-0.28815833605572183,-0.39019292495574254,-0.2,0.5544435608417053,0.625,0.0625,1.0
e3qwen3b,e3qwen3b_O2_A8,e3qwen3b_O5_A5,CI_medrelerr_z,5,0.13820587337529727,-0.02638693808240248,-0.16459281145769972,-0.3680769681873716,0.06504287599640422,-0.5989267462094854,-0.7881480930270294,-0.28,0.25152728013916537,0.3125,0.0625,1.0
e3qwen3b,e3qwen3b_O5_A8,e3qwen3b_O5_A5,CI_medrelerr_z,5,0.13820587337529727,0.3101388164418631,0.17193294306656579,-0.1783767560049539,0.550674650765891,0.3521740141052209,0.5022214173688354,0.28,0.47503864790180894,0.8125,0.0625,1.0
e3qwen3b,e3qwen3b_O8_A2,e3qwen3b_O5_A5,CI_medrelerr_z,5,0.13820587337529727,0.01227702007821339,-0.12592885329708384,-0.4994636633014937,0.2644566224178666,-0.25000092350862246,-0.4191550957736197,-0.2,0.6059655855250518,0.4375,0.0625,1.0
e3qwen3b,e3qwen3b_O8_A5,e3qwen3b_O5_A5,CI_medrelerr_z,5,0.13820587337529727,0.07735282570563998,-0.06085304766965727,-0.3287866185696041,0.1629883657615389,-0.18968624577156876,-0.2181582722324542,-0.2,0.6932722420266646,0.8125,0.0625,1.0
e3qwen3b,e3qwen3b_O8_A8,e3qwen3b_O5_A5,CI_medrelerr_z,5,0.13820587337529727,0.30066807354991415,0.16246220017461688,-0.06270227516893581,0.4438207648402793,0.5013706209793307,0.567418616734065,0.28,0.3250014311766091,0.4375,0.0625,1.0
e3qwen3b,e3qwen3b_O2_A2,e3qwen3b_O5_A5,crosscut_rate,5,0.36370908110901384,0.09332299614294762,-0.27038608496606625,-0.37917149853957427,-0.16765789531617722,-1.955911556421086,-2.1271251650439424,-0.92,0.011934891033347376,0.0625,0.0625,0.09547912826677901
e3qwen3b,e3qwen3b_O2_A5,e3qwen3b_O5_A5,crosscut_rate,5,0.36370908110901384,0.3920653855612588,0.028356304452245,-0.11554774723166443,0.160679514293387,0.1573056056876347,0.23921542169486423,0.12,0.7427766949909395,0.8125,0.0625,1.0
e3qwen3b,e3qwen3b_O2_A8,e3qwen3b_O5_A5,crosscut_rate,5,0.36370908110901384,0.3753258251296179,0.011616744020604008,-0.1385565671302664,0.16179005517147443,0.05916105632591428,0.09941524760984916,0.04,0.9011439669274782,1.0,0.0625,1.0
e3qwen3b,e3qwen3b_O5_A2,e3qwen3b_O5_A5,crosscut_rate,5,0.36370908110901384,0.2569160939360752,-0.10679298717293859,-0.3024451117570698,0.08885913741119261,-0.4236444165906495,-0.6898540233303674,-0.52,0.39712755986627474,0.625,0.0625,1.0
e3qwen3b,e3qwen3b_O5_A8,e3qwen3b_O5_A5,crosscut_rate,5,0.36370908110901384,0.34085473206073846,-0.0228543490482754,-0.1530728371314128,0.107364139034862,-0.13471968887288507,-0.2091269285435312,-0.28,0.7782402594323248,1.0,0.0625,1.0
e3qwen3b,e3qwen3b_O8_A2,e3qwen3b_O5_A5,crosscut_rate,5,0.36370908110901384,0.3101994138289406,-0.053509667280073205,-0.2508055078013009,0.10884893830577343,-0.22601455433228315,-0.26058707013999055,0.2,0.6398654134585443,1.0,0.0625,1.0
e3qwen3b,e3qwen3b_O8_A5,e3qwen3b_O5_A5,crosscut_rate,5,0.36370908110901384,0.32053344518452426,-0.0431756359244896,-0.1258786450711924,0.03893801441751341,-0.38128805782969155,-0.4366216119982468,-0.36,0.44193043117140707,0.4375,0.0625,1.0
e3qwen3b,e3qwen3b_O8_A8,e3qwen3b_O5_A5,crosscut_rate,5,0.36370908110901384,0.2826313374066852,-0.0810777437023286,-0.1707506604851698,0.025295676930548194,-0.6584901568984728,-0.8455149376217881,-0.52,0.21488904745451456,0.1875,0.0625,1.0
e3qwen3b,e3qwen3b_O2_A2,e3qwen3b_O5_A5,pol_assort,5,-0.023400749527518302,-0.011161956105427102,0.012238793422091207,-0.0778827281644696,0.10422718808148881,0.10443938324977665,0.17681554650109516,0.12,0.8268118176890183,0.8125,0.0625,1.0
e3qwen3b,e3qwen3b_O2_A5,e3qwen3b_O5_A5,pol_assort,5,-0.023400749527518302,-0.0268614591236997,-0.0034607095961813987,-0.0841204576721101,0.07719903847974731,-0.03395304673233232,-0.053959090158129,-0.12,0.9431272834938011,1.0,0.0625,1.0
e3qwen3b,e3qwen3b_O2_A8,e3qwen3b_O5_A5,pol_assort,5,-0.023400749527518302,-0.014485501513217203,0.008915248014301103,-0.0519470892782646,0.07525585951758931,0.11305410013394869,0.1569788383950357,-0.04,0.8128851369491579,0.8125,0.0625,1.0
e3qwen3b,e3qwen3b_O5_A2,e3qwen3b_O5_A5,pol_assort,5,-0.023400749527518302,-0.023048640033431603,0.0003521094940866991,-0.048160939587865104,0.052549659653256406,0.0055182364852502785,0.006125106457193249,-0.2,0.9907459296114225,1.0,0.0625,1.0
e3qwen3b,e3qwen3b_O5_A8,e3qwen3b_O5_A5,pol_assort,5,-0.023400749527518302,-0.0265337405707514,-0.003132991043233097,-0.0522170662040206,0.05198569280054871,-0.04700401774442649,-0.05568003021051867,-0.2,0.9213527591399077,1.0,0.0625,1.0
e3qwen3b,e3qwen3b_O8_A2,e3qwen3b_O5_A5,pol_assort,5,-0.023400749527518302,-0.0208524699621732,0.002548279565345101,-0.04210872015819771,0.05123813459122821,0.04250713699888463,0.04206858817275225,-0.04,0.928847218285819,1.0,0.0625,1.0
e3qwen3b,e3qwen3b_O8_A5,e3qwen3b_O5_A5,pol_assort,5,-0.023400749527518302,-0.0263891222946518,-0.0029883727671334978,-0.0517318554116711,0.0636471191429198,-0.040809614782516046,-0.05279676813608969,-0.2,0.9316786670166994,0.625,0.0625,1.0
e3qwen3b,e3qwen3b_O8_A8,e3qwen3b_O5_A5,pol_assort,5,-0.023400749527518302,-0.050259770880925814,-0.0268590213534075,-0.0856739100569942,0.03195586735017921,-0.3438640869638983,-0.4518714162136868,-0.36,0.4848353659511892,0.4375,0.0625,1.0
e3qwen3b,e3qwen3b_O2_A2,e3qwen3b_O5_A5,pol_ei,5,0.09611215921566071,0.5022781342368967,0.406165975021236,0.3364953310747633,0.4631449137474979,4.988300869721478,3.457311465449397,1.0,0.0003676890289483508,0.0625,0.0625,0.0029415122315868064
e3qwen3b,e3qwen3b_O5_A8,e3qwen3b_O5_A5,pol_ei,5,0.09611215921566071,0.24864690721649452,0.15253474800083383,0.05257770332729469,0.2467815380131868,1.1983281972649833,1.9229125835542673,0.84,0.055254803842241525,0.125,0.0625,0.3867836268956907
e3qwen3b,e3qwen3b_O5_A2,e3qwen3b_O5_A5,pol_ei,5,0.09611215921566071,0.2960364921549202,0.19992433293925949,0.059106529209622005,0.3586254260962261,1.0416577468712773,1.525341124558732,0.68,0.08032091435998474,0.125,0.0625,0.4819254861599085
e3qwen3b,e3qwen3b_O8_A5,e3qwen3b_O5_A5,pol_ei,5,0.09611215921566071,0.2157502863688427,0.119638127153182,0.006462740353575497,0.22261200765808953,0.8670298027446918,1.0267901183862354,0.68,0.12455791232488263,0.1875,0.0625,0.6227895616244131
e3qwen3b,e3qwen3b_O8_A8,e3qwen3b_O5_A5,pol_ei,5,0.09611215921566071,0.32143444815152555,0.22532228893586487,-0.00751989881929731,0.45816447669102695,0.7684771452197232,1.082920255562179,0.52,0.1608571749926285,0.3125,0.0625,0.643428699970514
e3qwen3b,e3qwen3b_O2_A5,e3qwen3b_O5_A5,pol_ei,5,0.09611215921566071,0.13470790378006864,0.03859574456440788,-0.14759692173660505,0.3025594131617872,0.1314848861035589,0.20417766506203439,-0.12,0.783376099930024,0.8125,0.0625,1.0
e3qwen3b,e3qwen3b_O2_A8,e3qwen3b_O5_A5,pol_ei,5,0.09611215921566071,0.15640478729707272,0.060292628081412,-0.07474468805962933,0.19532994422245334,0.35452847595120546,0.5717763936641337,0.36,0.47229090388906086,0.625,0.0625,1.0
e3qwen3b,e3qwen3b_O8_A2,e3qwen3b_O5_A5,pol_ei,5,0.09611215921566071,0.23092783505154632,0.13481567583588558,-0.0632302405498277,0.39190649219958795,0.4562307193759693,0.6597391363413183,0.04,0.36533155732652917,0.8125,0.0625,1.0
e3qwen3b,e3qwen3b_O5_A8,e3qwen3b_O5_A5,pol_extremity,5,1.389,1.4790000000000003,0.08999999999999994,0.05399999999999987,0.1259999999999999,2.1139927902529294,1.581362183632889,0.84,0.009124061336381412,0.0625,0.0625,0.07299249069105129
e3qwen3b,e3qwen3b_O5_A2,e3qwen3b_O5_A5,pol_extremity,5,1.389,1.4329999999999998,0.04399999999999991,0.02299999999999991,0.06499999999999995,1.6013239555430405,0.9674468685969351,0.56,0.02315383656993632,0.0625,0.0625,0.16207685598955424
e3qwen3b,e3qwen3b_O8_A2,e3qwen3b_O5_A5,pol_extremity,5,1.389,1.442,0.052999999999999894,0.02399999999999993,0.08499999999999988,1.3018144895910468,1.4686142496122545,0.68,0.04363683105526521,0.0625,0.0625,0.21996440422787528
e3qwen3b,e3qwen3b_O8_A8,e3qwen3b_O5_A5,pol_extremity,5,1.389,1.4620000000000002,0.073,0.026000000000000023,0.10899999999999999,1.3808037378400002,1.9937016331119028,0.84,0.03666073403797921,0.125,0.0625,0.21996440422787528
e3qwen3b,e3qwen3b_O2_A2,e3qwen3b_O5_A5,pol_extremity,5,1.389,1.452,0.0629999999999999,0.014999999999999857,0.13799999999999998,0.7735740989352812,0.7968045381372276,0.52,0.15872631877711976,0.125,0.0625,0.634905275108479
e3qwen3b,e3qwen3b_O2_A5,e3qwen3b_O5_A5,pol_extremity,5,1.389,1.3930000000000002,0.0040000000000000036,-0.11199999999999996,0.09399999999999994,0.02991412017977055,0.04287727281216745,0.32,0.9498792036333037,0.7150006546880893,0.0625,1.0
e3qwen3b,e3qwen3b_O2_A8,e3qwen3b_O5_A5,pol_extremity,5,1.389,1.3679999999999999,-0.021000000000000085,-0.09900000000000006,0.051999999999999866,-0.20762587603385896,-0.33465249256521995,0.04,0.666600218856932,1.0,0.0625,1.0
e3qwen3b,e3qwen3b_O8_A5,e3qwen3b_O5_A5,pol_extremity,5,1.389,1.4080000000000001,0.018999999999999996,-0.018999999999999906,0.05499999999999998,0.3824943463965572,0.537670399217544,0.24,0.44059943366345383,0.625,0.0625,1.0
e3qwen3b,e3qwen3b_O8_A8,e3qwen3b_O5_A5,pol_var,5,2.0015899999999993,1.42496,-0.5766299999999999,-0.8904,-0.26285999999999976,-1.4507627264382865,-1.8395036393356368,-1.0,0.031554149331657524,0.0625,0.0625,0.2524331946532602
e3qwen3b,e3qwen3b_O2_A2,e3qwen3b_O5_A5,pol_var,5,2.0015899999999993,1.3168599999999995,-0.6847300000000004,-0.9967400000000002,-0.2426200000000001,-1.3702993029456183,-1.6763700224124556,-0.6,0.03750876861558242,0.125,0.0625,0.26256138030907694
e3qwen3b,e3qwen3b_O5_A8,e3qwen3b_O5_A5,pol_var,5,2.0015899999999993,1.76083,-0.24075999999999995,-0.43458999999999987,-0.035680000000000156,-0.9297673153439935,-1.0627118100996227,-0.52,0.10614023428187261,0.1875,0.0625,0.6368414056912357
e3qwen3b,e3qwen3b_O2_A5,e3qwen3b_O5_A5,pol_var,5,2.0015899999999993,1.8478099999999997,-0.1537800000000002,-0.5789200000000005,0.18954,-0.3122535018771792,-0.4112823803442383,-0.28,0.5235008629475016,0.625,0.0625,1.0
e3qwen3b,e3qwen3b_O2_A8,e3qwen3b_O5_A5,pol_var,5,2.0015899999999993,1.8042200000000002,-0.19736999999999996,-0.47995,0.06392000000000012,-0.5695781619969849,-0.8452162968361141,-0.36,0.27177541558993806,0.4375,0.0625,1.0
e3qwen3b,e3qwen3b_O5_A2,e3qwen3b_O5_A5,pol_var,5,2.0015899999999993,1.7928499999999996,-0.20874000000000023,-0.5749400000000001,0.18513999999999958,-0.4240951449823423,-0.6372081605072394,-0.52,0.3966720565769573,0.3125,0.0625,1.0
e3qwen3b,e3qwen3b_O8_A2,e3qwen3b_O5_A5,pol_var,5,2.0015899999999993,1.8865399999999997,-0.11505000000000006,-0.5448999999999999,0.2292199999999997,-0.23644298463106045,-0.2885196445588312,0.04,0.6249883507095677,0.8125,0.0625,1.0
e3qwen3b,e3qwen3b_O8_A5,e3qwen3b_O5_A5,pol_var,5,2.0015899999999993,1.80768,-0.19391000000000008,-0.5030500000000001,0.15037000000000011,-0.45637975112793683,-0.7253809753674948,-0.28,0.36519138324219363,0.4375,0.0625,1.0
e3qwen3b,e3qwen3b_O2_A2,e3qwen3b_O5_A5,trait_drift_mean,5,0.3446281578567682,0.4222641220248434,0.0776359641680752,0.0629301287742158,0.09348226655770378,4.116501095689218,5.967756231659031,1.0,0.0007738852137653714,0.0625,0.0625,0.006183487945595233
e3qwen3b,e3qwen3b_O8_A8,e3qwen3b_O5_A5,trait_drift_mean,5,0.3446281578567682,0.27542091166987825,-0.06920724618689,-0.08114037688756882,-0.054807317449663794,-4.117813754974356,-4.62852901773212,-1.0,0.0007729359931994041,0.0625,0.0625,0.006183487945595233
e3qwen3b,e3qwen3b_O8_A2,e3qwen3b_O5_A5,trait_drift_mean,5,0.3446281578567682,0.37809224137931663,0.03346408352254839,0.026940588119875576,0.043286980339308,3.0801392290993115,2.7961434099304725,1.0,0.0023293377664864697,0.0625,0.0625,0.013976026598918818
e3qwen3b,e3qwen3b_O5_A8,e3qwen3b_O5_A5,trait_drift_mean,5,0.3446281578567682,0.2852633729115256,-0.05936478494524261,-0.0819417614598444,-0.04568200054061622,-2.3412163788396407,-3.571977351352337,-1.0,0.006361411439198027,0.0625,0.0625,0.031807057195990134
e3qwen3b,e3qwen3b_O2_A5,e3qwen3b_O5_A5,trait_drift_mean,5,0.3446281578567682,0.3887596935111892,0.044131535654420996,0.01937121379942398,0.0638149476209604,1.5785793863856792,1.7618339127801899,0.76,0.024234695181840616,0.0625,0.0625,0.08654572016521503
e3qwen3b,e3qwen3b_O5_A2,e3qwen3b_O5_A5,trait_drift_mean,5,0.3446281578567682,0.38198386302467124,0.037355705167902986,0.01587317638689617,0.0588382339489098,1.3386305385797759,2.152990834169705,0.92,0.04020811914246564,0.0625,0.0625,0.08654572016521503
e3qwen3b,e3qwen3b_O8_A5,e3qwen3b_O5_A5,trait_drift_mean,5,0.3446281578567682,0.32118315073322823,-0.02344500712354002,-0.03459647394734583,-0.012293540299734207,-1.635483904799152,-1.3614726692340875,-0.76,0.021636430041303757,0.0625,0.0625,0.08654572016521503
e3qwen3b,e3qwen3b_O2_A8,e3qwen3b_O5_A5,trait_drift_mean,5,0.3446281578567682,0.3431607555261075,-0.0014674023306608165,-0.02227987941698003,0.018580564830348,-0.05659804485390945,-0.09463250442352945,-0.04,0.9053975900934425,0.8125,0.0625,0.9053975900934425
e3qwen7,e3qwen7_O5_A2,e3qwen7_O5_A5,CI_accuracy_z,5,0.0774483228398357,-0.08287540166187032,-0.16032372450170604,-0.23314215160998142,-0.09146040577404876,-1.843342884435711,-1.0711093396961568,-0.52,0.0145905421278067,0.0625,0.0625,0.1167243370224536
e3qwen7,e3qwen7_O2_A8,e3qwen7_O5_A5,CI_accuracy_z,5,0.0774483228398357,-0.2427288045484773,-0.32017712738831305,-0.46145675759353305,-0.13698524488832206,-1.4992177459371676,-2.0381107033624577,-0.84,0.02850647195064399,0.125,0.0625,0.19954530365450793
e3qwen7,e3qwen7_O8_A2,e3qwen7_O5_A5,CI_accuracy_z,5,0.0774483228398357,-0.36146423164508656,-0.43891255448492233,-0.6932608910254144,-0.19335722294842023,-1.3876187072867507,-1.9816393907787038,-1.0,0.036122587498750774,0.0625,0.0625,0.21673552499250465
e3qwen7,e3qwen7_O2_A5,e3qwen7_O5_A5,CI_accuracy_z,5,0.0774483228398357,-0.14282254353169255,-0.2202708663715282,-0.40095805659917694,-0.02606791028084386,-0.9613840838157647,-1.2485380521873386,-0.68,0.09801237183149468,0.125,0.0625,0.4900618591574734
e3qwen7,e3qwen7_O2_A2,e3qwen7_O5_A5,CI_accuracy_z,5,0.0774483228398357,-0.2703509603513803,-0.347799283191216,-0.6958340636487523,-0.04623067055180925,-0.8225273719723684,-1.2497137464854198,-0.68,0.13972362806477173,0.125,0.0625,0.5588945122590869
e3qwen7,e3qwen7_O5_A8,e3qwen7_O5_A5,CI_accuracy_z,5,0.0774483228398357,0.2009562107068143,0.1235078878669786,-0.17106540045844595,0.4412497316285153,0.31676552238166417,0.5493414819384973,0.28,0.5178470196325367,0.8125,0.0625,1.0
e3qwen7,e3qwen7_O8_A5,e3qwen7_O5_A5,CI_accuracy_z,5,0.0774483228398357,0.1090925018038911,0.03164417896405537,-0.1805244069184274,0.2522355764670962,0.11045522321346549,0.1626967546376007,0.04,0.8170780167245942,1.0,0.0625,1.0
e3qwen7,e3qwen7_O8_A8,e3qwen7_O5_A5,CI_accuracy_z,5,0.0774483228398357,0.112471470645561,0.03502314780572528,-0.09811532836669525,0.19639227289117184,0.17748820641256494,0.21332746552907092,0.28,0.7117232298121428,1.0,0.0625,1.0
e3qwen7,e3qwen7_O2_A8,e3qwen7_O5_A5,CI_diversity,5,0.1599160211588158,0.1346154812362998,-0.02530053992251603,-0.032089162106114254,-0.017892238981988197,-2.85822909289629,-1.6485020892550735,-0.84,0.0030765890220203697,0.0625,0.0625,0.024612712176162958
e3qwen7,e3qwen7_O8_A8,e3qwen7_O5_A5,CI_diversity,5,0.1599160211588158,0.1784093875529335,0.018493366394117722,0.011477775551449378,0.025285607879427054,2.0722286306470803,1.1452980748299326,0.6,0.009780459369358431,0.0625,0.0625,0.06846321558550902
e3qwen7,e3qwen7_O8_A5,e3qwen7_O5_A5,CI_diversity,5,0.1599160211588158,0.1852053004098482,0.025289279251032394,0.014716451420152588,0.038736858321200864,1.6269485893442437,1.7338480582990352,0.84,0.02200416680956494,0.0625,0.0625,0.13202500085738966
e3qwen7,e3qwen7_O5_A2,e3qwen7_O5_A5,CI_diversity,5,0.1599160211588158,0.1554507351442621,-0.004465286014553704,-0.007327598868974194,-0.0016029731601332141,-1.1825638172605237,-0.22558628182514262,-0.12,0.05732251534491688,0.125,0.0625,0.2866125767245844
e3qwen7,e3qwen7_O2_A2,e3qwen7_O5_A5,CI_diversity,5,0.1599160211588158,0.14212234179030092,-0.017793679368514902,-0.03577541306994319,-0.0006507262268689584,-0.7757658366784338,-0.8891405884767299,-0.44,0.15781922479249608,0.1875,0.0625,0.5214608948062464
e3qwen7,e3qwen7_O2_A5,e3qwen7_O5_A5,CI_diversity,5,0.1599160211588158,0.1368287652601507,-0.023087255898665122,-0.0433029810553505,0.001992090281604758,-0.7861651356061511,-1.247777906102606,-0.76,0.15358949004143566,0.1875,0.0625,0.5214608948062464
e3qwen7,e3qwen7_O8_A2,e3qwen7_O5_A5,CI_diversity,5,0.1599160211588158,0.17291058370400542,0.012994562545189603,0.0015888395175667979,0.025205140643532874,0.8493298347648242,0.9666658369235842,0.6,0.1303652237015616,0.0625,0.0625,0.5214608948062464
e3qwen7,e3qwen7_O5_A8,e3qwen7_O5_A5,CI_diversity,5,0.1599160211588158,0.16527838667859798,0.005362365519782158,-0.022214031425603537,0.03293876246516785,0.15536838349032642,0.24357494126962162,0.2,0.745790055225604,0.625,0.0625,0.745790055225604
e3qwen7,e3qwen7_O2_A2,e3qwen7_O5_A5,CI_hidden_profile_rate,5,0.7779999999999998,0.8339999999999999,0.05599999999999998,0.03899999999999959,0.07499999999999998,2.4042972281500767,1.955926212675615,0.96,0.0057834048759460325,0.0625,0.0625,0.04626723900756826
e3qwen7,e3qwen7_O2_A8,e3qwen7_O5_A5,CI_hidden_profile_rate,5,0.7779999999999998,0.8610000000000001,0.08300000000000021,0.054000000000000006,0.11500000000000021,2.146631490464263,2.4403153266892743,1.0,0.00864806861237955,0.0625,0.0625,0.06053648028665685
e3qwen7,e3qwen7_O2_A5,e3qwen7_O5_A5,CI_hidden_profile_rate,5,0.7779999999999998,0.8469999999999998,0.06899999999999998,0.03599999999999996,0.10800000000000018,1.4994686189831474,2.29296106989432,0.96,0.028491623636126378,0.0625,0.0625,0.12786984677254026
e3qwen7,e3qwen7_O5_A8,e3qwen7_O5_A5,CI_hidden_profile_rate,5,0.7779999999999998,0.7959999999999999,0.018000000000000016,0.008000000000000007,0.026000000000000023,1.6431676725154984,0.718161150215787,0.36,0.021311641128756713,0.05878172135535886,0.0625,0.12786984677254026
e3qwen7,e3qwen7_O8_A2,e3qwen7_O5_A5,CI_hidden_profile_rate,5,0.7779999999999998,0.804,0.026000000000000224,0.016000000000000215,0.041000000000000036,1.553797192134732,1.043727598566324,0.56,0.025481481481480422,0.0625,0.0625,0.12786984677254026
e3qwen7,e3qwen7_O8_A5,e3qwen7_O5_A5,CI_hidden_profile_rate,5,0.7779999999999998,0.7969999999999998,0.019000000000000017,0.0010000000000000009,0.039000000000000035,0.8157437024080745,0.6892140048002121,0.36,0.14220517772375216,0.125,0.0625,0.42661553317125644
e3qwen7,e3qwen7_O8_A8,e3qwen7_O5_A5,CI_hidden_profile_rate,5,0.7779999999999998,0.798,0.02000000000000022,-0.006999999999999606,0.04800000000000004,0.562878035784243,0.9089244485126354,0.52,0.2766139907284657,0.3125,0.0625,0.5532279814569314
e3qwen7,e3qwen7_O5_A2,e3qwen7_O5_A5,CI_hidden_profile_rate,5,0.7779999999999998,0.7829999999999998,0.0050000000000000044,-0.019000000000000017,0.03599999999999963,0.14285714285714401,0.1542230463657293,0.16,0.7653815807648277,0.8125,0.0625,0.7653815807648277
e3qwen7,e3qwen7_O2_A2,e3qwen7_O5_A5,CI_mean_gain_vs_pre,5,0.009092450310529201,0.0044369261645942,-0.004655524145935001,-0.0334347942318136,0.016318151911712604,-0.14293538450130808,-0.16824502523378077,0.12,0.7652583782780926,1.0,0.0625,1.0
e3qwen7,e3qwen7_O2_A5,e3qwen7_O5_A5,CI_mean_gain_vs_pre,5,0.009092450310529201,0.006096402389920601,-0.0029960479206086023,-0.04748083902399621,0.0263866258996652,-0.05956615637515294,-0.10215613537445695,0.12,0.9004720179032544,0.625,0.0625,1.0
e3qwen7,e3qwen7_O2_A8,e3qwen7_O5_A5,CI_mean_gain_vs_pre,5,0.009092450310529201,-0.007863578249319202,-0.016956028559848402,-0.07175400941463142,0.025851626355283003,-0.2765312567978052,-0.41432344912736224,-0.28,0.5698207644565857,0.8125,0.0625,1.0
e3qwen7,e3qwen7_O5_A2,e3qwen7_O5_A5,CI_mean_gain_vs_pre,5,0.009092450310529201,-0.013080124661835602,-0.0221725749723648,-0.0495185826443298,0.013059780306753203,-0.5517578161585226,-0.5193905887960257,-0.36,0.2848268971600298,0.3125,0.0625,1.0
e3qwen7,e3qwen7_O5_A8,e3qwen7_O5_A5,CI_mean_gain_vs_pre,5,0.009092450310529201,0.0392699569136976,0.030177506603168404,-0.0037506095566588018,0.06756421485233721,0.6426256854107992,0.9316758882896481,0.6,0.22409262972360583,0.3125,0.0625,1.0
e3qwen7,e3qwen7_O8_A2,e3qwen7_O5_A5,CI_mean_gain_vs_pre,5,0.009092450310529201,0.0023914434072186,-0.006701006903310602,-0.0528707892186532,0.025948277392489005,-0.13169681810172482,-0.2130109857972054,-0.04,0.7830392064880125,0.8125,0.0625,1.0
e3qwen7,e3qwen7_O8_A5,e3qwen7_O5_A5,CI_mean_gain_vs_pre,5,0.009092450310529201,0.003451558420946601,-0.005640891889582601,-0.0351266988562944,0.0136657333721774,-0.16860835537110924,-0.21661179223934876,0.04,0.725307811851117,0.8125,0.0625,1.0
e3qwen7,e3qwen7_O8_A8,e3qwen7_O5_A5,CI_mean_gain_vs_pre,5,0.009092450310529201,0.008763661363461201,-0.0003287889470680011,-0.0185938809831244,0.0193615064694802,-0.014524049152459027,-0.008930575905998139,-0.04,0.975647779880288,0.625,0.0625,1.0
e3qwen7,e3qwen7_O8_A2,e3qwen7_O5_A5,CI_medrelerr_z,5,-0.13995756081139682,-0.4411256933520205,-0.3011681325406237,-0.5437468361996,-0.05862335177368615,-1.0014890082739605,-1.1601857960757451,-0.52,0.0886811797440801,0.125,0.0625,0.7094494379526408
e3qwen7,e3qwen7_O2_A5,e3qwen7_O5_A5,CI_medrelerr_z,5,-0.13995756081139682,-0.01862095449030397,0.12133660632109286,0.02393451937293064,0.2370224422327471,0.8496405564493149,0.8864403417528306,0.52,0.13026078206899508,0.10880943004054568,0.0625,0.9118254744829656
e3qwen7,e3qwen7_O2_A2,e3qwen7_O5_A5,CI_medrelerr_z,5,-0.13995756081139682,-0.09619162941206454,0.043765931399332283,-0.1781479375751475,0.2308429041291556,0.16439909306160255,0.18772217221803664,0.24,0.7317906106081447,0.625,0.0625,1.0
e3qwen7,e3qwen7_O2_A8,e3qwen7_O5_A5,CI_medrelerr_z,5,-0.13995756081139682,-0.039022343770681166,0.10093521704071566,0.0013890402091833857,0.2507694917487356,0.6189949934032755,0.7906758455462833,0.6,0.23853812676935157,0.10880943004054568,0.0625,1.0
e3qwen7,e3qwen7_O5_A2,e3qwen7_O5_A5,CI_medrelerr_z,5,-0.13995756081139682,0.0889436112504341,0.22890117206183094,-0.11170701157113774,0.5292803117050233,0.5812834927398742,0.8578571524100912,0.64,0.26351704999109854,0.4375,0.0625,1.0
e3qwen7,e3qwen7_O5_A8,e3qwen7_O5_A5,CI_medrelerr_z,5,-0.13995756081139682,0.08420838378352759,0.2241659445949244,-0.15122331491720328,0.6711352431420543,0.43838841343561485,0.5142080470794586,0.28,0.3824569501226777,0.4652088184521418,0.0625,1.0
e3qwen7,e3qwen7_O8_A5,e3qwen7_O5_A5,CI_medrelerr_z,5,-0.13995756081139682,0.12184861341953504,0.2618061742309319,-0.03530172164726052,0.5227428292800604,0.7358572746907988,0.7575426684846255,0.36,0.17522711455868697,0.1875,0.0625,1.0
e3qwen7,e3qwen7_O8_A8,e3qwen7_O5_A5,CI_medrelerr_z,5,-0.13995756081139682,0.3094562045280357,0.44941376533943256,-0.1885687031661722,1.485917561040667,0.39407958804254595,0.4784951031200138,0.0,0.4279813689693015,0.625,0.0625,1.0
e3qwen7,e3qwen7_O2_A2,e3qwen7_O5_A5,crosscut_rate,5,0.26265837330278363,0.023515341452405403,-0.23914303185037822,-0.2942267148468174,-0.18342868049013802,-3.317811683692133,-4.651278064114157,-1.0,0.0017617709090356067,0.0625,0.0625,0.014094167272284854
e3qwen7,e3qwen7_O5_A2,e3qwen7_O5_A5,crosscut_rate,5,0.26265837330278363,0.048098032595761606,-0.214560340707022,-0.2805288436561346,-0.140965733546967,-2.432703980360249,-3.793846043140453,-1.0,0.005544164259336806,0.0625,0.0625,0.038809149815357644
e3qwen7,e3qwen7_O2_A8,e3qwen7_O5_A5,crosscut_rate,5,0.26265837330278363,0.16037545854301183,-0.1022829147597718,-0.14158088447930464,-0.050250556803981807,-1.709524989946533,-1.5033351501628687,-0.84,0.01873625849408904,0.0625,0.0625,0.11241755096453424
e3qwen7,e3qwen7_O8_A2,e3qwen7_O5_A5,crosscut_rate,5,0.26265837330278363,0.10013749137087043,-0.16252088193191322,-0.2528174460929504,-0.078367614307496,-1.4283544207479686,-2.115522948848533,-0.84,0.03309286686579774,0.0625,0.0625,0.1654643343289887
e3qwen7,e3qwen7_O2_A5,e3qwen7_O5_A5,crosscut_rate,5,0.26265837330278363,0.13462839138105123,-0.1280299819217324,-0.21634568163610463,-0.0420363426917952,-1.1325258276781454,-1.9127296055489098,-0.92,0.06449947310044134,0.125,0.0625,0.25799789240176535
e3qwen7,e3qwen7_O8_A8,e3qwen7_O5_A5,crosscut_rate,5,0.26265837330278363,0.18710596182499162,-0.07555241147779201,-0.17835094739932622,0.005834283669290996,-0.6227502959844368,-0.9073835034890957,-0.36,0.23618210465927408,0.3125,0.0625,0.7085463139778223
e3qwen7,e3qwen7_O8_A5,e3qwen7_O5_A5,crosscut_rate,5,0.26265837330278363,0.22472582550842884,-0.03793254779435481,-0.10521982287380263,0.04874970151167881,-0.3884785851720111,-0.49653750937715335,-0.36,0.43404443077638105,0.4375,0.0625,0.8680888615527621
e3qwen7,e3qwen7_O5_A8,e3qwen7_O5_A5,crosscut_rate,5,0.26265837330278363,0.25613414383267286,-0.006524229470110809,-0.06490810046145382,0.060725132936825785,-0.07894878334062776,-0.09962787974832182,0.04,0.8684515207253376,1.0,0.0625,0.8684515207253376
e3qwen7,e3qwen7_O8_A8,e3qwen7_O5_A5,pol_assort,5,-0.04397279226445361,0.0184901116551901,0.062462903919643695,0.011364229749315601,0.1135615780899718,0.9472755054125351,1.289584267349357,0.52,0.10155087645430431,0.3125,0.0625,0.8124070116344345
e3qwen7,e3qwen7_O2_A2,e3qwen7_O5_A5,pol_assort,5,-0.04397279226445361,-0.0210625984273635,0.0229101938370901,-0.026653591461257703,0.0724739791354379,0.3381599321208286,0.41868574294686584,0.36,0.4916490308755816,0.3125,0.0625,1.0
e3qwen7,e3qwen7_O2_A5,e3qwen7_O5_A5,pol_assort,5,-0.04397279226445361,-0.0230989701112292,0.020873822153224402,-0.0037061951083141005,0.04891423001537061,0.6096486946620732,0.36909798008799033,0.28,0.2445032189349226,0.4375,0.0625,1.0
e3qwen7,e3qwen7_O2_A8,e3qwen7_O5_A5,pol_assort,5,-0.04397279226445361,-0.0088635844643512,0.035109207800102404,-0.008361720189218904,0.0635751217106998,0.7083243905985757,0.671523578983261,0.52,0.1883980361281337,0.3125,0.0625,1.0
e3qwen7,e3qwen7_O5_A2,e3qwen7_O5_A5,pol_assort,5,-0.04397279226445361,-0.036945116578677197,0.007027675685776402,-0.029791677420555707,0.043847028792108514,0.14895984230270298,0.13873428198650373,0.2,0.755797522173237,0.8125,0.0625,1.0
e3qwen7,e3qwen7_O5_A8,e3qwen7_O5_A5,pol_assort,5,-0.04397279226445361,-0.022287703879908905,0.0216850883845447,-0.014635143683264101,0.0540129546911529,0.47869727616578756,0.3846565483339844,0.36,0.3447298325795001,0.3125,0.0625,1.0
e3qwen7,e3qwen7_O8_A2,e3qwen7_O5_A5,pol_assort,5,-0.04397279226445361,-0.035352166528764606,0.008620625735688997,-0.035611535631989204,0.046684579499992204,0.1635445965903526,0.18435790385829057,0.28,0.7331099798093446,0.8125,0.0625,1.0
e3qwen7,e3qwen7_O8_A5,e3qwen7_O5_A5,pol_assort,5,-0.04397279226445361,0.006068171583468498,0.050040963847922094,-0.019139494961684,0.11922142265752819,0.5732714137503927,0.8771637394660865,0.52,0.2691431606694424,0.3125,0.0625,1.0
e3qwen7,e3qwen7_O5_A2,e3qwen7_O5_A5,pol_ei,5,0.061000529473328416,0.7663015463917523,0.705301016918424,0.6450243413516612,0.774372409289063,8.494392162047248,5.876208791091473,1.0,4.525838931166769e-05,0.0625,0.0625,0.0003620671144933415
e3qwen7,e3qwen7_O2_A2,e3qwen7_O5_A5,pol_ei,5,0.061000529473328416,0.9003436426116835,0.8393431131383551,0.7448342357042202,0.9352265610192255,6.963689056150109,7.1128033360246015,1.0,9.931298763659032e-05,0.0625,0.0625,0.0006951909134561323
e3qwen7,e3qwen7_O2_A5,e3qwen7_O5_A5,pol_ei,5,0.061000529473328416,0.5347079037800684,0.47370737430674004,0.3924398625429552,0.5453528929433767,4.776512493637199,3.288919913458059,1.0,0.0004353152821738347,0.0625,0.0625,0.0026118916930430083
e3qwen7,e3qwen7_O8_A2,e3qwen7_O5_A5,pol_ei,5,0.061000529473328416,0.665774658185274,0.6047741287119457,0.5004167580609783,0.7279734974906666,3.957316200466625,4.202157420665608,1.0,0.0009005504564232269,0.0625,0.0625,0.004502752282116135
e3qwen7,e3qwen7_O2_A8,e3qwen7_O5_A5,pol_ei,5,0.061000529473328416,0.26506285217802483,0.20406232270469643,0.05483015504251161,0.3532944903668812,1.0741984435674925,1.1444311811449832,0.72,0.07419678111371547,0.125,0.0625,0.2967871244548619
e3qwen7,e3qwen7_O8_A8,e3qwen7_O5_A5,pol_ei,5,0.061000529473328416,0.2552749739573977,0.1942744444840692,0.0305327059161609,0.36268856049181253,0.8947323846226464,1.4439117438129625,0.68,0.11602608331802462,0.125,0.0625,0.3480782499540739
e3qwen7,e3qwen7_O8_A5,e3qwen7_O5_A5,pol_ei,5,0.061000529473328416,0.14014263002325902,0.07914210054993058,-0.02170562790136832,0.17573762848275098,0.6203728217505022,0.7888162990043425,0.36,0.23767100556257215,0.3125,0.0625,0.4753420111251443
e3qwen7,e3qwen7_O5_A8,e3qwen7_O5_A5,pol_ei,5,0.061000529473328416,0.029953076155009306,-0.031047453318319106,-0.11743624551488512,0.0498770821001857,-0.27407751776103917,-0.29469464563379794,0.04,0.5731024449738418,1.0,0.0625,0.5731024449738418
e3qwen7,e3qwen7_O2_A2,e3qwen7_O5_A5,pol_extremity,5,1.587,1.7890000000000001,0.2020000000000001,0.18400000000000002,0.2180000000000002,9.196079362840903,3.7002655946355607,1.0,3.3035734982521735e-05,0.0625,0.0625,0.0002642858798601739
e3qwen7,e3qwen7_O5_A2,e3qwen7_O5_A5,pol_extremity,5,1.587,1.8419999999999999,0.255,0.20800000000000002,0.29999999999999993,4.287379787433828,3.569391582132428,1.0,0.0006615766597230412,0.0625,0.0625,0.004631036618061288
e3qwen7,e3qwen7_O8_A8,e3qwen7_O5_A5,pol_extremity,5,1.587,1.504,-0.08299999999999992,-0.10599999999999987,-0.05599999999999992,-2.7180264090552364,-1.7059063330960584,-0.84,0.0037035226675930255,0.0625,0.0625,0.022221136005558154
e3qwen7,e3qwen7_O8_A2,e3qwen7_O5_A5,pol_extremity,5,1.587,1.807,0.21999999999999997,0.07499999999999996,0.334,1.3080531691177777,1.5902500124446328,0.76,0.04303249131904693,0.125,0.0625,0.21516245659523464
e3qwen7,e3qwen7_O5_A8,e3qwen7_O5_A5,pol_extremity,5,1.587,1.512,-0.07499999999999996,-0.121,-0.026999999999999913,-1.2087344460380687,-1.2590219938653129,-0.68,0.05393698878058209,0.125,0.0625,0.21574795512232836
e3qwen7,e3qwen7_O2_A5,e3qwen7_O5_A5,pol_extremity,5,1.587,1.6179999999999999,0.03100000000000005,-0.04199999999999995,0.08800000000000008,0.37071952186239443,0.4526592088532886,0.32,0.4537302549383446,0.625,0.0625,1.0
e3qwen7,e3qwen7_O2_A8,e3qwen7_O5_A5,pol_extremity,5,1.587,1.553,-0.03399999999999994,-0.1,0.039000000000000146,-0.3854686994451394,-0.4889357022794056,-0.2,0.4373314305571599,0.625,0.0625,1.0
e3qwen7,e3qwen7_O8_A5,e3qwen7_O5_A5,pol_extremity,5,1.587,1.592,0.005000000000000027,-0.07499999999999996,0.07000000000000002,0.053877245844036824,0.06370071378940975,-0.08,0.9099172816427451,0.8125,0.0625,1.0
e3qwen7,e3qwen7_O5_A2,e3qwen7_O5_A5,pol_var,5,2.2857499999999993,0.6675799999999997,-1.6181699999999999,-1.7009699999999999,-1.51547,-13.496756792700925,-11.923625394704972,-1.0,7.179949937858109e-06,0.0625,0.0625,5.743959950286487e-05
e3qwen7,e3qwen7_O2_A2,e3qwen7_O5_A5,pol_var,5,2.2857499999999993,0.4049299999999997,-1.88082,-2.03005,-1.75515,-10.330627931016993,-12.577976927129848,-1.0,2.0811236381018517e-05,0.0625,0.0625,0.0001456786546671296
e3qwen7,e3qwen7_O2_A5,e3qwen7_O5_A5,pol_var,5,2.2857499999999993,1.2079399999999996,-1.07781,-1.23735,-0.86532,-4.328200764362664,-5.885195443416165,-1.0,0.0006378027405921615,0.0625,0.0625,0.003826816443552969
e3qwen7,e3qwen7_O8_A2,e3qwen7_O5_A5,pol_var,5,2.2857499999999993,0.8984899999999996,-1.38726,-1.63123,-1.14329,-4.305711918064478,-6.334409970609969,-1.0,0.0006507664226614701,0.0625,0.0625,0.003826816443552969
e3qwen7,e3qwen7_O2_A8,e3qwen7_O5_A5,pol_var,5,2.2857499999999993,1.7194299999999996,-0.5663200000000002,-0.80332,-0.32235000000000014,-1.8218163529633313,-1.9717210021559655,-0.84,0.015176666951071852,0.0625,0.0625,0.060706667804287406
e3qwen7,e3qwen7_O5_A8,e3qwen7_O5_A5,pol_var,5,2.2857499999999993,2.4622,0.17645,0.019870000000000144,0.3225299999999999,0.8806617277222372,1.4073312781114604,0.76,0.12027700513098366,0.1875,0.0625,0.360831015392951
e3qwen7,e3qwen7_O8_A5,e3qwen7_O5_A5,pol_var,5,2.2857499999999993,2.43056,0.1448100000000001,-0.20428999999999978,0.52609,0.3063475847604868,0.481670935036824,0.12,0.5309686421569039,0.8125,0.0625,1.0
e3qwen7,e3qwen7_O8_A8,e3qwen7_O5_A5,pol_var,5,2.2857499999999993,2.20666,-0.07909000000000002,-0.37243999999999977,0.1577399999999997,-0.23763004992156528,-0.3816491961874016,-0.2,0.6233082896731262,1.0,0.0625,1.0
e3qwen7,e3qwen7_O2_A8,e3qwen7_O5_A5,trait_drift_mean,5,0.33236765623570347,0.28492000031037606,-0.0474476559253274,-0.055134638537237005,-0.03939033131285121,-4.683536612867944,-3.5636675262910633,-1.0,0.0004698593948780879,0.0625,0.0625,0.003758875159024703
e3qwen7,e3qwen7_O8_A2,e3qwen7_O5_A5,trait_drift_mean,5,0.33236765623570347,0.381612393521069,0.04924473728536562,0.03554797246420179,0.06065867499205082,3.1744275245984688,3.5142056163208912,1.0,0.0020804858921423188,0.0625,0.0625,0.014563401244996232
e3qwen7,e3qwen7_O5_A2,e3qwen7_O5_A5,trait_drift_mean,5,0.33236765623570347,0.3714462096912478,0.03907855345554441,0.026347616704200005,0.05180949020688881,2.3724342980355657,2.6441032672512566,1.0,0.006066954848410395,0.0625,0.0625,0.03640172909046237
e3qwen7,e3qwen7_O8_A8,e3qwen7_O5_A5,trait_drift_mean,5,0.33236765623570347,0.2798519862026262,-0.05251567003307721,-0.0711311875852218,-0.03487845020136322,-2.2698674566521264,-2.5076810880894405,-1.0,0.0071026490921383785,0.0625,0.0625,0.03640172909046237
e3qwen7,e3qwen7_O2_A2,e3qwen7_O5_A5,trait_drift_mean,5,0.33236765623570347,0.37676975625864484,0.04440210002294141,0.02060747289927902,0.061326548165877015,1.634386691805632,1.649431234583331,0.68,0.021683289380072773,0.125,0.0625,0.08193964106938136
e3qwen7,e3qwen7_O2_A5,e3qwen7_O5_A5,trait_drift_mean,5,0.33236765623570347,0.3429707650028194,0.01060310876711601,0.005074855376687015,0.016350559751838613,1.5020020258314397,0.6525283022288643,0.52,0.028342192127622876,0.0625,0.0625,0.08193964106938136
e3qwen7,e3qwen7_O5_A8,e3qwen7_O5_A5,trait_drift_mean,5,0.33236765623570347,0.2847364460239392,-0.04763121021176421,-0.06775466412080741,-0.02206232873578261,-1.6633745727798865,-2.6019150356047693,-1.0,0.02048491026734534,0.0625,0.0625,0.08193964106938136
e3qwen7,e3qwen7_O8_A5,e3qwen7_O5_A5,trait_drift_mean,5,0.33236765623570347,0.3131807250853436,-0.0191869311503598,-0.03186187993411179,-0.004561708610747206,-1.106151636769368,-1.0442343498513131,-0.68,0.06869340185453117,0.125,0.0625,0.08193964106938136
scale,scale_n200_norm,e1_norm_baseline,CI_accuracy_z,3,-0.09051973319599338,-0.17425054330272857,-0.08373081010673518,-0.8101279528205021,0.8367343098073173,-0.09963114312135148,-0.12374481966543041,-0.3333333333333333,0.8788756796850687,1.0,0.25,0.8788756796850687
scale,scale_n200_norm,e1_norm_baseline,CI_diversity,3,0.15848757253560267,0.1370613342739435,-0.021426238261659153,-0.040794007723195136,-0.010284655645424995,-1.2726288359811897,-0.9063476516149298,-0.5555555555555556,0.15833392525091844,0.25,0.25,0.15833392525091844
scale,scale_n200_norm,e1_norm_baseline,CI_hidden_profile_rate,3,0.11666666666666635,0.10583333333333333,-0.010833333333333,-0.06750000000000002,0.05000000000000101,-0.18405032994453785,-0.2942152699130575,-0.3333333333333333,0.780102768182959,0.75,0.25,0.780102768182959
scale,scale_n200_norm,e1_norm_baseline,CI_mean_gain_vs_pre,3,0.001654009841459333,-0.014900232857049797,-0.01655424269850913,-0.073555260808583,0.022434549333146998,-0.32802609256087945,-0.4881036775170787,-0.3333333333333333,0.627211251534632,1.0,0.25,0.627211251534632
scale,scale_n200_norm,e1_norm_baseline,CI_medrelerr_z,3,0.15077869740971533,-0.2303182038501941,-0.3810969012599094,-1.286347536496498,0.6920631362455923,-0.3811593454151277,-0.47545049927407823,-0.3333333333333333,0.5769982476460827,0.75,0.25,0.5769982476460827
scale,scale_n200_norm,e1_norm_baseline,crosscut_rate,3,0.178998436545441,0.1892258771080777,0.010227440562636664,-0.015350440952191013,0.029849695637017004,0.4411966382574956,0.5125944666922989,0.5555555555555556,0.524610438567497,0.5,0.25,0.524610438567497
scale,scale_n200_norm,e1_norm_baseline,pol_assort,3,-0.035717907524757835,-0.022382162664869837,0.013335744859888,-0.008582228890761004,0.034307841461043,0.6214038105928829,0.22632751661788542,0.1111111111111111,0.39438162591217507,0.5,0.25,0.39438162591217507
scale,scale_n200_norm,e1_norm_baseline,pol_ei,3,0.40126559293103203,0.26805493638338834,-0.13321065654764372,-0.230680626254706,0.05312618482604947,-0.8251926855754991,-1.2342153027771596,-0.7777777777777778,0.2891576137869539,0.5,0.25,0.2891576137869539
scale,scale_n200_norm,e1_norm_baseline,pol_extremity,3,1.3116666666666668,1.2758333333333334,-0.03583333333333331,-0.0625,0.012500000000000178,-0.8545482810309483,-0.42057686912152026,-0.1111111111111111,0.2769789763623783,0.5,0.25,0.2769789763623783
scale,scale_n200_norm,e1_norm_baseline,pol_var,3,1.394683333333333,1.4552874999999996,0.06060416666666627,-0.22881250000000053,0.22968749999999938,0.24066020040164368,0.32132308188844766,0.3333333333333333,0.7172778046728723,0.75,0.25,0.7172778046728723
scale,scale_n200_norm,e1_norm_baseline,trait_drift_mean,3,0.34815290717170466,0.3368835981012437,-0.011269309070460976,-0.031791418924464965,0.015801686994377007,-0.4606661548896214,-0.5776222583354295,-0.3333333333333333,0.5086154224851955,0.5,0.25,0.5086154224851955
